ffff8e2302151980 1992586094 S Bo:2:002:2 -115 31 = 55534243 2d050000 00000000 00000600 00000000 00000000 00000000 000000
ffff8e2302151980 1992586145 C Bo:2:002:2 0 31 >
ffff8e2302151980 1992586172 S Bi:2:002:1 -115 13 <
ffff8e2302151980 1992586188 C Bi:2:002:1 0 13 = 55534253 2d050000 00000000 00
ffff8e2302151980 1994634107 S Bo:2:002:2 -115 31 = 55534243 2e050000 00000000 00000600 00000000 00000000 00000000 000000
ffff8e2302151980 1994634154 C Bo:2:002:2 0 31 >
ffff8e2302151980 1994634166 S Bi:2:002:1 -115 13 <
ffff8e2302151980 1994634191 C Bi:2:002:1 0 13 = 55534253 2e050000 00000000 00
ffff8e2302151980 1996682161 S Bo:2:002:2 -115 31 = 55534243 2f050000 00000000 00000600 00000000 00000000 00000000 000000
ffff8e2302151980 1996682224 C Bo:2:002:2 0 31 >
ffff8e2302151980 1996682235 S Bi:2:002:1 -115 13 <
ffff8e2302151980 1996682261 C Bi:2:002:1 0 13 = 55534253 2f050000 00000000 00
ffff8e2303c4c540 1998554099 C Ii:2:008:1 0:1 7 = 02000000 000000
ffff8e2303c4c540 1998554124 S Ii:2:008:1 -115:1 8 <
ffff8e2302151980 1998730127 S Bo:2:002:2 -115 31 = 55534243 30050000 00000000 00000600 00000000 00000000 00000000 000000
ffff8e2302151980 1998730197 C Bo:2:002:2 0 31 >
ffff8e2302151980 1998730208 S Bi:2:002:1 -115 13 <
ffff8e2302151980 1998730236 C Bi:2:002:1 0 13 = 55534253 30050000 00000000 00
ffff8e2303c4c540 1998842093 C Ii:2:008:1 0:1 7 = 02000010 000000
ffff8e2303c4c540 1998842110 S Ii:2:008:1 -115:1 8 <
ffff8e2303c4c540 1998850094 C Ii:2:008:1 0:1 7 = 02000610 000000
ffff8e2303c4c540 1998850110 S Ii:2:008:1 -115:1 8 <
ffff8e2303c4c540 1998858100 C Ii:2:008:1 0:1 7 = 02000930 000000
ffff8e2303c4c540 1998858117 S Ii:2:008:1 -115:1 8 <
ffff8e2303c4c540 1998866096 C Ii:2:008:1 0:1 7 = 02000f30 000000
ffff8e2303c4c540 1998866112 S Ii:2:008:1 -115:1 8 <
ffff8e2303c4c540 1998874094 C Ii:2:008:1 0:1 7 = 02001530 000000
ffff8e2303c4c540 1998874111 S Ii:2:008:1 -115:1 8 <
ffff8e2303c4c540 1998882093 C Ii:2:008:1 0:1 7 = 02001850 000000
ffff8e2303c4c540 1998882123 S Ii:2:008:1 -115:1 8 <
ffff8e2303c4c540 1998890094 C Ii:2:008:1 0:1 7 = 02001c50 000000
ffff8e2303c4c540 1998890121 S Ii:2:008:1 -115:1 8 <
ffff8e2303c4c540 1998898103 C Ii:2:008:1 0:1 7 = 02001f60 000000
ffff8e2303c4c540 1998898130 S Ii:2:008:1 -115:1 8 <
ffff8e2303c4c540 1998906094 C Ii:2:008:1 0:1 7 = 02002050 000000
ffff8e2303c4c540 1998906120 S Ii:2:008:1 -115:1 8 <
ffff8e2303c4c540 1998914095 C Ii:2:008:1 0:1 7 = 02002160 000000
ffff8e2303c4c540 1998914122 S Ii:2:008:1 -115:1 8 <
ffff8e2303c4c540 1998922094 C Ii:2:008:1 0:1 7 = 02002160 000000
ffff8e2303c4c540 1998922121 S Ii:2:008:1 -115:1 8 <
ffff8e2303c4c540 1998930093 C Ii:2:008:1 0:1 7 = 02002060 000000
ffff8e2303c4c540 1998930120 S Ii:2:008:1 -115:1 8 <
ffff8e2303c4c540 1998938104 C Ii:2:008:1 0:1 7 = 02001f70 000000
ffff8e2303c4c540 1998938130 S Ii:2:008:1 -115:1 8 <
ffff8e2303c4c540 1998946068 C Ii:2:008:1 0:1 7 = 02001d80 000000
ffff8e2303c4c540 1998946096 S Ii:2:008:1 -115:1 8 <
ffff8e2303c4c540 1998954069 C Ii:2:008:1 0:1 7 = 02001a60 000000
ffff8e2303c4c540 1998954095 S Ii:2:008:1 -115:1 8 <
ffff8e2303c4c540 1998962068 C Ii:2:008:1 0:1 7 = 02001970 000000
ffff8e2303c4c540 1998962093 S Ii:2:008:1 -115:1 8 <
ffff8e2303c4c540 1998970094 C Ii:2:008:1 0:1 7 = 02001760 000000
ffff8e2303c4c540 1998970122 S Ii:2:008:1 -115:1 8 <
ffff8e2303c4c540 1998978069 C Ii:2:008:1 0:1 7 = 02001350 000000
ffff8e2303c4c540 1998978096 S Ii:2:008:1 -115:1 8 <
ffff8e2303c4c540 1998986094 C Ii:2:008:1 0:1 7 = 02000f60 000000
ffff8e2303c4c540 1998986121 S Ii:2:008:1 -115:1 8 <
ffff8e2303c4c540 1998994094 C Ii:2:008:1 0:1 7 = 02000940 000000
ffff8e2303c4c540 1998994120 S Ii:2:008:1 -115:1 8 <
ffff8e2303c4c540 1999002094 C Ii:2:008:1 0:1 7 = 02000630 000000
ffff8e2303c4c540 1999002120 S Ii:2:008:1 -115:1 8 <
ffff8e2303c4c540 1999010101 C Ii:2:008:1 0:1 7 = 02000630 000000
ffff8e2303c4c540 1999010128 S Ii:2:008:1 -115:1 8 <
ffff8e2303c4c540 1999018095 C Ii:2:008:1 0:1 7 = 02000420 000000
ffff8e2303c4c540 1999018122 S Ii:2:008:1 -115:1 8 <
ffff8e2303c4c540 1999026095 C Ii:2:008:1 0:1 7 = 02000300 000000
ffff8e2303c4c540 1999026121 S Ii:2:008:1 -115:1 8 <
ffff8e2303c4c540 1999034103 C Ii:2:008:1 0:1 7 = 02000210 000000
ffff8e2303c4c540 1999034130 S Ii:2:008:1 -115:1 8 <
ffff8e2303c4c540 1999146096 C Ii:2:008:1 0:1 7 = 02000120 000000
ffff8e2303c4c540 1999146140 S Ii:2:008:1 -115:1 8 <
ffff8e2303c4c540 1999154096 C Ii:2:008:1 0:1 7 = 02000440 000000
ffff8e2303c4c540 1999154123 S Ii:2:008:1 -115:1 8 <
ffff8e2303c4c540 1999162096 C Ii:2:008:1 0:1 7 = 02000450 000000
ffff8e2303c4c540 1999162122 S Ii:2:008:1 -115:1 8 <
ffff8e2303c4c540 1999170095 C Ii:2:008:1 0:1 7 = 02000670 000000
ffff8e2303c4c540 1999170123 S Ii:2:008:1 -115:1 8 <
ffff8e2303c4c540 1999178095 C Ii:2:008:1 0:1 7 = 02000660 000000
ffff8e2303c4c540 1999178119 S Ii:2:008:1 -115:1 8 <
ffff8e2303c4c540 1999186069 C Ii:2:008:1 0:1 7 = 02000660 000000
ffff8e2303c4c540 1999186095 S Ii:2:008:1 -115:1 8 <
ffff8e2303c4c540 1999194070 C Ii:2:008:1 0:1 7 = 02000850 000000
ffff8e2303c4c540 1999194096 S Ii:2:008:1 -115:1 8 <
ffff8e2303c4c540 1999202096 C Ii:2:008:1 0:1 7 = 02000750 000000
ffff8e2303c4c540 1999202124 S Ii:2:008:1 -115:1 8 <
ffff8e2303c4c540 1999210097 C Ii:2:008:1 0:1 7 = 02000840 000000
ffff8e2303c4c540 1999210122 S Ii:2:008:1 -115:1 8 <
ffff8e2303c4c540 1999218110 C Ii:2:008:1 0:1 7 = 02000830 000000
ffff8e2303c4c540 1999218136 S Ii:2:008:1 -115:1 8 <
ffff8e2303c4c540 1999226111 C Ii:2:008:1 0:1 7 = 02000820 000000
ffff8e2303c4c540 1999226137 S Ii:2:008:1 -115:1 8 <
ffff8e2303c4c540 1999234096 C Ii:2:008:1 0:1 7 = 02000720 000000
ffff8e2303c4c540 1999234123 S Ii:2:008:1 -115:1 8 <
ffff8e2303c4c540 1999242096 C Ii:2:008:1 0:1 7 = 02000820 000000
ffff8e2303c4c540 1999242122 S Ii:2:008:1 -115:1 8 <
ffff8e2303c4c540 1999250097 C Ii:2:008:1 0:1 7 = 02000500 000000
ffff8e2303c4c540 1999250124 S Ii:2:008:1 -115:1 8 <
ffff8e2303c4c540 1999258106 C Ii:2:008:1 0:1 7 = 02000630 000000
ffff8e2303c4c540 1999258131 S Ii:2:008:1 -115:1 8 <
ffff8e2303c4c540 1999266104 C Ii:2:008:1 0:1 7 = 02000510 000000
ffff8e2303c4c540 1999266130 S Ii:2:008:1 -115:1 8 <
ffff8e2303c4c540 1999274096 C Ii:2:008:1 0:1 7 = 02000520 000000
ffff8e2303c4c540 1999274123 S Ii:2:008:1 -115:1 8 <
ffff8e2303c4c540 1999282067 C Ii:2:008:1 0:1 7 = 02000610 000000
ffff8e2303c4c540 1999282093 S Ii:2:008:1 -115:1 8 <
ffff8e2303c4c540 1999290096 C Ii:2:008:1 0:1 7 = 02000500 000000
ffff8e2303c4c540 1999290123 S Ii:2:008:1 -115:1 8 <
ffff8e2303c4c540 1999298103 C Ii:2:008:1 0:1 7 = 02000400 000000
ffff8e2303c4c540 1999298129 S Ii:2:008:1 -115:1 8 <
ffff8e2303c4c540 1999306097 C Ii:2:008:1 0:1 7 = 02000500 000000
ffff8e2303c4c540 1999306124 S Ii:2:008:1 -115:1 8 <
ffff8e2303c4c540 1999314096 C Ii:2:008:1 0:1 7 = 020005f0 ff0000
ffff8e2303c4c540 1999314123 S Ii:2:008:1 -115:1 8 <
ffff8e2303c4c540 1999322098 C Ii:2:008:1 0:1 7 = 020007f0 ff0000
ffff8e2303c4c540 1999322125 S Ii:2:008:1 -115:1 8 <
ffff8e2303c4c540 1999330097 C Ii:2:008:1 0:1 7 = 020007e0 ff0000
ffff8e2303c4c540 1999330123 S Ii:2:008:1 -115:1 8 <
ffff8e2303c4c540 1999338107 C Ii:2:008:1 0:1 7 = 020008e0 ff0000
ffff8e2303c4c540 1999338132 S Ii:2:008:1 -115:1 8 <
ffff8e2303c4c540 1999346096 C Ii:2:008:1 0:1 7 = 020007f0 ff0000
ffff8e2303c4c540 1999346123 S Ii:2:008:1 -115:1 8 <
ffff8e2303c4c540 1999354097 C Ii:2:008:1 0:1 7 = 020008d0 ff0000
ffff8e2303c4c540 1999354124 S Ii:2:008:1 -115:1 8 <
ffff8e2303c4c540 1999362096 C Ii:2:008:1 0:1 7 = 020007d0 ff0000
ffff8e2303c4c540 1999362122 S Ii:2:008:1 -115:1 8 <
ffff8e2303c4c540 1999370095 C Ii:2:008:1 0:1 7 = 020007e0 ff0000
ffff8e2303c4c540 1999370122 S Ii:2:008:1 -115:1 8 <
ffff8e2303c4c540 1999378104 C Ii:2:008:1 0:1 7 = 020005d0 ff0000
ffff8e2303c4c540 1999378130 S Ii:2:008:1 -115:1 8 <
ffff8e2303c4c540 1999386095 C Ii:2:008:1 0:1 7 = 020005e0 ff0000
ffff8e2303c4c540 1999386122 S Ii:2:008:1 -115:1 8 <
ffff8e2303c4c540 1999394097 C Ii:2:008:1 0:1 7 = 020004e0 ff0000
ffff8e2303c4c540 1999394124 S Ii:2:008:1 -115:1 8 <
ffff8e2303c4c540 1999402102 C Ii:2:008:1 0:1 7 = 020003f0 ff0000
ffff8e2303c4c540 1999402129 S Ii:2:008:1 -115:1 8 <
ffff8e2303c4c540 1999410098 C Ii:2:008:1 0:1 7 = 020003f0 ff0000
ffff8e2303c4c540 1999410124 S Ii:2:008:1 -115:1 8 <
ffff8e2303c4c540 1999418105 C Ii:2:008:1 0:1 7 = 02000200 000000
ffff8e2303c4c540 1999418132 S Ii:2:008:1 -115:1 8 <
ffff8e2303c4c540 1999426096 C Ii:2:008:1 0:1 7 = 02000100 000000
ffff8e2303c4c540 1999426122 S Ii:2:008:1 -115:1 8 <
ffff8e2303c4c540 1999474099 C Ii:2:008:1 0:1 7 = 0200fe1f 000000
ffff8e2303c4c540 1999474126 S Ii:2:008:1 -115:1 8 <
ffff8e2303c4c540 1999482097 C Ii:2:008:1 0:1 7 = 0200fc1f 000000
ffff8e2303c4c540 1999482125 S Ii:2:008:1 -115:1 8 <
ffff8e2303c4c540 1999490097 C Ii:2:008:1 0:1 7 = 0200f93f 000000
ffff8e2303c4c540 1999490124 S Ii:2:008:1 -115:1 8 <
ffff8e2303c4c540 1999498097 C Ii:2:008:1 0:1 7 = 0200f63f 000000
ffff8e2303c4c540 1999498123 S Ii:2:008:1 -115:1 8 <
ffff8e2303c4c540 1999506097 C Ii:2:008:1 0:1 7 = 0200f43f 000000
ffff8e2303c4c540 1999506124 S Ii:2:008:1 -115:1 8 <
ffff8e2303c4c540 1999514096 C Ii:2:008:1 0:1 7 = 0200f34f 000000
ffff8e2303c4c540 1999514123 S Ii:2:008:1 -115:1 8 <
ffff8e2303c4c540 1999522097 C Ii:2:008:1 0:1 7 = 0200f14f 000000
ffff8e2303c4c540 1999522123 S Ii:2:008:1 -115:1 8 <
ffff8e2303c4c540 1999530097 C Ii:2:008:1 0:1 7 = 0200f14f 000000
ffff8e2303c4c540 1999530124 S Ii:2:008:1 -115:1 8 <
ffff8e2303c4c540 1999538098 C Ii:2:008:1 0:1 7 = 0200f03f 000000
ffff8e2303c4c540 1999538125 S Ii:2:008:1 -115:1 8 <
ffff8e2303c4c540 1999546097 C Ii:2:008:1 0:1 7 = 0200ef3f 000000
ffff8e2303c4c540 1999546125 S Ii:2:008:1 -115:1 8 <
ffff8e2303c4c540 1999554097 C Ii:2:008:1 0:1 7 = 0200f03f 000000
ffff8e2303c4c540 1999554123 S Ii:2:008:1 -115:1 8 <
ffff8e2303c4c540 1999562097 C Ii:2:008:1 0:1 7 = 0200ef3f 000000
ffff8e2303c4c540 1999562123 S Ii:2:008:1 -115:1 8 <
ffff8e2303c4c540 1999570097 C Ii:2:008:1 0:1 7 = 0200ed4f 000000
ffff8e2303c4c540 1999570124 S Ii:2:008:1 -115:1 8 <
ffff8e2303c4c540 1999578106 C Ii:2:008:1 0:1 7 = 0200ec4f 000000
ffff8e2303c4c540 1999578132 S Ii:2:008:1 -115:1 8 <
ffff8e2303c4c540 1999586096 C Ii:2:008:1 0:1 7 = 0200ec4f 000000
ffff8e2303c4c540 1999586122 S Ii:2:008:1 -115:1 8 <
ffff8e2303c4c540 1999594103 C Ii:2:008:1 0:1 7 = 0200eb3f 000000
ffff8e2303c4c540 1999594129 S Ii:2:008:1 -115:1 8 <
ffff8e2303c4c540 1999602097 C Ii:2:008:1 0:1 7 = 0200ea3f 000000
ffff8e2303c4c540 1999602124 S Ii:2:008:1 -115:1 8 <
ffff8e2303c4c540 1999610098 C Ii:2:008:1 0:1 7 = 0200eb5f 000000
ffff8e2303c4c540 1999610125 S Ii:2:008:1 -115:1 8 <
ffff8e2303c4c540 1999618098 C Ii:2:008:1 0:1 7 = 0200ea4f 000000
ffff8e2303c4c540 1999618124 S Ii:2:008:1 -115:1 8 <
ffff8e2303c4c540 1999626103 C Ii:2:008:1 0:1 7 = 0200eb6f 000000
ffff8e2303c4c540 1999626130 S Ii:2:008:1 -115:1 8 <
ffff8e2303c4c540 1999634100 C Ii:2:008:1 0:1 7 = 0200ec4f 000000
ffff8e2303c4c540 1999634126 S Ii:2:008:1 -115:1 8 <
ffff8e2303c4c540 1999642099 C Ii:2:008:1 0:1 7 = 0200ee3f 000000
ffff8e2303c4c540 1999642125 S Ii:2:008:1 -115:1 8 <
ffff8e2303c4c540 1999650069 C Ii:2:008:1 0:1 7 = 0200ee3f 000000
ffff8e2303c4c540 1999650089 S Ii:2:008:1 -115:1 8 <
ffff8e2303c4c540 1999658105 C Ii:2:008:1 0:1 7 = 0200ee2f 000000
ffff8e2303c4c540 1999658131 S Ii:2:008:1 -115:1 8 <
ffff8e2303c4c540 1999666100 C Ii:2:008:1 0:1 7 = 0200f00f 000000
ffff8e2303c4c540 1999666127 S Ii:2:008:1 -115:1 8 <
ffff8e2303c4c540 1999674097 C Ii:2:008:1 0:1 7 = 0200f02f 000000
ffff8e2303c4c540 1999674125 S Ii:2:008:1 -115:1 8 <
ffff8e2303c4c540 1999682098 C Ii:2:008:1 0:1 7 = 0200f41f 000000
ffff8e2303c4c540 1999682125 S Ii:2:008:1 -115:1 8 <
ffff8e2303c4c540 1999690097 C Ii:2:008:1 0:1 7 = 0200f70f 000000
ffff8e2303c4c540 1999690124 S Ii:2:008:1 -115:1 8 <
ffff8e2303c4c540 1999698109 C Ii:2:008:1 0:1 7 = 0200f91f 000000
ffff8e2303c4c540 1999698136 S Ii:2:008:1 -115:1 8 <
ffff8e2303c4c540 1999706096 C Ii:2:008:1 0:1 7 = 0200fc1f 000000
ffff8e2303c4c540 1999706122 S Ii:2:008:1 -115:1 8 <
ffff8e2303c4c540 1999714097 C Ii:2:008:1 0:1 7 = 0200fb1f 000000
ffff8e2303c4c540 1999714124 S Ii:2:008:1 -115:1 8 <
ffff8e2303c4c540 1999722071 C Ii:2:008:1 0:1 7 = 0200fb2f 000000
ffff8e2303c4c540 1999722097 S Ii:2:008:1 -115:1 8 <
ffff8e2303c4c540 1999730071 C Ii:2:008:1 0:1 7 = 0200f91f 000000
ffff8e2303c4c540 1999730098 S Ii:2:008:1 -115:1 8 <
ffff8e2303c4c540 1999738071 C Ii:2:008:1 0:1 7 = 0200f91f 000000
ffff8e2303c4c540 1999738097 S Ii:2:008:1 -115:1 8 <
ffff8e2303c4c540 1999746071 C Ii:2:008:1 0:1 7 = 0200f70f 000000
ffff8e2303c4c540 1999746096 S Ii:2:008:1 -115:1 8 <
ffff8e2303c4c540 1999754097 C Ii:2:008:1 0:1 7 = 0200f60f 000000
ffff8e2303c4c540 1999754122 S Ii:2:008:1 -115:1 8 <
ffff8e2303c4c540 1999762098 C Ii:2:008:1 0:1 7 = 0200f81f 000000
ffff8e2303c4c540 1999762125 S Ii:2:008:1 -115:1 8 <
ffff8e2303c4c540 1999770101 C Ii:2:008:1 0:1 7 = 0200f81f 000000
ffff8e2303c4c540 1999770128 S Ii:2:008:1 -115:1 8 <
ffff8e2303c4c540 1999778109 C Ii:2:008:1 0:1 7 = 0200f90f 000000
ffff8e2303c4c540 1999778135 S Ii:2:008:1 -115:1 8 <
ffff8e2303c4c540 1999786098 C Ii:2:008:1 0:1 7 = 0200f91f 000000
ffff8e2303c4c540 1999786126 S Ii:2:008:1 -115:1 8 <
ffff8e2303c4c540 1999794098 C Ii:2:008:1 0:1 7 = 0200f90f 000000
ffff8e2303c4c540 1999794125 S Ii:2:008:1 -115:1 8 <
ffff8e2303c4c540 1999802097 C Ii:2:008:1 0:1 7 = 0200fa0f 000000
ffff8e2303c4c540 1999802123 S Ii:2:008:1 -115:1 8 <
ffff8e2303c4c540 1999810110 C Ii:2:008:1 0:1 7 = 0200fa0f 000000
ffff8e2303c4c540 1999810136 S Ii:2:008:1 -115:1 8 <
ffff8e2303c4c540 1999818099 C Ii:2:008:1 0:1 7 = 0200fa0f 000000
ffff8e2303c4c540 1999818127 S Ii:2:008:1 -115:1 8 <
ffff8e2303c4c540 1999826098 C Ii:2:008:1 0:1 7 = 0200fb0f 000000
ffff8e2303c4c540 1999826125 S Ii:2:008:1 -115:1 8 <
ffff8e2303c4c540 1999834097 C Ii:2:008:1 0:1 7 = 0200fbff ff0000
ffff8e2303c4c540 1999834123 S Ii:2:008:1 -115:1 8 <
ffff8e2303c4c540 1999842099 C Ii:2:008:1 0:1 7 = 0200fb0f 000000
ffff8e2303c4c540 1999842125 S Ii:2:008:1 -115:1 8 <
ffff8e2303c4c540 1999850101 C Ii:2:008:1 0:1 7 = 0200faff ff0000
ffff8e2303c4c540 1999850129 S Ii:2:008:1 -115:1 8 <
ffff8e2303c4c540 1999858097 C Ii:2:008:1 0:1 7 = 0200faef ff0000
ffff8e2303c4c540 1999858124 S Ii:2:008:1 -115:1 8 <
ffff8e2303c4c540 1999866097 C Ii:2:008:1 0:1 7 = 0200fd0f 000000
ffff8e2303c4c540 1999866123 S Ii:2:008:1 -115:1 8 <
ffff8e2303c4c540 1999874072 C Ii:2:008:1 0:1 7 = 0200fdff ff0000
ffff8e2303c4c540 1999874099 S Ii:2:008:1 -115:1 8 <
ffff8e2303c4c540 1999882072 C Ii:2:008:1 0:1 7 = 020000f0 ff0000
ffff8e2303c4c540 1999882098 S Ii:2:008:1 -115:1 8 <
ffff8e2303c4c540 2000042100 C Ii:2:008:1 0:1 7 = 02000100 000000
ffff8e2303c4c540 2000042130 S Ii:2:008:1 -115:1 8 <
ffff8e2303c4c540 2000050108 C Ii:2:008:1 0:1 7 = 02000300 000000
ffff8e2303c4c540 2000050133 S Ii:2:008:1 -115:1 8 <
ffff8e2303c4c540 2000058102 C Ii:2:008:1 0:1 7 = 02000400 000000
ffff8e2303c4c540 2000058130 S Ii:2:008:1 -115:1 8 <
ffff8e2303c4c540 2000066100 C Ii:2:008:1 0:1 7 = 02000400 000000
ffff8e2303c4c540 2000066125 S Ii:2:008:1 -115:1 8 <
ffff8e2303c4c540 2000074101 C Ii:2:008:1 0:1 7 = 02000500 000000
ffff8e2303c4c540 2000074128 S Ii:2:008:1 -115:1 8 <
ffff8e2303c4c540 2000082099 C Ii:2:008:1 0:1 7 = 02000400 000000
ffff8e2303c4c540 2000082126 S Ii:2:008:1 -115:1 8 <
ffff8e2303c4c540 2000090099 C Ii:2:008:1 0:1 7 = 02000600 000000
ffff8e2303c4c540 2000090126 S Ii:2:008:1 -115:1 8 <
ffff8e2303c4c540 2000098099 C Ii:2:008:1 0:1 7 = 02000600 000000
ffff8e2303c4c540 2000098125 S Ii:2:008:1 -115:1 8 <
ffff8e2303c4c540 2000106073 C Ii:2:008:1 0:1 7 = 02000600 000000
ffff8e2303c4c540 2000106099 S Ii:2:008:1 -115:1 8 <
ffff8e2303c4c540 2000114073 C Ii:2:008:1 0:1 7 = 02000600 000000
ffff8e2303c4c540 2000114098 S Ii:2:008:1 -115:1 8 <
ffff8e2303c4c540 2000122099 C Ii:2:008:1 0:1 7 = 02000500 000000
ffff8e2303c4c540 2000122126 S Ii:2:008:1 -115:1 8 <
ffff8e2303c4c540 2000130100 C Ii:2:008:1 0:1 7 = 02000400 000000
ffff8e2303c4c540 2000130125 S Ii:2:008:1 -115:1 8 <
ffff8e2303c4c540 2000138073 C Ii:2:008:1 0:1 7 = 02000300 000000
ffff8e2303c4c540 2000138099 S Ii:2:008:1 -115:1 8 <
ffff8e2303c4c540 2000146100 C Ii:2:008:1 0:1 7 = 02000200 000000
ffff8e2303c4c540 2000146127 S Ii:2:008:1 -115:1 8 <
ffff8e2303c4c540 2000154100 C Ii:2:008:1 0:1 7 = 02000100 000000
ffff8e2303c4c540 2000154127 S Ii:2:008:1 -115:1 8 <
ffff8e2303c4c540 2000162100 C Ii:2:008:1 0:1 7 = 02000200 000000
ffff8e2303c4c540 2000162126 S Ii:2:008:1 -115:1 8 <
ffff8e2303c4c540 2000170100 C Ii:2:008:1 0:1 7 = 02000100 000000
ffff8e2303c4c540 2000170127 S Ii:2:008:1 -115:1 8 <
ffff8e2303c4c540 2000178108 C Ii:2:008:1 0:1 7 = 02000200 000000
ffff8e2303c4c540 2000178133 S Ii:2:008:1 -115:1 8 <
ffff8e2303c4c540 2000186100 C Ii:2:008:1 0:1 7 = 02000100 000000
ffff8e2303c4c540 2000186127 S Ii:2:008:1 -115:1 8 <
ffff8e2303c4c540 2000194101 C Ii:2:008:1 0:1 7 = 02000200 000000
ffff8e2303c4c540 2000194127 S Ii:2:008:1 -115:1 8 <
ffff8e2303c4c540 2000202100 C Ii:2:008:1 0:1 7 = 02000100 000000
ffff8e2303c4c540 2000202127 S Ii:2:008:1 -115:1 8 <
ffff8e2303c4c540 2000210100 C Ii:2:008:1 0:1 7 = 02000200 000000
ffff8e2303c4c540 2000210127 S Ii:2:008:1 -115:1 8 <
ffff8e2303c4c540 2000218108 C Ii:2:008:1 0:1 7 = 020003f0 ff0000
ffff8e2303c4c540 2000218135 S Ii:2:008:1 -115:1 8 <
ffff8e2303c4c540 2000226100 C Ii:2:008:1 0:1 7 = 02000300 000000
ffff8e2303c4c540 2000226126 S Ii:2:008:1 -115:1 8 <
ffff8e2303c4c540 2000234100 C Ii:2:008:1 0:1 7 = 020004d0 ff0000
ffff8e2303c4c540 2000234128 S Ii:2:008:1 -115:1 8 <
ffff8e2303c4c540 2000242100 C Ii:2:008:1 0:1 7 = 020003e0 ff0000
ffff8e2303c4c540 2000242128 S Ii:2:008:1 -115:1 8 <
ffff8e2303c4c540 2000250100 C Ii:2:008:1 0:1 7 = 020001f0 ff0000
ffff8e2303c4c540 2000250127 S Ii:2:008:1 -115:1 8 <
ffff8e2303c4c540 2000258109 C Ii:2:008:1 0:1 7 = 020002e0 ff0000
ffff8e2303c4c540 2000258135 S Ii:2:008:1 -115:1 8 <
ffff8e2303c4c540 2000266100 C Ii:2:008:1 0:1 7 = 020000f0 ff0000
ffff8e2303c4c540 2000266127 S Ii:2:008:1 -115:1 8 <
ffff8e2303c4c540 2000274100 C Ii:2:008:1 0:1 7 = 020002e0 ff0000
ffff8e2303c4c540 2000274128 S Ii:2:008:1 -115:1 8 <
ffff8e2303c4c540 2000282100 C Ii:2:008:1 0:1 7 = 020004e0 ff0000
ffff8e2303c4c540 2000282126 S Ii:2:008:1 -115:1 8 <
ffff8e2303c4c540 2000290099 C Ii:2:008:1 0:1 7 = 020005e0 ff0000
ffff8e2303c4c540 2000290126 S Ii:2:008:1 -115:1 8 <
ffff8e2303c4c540 2000298111 C Ii:2:008:1 0:1 7 = 020004f0 ff0000
ffff8e2303c4c540 2000298138 S Ii:2:008:1 -115:1 8 <
ffff8e2303c4c540 2000306101 C Ii:2:008:1 0:1 7 = 020005e0 ff0000
ffff8e2303c4c540 2000306127 S Ii:2:008:1 -115:1 8 <
ffff8e2303c4c540 2000314100 C Ii:2:008:1 0:1 7 = 02000300 000000
ffff8e2303c4c540 2000314127 S Ii:2:008:1 -115:1 8 <
ffff8e2303c4c540 2000322100 C Ii:2:008:1 0:1 7 = 020004e0 ff0000
ffff8e2303c4c540 2000322127 S Ii:2:008:1 -115:1 8 <
ffff8e2303c4c540 2000330099 C Ii:2:008:1 0:1 7 = 020003f0 ff0000
ffff8e2303c4c540 2000330126 S Ii:2:008:1 -115:1 8 <
ffff8e2303c4c540 2000338111 C Ii:2:008:1 0:1 7 = 020002f0 ff0000
ffff8e2303c4c540 2000338137 S Ii:2:008:1 -115:1 8 <
ffff8e2303c4c540 2000346100 C Ii:2:008:1 0:1 7 = 020001f0 ff0000
ffff8e2303c4c540 2000346127 S Ii:2:008:1 -115:1 8 <
ffff8e2303c4c540 2000521104 C Ii:2:008:1 0:1 7 = 02010000 000000
ffff8e2303c4c540 2000521135 S Ii:2:008:1 -115:1 8 <
ffff8e2303c4c540 2000673103 C Ii:2:008:1 0:1 7 = 02000000 000000
ffff8e2303c4c540 2000673130 S Ii:2:008:1 -115:1 8 <
ffff8e2303c4c540 2000681100 C Ii:2:008:1 0:1 7 = 0200fe0f 000000
ffff8e2303c4c540 2000681127 S Ii:2:008:1 -115:1 8 <
ffff8e2303c4c540 2000689078 C Ii:2:008:1 0:1 7 = 0200fc0f 000000
ffff8e2303c4c540 2000689108 S Ii:2:008:1 -115:1 8 <
ffff8e2303c4c540 2000697075 C Ii:2:008:1 0:1 7 = 0200fa0f 000000
ffff8e2303c4c540 2000697099 S Ii:2:008:1 -115:1 8 <
ffff8e2303c4c540 2000705087 C Ii:2:008:1 0:1 7 = 0200f90f 000000
ffff8e2303c4c540 2000705106 S Ii:2:008:1 -115:1 8 <
ffff8e2303c4c540 2000713101 C Ii:2:008:1 0:1 7 = 0200fb0f 000000
ffff8e2303c4c540 2000713126 S Ii:2:008:1 -115:1 8 <
ffff8e2303c4c540 2000721101 C Ii:2:008:1 0:1 7 = 0200fd0f 000000
ffff8e2303c4c540 2000721125 S Ii:2:008:1 -115:1 8 <
ffff8e2302151980 2000778095 S Bo:2:002:2 -115 31 = 55534243 31050000 00000000 00000600 00000000 00000000 00000000 000000
ffff8e2302151980 2000778153 C Bo:2:002:2 0 31 >
ffff8e2302151980 2000778164 S Bi:2:002:1 -115 13 <
ffff8e2302151980 2000778191 C Bi:2:002:1 0 13 = 55534253 31050000 00000000 00
ffff8e2303c4c540 2001393111 C Ii:2:008:1 0:1 7 = 02000040 000000
ffff8e2303c4c540 2001393147 S Ii:2:008:1 -115:1 8 <
ffff8e2303c4c540 2001401104 C Ii:2:008:1 0:1 7 = 02000370 000000
ffff8e2303c4c540 2001401131 S Ii:2:008:1 -115:1 8 <
ffff8e2303c4c540 2001409106 C Ii:2:008:1 0:1 7 = 020007c0 000000
ffff8e2303c4c540 2001409132 S Ii:2:008:1 -115:1 8 <
ffff8e2303c4c540 2001417076 C Ii:2:008:1 0:1 7 = 020008f0 000000
ffff8e2303c4c540 2001417099 S Ii:2:008:1 -115:1 8 <
ffff8e2303c4c540 2001425076 C Ii:2:008:1 0:1 7 = 02000af0 000000
ffff8e2303c4c540 2001425101 S Ii:2:008:1 -115:1 8 <
ffff8e2303c4c540 2001433076 C Ii:2:008:1 0:1 7 = 020009e0 000000
ffff8e2303c4c540 2001433102 S Ii:2:008:1 -115:1 8 <
ffff8e2303c4c540 2001441089 C Ii:2:008:1 0:1 7 = 020009e0 000000
ffff8e2303c4c540 2001441107 S Ii:2:008:1 -115:1 8 <
ffff8e2303c4c540 2001449076 C Ii:2:008:1 0:1 7 = 02000b10 010000
ffff8e2303c4c540 2001449092 S Ii:2:008:1 -115:1 8 <
ffff8e2303c4c540 2001457076 C Ii:2:008:1 0:1 7 = 02000c20 010000
ffff8e2303c4c540 2001457091 S Ii:2:008:1 -115:1 8 <
ffff8e2303c4c540 2001465113 C Ii:2:008:1 0:1 7 = 02000c40 010000
ffff8e2303c4c540 2001465130 S Ii:2:008:1 -115:1 8 <
ffff8e2303c4c540 2001473076 C Ii:2:008:1 0:1 7 = 02000f30 010000
ffff8e2303c4c540 2001473093 S Ii:2:008:1 -115:1 8 <
ffff8e2303c4c540 2001481076 C Ii:2:008:1 0:1 7 = 02001050 010000
ffff8e2303c4c540 2001481093 S Ii:2:008:1 -115:1 8 <
ffff8e2303c4c540 2001489077 C Ii:2:008:1 0:1 7 = 02001240 010000
ffff8e2303c4c540 2001489092 S Ii:2:008:1 -115:1 8 <
ffff8e2303c4c540 2001497078 C Ii:2:008:1 0:1 7 = 02001350 010000
ffff8e2303c4c540 2001497094 S Ii:2:008:1 -115:1 8 <
ffff8e2303c4c540 2001505077 C Ii:2:008:1 0:1 7 = 02001460 010000
ffff8e2303c4c540 2001505094 S Ii:2:008:1 -115:1 8 <
ffff8e2303c4c540 2001513076 C Ii:2:008:1 0:1 7 = 02001530 010000
ffff8e2303c4c540 2001513092 S Ii:2:008:1 -115:1 8 <
ffff8e2303c4c540 2001521077 C Ii:2:008:1 0:1 7 = 02001720 010000
ffff8e2303c4c540 2001521092 S Ii:2:008:1 -115:1 8 <
ffff8e2303c4c540 2001529076 C Ii:2:008:1 0:1 7 = 02001700 010000
ffff8e2303c4c540 2001529093 S Ii:2:008:1 -115:1 8 <
ffff8e2303c4c540 2001537077 C Ii:2:008:1 0:1 7 = 020016d0 000000
ffff8e2303c4c540 2001537093 S Ii:2:008:1 -115:1 8 <
ffff8e2303c4c540 2001545077 C Ii:2:008:1 0:1 7 = 020016c0 000000
ffff8e2303c4c540 2001545105 S Ii:2:008:1 -115:1 8 <
ffff8e2303c4c540 2001553077 C Ii:2:008:1 0:1 7 = 020014a0 000000
ffff8e2303c4c540 2001553102 S Ii:2:008:1 -115:1 8 <
ffff8e2303c4c540 2001561077 C Ii:2:008:1 0:1 7 = 02001280 000000
ffff8e2303c4c540 2001561102 S Ii:2:008:1 -115:1 8 <
ffff8e2303c4c540 2001569078 C Ii:2:008:1 0:1 7 = 02001070 000000
ffff8e2303c4c540 2001569105 S Ii:2:008:1 -115:1 8 <
ffff8e2303c4c540 2001577079 C Ii:2:008:1 0:1 7 = 02000c50 000000
ffff8e2303c4c540 2001577104 S Ii:2:008:1 -115:1 8 <
ffff8e2303c4c540 2001585105 C Ii:2:008:1 0:1 7 = 02000960 000000
ffff8e2303c4c540 2001585133 S Ii:2:008:1 -115:1 8 <
ffff8e2303c4c540 2001593108 C Ii:2:008:1 0:1 7 = 02000740 000000
ffff8e2303c4c540 2001593134 S Ii:2:008:1 -115:1 8 <
ffff8e2303c4c540 2001601078 C Ii:2:008:1 0:1 7 = 02000330 000000
ffff8e2303c4c540 2001601104 S Ii:2:008:1 -115:1 8 <
ffff8e2303c4c540 2001609079 C Ii:2:008:1 0:1 7 = 02000430 000000
ffff8e2303c4c540 2001609106 S Ii:2:008:1 -115:1 8 <
ffff8e2303c4c540 2001617079 C Ii:2:008:1 0:1 7 = 02000420 000000
ffff8e2303c4c540 2001617106 S Ii:2:008:1 -115:1 8 <
ffff8e2303c4c540 2001625106 C Ii:2:008:1 0:1 7 = 02000520 000000
ffff8e2303c4c540 2001625133 S Ii:2:008:1 -115:1 8 <
ffff8e2303c4c540 2001633105 C Ii:2:008:1 0:1 7 = 02000910 000000
ffff8e2303c4c540 2001633132 S Ii:2:008:1 -115:1 8 <
ffff8e2303c4c540 2001641112 C Ii:2:008:1 0:1 7 = 02000910 000000
ffff8e2303c4c540 2001641138 S Ii:2:008:1 -115:1 8 <
ffff8e2303c4c540 2001649105 C Ii:2:008:1 0:1 7 = 02000c20 000000
ffff8e2303c4c540 2001649132 S Ii:2:008:1 -115:1 8 <
ffff8e2303c4c540 2001657105 C Ii:2:008:1 0:1 7 = 02000d20 000000
ffff8e2303c4c540 2001657133 S Ii:2:008:1 -115:1 8 <
ffff8e2303c4c540 2001665106 C Ii:2:008:1 0:1 7 = 02000d30 000000
ffff8e2303c4c540 2001665134 S Ii:2:008:1 -115:1 8 <
ffff8e2303c4c540 2001673106 C Ii:2:008:1 0:1 7 = 02000f40 000000
ffff8e2303c4c540 2001673134 S Ii:2:008:1 -115:1 8 <
ffff8e2303c4c540 2001681107 C Ii:2:008:1 0:1 7 = 02000f40 000000
ffff8e2303c4c540 2001681133 S Ii:2:008:1 -115:1 8 <
ffff8e2303c4c540 2001689117 C Ii:2:008:1 0:1 7 = 02000e30 000000
ffff8e2303c4c540 2001689143 S Ii:2:008:1 -115:1 8 <
ffff8e2303c4c540 2001697106 C Ii:2:008:1 0:1 7 = 02000e40 000000
ffff8e2303c4c540 2001697133 S Ii:2:008:1 -115:1 8 <
ffff8e2303c4c540 2001705105 C Ii:2:008:1 0:1 7 = 02000f40 000000
ffff8e2303c4c540 2001705131 S Ii:2:008:1 -115:1 8 <
ffff8e2303c4c540 2001713106 C Ii:2:008:1 0:1 7 = 02000d60 000000
ffff8e2303c4c540 2001713133 S Ii:2:008:1 -115:1 8 <
ffff8e2303c4c540 2001721114 C Ii:2:008:1 0:1 7 = 02000f90 000000
ffff8e2303c4c540 2001721140 S Ii:2:008:1 -115:1 8 <
ffff8e2303c4c540 2001729105 C Ii:2:008:1 0:1 7 = 02000d80 000000
ffff8e2303c4c540 2001729131 S Ii:2:008:1 -115:1 8 <
ffff8e2303c4c540 2001737107 C Ii:2:008:1 0:1 7 = 02000a60 000000
ffff8e2303c4c540 2001737135 S Ii:2:008:1 -115:1 8 <
ffff8e2303c4c540 2001745105 C Ii:2:008:1 0:1 7 = 02000970 000000
ffff8e2303c4c540 2001745131 S Ii:2:008:1 -115:1 8 <
ffff8e2303c4c540 2001753117 C Ii:2:008:1 0:1 7 = 02000650 000000
ffff8e2303c4c540 2001753144 S Ii:2:008:1 -115:1 8 <
ffff8e2303c4c540 2001761106 C Ii:2:008:1 0:1 7 = 02000770 000000
ffff8e2303c4c540 2001761133 S Ii:2:008:1 -115:1 8 <
ffff8e2303c4c540 2001769107 C Ii:2:008:1 0:1 7 = 02000780 000000
ffff8e2303c4c540 2001769134 S Ii:2:008:1 -115:1 8 <
ffff8e2303c4c540 2001777111 C Ii:2:008:1 0:1 7 = 02000570 000000
ffff8e2303c4c540 2001777138 S Ii:2:008:1 -115:1 8 <
ffff8e2303c4c540 2001785107 C Ii:2:008:1 0:1 7 = 02000570 000000
ffff8e2303c4c540 2001785134 S Ii:2:008:1 -115:1 8 <
ffff8e2303c4c540 2001793107 C Ii:2:008:1 0:1 7 = 02000260 000000
ffff8e2303c4c540 2001793133 S Ii:2:008:1 -115:1 8 <
ffff8e2303c4c540 2001801121 C Ii:2:008:1 0:1 7 = 02000150 000000
ffff8e2303c4c540 2001801148 S Ii:2:008:1 -115:1 8 <
ffff8e2303c4c540 2001809078 C Ii:2:008:1 0:1 7 = 02000050 000000
ffff8e2303c4c540 2001809097 S Ii:2:008:1 -115:1 8 <
ffff8e2303c4c540 2001817107 C Ii:2:008:1 0:1 7 = 02000050 000000
ffff8e2303c4c540 2001817133 S Ii:2:008:1 -115:1 8 <
ffff8e2303c4c540 2001825107 C Ii:2:008:1 0:1 7 = 02000070 000000
ffff8e2303c4c540 2001825133 S Ii:2:008:1 -115:1 8 <
ffff8e2303c4c540 2001833117 C Ii:2:008:1 0:1 7 = 02000080 000000
ffff8e2303c4c540 2001833143 S Ii:2:008:1 -115:1 8 <
ffff8e2303c4c540 2001841120 C Ii:2:008:1 0:1 7 = 02000080 000000
ffff8e2303c4c540 2001841146 S Ii:2:008:1 -115:1 8 <
ffff8e2303c4c540 2001849106 C Ii:2:008:1 0:1 7 = 02000090 000000
ffff8e2303c4c540 2001849133 S Ii:2:008:1 -115:1 8 <
ffff8e2303c4c540 2001857108 C Ii:2:008:1 0:1 7 = 0200fd9f 000000
ffff8e2303c4c540 2001857136 S Ii:2:008:1 -115:1 8 <
ffff8e2303c4c540 2001865106 C Ii:2:008:1 0:1 7 = 0200fe8f 000000
ffff8e2303c4c540 2001865132 S Ii:2:008:1 -115:1 8 <
ffff8e2303c4c540 2001873116 C Ii:2:008:1 0:1 7 = 0200febf 000000
ffff8e2303c4c540 2001873142 S Ii:2:008:1 -115:1 8 <
ffff8e2303c4c540 2001881115 C Ii:2:008:1 0:1 7 = 0200fdcf 000000
ffff8e2303c4c540 2001881141 S Ii:2:008:1 -115:1 8 <
ffff8e2303c4c540 2001889106 C Ii:2:008:1 0:1 7 = 0200ffbf 000000
ffff8e2303c4c540 2001889132 S Ii:2:008:1 -115:1 8 <
ffff8e2303c4c540 2001897106 C Ii:2:008:1 0:1 7 = 0200fecf 000000
ffff8e2303c4c540 2001897134 S Ii:2:008:1 -115:1 8 <
ffff8e2303c4c540 2001905080 C Ii:2:008:1 0:1 7 = 0200fecf 000000
ffff8e2303c4c540 2001905105 S Ii:2:008:1 -115:1 8 <
ffff8e2303c4c540 2001913080 C Ii:2:008:1 0:1 7 = 0200fdbf 000000
ffff8e2303c4c540 2001913107 S Ii:2:008:1 -115:1 8 <
ffff8e2303c4c540 2001921114 C Ii:2:008:1 0:1 7 = 0200fbaf 000000
ffff8e2303c4c540 2001921140 S Ii:2:008:1 -115:1 8 <
ffff8e2303c4c540 2001929107 C Ii:2:008:1 0:1 7 = 0200fc9f 000000
ffff8e2303c4c540 2001929133 S Ii:2:008:1 -115:1 8 <
ffff8e2303c4c540 2001937106 C Ii:2:008:1 0:1 7 = 0200fc8f 000000
ffff8e2303c4c540 2001937135 S Ii:2:008:1 -115:1 8 <
ffff8e2303c4c540 2001945108 C Ii:2:008:1 0:1 7 = 0200fd5f 000000
ffff8e2303c4c540 2001945136 S Ii:2:008:1 -115:1 8 <
ffff8e2303c4c540 2001953113 C Ii:2:008:1 0:1 7 = 0200fe4f 000000
ffff8e2303c4c540 2001953140 S Ii:2:008:1 -115:1 8 <
ffff8e2303c4c540 2001961104 C Ii:2:008:1 0:1 7 = 0200ff4f 000000
ffff8e2303c4c540 2001961124 S Ii:2:008:1 -115:1 8 <
ffff8e2303c4c540 2001969107 C Ii:2:008:1 0:1 7 = 0200ff2f 000000
ffff8e2303c4c540 2001969125 S Ii:2:008:1 -115:1 8 <
ffff8e2303c4c540 2001977078 C Ii:2:008:1 0:1 7 = 0200ff1f 000000
ffff8e2303c4c540 2001977094 S Ii:2:008:1 -115:1 8 <
ffff8e2303c4c540 2001985078 C Ii:2:008:1 0:1 7 = 02000010 000000
ffff8e2303c4c540 2001985094 S Ii:2:008:1 -115:1 8 <
ffff8e2303c4c540 2002185080 C Ii:2:008:1 0:1 7 = 0200ffff ff0000
ffff8e2303c4c540 2002185096 S Ii:2:008:1 -115:1 8 <
ffff8e2303c4c540 2002193082 C Ii:2:008:1 0:1 7 = 0200ff0f 000000
ffff8e2303c4c540 2002193097 S Ii:2:008:1 -115:1 8 <
ffff8e2303c4c540 2002201079 C Ii:2:008:1 0:1 7 = 0200ffff ff0000
ffff8e2303c4c540 2002201095 S Ii:2:008:1 -115:1 8 <
ffff8e2303c4c540 2002209116 C Ii:2:008:1 0:1 7 = 020000f0 ff0000
ffff8e2303c4c540 2002209133 S Ii:2:008:1 -115:1 8 <
ffff8e2303c4c540 2002225120 C Ii:2:008:1 0:1 7 = 0200ffff ff0000
ffff8e2303c4c540 2002225136 S Ii:2:008:1 -115:1 8 <
ffff8e2303c4c540 2002233080 C Ii:2:008:1 0:1 7 = 0200ff0f 000000
ffff8e2303c4c540 2002233095 S Ii:2:008:1 -115:1 8 <
ffff8e2303c4c540 2002241079 C Ii:2:008:1 0:1 7 = 0200ffff ff0000
ffff8e2303c4c540 2002241096 S Ii:2:008:1 -115:1 8 <
ffff8e2303c4c540 2002249109 C Ii:2:008:1 0:1 7 = 020000f0 ff0000
ffff8e2303c4c540 2002249125 S Ii:2:008:1 -115:1 8 <
ffff8e2303c4c540 2002265080 C Ii:2:008:1 0:1 7 = 020000f0 ff0000
ffff8e2303c4c540 2002265095 S Ii:2:008:1 -115:1 8 <
ffff8e2303c4c540 2002273079 C Ii:2:008:1 0:1 7 = 0200ffdf ff0000
ffff8e2303c4c540 2002273095 S Ii:2:008:1 -115:1 8 <
ffff8e2303c4c540 2002281111 C Ii:2:008:1 0:1 7 = 0200ffef ff0000
ffff8e2303c4c540 2002281128 S Ii:2:008:1 -115:1 8 <
ffff8e2303c4c540 2002289080 C Ii:2:008:1 0:1 7 = 0200ffdf ff0000
ffff8e2303c4c540 2002289095 S Ii:2:008:1 -115:1 8 <
ffff8e2303c4c540 2002297080 C Ii:2:008:1 0:1 7 = 020000f0 ff0000
ffff8e2303c4c540 2002297095 S Ii:2:008:1 -115:1 8 <
ffff8e2303c4c540 2002305080 C Ii:2:008:1 0:1 7 = 020000f0 ff0000
ffff8e2303c4c540 2002305095 S Ii:2:008:1 -115:1 8 <
ffff8e2303c4c540 2002313118 C Ii:2:008:1 0:1 7 = 020000e0 ff0000
ffff8e2303c4c540 2002313135 S Ii:2:008:1 -115:1 8 <
ffff8e2303c4c540 2002321080 C Ii:2:008:1 0:1 7 = 0200ffff ff0000
ffff8e2303c4c540 2002321096 S Ii:2:008:1 -115:1 8 <
ffff8e2303c4c540 2002329080 C Ii:2:008:1 0:1 7 = 0200ffef ff0000
ffff8e2303c4c540 2002329096 S Ii:2:008:1 -115:1 8 <
ffff8e2303c4c540 2002337080 C Ii:2:008:1 0:1 7 = 0200ffff ff0000
ffff8e2303c4c540 2002337096 S Ii:2:008:1 -115:1 8 <
ffff8e2303c4c540 2002345116 C Ii:2:008:1 0:1 7 = 020000f0 ff0000
ffff8e2303c4c540 2002345132 S Ii:2:008:1 -115:1 8 <
ffff8e2303c4c540 2002481117 C Ii:2:008:1 0:1 7 = 02010000 000000
ffff8e2303c4c540 2002481134 S Ii:2:008:1 -115:1 8 <
ffff8e2303c4c540 2002585084 C Ii:2:008:1 0:1 7 = 02000000 000000
ffff8e2303c4c540 2002585101 S Ii:2:008:1 -115:1 8 <
ffff8e23036146c0 2002591992 S Co:2:011:0 s 40 9a 1312 cc83 0000 0
ffff8e23036146c0 2002592108 C Co:2:011:0 0 0
ffff8e23036146c0 2002592129 S Co:2:011:0 s 40 9a 2518 00c3 0000 0
ffff8e23036146c0 2002592193 C Co:2:011:0 0 0
ffff8e23036146c0 2002592204 S Co:2:011:0 s 40 a4 ff9f 0000 0000 0
ffff8e23036146c0 2002592268 C Co:2:011:0 0 0
ffff8e23036146c0 2002592277 S Co:2:011:0 s 40 9a 2727 0000 0000 0
ffff8e23036146c0 2002592347 C Co:2:011:0 0 0
ffff8e2301f33b00 2002592356 S Ii:2:011:1 -115:1 8 <
ffff8e23036146c0 2002592365 S Ci:2:011:0 s c0 95 0706 0000 0002 2 <
ffff8e23036146c0 2002592460 C Ci:2:011:0 0 2 = 9fee
ffff8e2301f326c0 2002592473 S Bi:2:011:2 -115 32 <
ffff8e2301f32e40 2002592478 S Bi:2:011:2 -115 32 <
ffff8e23036146c0 2002592482 S Co:2:011:0 s 40 a4 ff9f 0000 0000 0
ffff8e23036146c0 2002592548 C Co:2:011:0 0 0
ffff8e23133d4540 2002592718 S Co:2:011:0 s 40 9a 1312 cc83 0000 0
ffff8e23133d4540 2002592786 C Co:2:011:0 0 0
ffff8e23133d4540 2002592800 S Co:2:011:0 s 40 9a 2518 00c3 0000 0
ffff8e23133d4540 2002592864 C Co:2:011:0 0 0
ffff8e23133d4540 2002592874 S Co:2:011:0 s 40 a4 ff9f 0000 0000 0
ffff8e23133d4540 2002593027 C Co:2:011:0 0 0
ffff8e23133d4540 2002593044 S Co:2:011:0 s 40 9a 2727 0000 0000 0
ffff8e2303c4c540 2002593075 C Ii:2:008:1 0:1 7 = 0200ffff ff0000
ffff8e2303c4c540 2002593089 S Ii:2:008:1 -115:1 8 <
ffff8e23133d4540 2002593120 C Co:2:011:0 0 0
ffff8e23133d4540 2002593146 S Co:2:011:0 s 40 a4 ffbf 0000 0000 0
ffff8e23133d4540 2002593211 C Co:2:011:0 0 0
ffff8e23133d4540 2002593227 S Co:2:011:0 s 40 a4 ffbf 0000 0000 0
ffff8e23133d4540 2002593290 C Co:2:011:0 0 0
ffff8e23133d4540 2002593324 S Co:2:011:0 s 40 a4 ffbf 0000 0000 0
ffff8e23133d4540 2002593389 C Co:2:011:0 0 0
ffff8e23133d4540 2002593406 S Co:2:011:0 s 40 a4 ffbf 0000 0000 0
ffff8e23133d4540 2002593475 C Co:2:011:0 0 0
ffff8e23133d4540 2002593499 S Co:2:011:0 s 40 a4 ffbf 0000 0000 0
ffff8e23133d4540 2002593567 C Co:2:011:0 0 0
ffff8e23133d4540 2002593595 S Co:2:011:0 s 40 a4 ffbf 0000 0000 0
ffff8e23133d4540 2002593660 C Co:2:011:0 0 0
ffff8e23133d4540 2002593674 S Co:2:011:0 s 40 a4 ffff 0000 0000 0
ffff8e23133d4540 2002593739 C Co:2:011:0 0 0
ffff8e23133d4540 2002593760 S Co:2:011:0 s 40 a4 ffff 0000 0000 0
ffff8e23133d4540 2002593828 C Co:2:011:0 0 0
ffff8e2303c4c540 2002601080 C Ii:2:008:1 0:1 7 = 0200ff0f 000000
ffff8e2303c4c540 2002601094 S Ii:2:008:1 -115:1 8 <
ffff8e2301f32240 2002603510 S Bo:2:011:2 -115 14 = 50524f47 52414d42 54393030 3055
ffff8e2301f32240 2002603561 C Bo:2:011:2 0 14 >
ffff8e2303c4c540 2002609079 C Ii:2:008:1 0:1 7 = 0200ffff ff0000
ffff8e2303c4c540 2002609091 S Ii:2:008:1 -115:1 8 <
ffff8e2303c4c540 2002617078 C Ii:2:008:1 0:1 7 = 020000f0 ff0000
ffff8e2303c4c540 2002617090 S Ii:2:008:1 -115:1 8 <
ffff8e2301f326c0 2002692016 C Bi:2:011:2 0 1 = 06
ffff8e2301f326c0 2002692021 S Bi:2:011:2 -115 32 <
ffff8e2301f32240 2002692404 S Bo:2:011:2 -115 1 = 46
ffff8e2301f32240 2002692481 C Bo:2:011:2 0 1 >
ffff8e2301f32e40 2002696159 C Bi:2:011:2 0 16 = 01360174 04000520 02000260 01033004
ffff8e2301f32e40 2002696165 S Bi:2:011:2 -115 32 <
ffff8e2301f32240 2002696649 S Bo:2:011:2 -115 1 = 4d
ffff8e2301f32240 2002696690 C Bo:2:011:2 0 1 >
ffff8e2301f326c0 2002699997 C Bi:2:011:2 0 12 = 52542d39 35302020 20202020
ffff8e2301f326c0 2002700005 S Bi:2:011:2 -115 32 <
ffff8e2301f32240 2002700322 S Bo:2:011:2 -115 25 = 53454e44 1010040b 0405010d 0a0b0f00 0105040d 02070308 00
ffff8e2301f32240 2002700389 C Bo:2:011:2 0 25 >
ffff8e2301f32e40 2002704720 C Bi:2:011:2 0 1 = 06
ffff8e2301f32e40 2002704723 S Bi:2:011:2 -115 32 <
ffff8e2301f32240 2002708125 S Bo:2:011:2 -115 32 = 57000080 002b6954 ffffffff 00000000 00000052 ffffffff 62782e6f 667b3066
ffff8e2301f33740 2002708130 S Bo:2:011:2 -115 32 = ffffffff 003b6954 ffffffff 00000000 00000052 ffffffff 62782e6f 677b3066
ffff8e2301f32240 2002708223 C Bo:2:011:2 0 32 >
ffff8e2301f32240 2002708225 S Bo:2:011:2 -115 32 = ffffffff 00cb6954 ffffffff 00000000 00000052 ffffffff 62782e6f 687b3066
ffff8e2301f33740 2002708258 C Bo:2:011:2 0 32 >
ffff8e2301f33740 2002708268 S Bo:2:011:2 -115 32 = ffffffff 004b7054 ffffffff 00000000 00000052 ffffffff 62792e66 607b3066
ffff8e2301f32240 2002711017 C Bo:2:011:2 0 32 >
ffff8e2301f32240 2002711021 S Bo:2:011:2 -115 4 = ffffffff
ffff8e2301f33740 2002713801 C Bo:2:011:2 0 32 >
ffff8e2301f32240 2002716541 C Bo:2:011:2 0 4 >
ffff8e2301f326c0 2002727387 C Bi:2:011:2 0 1 = 06
ffff8e2301f326c0 2002727392 S Bi:2:011:2 -115 32 <
ffff8e2301f32240 2002727869 S Bo:2:011:2 -115 32 = 57008080 005b7054 ffffffff 00000000 00000052 ffffffff 62792e66 617b3066
ffff8e2301f33740 2002727873 S Bo:2:011:2 -115 32 = ffffffff 006b7054 ffffffff 00000000 00000052 ffffffff 62792e66 627b3066
ffff8e2301f32240 2002728010 C Bo:2:011:2 0 32 >
ffff8e2301f32240 2002728014 S Bo:2:011:2 -115 32 = ffffffff 007b7054 ffffffff 00000000 00000052 ffffffff 62792e66 637b3066
ffff8e2301f33740 2002728051 C Bo:2:011:2 0 32 >
ffff8e2301f33740 2002728052 S Bo:2:011:2 -115 32 = ffffffff 001b7054 ffffffff 00000000 00000052 ffffffff 62792e66 657b3066
ffff8e2301f32240 2002730885 C Bo:2:011:2 0 32 >
ffff8e2301f32240 2002730888 S Bo:2:011:2 -115 4 = ffffffff
ffff8e2301f33740 2002733645 C Bo:2:011:2 0 32 >
ffff8e2301f32240 2002736359 C Bo:2:011:2 0 4 >
ffff8e2301f32e40 2002741892 C Bi:2:011:2 0 1 = 06
ffff8e2301f32e40 2002741899 S Bi:2:011:2 -115 32 <
ffff8e2301f32240 2002742244 S Bo:2:011:2 -115 32 = 57010080 002b7054 ffffffff 00000000 00000052 ffffffff 62792e66 667b3066
ffff8e2301f33740 2002742249 S Bo:2:011:2 -115 32 = ffffffff 003b7054 ffffffff 00000000 00000052 ffffffff 62792e66 677b3066
ffff8e2301f32240 2002742340 C Bo:2:011:2 0 32 >
ffff8e2301f32240 2002742345 S Bo:2:011:2 -115 32 = ffffffff 00cb7054 ffffffff 00000000 00000052 ffffffff 62792e66 687b3066
ffff8e2301f33740 2002742382 C Bo:2:011:2 0 32 >
ffff8e2301f33740 2002742385 S Bo:2:011:2 -115 32 = ffffffff 004b7154 ffffffff 00000000 00000052 ffffffff 62792e67 607b3066
ffff8e2301f32240 2002745183 C Bo:2:011:2 0 32 >
ffff8e2301f32240 2002745188 S Bo:2:011:2 -115 4 = ffffffff
ffff8e2301f33740 2002748047 C Bo:2:011:2 0 32 >
ffff8e2301f32240 2002750655 C Bo:2:011:2 0 4 >
ffff8e2301f326c0 2002756235 C Bi:2:011:2 0 1 = 06
ffff8e2301f326c0 2002756242 S Bi:2:011:2 -115 32 <
ffff8e2301f32240 2002756632 S Bo:2:011:2 -115 32 = 57018080 005b7154 ffffffff 00000000 00000052 ffffffff 62792e67 617b3066
ffff8e2301f33740 2002756636 S Bo:2:011:2 -115 32 = ffffffff 006b7154 ffffffff 00000000 00000052 ffffffff 62792e67 627b3066
ffff8e2301f32240 2002756733 C Bo:2:011:2 0 32 >
ffff8e2301f32240 2002756736 S Bo:2:011:2 -115 32 = ffffffff 007b7154 ffffffff 00000000 00000052 ffffffff 62792e67 637b3066
ffff8e2301f33740 2002756771 C Bo:2:011:2 0 32 >
ffff8e2301f33740 2002756772 S Bo:2:011:2 -115 32 = ffffffff 001b7154 ffffffff 00000000 00000052 ffffffff 62792e67 657b3066
ffff8e2301f32240 2002759552 C Bo:2:011:2 0 32 >
ffff8e2301f32240 2002759557 S Bo:2:011:2 -115 4 = ffffffff
ffff8e2301f33740 2002762343 C Bo:2:011:2 0 32 >
ffff8e2301f32240 2002765077 C Bo:2:011:2 0 4 >
ffff8e2301f32e40 2002770553 C Bi:2:011:2 0 1 = 06
ffff8e2301f32e40 2002770570 S Bi:2:011:2 -115 32 <
ffff8e2301f32240 2002770927 S Bo:2:011:2 -115 32 = 57020080 002b7154 ffffffff 00000000 00000052 ffffffff 62792e67 667b3066
ffff8e2301f33740 2002770931 S Bo:2:011:2 -115 32 = ffffffff 003b7154 ffffffff 00000000 00000052 ffffffff 62792e67 677b3066
ffff8e2301f32240 2002771042 C Bo:2:011:2 0 32 >
ffff8e2301f32240 2002771045 S Bo:2:011:2 -115 32 = ffffffff 00cb7154 ffffffff 00000000 00000052 ffffffff 62792e67 687b3066
ffff8e2301f33740 2002771081 C Bo:2:011:2 0 32 >
ffff8e2301f33740 2002771083 S Bo:2:011:2 -115 32 = ffffffff 004b7254 ffffffff 00000000 00000052 ffffffff 62792e64 607b3066
ffff8e2301f32240 2002773861 C Bo:2:011:2 0 32 >
ffff8e2301f32240 2002773866 S Bo:2:011:2 -115 4 = ffffffff
ffff8e2301f33740 2002776690 C Bo:2:011:2 0 32 >
ffff8e2301f32240 2002779383 C Bo:2:011:2 0 4 >
ffff8e2301f326c0 2002784838 C Bi:2:011:2 0 1 = 06
ffff8e2301f326c0 2002784844 S Bi:2:011:2 -115 32 <
ffff8e2301f32240 2002785186 S Bo:2:011:2 -115 32 = 57028080 005b7254 ffffffff 00000000 00000052 ffffffff 62792e64 617b3066
ffff8e2301f33740 2002785190 S Bo:2:011:2 -115 32 = ffffffff 006b7254 ffffffff 00000000 00000052 ffffffff 62792e64 627b3066
ffff8e2301f32240 2002785284 C Bo:2:011:2 0 32 >
ffff8e2301f32240 2002785289 S Bo:2:011:2 -115 32 = ffffffff 001b7254 ffffffff 00000000 00000052 ffffffff 62792e64 657b3066
ffff8e2301f33740 2002785324 C Bo:2:011:2 0 32 >
ffff8e2301f33740 2002785325 S Bo:2:011:2 -115 32 = ffffffff 007b7254 ffffffff 00000000 00000052 ffffffff 62792e64 637b3066
ffff8e2301f32240 2002788118 C Bo:2:011:2 0 32 >
ffff8e2301f32240 2002788123 S Bo:2:011:2 -115 4 = ffffffff
ffff8e2301f33740 2002790897 C Bo:2:011:2 0 32 >
ffff8e2301f32240 2002793625 C Bo:2:011:2 0 4 >
ffff8e2301f32e40 2002799160 C Bi:2:011:2 0 1 = 06
ffff8e2301f32e40 2002799166 S Bi:2:011:2 -115 32 <
ffff8e2301f32240 2002799509 S Bo:2:011:2 -115 32 = 57030080 000b7254 ffffffff 00000000 00000052 ffffffff 62792e64 647b3066
ffff8e2301f33740 2002799513 S Bo:2:011:2 -115 32 = ffffffff 002b7254 ffffffff 00000000 00000052 ffffffff 62792e64 667b3066
ffff8e2301f32240 2002799609 C Bo:2:011:2 0 32 >
ffff8e2301f32240 2002799614 S Bo:2:011:2 -115 32 = ffffffff 003b7254 ffffffff 00000000 00000052 ffffffff 62792e64 677b3066
ffff8e2301f33740 2002799648 C Bo:2:011:2 0 32 >
ffff8e2301f33740 2002799650 S Bo:2:011:2 -115 32 = ffffffff 00cb7254 ffffffff 00000000 00000052 ffffffff 62792e64 687b3066
ffff8e2301f32240 2002802403 C Bo:2:011:2 0 32 >
ffff8e2301f32240 2002802408 S Bo:2:011:2 -115 4 = ffffffff
ffff8e2301f33740 2002805182 C Bo:2:011:2 0 32 >
ffff8e2301f32240 2002808026 C Bo:2:011:2 0 4 >
ffff8e2301f326c0 2002813484 C Bi:2:011:2 0 1 = 06
ffff8e2301f326c0 2002813490 S Bi:2:011:2 -115 32 <
ffff8e2301f32240 2002813816 S Bo:2:011:2 -115 32 = 57038080 00db7254 ffffffff 00000000 00000052 ffffffff 62792e64 697b3066
ffff8e2301f33740 2002813820 S Bo:2:011:2 -115 32 = ffffffff 004b7354 ffffffff 00000000 00000052 ffffffff 62792e65 607b3066
ffff8e2301f32240 2002813910 C Bo:2:011:2 0 32 >
ffff8e2301f32240 2002813915 S Bo:2:011:2 -115 32 = ffffffff 005b7354 ffffffff 00000000 00000052 ffffffff 62792e65 617b3066
ffff8e2301f33740 2002813948 C Bo:2:011:2 0 32 >
ffff8e2301f33740 2002813950 S Bo:2:011:2 -115 32 = ffffffff 006b7354 ffffffff 00000000 00000052 ffffffff 62792e65 627b3066
ffff8e2301f32240 2002816720 C Bo:2:011:2 0 32 >
ffff8e2301f32240 2002816725 S Bo:2:011:2 -115 4 = ffffffff
ffff8e2301f33740 2002819542 C Bo:2:011:2 0 32 >
ffff8e2301f32240 2002822260 C Bo:2:011:2 0 4 >
ffff8e2302151980 2002826077 S Bo:2:002:2 -115 31 = 55534243 32050000 00000000 00000600 00000000 00000000 00000000 000000
ffff8e2302151980 2002826131 C Bo:2:002:2 0 31 >
ffff8e2302151980 2002826141 S Bi:2:002:1 -115 13 <
ffff8e2302151980 2002826171 C Bi:2:002:1 0 13 = 55534253 32050000 00000000 00
ffff8e2301f32e40 2002827664 C Bi:2:011:2 0 1 = 06
ffff8e2301f32e40 2002827670 S Bi:2:011:2 -115 32 <
ffff8e2301f32240 2002827995 S Bo:2:011:2 -115 32 = 57040080 007b7354 ffffffff 00000000 00000052 ffffffff 62792e65 637b3066
ffff8e2301f33740 2002827999 S Bo:2:011:2 -115 32 = ffffffff 000b7354 ffffffff 00000000 00000052 ffffffff 62792e65 647b3066
ffff8e2301f32240 2002828098 C Bo:2:011:2 0 32 >
ffff8e2301f32240 2002828103 S Bo:2:011:2 -115 32 = ffffffff 001b7354 ffffffff 00000000 00000052 ffffffff 62792e65 657b3066
ffff8e2301f33740 2002828128 C Bo:2:011:2 0 32 >
ffff8e2301f33740 2002828129 S Bo:2:011:2 -115 32 = ffffffff 002b7354 ffffffff 00000000 00000052 ffffffff 62792e65 667b3066
ffff8e2301f32240 2002830870 C Bo:2:011:2 0 32 >
ffff8e2301f32240 2002830875 S Bo:2:011:2 -115 4 = ffffffff
ffff8e2301f33740 2002833681 C Bo:2:011:2 0 32 >
ffff8e2301f32240 2002836460 C Bo:2:011:2 0 4 >
ffff8e2301f326c0 2002842029 C Bi:2:011:2 0 1 = 06
ffff8e2301f326c0 2002842035 S Bi:2:011:2 -115 32 <
ffff8e2301f32240 2002842364 S Bo:2:011:2 -115 32 = 57048080 003b7354 ffffffff 00000000 00000052 ffffffff 62792e65 677b3066
ffff8e2301f33740 2002842367 S Bo:2:011:2 -115 32 = ffffffff 00cb7354 ffffffff 00000000 00000052 ffffffff 62792e65 687b3066
ffff8e2301f32240 2002842460 C Bo:2:011:2 0 32 >
ffff8e2301f32240 2002842465 S Bo:2:011:2 -115 32 = ffffffff 00db7354 ffffffff 00000000 00000052 ffffffff 62792e65 697b3066
ffff8e2301f33740 2002842500 C Bo:2:011:2 0 32 >
ffff8e2301f33740 2002842501 S Bo:2:011:2 -115 32 = ffffffff 004b7454 ffffffff 00000000 00000052 ffffffff 62792e62 607b3066
ffff8e2301f32240 2002845326 C Bo:2:011:2 0 32 >
ffff8e2301f32240 2002845331 S Bo:2:011:2 -115 4 = ffffffff
ffff8e2301f33740 2002848053 C Bo:2:011:2 0 32 >
ffff8e2301f32240 2002850802 C Bo:2:011:2 0 4 >
ffff8e2301f32e40 2002856283 C Bi:2:011:2 0 1 = 06
ffff8e2301f32e40 2002856289 S Bi:2:011:2 -115 32 <
ffff8e2301f32240 2002856560 S Bo:2:011:2 -115 32 = 57050080 502c2510 ffffffff 00000000 00000052 ffffffff 64783278 65783263
ffff8e2301f33740 2002856564 S Bo:2:011:2 -115 32 = 60ffffff 50c92510 ffffffff 00000000 00000052 ffffffff 64783278 65763763
ffff8e2301f32240 2002856656 C Bo:2:011:2 0 32 >
ffff8e2301f32240 2002856661 S Bo:2:011:2 -115 32 = 60ffffff 505c2610 ffffffff 00000000 00000052 ffffffff 64783278 667f3263
ffff8e2301f33740 2002856694 C Bo:2:011:2 0 32 >
ffff8e2301f33740 2002856696 S Bo:2:011:2 -115 32 = 60ffffff 50792610 ffffffff 00000000 00000052 ffffffff 64783278 667d3763
ffff8e2301f32240 2002859508 C Bo:2:011:2 0 32 >
ffff8e2301f32240 2002859512 S Bo:2:011:2 -115 4 = 60ffffff
ffff8e2301f33740 2002862261 C Bo:2:011:2 0 32 >
ffff8e2301f32240 2002865026 C Bo:2:011:2 0 4 >
ffff8e2301f326c0 2002870464 C Bi:2:011:2 0 1 = 06
ffff8e2301f326c0 2002870471 S Bi:2:011:2 -115 32 <
ffff8e2301f32240 2002870749 S Bo:2:011:2 -115 32 = 57058080 502c2610 ffffffff 00000000 00000052 ffffffff 64783278 66783263
ffff8e2301f33740 2002870753 S Bo:2:011:2 -115 32 = 60ffffff 50c92610 ffffffff 00000000 00000052 ffffffff 64783278 66763763
ffff8e2301f32240 2002870845 C Bo:2:011:2 0 32 >
ffff8e2301f32240 2002870850 S Bo:2:011:2 -115 32 = 60ffffff 505c2710 ffffffff 00000000 00000052 ffffffff 64783278 677f3263
ffff8e2301f33740 2002870886 C Bo:2:011:2 0 32 >
ffff8e2301f33740 2002870888 S Bo:2:011:2 -115 32 = 60ffffff 502c7510 ffffffff 00000000 00000052 ffffffff 64783778 65783263
ffff8e2301f32240 2002873681 C Bo:2:011:2 0 32 >
ffff8e2301f32240 2002873686 S Bo:2:011:2 -115 4 = 60ffffff
ffff8e2301f33740 2002876471 C Bo:2:011:2 0 32 >
ffff8e2301f32240 2002879179 C Bo:2:011:2 0 4 >
ffff8e2301f32e40 2002884599 C Bi:2:011:2 0 1 = 06
ffff8e2301f32e40 2002884605 S Bi:2:011:2 -115 32 <
ffff8e2301f32240 2002884990 S Bo:2:011:2 -115 32 = 57060080 50c97510 ffffffff 00000000 00000052 ffffffff 64783778 65763763
ffff8e2301f33740 2002884994 S Bo:2:011:2 -115 32 = 60ffffff 505c7610 ffffffff 00000000 00000052 ffffffff 64783778 667f3263
ffff8e2301f32240 2002885056 C Bo:2:011:2 0 32 >
ffff8e2301f32240 2002885059 S Bo:2:011:2 -115 32 = 60ffffff 50797610 ffffffff 00000000 00000052 ffffffff 64783778 667d3763
ffff8e2301f33740 2002885103 C Bo:2:011:2 0 32 >
ffff8e2301f33740 2002885105 S Bo:2:011:2 -115 32 = 60ffffff 502c7610 ffffffff 00000000 00000052 ffffffff 64783778 66783263
ffff8e2301f32240 2002887869 C Bo:2:011:2 0 32 >
ffff8e2301f32240 2002887873 S Bo:2:011:2 -115 4 = 60ffffff
ffff8e2301f33740 2002890687 C Bo:2:011:2 0 32 >
ffff8e2301f32240 2002893430 C Bo:2:011:2 0 4 >
ffff8e2301f326c0 2002898896 C Bi:2:011:2 0 1 = 06
ffff8e2301f326c0 2002898902 S Bi:2:011:2 -115 32 <
ffff8e2301f32240 2002899205 S Bo:2:011:2 -115 32 = 57068080 50c97610 ffffffff 00000000 00000052 ffffffff 64783778 66763763
ffff8e2301f33740 2002899209 S Bo:2:011:2 -115 32 = 60ffffff 505c7710 ffffffff 00000000 00000052 ffffffff 64783778 677f3263
ffff8e2301f32240 2002899269 C Bo:2:011:2 0 32 >
ffff8e2301f32240 2002899271 S Bo:2:011:2 -115 32 = 60ffffff 001e2510 ffffffff 00000000 00000052 ffffffff 64783278 657b3066
ffff8e2301f33740 2002899318 C Bo:2:011:2 0 32 >
ffff8e2301f33740 2002899321 S Bo:2:011:2 -115 32 = 60ffffff 003b2510 ffffffff 00000000 00000052 ffffffff 64783278 65793566
ffff8e2301f32240 2002902121 C Bo:2:011:2 0 32 >
ffff8e2301f32240 2002902126 S Bo:2:011:2 -115 4 = 60ffffff
ffff8e2301f33740 2002904895 C Bo:2:011:2 0 32 >
ffff8e2301f32240 2002907664 C Bo:2:011:2 0 4 >
ffff8e2301f32e40 2002913046 C Bi:2:011:2 0 1 = 06
ffff8e2301f32e40 2002913052 S Bi:2:011:2 -115 32 <
ffff8e2301f32240 2002913373 S Bo:2:011:2 -115 32 = 57070080 00002610 ffffffff 00000000 00000052 ffffffff 64783278 667e3066
ffff8e2301f33740 2002913377 S Bo:2:011:2 -115 32 = 60ffffff 006b2610 ffffffff 00000000 00000052 ffffffff 64783278 667c3566
ffff8e2301f32240 2002913469 C Bo:2:011:2 0 32 >
ffff8e2301f32240 2002913474 S Bo:2:011:2 -115 32 = 60ffffff 001e2610 ffffffff 00000000 00000052 ffffffff 64783278 667b3066
ffff8e2301f33740 2002913508 C Bo:2:011:2 0 32 >
ffff8e2301f33740 2002913510 S Bo:2:011:2 -115 32 = 60ffffff 003b2610 ffffffff 00000000 00000052 ffffffff 64783278 66793566
ffff8e2301f32240 2002916326 C Bo:2:011:2 0 32 >
ffff8e2301f32240 2002916330 S Bo:2:011:2 -115 4 = 60ffffff
ffff8e2301f33740 2002919043 C Bo:2:011:2 0 32 >
ffff8e2301f32240 2002921814 C Bo:2:011:2 0 4 >
ffff8e2301f326c0 2002927207 C Bi:2:011:2 0 1 = 06
ffff8e2301f326c0 2002927213 S Bi:2:011:2 -115 32 <
ffff8e2301f32240 2002927536 S Bo:2:011:2 -115 32 = 57078080 00002710 ffffffff 00000000 00000052 ffffffff 64783278 677e3066
ffff8e2301f33740 2002927540 S Bo:2:011:2 -115 32 = 60ffffff 006b2710 ffffffff 00000000 00000052 ffffffff 64783278 677c3566
ffff8e2301f32240 2002927633 C Bo:2:011:2 0 32 >
ffff8e2301f32240 2002927638 S Bo:2:011:2 -115 32 = 60ffffff 00ce7142 ffffffff 00000000 00000052 ffffffff 617a3778 61763066
ffff8e2301f33740 2002927672 C Bo:2:011:2 0 32 >
ffff8e2301f33740 2002927674 S Bo:2:011:2 -115 32 = 60ffffff 006e7742 ffffffff 00000000 00000052 ffffffff 617a3778 617c3066
ffff8e2301f32240 2002930478 C Bo:2:011:2 0 32 >
ffff8e2301f32240 2002930484 S Bo:2:011:2 -115 4 = 60ffffff
ffff8e2301f33740 2002933257 C Bo:2:011:2 0 32 >
ffff8e2301f32240 2002936009 C Bo:2:011:2 0 4 >
ffff8e2301f32e40 2002941531 C Bi:2:011:2 0 1 = 06
ffff8e2301f32e40 2002941537 S Bi:2:011:2 -115 32 <
ffff8e2301f32240 2002941852 S Bo:2:011:2 -115 32 = 57080080 00008544 ffffffff 00000000 00000053 ffffffff 030b4176 111e50ff
ffff8e2301f33740 2002941855 S Bo:2:011:2 -115 32 = ffffffff 001e2944 ffffffff 00000000 00000053 ffffffff 500f4576 054e4915
ffff8e2301f32240 2002941948 C Bo:2:011:2 0 32 >
ffff8e2301f32240 2002941953 S Bo:2:011:2 -115 32 = 1f03ffff 00003044 ffffffff 00000000 00000053 ffffffff 180f5256 15172015
ffff8e2301f33740 2002942019 C Bo:2:011:2 0 32 >
ffff8e2301f33740 2002942021 S Bo:2:011:2 -115 32 = 111a46ff 00001844 ffffffff 00000000 00000053 ffffffff 500f4576 171c4f03
ffff8e2301f32240 2002944758 C Bo:2:011:2 0 32 >
ffff8e2301f32240 2002944763 S Bo:2:011:2 -115 4 = 1e0affff
ffff8e2301f33740 2002947541 C Bo:2:011:2 0 32 >
ffff8e2301f32240 2002950308 C Bo:2:011:2 0 4 >
ffff8e2301f326c0 2002955849 C Bi:2:011:2 0 1 = 06
ffff8e2301f326c0 2002955855 S Bi:2:011:2 -115 32 <
ffff8e2301f32240 2002956168 S Bo:2:011:2 -115 32 = 57088080 00000244 ffffffff 00000000 00000053 ffffffff 500f4576 61784c79
ffff8e2301f33740 2002956172 S Bo:2:011:2 -115 32 = 637a52ff 001e2945 ffffffff 00000000 00000053 ffffffff 500f4576 61785279
ffff8e2301f32240 2002956263 C Bo:2:011:2 0 32 >
ffff8e2301f32240 2002956268 S Bo:2:011:2 -115 32 = 637a4cff ffffffff ffffffff ffffffff ffffffff ffffffff ffffffff ffffffff
ffff8e2301f33740 2002956301 C Bo:2:011:2 0 32 >
ffff8e2301f33740 2002956302 S Bo:2:011:2 -115 32 = ffffffff ffffffff ffffffff ffffffff ffffffff ffffffff ffffffff ffffffff
ffff8e2301f32240 2002959085 C Bo:2:011:2 0 32 >
ffff8e2301f32240 2002959090 S Bo:2:011:2 -115 4 = ffffffff
ffff8e2301f33740 2002961832 C Bo:2:011:2 0 32 >
ffff8e2301f32240 2002964582 C Bo:2:011:2 0 4 >
ffff8e2301f32e40 2002970029 C Bi:2:011:2 0 1 = 06
ffff8e2301f32e40 2002970035 S Bi:2:011:2 -115 32 <
ffff8e2301f32240 2002970333 S Bo:2:011:2 -115 32 = 57090080 ffffffff ffffffff ffffffff ffffffff ffffffff ffffffff ffffffff
ffff8e2301f33740 2002970337 S Bo:2:011:2 -115 32 = ffffffff ffffffff ffffffff ffffffff ffffffff ffffffff ffffffff ffffffff
ffff8e2301f32240 2002970428 C Bo:2:011:2 0 32 >
ffff8e2301f32240 2002970433 S Bo:2:011:2 -115 32 = ffffffff ffffffff ffffffff ffffffff ffffffff ffffffff ffffffff ffffffff
ffff8e2301f33740 2002970466 C Bo:2:011:2 0 32 >
ffff8e2301f33740 2002970468 S Bo:2:011:2 -115 32 = ffffffff ffffffff ffffffff ffffffff ffffffff ffffffff ffffffff ffffffff
ffff8e2301f32240 2002973280 C Bo:2:011:2 0 32 >
ffff8e2301f32240 2002973284 S Bo:2:011:2 -115 4 = ffffffff
ffff8e2301f33740 2002976042 C Bo:2:011:2 0 32 >
ffff8e2301f32240 2002978755 C Bo:2:011:2 0 4 >
ffff8e2301f326c0 2002984143 C Bi:2:011:2 0 1 = 06
ffff8e2301f326c0 2002984150 S Bi:2:011:2 -115 32 <
ffff8e2301f32240 2002984440 S Bo:2:011:2 -115 32 = 57098080 ffffffff ffffffff ffffffff ffffffff ffffffff ffffffff ffffffff
ffff8e2301f33740 2002984444 S Bo:2:011:2 -115 32 = ffffffff ffffffff ffffffff ffffffff ffffffff ffffffff ffffffff ffffffff
ffff8e2301f32240 2002984536 C Bo:2:011:2 0 32 >
ffff8e2301f32240 2002984541 S Bo:2:011:2 -115 32 = ffffffff ffffffff ffffffff ffffffff ffffffff ffffffff ffffffff ffffffff
ffff8e2301f33740 2002984574 C Bo:2:011:2 0 32 >
ffff8e2301f33740 2002984575 S Bo:2:011:2 -115 32 = ffffffff ffffffff ffffffff ffffffff ffffffff ffffffff ffffffff ffffffff
ffff8e2301f32240 2002987396 C Bo:2:011:2 0 32 >
ffff8e2301f32240 2002987401 S Bo:2:011:2 -115 4 = ffffffff
ffff8e2301f33740 2002990113 C Bo:2:011:2 0 32 >
ffff8e2301f32240 2002992864 C Bo:2:011:2 0 4 >
ffff8e2301f32e40 2002998329 C Bi:2:011:2 0 1 = 06
ffff8e2301f32e40 2002998335 S Bi:2:011:2 -115 32 <
ffff8e2301f32240 2002998627 S Bo:2:011:2 -115 32 = 570a0080 ffffffff ffffffff ffffffff ffffffff ffffffff ffffffff ffffffff
ffff8e2301f33740 2002998630 S Bo:2:011:2 -115 32 = ffffffff ffffffff ffffffff ffffffff ffffffff ffffffff ffffffff ffffffff
ffff8e2301f32240 2002998721 C Bo:2:011:2 0 32 >
ffff8e2301f32240 2002998726 S Bo:2:011:2 -115 32 = ffffffff ffffffff ffffffff ffffffff ffffffff ffffffff ffffffff ffffffff
ffff8e2301f33740 2002998761 C Bo:2:011:2 0 32 >
ffff8e2301f33740 2002998762 S Bo:2:011:2 -115 32 = ffffffff ffffffff ffffffff ffffffff ffffffff ffffffff ffffffff ffffffff
ffff8e2301f32240 2003001541 C Bo:2:011:2 0 32 >
ffff8e2301f32240 2003001546 S Bo:2:011:2 -115 4 = ffffffff
ffff8e2301f33740 2003004327 C Bo:2:011:2 0 32 >
ffff8e2301f32240 2003007077 C Bo:2:011:2 0 4 >
ffff8e2301f326c0 2003012468 C Bi:2:011:2 0 1 = 06
ffff8e2301f326c0 2003012474 S Bi:2:011:2 -115 32 <
ffff8e2301f32240 2003012929 S Bo:2:011:2 -115 32 = 570a8080 ffffffff ffffffff ffffffff ffffffff ffffffff ffffffff ffffffff
ffff8e2301f33740 2003012933 S Bo:2:011:2 -115 32 = ffffffff ffffffff ffffffff ffffffff ffffffff ffffffff ffffffff ffffffff
ffff8e2301f32240 2003013025 C Bo:2:011:2 0 32 >
ffff8e2301f32240 2003013029 S Bo:2:011:2 -115 32 = ffffffff ffffffff ffffffff ffffffff ffffffff ffffffff ffffffff ffffffff
ffff8e2301f33740 2003013067 C Bo:2:011:2 0 32 >
ffff8e2301f33740 2003013070 S Bo:2:011:2 -115 32 = ffffffff ffffffff ffffffff ffffffff ffffffff ffffffff ffffffff ffffffff
ffff8e2301f32240 2003015932 C Bo:2:011:2 0 32 >
ffff8e2301f32240 2003015936 S Bo:2:011:2 -115 4 = ffffffff
ffff8e2301f33740 2003018681 C Bo:2:011:2 0 32 >
ffff8e2301f32240 2003021383 C Bo:2:011:2 0 4 >
ffff8e2301f32e40 2003026762 C Bi:2:011:2 0 1 = 06
ffff8e2301f32e40 2003026768 S Bi:2:011:2 -115 32 <
ffff8e2301f32240 2003027098 S Bo:2:011:2 -115 32 = 570b0080 ffffffff ffffffff ffffffff ffffffff ffffffff ffffffff ffffffff
ffff8e2301f33740 2003027102 S Bo:2:011:2 -115 32 = ffffffff ffffffff ffffffff ffffffff ffffffff ffffffff ffffffff ffffffff
ffff8e2301f32240 2003027165 C Bo:2:011:2 0 32 >
ffff8e2301f32240 2003027169 S Bo:2:011:2 -115 32 = ffffffff ffffffff ffffffff ffffffff ffffffff ffffffff ffffffff ffffffff
ffff8e2301f33740 2003027209 C Bo:2:011:2 0 32 >
ffff8e2301f33740 2003027210 S Bo:2:011:2 -115 32 = ffffffff ffffffff ffffffff ffffffff ffffffff ffffffff ffffffff ffffffff
ffff8e2301f32240 2003030020 C Bo:2:011:2 0 32 >
ffff8e2301f32240 2003030025 S Bo:2:011:2 -115 4 = ffffffff
ffff8e2301f33740 2003032826 C Bo:2:011:2 0 32 >
ffff8e2301f32240 2003035520 C Bo:2:011:2 0 4 >
ffff8e2301f326c0 2003041031 C Bi:2:011:2 0 1 = 06
ffff8e2301f326c0 2003041039 S Bi:2:011:2 -115 32 <
ffff8e2301f32240 2003041355 S Bo:2:011:2 -115 32 = 570b8080 ffffffff ffffffff ffffffff ffffffff ffffffff ffffffff ffffffff
ffff8e2301f33740 2003041359 S Bo:2:011:2 -115 32 = ffffffff ffffffff ffffffff ffffffff ffffffff ffffffff ffffffff ffffffff
ffff8e2301f32240 2003041420 C Bo:2:011:2 0 32 >
ffff8e2301f32240 2003041424 S Bo:2:011:2 -115 32 = ffffffff ffffffff ffffffff ffffffff ffffffff ffffffff ffffffff ffffffff
ffff8e2301f33740 2003041473 C Bo:2:011:2 0 32 >
ffff8e2301f33740 2003041475 S Bo:2:011:2 -115 32 = ffffffff ffffffff ffffffff ffffffff ffffffff ffffffff ffffffff ffffffff
ffff8e2301f32240 2003044236 C Bo:2:011:2 0 32 >
ffff8e2301f32240 2003044241 S Bo:2:011:2 -115 4 = ffffffff
ffff8e2301f33740 2003047043 C Bo:2:011:2 0 32 >
ffff8e2301f32240 2003049769 C Bo:2:011:2 0 4 >
ffff8e2301f32e40 2003055259 C Bi:2:011:2 0 1 = 06
ffff8e2301f32e40 2003055265 S Bi:2:011:2 -115 32 <
ffff8e2301f32240 2003055570 S Bo:2:011:2 -115 32 = 570c0080 ffffffff ffffffff ffffffff ffffffff ffffffff ffffffff ffffffff
ffff8e2301f33740 2003055574 S Bo:2:011:2 -115 32 = ffffffff ffffffff ffffffff ffffffff ffffffff ffffffff ffffffff ffffffff
ffff8e2301f32240 2003055636 C Bo:2:011:2 0 32 >
ffff8e2301f32240 2003055637 S Bo:2:011:2 -115 32 = ffffffff ffffffff ffffffff ffffffff ffffffff ffffffff ffffffff ffffffff
ffff8e2301f33740 2003055681 C Bo:2:011:2 0 32 >
ffff8e2301f33740 2003055684 S Bo:2:011:2 -115 32 = ffffffff ffffffff ffffffff ffffffff ffffffff ffffffff ffffffff ffffffff
ffff8e2301f32240 2003058477 C Bo:2:011:2 0 32 >
ffff8e2301f32240 2003058481 S Bo:2:011:2 -115 4 = ffffffff
ffff8e2301f33740 2003061257 C Bo:2:011:2 0 32 >
ffff8e2301f32240 2003064028 C Bo:2:011:2 0 4 >
ffff8e2301f326c0 2003069394 C Bi:2:011:2 0 1 = 06
ffff8e2301f326c0 2003069401 S Bi:2:011:2 -115 32 <
ffff8e2301f32240 2003069699 S Bo:2:011:2 -115 32 = 570c8080 ffffffff ffffffff ffffffff ffffffff ffffffff ffffffff ffffffff
ffff8e2301f33740 2003069703 S Bo:2:011:2 -115 32 = ffffffff ffffffff ffffffff ffffffff ffffffff ffffffff ffffffff ffffffff
ffff8e2301f32240 2003069763 C Bo:2:011:2 0 32 >
ffff8e2301f32240 2003069765 S Bo:2:011:2 -115 32 = ffffffff ffffffff ffffffff ffffffff ffffffff ffffffff ffffffff ffffffff
ffff8e2301f33740 2003069810 C Bo:2:011:2 0 32 >
ffff8e2301f33740 2003069813 S Bo:2:011:2 -115 32 = ffffffff ffffffff ffffffff ffffffff ffffffff ffffffff ffffffff ffffffff
ffff8e2301f32240 2003072615 C Bo:2:011:2 0 32 >
ffff8e2301f32240 2003072620 S Bo:2:011:2 -115 4 = ffffffff
ffff8e2301f33740 2003075396 C Bo:2:011:2 0 32 >
ffff8e2301f32240 2003078121 C Bo:2:011:2 0 4 >
ffff8e2301f32e40 2003083533 C Bi:2:011:2 0 1 = 06
ffff8e2301f32e40 2003083539 S Bi:2:011:2 -115 32 <
ffff8e2301f32240 2003083842 S Bo:2:011:2 -115 32 = 570d0080 ffffffff ffffffff ffffffff ffffffff ffffffff ffffffff ffffffff
ffff8e2301f33740 2003083846 S Bo:2:011:2 -115 32 = ffffffff ffffffff ffffffff ffffffff ffffffff ffffffff ffffffff ffffffff
ffff8e2301f32240 2003083937 C Bo:2:011:2 0 32 >
ffff8e2301f32240 2003083942 S Bo:2:011:2 -115 32 = ffffffff ffffffff ffffffff ffffffff ffffffff ffffffff ffffffff ffffffff
ffff8e2301f33740 2003084020 C Bo:2:011:2 0 32 >
ffff8e2301f33740 2003084021 S Bo:2:011:2 -115 32 = ffffffff ffffffff ffffffff ffffffff ffffffff ffffffff ffffffff ffffffff
ffff8e2301f32240 2003086732 C Bo:2:011:2 0 32 >
ffff8e2301f32240 2003086737 S Bo:2:011:2 -115 4 = ffffffff
ffff8e2301f33740 2003089546 C Bo:2:011:2 0 32 >
ffff8e2301f32240 2003092236 C Bo:2:011:2 0 4 >
ffff8e2301f326c0 2003097669 C Bi:2:011:2 0 1 = 06
ffff8e2301f326c0 2003097675 S Bi:2:011:2 -115 32 <
ffff8e2301f32240 2003097965 S Bo:2:011:2 -115 32 = 570d8080 ffffffff ffffffff ffffffff ffffffff ffffffff ffffffff ffffffff
ffff8e2301f33740 2003097969 S Bo:2:011:2 -115 32 = ffffffff ffffffff ffffffff ffffffff ffffffff ffffffff ffffffff ffffffff
ffff8e2301f32240 2003098046 C Bo:2:011:2 0 32 >
ffff8e2301f32240 2003098051 S Bo:2:011:2 -115 32 = ffffffff ffffffff ffffffff ffffffff ffffffff ffffffff ffffffff ffffffff
ffff8e2301f33740 2003098085 C Bo:2:011:2 0 32 >
ffff8e2301f33740 2003098087 S Bo:2:011:2 -115 32 = ffffffff ffffffff ffffffff ffffffff ffffffff ffffffff ffffffff ffffffff
ffff8e2301f32240 2003100897 C Bo:2:011:2 0 32 >
ffff8e2301f32240 2003100902 S Bo:2:011:2 -115 4 = ffffffff
ffff8e2301f33740 2003103667 C Bo:2:011:2 0 32 >
ffff8e2301f32240 2003106395 C Bo:2:011:2 0 4 >
ffff8e2301f32e40 2003111855 C Bi:2:011:2 0 1 = 06
ffff8e2301f32e40 2003111861 S Bi:2:011:2 -115 32 <
ffff8e2301f32240 2003112205 S Bo:2:011:2 -115 32 = 570e0080 ffffffff ffffffff ffffffff ffffffff ffffffff ffffffff ffffffff
ffff8e2301f33740 2003112209 S Bo:2:011:2 -115 32 = ffffffff ffffffff ffffffff ffffffff ffffffff ffffffff ffffffff ffffffff
ffff8e2301f32240 2003112270 C Bo:2:011:2 0 32 >
ffff8e2301f32240 2003112272 S Bo:2:011:2 -115 32 = ffffffff ffffffff ffffffff ffffffff ffffffff ffffffff ffffffff ffffffff
ffff8e2301f33740 2003112316 C Bo:2:011:2 0 32 >
ffff8e2301f33740 2003112317 S Bo:2:011:2 -115 32 = ffffffff ffffffff ffffffff ffffffff ffffffff ffffffff ffffffff ffffffff
ffff8e2301f32240 2003115114 C Bo:2:011:2 0 32 >
ffff8e2301f32240 2003115119 S Bo:2:011:2 -115 4 = ffffffff
ffff8e2301f33740 2003117907 C Bo:2:011:2 0 32 >
ffff8e2301f32240 2003120621 C Bo:2:011:2 0 4 >
ffff8e2301f326c0 2003126030 C Bi:2:011:2 0 1 = 06
ffff8e2301f326c0 2003126036 S Bi:2:011:2 -115 32 <
ffff8e2301f32240 2003126348 S Bo:2:011:2 -115 32 = 570e8080 ffffffff ffffffff ffffffff ffffffff ffffffff ffffffff ffffffff
ffff8e2301f33740 2003126352 S Bo:2:011:2 -115 32 = ffffffff ffffffff ffffffff ffffffff ffffffff ffffffff ffffffff ffffffff
ffff8e2301f32240 2003126413 C Bo:2:011:2 0 32 >
ffff8e2301f32240 2003126415 S Bo:2:011:2 -115 32 = ffffffff ffffffff ffffffff ffffffff ffffffff ffffffff ffffffff ffffffff
ffff8e2301f33740 2003126457 C Bo:2:011:2 0 32 >
ffff8e2301f33740 2003126460 S Bo:2:011:2 -115 32 = ffffffff ffffffff ffffffff ffffffff ffffffff ffffffff ffffffff ffffffff
ffff8e2301f32240 2003129279 C Bo:2:011:2 0 32 >
ffff8e2301f32240 2003129284 S Bo:2:011:2 -115 4 = ffffffff
ffff8e2301f33740 2003132043 C Bo:2:011:2 0 32 >
ffff8e2301f32240 2003134801 C Bo:2:011:2 0 4 >
ffff8e2301f32e40 2003140143 C Bi:2:011:2 0 1 = 06
ffff8e2301f32e40 2003140149 S Bi:2:011:2 -115 32 <
ffff8e2301f32240 2003140457 S Bo:2:011:2 -115 32 = 570f0080 ffffffff ffffffff ffffffff ffffffff ffffffff ffffffff ffffffff
ffff8e2301f33740 2003140460 S Bo:2:011:2 -115 32 = ffffffff ffffffff ffffffff ffffffff ffffffff ffffffff ffffffff ffffffff
ffff8e2301f32240 2003140521 C Bo:2:011:2 0 32 >
ffff8e2301f32240 2003140524 S Bo:2:011:2 -115 32 = ffffffff ffffffff ffffffff ffffffff ffffffff ffffffff ffffffff ffffffff
ffff8e2301f33740 2003140568 C Bo:2:011:2 0 32 >
ffff8e2301f33740 2003140569 S Bo:2:011:2 -115 32 = ffffffff ffffffff ffffffff ffffffff ffffffff ffffffff ffffffff ffffffff
ffff8e2301f32240 2003143386 C Bo:2:011:2 0 32 >
ffff8e2301f32240 2003143391 S Bo:2:011:2 -115 4 = ffffffff
ffff8e2301f33740 2003146157 C Bo:2:011:2 0 32 >
ffff8e2301f32240 2003148896 C Bo:2:011:2 0 4 >
ffff8e2301f326c0 2003154260 C Bi:2:011:2 0 1 = 06
ffff8e2301f326c0 2003154266 S Bi:2:011:2 -115 32 <
ffff8e2301f32240 2003154693 S Bo:2:011:2 -115 32 = 570f8080 ffffffff ffffffff ffffffff ffffffff ffffffff ffffffff ffffffff
ffff8e2301f33740 2003154697 S Bo:2:011:2 -115 32 = ffffffff ffffffff ffffffff ffffffff ffffffff ffffffff ffffffff ffffffff
ffff8e2301f32240 2003154763 C Bo:2:011:2 0 32 >
ffff8e2301f32240 2003154766 S Bo:2:011:2 -115 32 = ffffffff ffffffff ffffffff ffffffff ffffffff ffffffff ffffffff ffffffff
ffff8e2301f33740 2003154805 C Bo:2:011:2 0 32 >
ffff8e2301f33740 2003154806 S Bo:2:011:2 -115 32 = ffffffff ffffffff ffffffff ffffffff ffffffff ffffffff ffffffff ffffffff
ffff8e2301f32240 2003157616 C Bo:2:011:2 0 32 >
ffff8e2301f32240 2003157621 S Bo:2:011:2 -115 4 = ffffffff
ffff8e2301f33740 2003160397 C Bo:2:011:2 0 32 >
ffff8e2301f32240 2003163120 C Bo:2:011:2 0 4 >
ffff8e2301f32e40 2003168590 C Bi:2:011:2 0 1 = 06
ffff8e2301f32e40 2003168596 S Bi:2:011:2 -115 32 <
ffff8e2301f32240 2003168887 S Bo:2:011:2 -115 32 = 57100080 ffffffff ffffffff ffffffff ffffffff ffffffff ffffffff ffffffff
ffff8e2301f33740 2003168891 S Bo:2:011:2 -115 32 = ffffffff ffffffff ffffffff ffffffff ffffffff ffffffff ffffffff ffffffff
ffff8e2301f32240 2003169024 C Bo:2:011:2 0 32 >
ffff8e2301f32240 2003169028 S Bo:2:011:2 -115 32 = ffffffff ffffffff ffffffff ffffffff ffffffff ffffffff ffffffff ffffffff
ffff8e2301f33740 2003169069 C Bo:2:011:2 0 32 >
ffff8e2301f33740 2003169070 S Bo:2:011:2 -115 32 = ffffffff 00001844 ffffffff 00000000 00000053 ffffffff 500f4576 171c4f03
ffff8e2301f32240 2003171896 C Bo:2:011:2 0 32 >
ffff8e2301f32240 2003171901 S Bo:2:011:2 -115 4 = 1e0affff
ffff8e2301f33740 2003174685 C Bo:2:011:2 0 32 >
ffff8e2301f32240 2003177384 C Bo:2:011:2 0 4 >
ffff8e2301f326c0 2003188238 C Bi:2:011:2 0 1 = 06
ffff8e2301f326c0 2003188244 S Bi:2:011:2 -115 32 <
ffff8e2301f32240 2003188553 S Bo:2:011:2 -115 32 = 57108080 ffffffff ffffffff ffffffff ffffffff ffffffff ffffffff ffffffff
ffff8e2301f33740 2003188557 S Bo:2:011:2 -115 32 = ffffffff ffffffff ffffffff ffffffff ffffffff ffffffff ffffffff ffffffff
ffff8e2301f32240 2003188655 C Bo:2:011:2 0 32 >
ffff8e2301f32240 2003188660 S Bo:2:011:2 -115 32 = ffffffff ffffffff ffffffff ffffffff ffffffff ffffffff ffffffff ffffffff
ffff8e2301f33740 2003188695 C Bo:2:011:2 0 32 >
ffff8e2301f33740 2003188696 S Bo:2:011:2 -115 32 = ffffffff ffffffff ffffffff ffffffff ffffffff ffffffff ffffffff ffffffff
ffff8e2301f32240 2003191477 C Bo:2:011:2 0 32 >
ffff8e2301f32240 2003191481 S Bo:2:011:2 -115 4 = ffffffff
ffff8e2301f33740 2003194259 C Bo:2:011:2 0 32 >
ffff8e2301f32240 2003197033 C Bo:2:011:2 0 4 >
ffff8e2301f32e40 2003202375 C Bi:2:011:2 0 1 = 06
ffff8e2301f32e40 2003202381 S Bi:2:011:2 -115 32 <
ffff8e2301f32240 2003202705 S Bo:2:011:2 -115 32 = 57110080 ffffffff ffffffff ffffffff ffffffff ffffffff ffffffff ffffffff
ffff8e2301f33740 2003202708 S Bo:2:011:2 -115 32 = ffffffff ffffffff ffffffff ffffffff ffffffff ffffffff ffffffff ffffffff
ffff8e2301f32240 2003202800 C Bo:2:011:2 0 32 >
ffff8e2301f32240 2003202805 S Bo:2:011:2 -115 32 = ffffffff ffffffff ffffffff ffffffff ffffffff ffffffff ffffffff ffffffff
ffff8e2301f33740 2003202840 C Bo:2:011:2 0 32 >
ffff8e2301f33740 2003202842 S Bo:2:011:2 -115 32 = ffffffff ffffffff ffffffff ffffffff ffffffff ffffffff ffffffff ffffffff
ffff8e2301f32240 2003205614 C Bo:2:011:2 0 32 >
ffff8e2301f32240 2003205619 S Bo:2:011:2 -115 4 = ffffffff
ffff8e2301f33740 2003208397 C Bo:2:011:2 0 32 >
ffff8e2301f32240 2003211109 C Bo:2:011:2 0 4 >
ffff8e2301f326c0 2003216509 C Bi:2:011:2 0 1 = 06
ffff8e2301f326c0 2003216520 S Bi:2:011:2 -115 32 <
ffff8e2301f32240 2003216885 S Bo:2:011:2 -115 32 = 57118080 ffffffff ffffffff ffffffff ffffffff ffffffff ffffffff ffffffff
ffff8e2301f33740 2003216889 S Bo:2:011:2 -115 32 = ffffffff ffffffff ffffffff ffffffff ffffffff ffffffff ffffffff ffffffff
ffff8e2301f32240 2003217038 C Bo:2:011:2 0 32 >
ffff8e2301f32240 2003217043 S Bo:2:011:2 -115 32 = ffffffff 001b05c3 ffffffff 00000000 00000052 ffffffff 697b3078 657b3566
ffff8e2301f33740 2003217067 C Bo:2:011:2 0 32 >
ffff8e2301f33740 2003217068 S Bo:2:011:2 -115 32 = 60ffffff ffffffff ffffffff ffffffff ffffffff ffffffff ffffffff ffffffff
ffff8e2301f32240 2003219873 C Bo:2:011:2 0 32 >
ffff8e2301f32240 2003219878 S Bo:2:011:2 -115 4 = ffffffff
ffff8e2301f33740 2003222683 C Bo:2:011:2 0 32 >
ffff8e2301f32240 2003225412 C Bo:2:011:2 0 4 >
ffff8e2301f32e40 2003230853 C Bi:2:011:2 0 1 = 06
ffff8e2301f32e40 2003230859 S Bi:2:011:2 -115 32 <
ffff8e2301f32240 2003231176 S Bo:2:011:2 -115 32 = 57120080 ffffffff ffffffff ffffffff ffffffff ffffffff ffffffff ffffffff
ffff8e2301f33740 2003231180 S Bo:2:011:2 -115 32 = ffffffff ffffffff ffffffff ffffffff ffffffff ffffffff ffffffff ffffffff
ffff8e2301f32240 2003231272 C Bo:2:011:2 0 32 >
ffff8e2301f32240 2003231277 S Bo:2:011:2 -115 32 = ffffffff ffffffff ffffffff ffffffff ffffffff ffffffff ffffffff ffffffff
ffff8e2301f33740 2003231313 C Bo:2:011:2 0 32 >
ffff8e2301f33740 2003231314 S Bo:2:011:2 -115 32 = ffffffff ffffffff ffffffff ffffffff ffffffff ffffffff ffffffff ffffffff
ffff8e2301f32240 2003234112 C Bo:2:011:2 0 32 >
ffff8e2301f32240 2003234117 S Bo:2:011:2 -115 4 = ffffffff
ffff8e2301f33740 2003236908 C Bo:2:011:2 0 32 >
ffff8e2301f32240 2003239621 C Bo:2:011:2 0 4 >
ffff8e2301f326c0 2003245030 C Bi:2:011:2 0 1 = 06
ffff8e2301f326c0 2003245036 S Bi:2:011:2 -115 32 <
ffff8e2301f32240 2003245291 S Bo:2:011:2 -115 32 = 57128080 ffffffff ffffffff ffffffff ffffffff ffffffff ffffffff ffffffff
ffff8e2301f33740 2003245295 S Bo:2:011:2 -115 32 = ffffffff ffffffff ffffffff ffffffff ffffffff ffffffff ffffffff ffffffff
ffff8e2301f32240 2003245395 C Bo:2:011:2 0 32 >
ffff8e2301f32240 2003245400 S Bo:2:011:2 -115 32 = ffffffff ffffffff ffffffff ffffffff ffffffff ffffffff ffffffff ffffffff
ffff8e2301f33740 2003245426 C Bo:2:011:2 0 32 >
ffff8e2301f33740 2003245427 S Bo:2:011:2 -115 32 = ffffffff ffffffff ffffffff ffffffff ffffffff ffffffff ffffffff ffffffff
ffff8e2301f32240 2003248192 C Bo:2:011:2 0 32 >
ffff8e2301f32240 2003248196 S Bo:2:011:2 -115 4 = ffffffff
ffff8e2301f33740 2003251041 C Bo:2:011:2 0 32 >
ffff8e2301f32240 2003253722 C Bo:2:011:2 0 4 >
ffff8e2301f32e40 2003259120 C Bi:2:011:2 0 1 = 06
ffff8e2301f32e40 2003259126 S Bi:2:011:2 -115 32 <
ffff8e2301f32240 2003259448 S Bo:2:011:2 -115 32 = 57130080 ffffffff ffffffff ffffffff ffffffff ffffffff ffffffff ffffffff
ffff8e2301f33740 2003259451 S Bo:2:011:2 -115 32 = ffffffff ffffffff ffffffff ffffffff ffffffff ffffffff ffffffff ffffffff
ffff8e2301f32240 2003259513 C Bo:2:011:2 0 32 >
ffff8e2301f32240 2003259516 S Bo:2:011:2 -115 32 = ffffffff ffffffff ffffffff ffffffff ffffffff ffffffff ffffffff ffffffff
ffff8e2301f33740 2003259558 C Bo:2:011:2 0 32 >
ffff8e2301f33740 2003259559 S Bo:2:011:2 -115 32 = ffffffff ffffffff ffffffff ffffffff ffffffff ffffffff ffffffff ffffffff
ffff8e2301f32240 2003262399 C Bo:2:011:2 0 32 >
ffff8e2301f32240 2003262403 S Bo:2:011:2 -115 4 = ffffffff
ffff8e2301f33740 2003265163 C Bo:2:011:2 0 32 >
ffff8e2301f32240 2003267896 C Bo:2:011:2 0 4 >
ffff8e2301f326c0 2003273233 C Bi:2:011:2 0 1 = 06
ffff8e2301f326c0 2003273239 S Bi:2:011:2 -115 32 <
ffff8e2301f32240 2003273571 S Bo:2:011:2 -115 32 = 57138080 ffffffff ffffffff ffffffff ffffffff ffffffff ffffffff ffffffff
ffff8e2301f33740 2003273575 S Bo:2:011:2 -115 32 = ffffffff ffffffff ffffffff ffffffff ffffffff ffffffff ffffffff ffffffff
ffff8e2301f32240 2003273636 C Bo:2:011:2 0 32 >
ffff8e2301f32240 2003273639 S Bo:2:011:2 -115 32 = ffffffff ffffffff ffffffff ffffffff ffffffff ffffffff ffffffff ffffffff
ffff8e2301f33740 2003273683 C Bo:2:011:2 0 32 >
ffff8e2301f33740 2003273685 S Bo:2:011:2 -115 32 = ffffffff ffffffff ffffffff ffffffff ffffffff ffffffff ffffffff ffffffff
ffff8e2301f32240 2003276477 C Bo:2:011:2 0 32 >
ffff8e2301f32240 2003276482 S Bo:2:011:2 -115 4 = ffffffff
ffff8e2301f33740 2003279305 C Bo:2:011:2 0 32 >
ffff8e2301f32240 2003282028 C Bo:2:011:2 0 4 >
ffff8e2301f32e40 2003287442 C Bi:2:011:2 0 1 = 06
ffff8e2301f32e40 2003287448 S Bi:2:011:2 -115 32 <
ffff8e2301f32240 2003287765 S Bo:2:011:2 -115 32 = 57140080 ffffffff ffffffff ffffffff ffffffff ffffffff ffffffff ffffffff
ffff8e2301f33740 2003287769 S Bo:2:011:2 -115 32 = ffffffff ffffffff ffffffff ffffffff ffffffff ffffffff ffffffff ffffffff
ffff8e2301f32240 2003287832 C Bo:2:011:2 0 32 >
ffff8e2301f32240 2003287834 S Bo:2:011:2 -115 32 = ffffffff ffffffff ffffffff ffffffff ffffffff ffffffff ffffffff ffffffff
ffff8e2301f33740 2003287877 C Bo:2:011:2 0 32 >
ffff8e2301f33740 2003287880 S Bo:2:011:2 -115 32 = ffffffff ffffffff ffffffff ffffffff ffffffff ffffffff ffffffff ffffffff
ffff8e2301f32240 2003290685 C Bo:2:011:2 0 32 >
ffff8e2301f32240 2003290690 S Bo:2:011:2 -115 4 = ffffffff
ffff8e2301f33740 2003293479 C Bo:2:011:2 0 32 >
ffff8e2301f32240 2003296180 C Bo:2:011:2 0 4 >
ffff8e2301f326c0 2003301583 C Bi:2:011:2 0 1 = 06
ffff8e2301f326c0 2003301589 S Bi:2:011:2 -115 32 <
ffff8e2301f32240 2003302052 S Bo:2:011:2 -115 32 = 57148080 ffffffff ffffffff ffffffff ffffffff ffffffff ffffffff ffffffff
ffff8e2301f33740 2003302056 S Bo:2:011:2 -115 32 = ffffffff ffffffff ffffffff ffffffff ffffffff ffffffff ffffffff ffffffff
ffff8e2301f32240 2003302122 C Bo:2:011:2 0 32 >
ffff8e2301f32240 2003302125 S Bo:2:011:2 -115 32 = ffffffff ffffffff ffffffff ffffffff ffffffff ffffffff ffffffff ffffffff
ffff8e2301f33740 2003302164 C Bo:2:011:2 0 32 >
ffff8e2301f33740 2003302165 S Bo:2:011:2 -115 32 = ffffffff ffffffff ffffffff ffffffff ffffffff ffffffff ffffffff ffffffff
ffff8e2301f32240 2003305044 C Bo:2:011:2 0 32 >
ffff8e2301f32240 2003305049 S Bo:2:011:2 -115 4 = ffffffff
ffff8e2301f33740 2003307757 C Bo:2:011:2 0 32 >
ffff8e2301f32240 2003310506 C Bo:2:011:2 0 4 >
ffff8e2301f32e40 2003315896 C Bi:2:011:2 0 1 = 06
ffff8e2301f32e40 2003315902 S Bi:2:011:2 -115 32 <
ffff8e2301f32240 2003316234 S Bo:2:011:2 -115 32 = 57150080 ffffffff ffffffff ffffffff ffffffff ffffffff ffffffff ffffffff
ffff8e2301f33740 2003316238 S Bo:2:011:2 -115 32 = ffffffff ffffffff ffffffff ffffffff ffffffff ffffffff ffffffff ffffffff
ffff8e2301f32240 2003316331 C Bo:2:011:2 0 32 >
ffff8e2301f32240 2003316336 S Bo:2:011:2 -115 32 = ffffffff ffffffff ffffffff ffffffff ffffffff ffffffff ffffffff ffffffff
ffff8e2301f33740 2003316370 C Bo:2:011:2 0 32 >
ffff8e2301f33740 2003316372 S Bo:2:011:2 -115 32 = ffffffff ffffffff ffffffff ffffffff ffffffff ffffffff ffffffff ffffffff
ffff8e2301f32240 2003319187 C Bo:2:011:2 0 32 >
ffff8e2301f32240 2003319192 S Bo:2:011:2 -115 4 = ffffffff
ffff8e2301f33740 2003322042 C Bo:2:011:2 0 32 >
ffff8e2301f32240 2003324658 C Bo:2:011:2 0 4 >
ffff8e2301f326c0 2003330032 C Bi:2:011:2 0 1 = 06
ffff8e2301f326c0 2003330038 S Bi:2:011:2 -115 32 <
ffff8e2301f32240 2003330361 S Bo:2:011:2 -115 32 = 57158080 ffffffff ffffffff ffffffff ffffffff ffffffff ffffffff ffffffff
ffff8e2301f33740 2003330364 S Bo:2:011:2 -115 32 = ffffffff ffffffff ffffffff ffffffff ffffffff ffffffff ffffffff ffffffff
ffff8e2301f32240 2003330424 C Bo:2:011:2 0 32 >
ffff8e2301f32240 2003330426 S Bo:2:011:2 -115 32 = ffffffff ffffffff ffffffff ffffffff ffffffff ffffffff ffffffff ffffffff
ffff8e2301f33740 2003330474 C Bo:2:011:2 0 32 >
ffff8e2301f33740 2003330476 S Bo:2:011:2 -115 32 = ffffffff ffffffff ffffffff ffffffff ffffffff ffffffff ffffffff ffffffff
ffff8e2301f32240 2003333305 C Bo:2:011:2 0 32 >
ffff8e2301f32240 2003333310 S Bo:2:011:2 -115 4 = ffffffff
ffff8e2301f33740 2003336047 C Bo:2:011:2 0 32 >
ffff8e2301f32240 2003338806 C Bo:2:011:2 0 4 >
ffff8e2301f32e40 2003344141 C Bi:2:011:2 0 1 = 06
ffff8e2301f32e40 2003344147 S Bi:2:011:2 -115 32 <
ffff8e2301f32240 2003344434 S Bo:2:011:2 -115 32 = 57160080 ffffffff ffffffff ffffffff ffffffff ffffffff ffffffff ffffffff
ffff8e2301f33740 2003344438 S Bo:2:011:2 -115 32 = ffffffff ffffffff ffffffff ffffffff ffffffff ffffffff ffffffff ffffffff
ffff8e2301f32240 2003344534 C Bo:2:011:2 0 32 >
ffff8e2301f32240 2003344538 S Bo:2:011:2 -115 32 = ffffffff ffffffff ffffffff ffffffff ffffffff ffffffff ffffffff ffffffff
ffff8e2301f33740 2003344573 C Bo:2:011:2 0 32 >
ffff8e2301f33740 2003344575 S Bo:2:011:2 -115 32 = ffffffff ffffffff ffffffff ffffffff ffffffff ffffffff ffffffff ffffffff
ffff8e2301f32240 2003347406 C Bo:2:011:2 0 32 >
ffff8e2301f32240 2003347410 S Bo:2:011:2 -115 4 = ffffffff
ffff8e2301f33740 2003350095 C Bo:2:011:2 0 32 >
ffff8e2301f32240 2003352850 C Bo:2:011:2 0 4 >
ffff8e2301f326c0 2003358329 C Bi:2:011:2 0 1 = 06
ffff8e2301f326c0 2003358335 S Bi:2:011:2 -115 32 <
ffff8e2301f32240 2003358649 S Bo:2:011:2 -115 32 = 57168080 ffffffff ffffffff ffffffff ffffffff ffffffff ffffffff ffffffff
ffff8e2301f33740 2003358653 S Bo:2:011:2 -115 32 = ffffffff ffffffff ffffffff ffffffff ffffffff ffffffff ffffffff ffffffff
ffff8e2301f32240 2003358747 C Bo:2:011:2 0 32 >
ffff8e2301f32240 2003358750 S Bo:2:011:2 -115 32 = ffffffff ffffffff ffffffff ffffffff ffffffff ffffffff ffffffff ffffffff
ffff8e2301f33740 2003358793 C Bo:2:011:2 0 32 >
ffff8e2301f33740 2003358796 S Bo:2:011:2 -115 32 = ffffffff ffffffff ffffffff ffffffff ffffffff ffffffff ffffffff ffffffff
ffff8e2301f32240 2003361568 C Bo:2:011:2 0 32 >
ffff8e2301f32240 2003361573 S Bo:2:011:2 -115 4 = ffffffff
ffff8e2301f33740 2003364301 C Bo:2:011:2 0 32 >
ffff8e2301f32240 2003367079 C Bo:2:011:2 0 4 >
ffff8e2301f32e40 2003372466 C Bi:2:011:2 0 1 = 06
ffff8e2301f32e40 2003372472 S Bi:2:011:2 -115 32 <
ffff8e2301f32240 2003372793 S Bo:2:011:2 -115 32 = 57170080 ffffffff ffffffff ffffffff ffffffff ffffffff ffffffff ffffffff
ffff8e2301f33740 2003372796 S Bo:2:011:2 -115 32 = ffffffff ffffffff ffffffff ffffffff ffffffff ffffffff ffffffff ffffffff
ffff8e2301f32240 2003372887 C Bo:2:011:2 0 32 >
ffff8e2301f32240 2003372892 S Bo:2:011:2 -115 32 = ffffffff ffffffff ffffffff ffffffff ffffffff ffffffff ffffffff ffffffff
ffff8e2301f33740 2003372927 C Bo:2:011:2 0 32 >
ffff8e2301f33740 2003372928 S Bo:2:011:2 -115 32 = ffffffff ffffffff ffffffff ffffffff ffffffff ffffffff ffffffff ffffffff
ffff8e2301f32240 2003375737 C Bo:2:011:2 0 32 >
ffff8e2301f32240 2003375742 S Bo:2:011:2 -115 4 = ffffffff
ffff8e2301f33740 2003378474 C Bo:2:011:2 0 32 >
ffff8e2301f32240 2003381233 C Bo:2:011:2 0 4 >
ffff8e2301f326c0 2003386645 C Bi:2:011:2 0 1 = 06
ffff8e2301f326c0 2003386651 S Bi:2:011:2 -115 32 <
ffff8e2301f32240 2003386979 S Bo:2:011:2 -115 32 = 57178080 ffffffff ffffffff ffffffff ffffffff ffffffff ffffffff ffffffff
ffff8e2301f33740 2003386982 S Bo:2:011:2 -115 32 = ffffffff ffffffff ffffffff ffffffff ffffffff ffffffff ffffffff ffffffff
ffff8e2301f32240 2003387050 C Bo:2:011:2 0 32 >
ffff8e2301f32240 2003387053 S Bo:2:011:2 -115 32 = ffffffff ffffffff ffffffff ffffffff ffffffff ffffffff ffffffff ffffffff
ffff8e2301f33740 2003387090 C Bo:2:011:2 0 32 >
ffff8e2301f33740 2003387091 S Bo:2:011:2 -115 32 = ffffffff ffffffff ffffffff ffffffff ffffffff ffffffff ffffffff ffffffff
ffff8e2301f32240 2003389871 C Bo:2:011:2 0 32 >
ffff8e2301f32240 2003389875 S Bo:2:011:2 -115 4 = ffffffff
ffff8e2301f33740 2003392686 C Bo:2:011:2 0 32 >
ffff8e2301f32240 2003395428 C Bo:2:011:2 0 4 >
ffff8e2301f32e40 2003400763 C Bi:2:011:2 0 1 = 06
ffff8e2301f32e40 2003400769 S Bi:2:011:2 -115 32 <
ffff8e2301f32240 2003401066 S Bo:2:011:2 -115 32 = 57180080 ffffffff ffffffff ffffffff ffffffff ffffffff ffffffff ffffffff
ffff8e2301f33740 2003401070 S Bo:2:011:2 -115 32 = ffffffff ffffffff ffffffff ffffffff ffffffff ffffffff ffffffff ffffffff
ffff8e2301f32240 2003401129 C Bo:2:011:2 0 32 >
ffff8e2301f32240 2003401131 S Bo:2:011:2 -115 32 = ffffffff ffffffff ffffffff ffffffff ffffffff ffffffff ffffffff ffffffff
ffff8e2301f33740 2003401177 C Bo:2:011:2 0 32 >
ffff8e2301f33740 2003401179 S Bo:2:011:2 -115 32 = ffffffff ffffffff ffffffff ffffffff ffffffff ffffffff ffffffff ffffffff
ffff8e2301f32240 2003404047 C Bo:2:011:2 0 32 >
ffff8e2301f32240 2003404052 S Bo:2:011:2 -115 4 = ffffffff
ffff8e2301f33740 2003406764 C Bo:2:011:2 0 32 >
ffff8e2301f32240 2003409521 C Bo:2:011:2 0 4 >
ffff8e2301f326c0 2003415032 C Bi:2:011:2 0 1 = 06
ffff8e2301f326c0 2003415038 S Bi:2:011:2 -115 32 <
ffff8e2301f32240 2003415354 S Bo:2:011:2 -115 32 = 57188080 ffffffff ffffffff ffffffff ffffffff ffffffff ffffffff ffffffff
ffff8e2301f33740 2003415358 S Bo:2:011:2 -115 32 = ffffffff ffffffff ffffffff ffffffff ffffffff ffffffff ffffffff ffffffff
ffff8e2301f32240 2003415449 C Bo:2:011:2 0 32 >
ffff8e2301f32240 2003415453 S Bo:2:011:2 -115 32 = ffffffff ffffffff ffffffff ffffffff ffffffff ffffffff ffffffff ffffffff
ffff8e2301f33740 2003415487 C Bo:2:011:2 0 32 >
ffff8e2301f33740 2003415489 S Bo:2:011:2 -115 32 = ffffffff ffffffff ffffffff ffffffff ffffffff ffffffff ffffffff ffffffff
ffff8e2301f32240 2003418263 C Bo:2:011:2 0 32 >
ffff8e2301f32240 2003418267 S Bo:2:011:2 -115 4 = ffffffff
ffff8e2301f33740 2003421042 C Bo:2:011:2 0 32 >
ffff8e2301f32240 2003423771 C Bo:2:011:2 0 4 >
ffff8e2301f32e40 2003429262 C Bi:2:011:2 0 1 = 06
ffff8e2301f32e40 2003429268 S Bi:2:011:2 -115 32 <
ffff8e2301f32240 2003429589 S Bo:2:011:2 -115 32 = 57190080 ffffffff ffffffff ffffffff ffffffff ffffffff ffffffff ffffffff
ffff8e2301f33740 2003429592 S Bo:2:011:2 -115 32 = ffffffff ffffffff ffffffff ffffffff ffffffff ffffffff ffffffff ffffffff
ffff8e2301f32240 2003429684 C Bo:2:011:2 0 32 >
ffff8e2301f32240 2003429689 S Bo:2:011:2 -115 32 = ffffffff ffffffff ffffffff ffffffff ffffffff ffffffff ffffffff ffffffff
ffff8e2301f33740 2003429725 C Bo:2:011:2 0 32 >
ffff8e2301f33740 2003429726 S Bo:2:011:2 -115 32 = ffffffff ffffffff ffffffff ffffffff ffffffff ffffffff ffffffff ffffffff
ffff8e2301f32240 2003432544 C Bo:2:011:2 0 32 >
ffff8e2301f32240 2003432549 S Bo:2:011:2 -115 4 = ffffffff
ffff8e2301f33740 2003435302 C Bo:2:011:2 0 32 >
ffff8e2301f32240 2003438019 C Bo:2:011:2 0 4 >
ffff8e2301f326c0 2003443401 C Bi:2:011:2 0 1 = 06
ffff8e2301f326c0 2003443407 S Bi:2:011:2 -115 32 <
ffff8e2301f32240 2003443808 S Bo:2:011:2 -115 32 = 57198080 ffffffff ffffffff ffffffff ffffffff ffffffff ffffffff ffffffff
ffff8e2301f33740 2003443812 S Bo:2:011:2 -115 32 = ffffffff ffffffff ffffffff ffffffff ffffffff ffffffff ffffffff ffffffff
ffff8e2301f32240 2003443877 C Bo:2:011:2 0 32 >
ffff8e2301f32240 2003443879 S Bo:2:011:2 -115 32 = ffffffff ffffffff ffffffff ffffffff ffffffff ffffffff ffffffff ffffffff
ffff8e2301f33740 2003443925 C Bo:2:011:2 0 32 >
ffff8e2301f33740 2003443927 S Bo:2:011:2 -115 32 = ffffffff ffffffff ffffffff ffffffff ffffffff ffffffff ffffffff ffffffff
ffff8e2301f32240 2003446759 C Bo:2:011:2 0 32 >
ffff8e2301f32240 2003446764 S Bo:2:011:2 -115 4 = ffffffff
ffff8e2301f33740 2003449516 C Bo:2:011:2 0 32 >
ffff8e2301f32240 2003452236 C Bo:2:011:2 0 4 >
ffff8e2301f32e40 2003457716 C Bi:2:011:2 0 1 = 06
ffff8e2301f32e40 2003457722 S Bi:2:011:2 -115 32 <
ffff8e2301f32240 2003458046 S Bo:2:011:2 -115 32 = 571a0080 ffffffff ffffffff ffffffff ffffffff ffffffff ffffffff ffffffff
ffff8e2301f33740 2003458050 S Bo:2:011:2 -115 32 = ffffffff ffffffff ffffffff ffffffff ffffffff ffffffff ffffffff ffffffff
ffff8e2301f32240 2003458120 C Bo:2:011:2 0 32 >
ffff8e2301f32240 2003458121 S Bo:2:011:2 -115 32 = ffffffff ffffffff ffffffff ffffffff ffffffff ffffffff ffffffff ffffffff
ffff8e2301f33740 2003458158 C Bo:2:011:2 0 32 >
ffff8e2301f33740 2003458160 S Bo:2:011:2 -115 32 = ffffffff ffffffff ffffffff ffffffff ffffffff ffffffff ffffffff ffffffff
ffff8e2301f32240 2003461050 C Bo:2:011:2 0 32 >
ffff8e2301f32240 2003461055 S Bo:2:011:2 -115 4 = ffffffff
ffff8e2301f33740 2003463732 C Bo:2:011:2 0 32 >
ffff8e2301f32240 2003466490 C Bo:2:011:2 0 4 >
ffff8e2301f326c0 2003471899 C Bi:2:011:2 0 1 = 06
ffff8e2301f326c0 2003471905 S Bi:2:011:2 -115 32 <
ffff8e2301f32240 2003472217 S Bo:2:011:2 -115 32 = 571a8080 ffffffff ffffffff ffffffff ffffffff ffffffff ffffffff ffffffff
ffff8e2301f33740 2003472222 S Bo:2:011:2 -115 32 = ffffffff ffffffff ffffffff ffffffff ffffffff ffffffff ffffffff ffffffff
ffff8e2301f32240 2003472283 C Bo:2:011:2 0 32 >
ffff8e2301f32240 2003472286 S Bo:2:011:2 -115 32 = ffffffff ffffffff ffffffff ffffffff ffffffff ffffffff ffffffff ffffffff
ffff8e2301f33740 2003472329 C Bo:2:011:2 0 32 >
ffff8e2301f33740 2003472330 S Bo:2:011:2 -115 32 = ffffffff ffffffff ffffffff ffffffff ffffffff ffffffff ffffffff ffffffff
ffff8e2301f32240 2003475161 C Bo:2:011:2 0 32 >
ffff8e2301f32240 2003475166 S Bo:2:011:2 -115 4 = ffffffff
ffff8e2301f33740 2003477927 C Bo:2:011:2 0 32 >
ffff8e2301f32240 2003480656 C Bo:2:011:2 0 4 >
ffff8e2301f32e40 2003486040 C Bi:2:011:2 0 1 = 06
ffff8e2301f32e40 2003486046 S Bi:2:011:2 -115 32 <
ffff8e2301f32240 2003486343 S Bo:2:011:2 -115 32 = 571b0080 ffffffff ffffffff ffffffff ffffffff ffffffff ffffffff ffffffff
ffff8e2301f33740 2003486347 S Bo:2:011:2 -115 32 = ffffffff ffffffff ffffffff ffffffff ffffffff ffffffff ffffffff ffffffff
ffff8e2301f32240 2003486405 C Bo:2:011:2 0 32 >
ffff8e2301f32240 2003486408 S Bo:2:011:2 -115 32 = ffffffff ffffffff ffffffff ffffffff ffffffff ffffffff ffffffff ffffffff
ffff8e2301f33740 2003486454 C Bo:2:011:2 0 32 >
ffff8e2301f33740 2003486455 S Bo:2:011:2 -115 32 = ffffffff ffffffff ffffffff ffffffff ffffffff ffffffff ffffffff ffffffff
ffff8e2301f32240 2003489232 C Bo:2:011:2 0 32 >
ffff8e2301f32240 2003489236 S Bo:2:011:2 -115 4 = ffffffff
ffff8e2301f33740 2003492060 C Bo:2:011:2 0 32 >
ffff8e2301f32240 2003494771 C Bo:2:011:2 0 4 >
ffff8e2301f326c0 2003500163 C Bi:2:011:2 0 1 = 06
ffff8e2301f326c0 2003500168 S Bi:2:011:2 -115 32 <
ffff8e2301f32240 2003500478 S Bo:2:011:2 -115 32 = 571b8080 ffffffff ffffffff ffffffff ffffffff ffffffff ffffffff ffffffff
ffff8e2301f33740 2003500481 S Bo:2:011:2 -115 32 = ffffffff ffffffff ffffffff ffffffff ffffffff ffffffff ffffffff ffffffff
ffff8e2301f32240 2003500542 C Bo:2:011:2 0 32 >
ffff8e2301f32240 2003500544 S Bo:2:011:2 -115 32 = ffffffff ffffffff ffffffff ffffffff ffffffff ffffffff ffffffff ffffffff
ffff8e2301f33740 2003500588 C Bo:2:011:2 0 32 >
ffff8e2301f33740 2003500589 S Bo:2:011:2 -115 32 = ffffffff ffffffff ffffffff ffffffff ffffffff ffffffff ffffffff ffffffff
ffff8e2301f32240 2003503403 C Bo:2:011:2 0 32 >
ffff8e2301f32240 2003503407 S Bo:2:011:2 -115 4 = ffffffff
ffff8e2301f33740 2003506157 C Bo:2:011:2 0 32 >
ffff8e2301f32240 2003508903 C Bo:2:011:2 0 4 >
ffff8e2301f32e40 2003514308 C Bi:2:011:2 0 1 = 06
ffff8e2301f32e40 2003514314 S Bi:2:011:2 -115 32 <
ffff8e2301f32240 2003514641 S Bo:2:011:2 -115 32 = 571c0080 ffffffff ffffffff ffffffff ffffffff ffffffff ffffffff ffffffff
ffff8e2301f33740 2003514645 S Bo:2:011:2 -115 32 = ffffffff ffffffff ffffffff ffffffff ffffffff ffffffff ffffffff ffffffff
ffff8e2301f32240 2003514706 C Bo:2:011:2 0 32 >
ffff8e2301f32240 2003514708 S Bo:2:011:2 -115 32 = ffffffff ffffffff ffffffff ffffffff ffffffff ffffffff ffffffff ffffffff
ffff8e2301f33740 2003514752 C Bo:2:011:2 0 32 >
ffff8e2301f33740 2003514754 S Bo:2:011:2 -115 32 = ffffffff ffffffff ffffffff ffffffff ffffffff ffffffff ffffffff ffffffff
ffff8e2301f32240 2003517554 C Bo:2:011:2 0 32 >
ffff8e2301f32240 2003517559 S Bo:2:011:2 -115 4 = ffffffff
ffff8e2301f33740 2003520331 C Bo:2:011:2 0 32 >
ffff8e2301f32240 2003523081 C Bo:2:011:2 0 4 >
ffff8e2301f326c0 2003528469 C Bi:2:011:2 0 1 = 06
ffff8e2301f326c0 2003528475 S Bi:2:011:2 -115 32 <
ffff8e2301f32240 2003528777 S Bo:2:011:2 -115 32 = 571c8080 ffffffff ffffffff ffffffff ffffffff ffffffff ffffffff ffffffff
ffff8e2301f33740 2003528780 S Bo:2:011:2 -115 32 = ffffffff ffffffff ffffffff ffffffff ffffffff ffffffff ffffffff ffffffff
ffff8e2301f32240 2003528841 C Bo:2:011:2 0 32 >
ffff8e2301f32240 2003528845 S Bo:2:011:2 -115 32 = ffffffff ffffffff ffffffff ffffffff ffffffff ffffffff ffffffff ffffffff
ffff8e2301f33740 2003528888 C Bo:2:011:2 0 32 >
ffff8e2301f33740 2003528889 S Bo:2:011:2 -115 32 = ffffffff ffffffff ffffffff ffffffff ffffffff ffffffff ffffffff ffffffff
ffff8e2301f32240 2003531658 C Bo:2:011:2 0 32 >
ffff8e2301f32240 2003531663 S Bo:2:011:2 -115 4 = ffffffff
ffff8e2301f33740 2003534473 C Bo:2:011:2 0 32 >
ffff8e2301f32240 2003537216 C Bo:2:011:2 0 4 >
ffff8e2301f32e40 2003542646 C Bi:2:011:2 0 1 = 06
ffff8e2301f32e40 2003542652 S Bi:2:011:2 -115 32 <
ffff8e2301f32240 2003542963 S Bo:2:011:2 -115 32 = 571d0080 ffffffff ffffffff ffffffff ffffffff ffffffff ffffffff ffffffff
ffff8e2301f33740 2003542967 S Bo:2:011:2 -115 32 = ffffffff ffffffff ffffffff ffffffff ffffffff ffffffff ffffffff ffffffff
ffff8e2301f32240 2003543027 C Bo:2:011:2 0 32 >
ffff8e2301f32240 2003543030 S Bo:2:011:2 -115 32 = ffffffff ffffffff ffffffff ffffffff ffffffff ffffffff ffffffff ffffffff
ffff8e2301f33740 2003543082 C Bo:2:011:2 0 32 >
ffff8e2301f33740 2003543084 S Bo:2:011:2 -115 32 = ffffffff ffffffff ffffffff ffffffff ffffffff ffffffff ffffffff ffffffff
ffff8e2301f32240 2003545898 C Bo:2:011:2 0 32 >
ffff8e2301f32240 2003545902 S Bo:2:011:2 -115 4 = ffffffff
ffff8e2301f33740 2003548687 C Bo:2:011:2 0 32 >
ffff8e2301f32240 2003551385 C Bo:2:011:2 0 4 >
ffff8e2301f326c0 2003556763 C Bi:2:011:2 0 1 = 06
ffff8e2301f326c0 2003556769 S Bi:2:011:2 -115 32 <
ffff8e2301f32240 2003557090 S Bo:2:011:2 -115 32 = 571d8080 ffffffff ffffffff ffffffff ffffffff ffffffff ffffffff ffffffff
ffff8e2301f33740 2003557094 S Bo:2:011:2 -115 32 = ffffffff ffffffff ffffffff ffffffff ffffffff ffffffff ffffffff ffffffff
ffff8e2301f32240 2003557155 C Bo:2:011:2 0 32 >
ffff8e2301f32240 2003557157 S Bo:2:011:2 -115 32 = ffffffff ffffffff ffffffff ffffffff ffffffff ffffffff ffffffff ffffffff
ffff8e2301f33740 2003557204 C Bo:2:011:2 0 32 >
ffff8e2301f33740 2003557207 S Bo:2:011:2 -115 32 = ffffffff ffffffff ffffffff ffffffff ffffffff ffffffff ffffffff ffffffff
ffff8e2301f32240 2003560046 C Bo:2:011:2 0 32 >
ffff8e2301f32240 2003560050 S Bo:2:011:2 -115 4 = ffffffff
ffff8e2301f33740 2003562828 C Bo:2:011:2 0 32 >
ffff8e2301f32240 2003565529 C Bo:2:011:2 0 4 >
ffff8e2301f32e40 2003571031 C Bi:2:011:2 0 1 = 06
ffff8e2301f32e40 2003571037 S Bi:2:011:2 -115 32 <
ffff8e2301f32240 2003571352 S Bo:2:011:2 -115 32 = 571e0080 ffffffff ffffffff ffffffff ffffffff ffffffff ffffffff ffffffff
ffff8e2301f33740 2003571355 S Bo:2:011:2 -115 32 = ffffffff ffffffff ffffffff ffffffff ffffffff ffffffff ffffffff ffffffff
ffff8e2301f32240 2003571416 C Bo:2:011:2 0 32 >
ffff8e2301f32240 2003571418 S Bo:2:011:2 -115 32 = ffffffff ffffffff ffffffff ffffffff ffffffff ffffffff ffffffff ffffffff
ffff8e2301f33740 2003571461 C Bo:2:011:2 0 32 >
ffff8e2301f33740 2003571462 S Bo:2:011:2 -115 32 = ffffffff ffffffff ffffffff ffffffff ffffffff ffffffff ffffffff ffffffff
ffff8e2301f32240 2003574234 C Bo:2:011:2 0 32 >
ffff8e2301f32240 2003574239 S Bo:2:011:2 -115 4 = ffffffff
ffff8e2301f33740 2003577047 C Bo:2:011:2 0 32 >
ffff8e2301f32240 2003579770 C Bo:2:011:2 0 4 >
ffff8e2301f326c0 2003585233 C Bi:2:011:2 0 1 = 06
ffff8e2301f326c0 2003585240 S Bi:2:011:2 -115 32 <
ffff8e2301f32240 2003585518 S Bo:2:011:2 -115 32 = 571e8080 ffffffff ffffffff ffffffff ffffffff ffffffff ffffffff ffffffff
ffff8e2301f33740 2003585522 S Bo:2:011:2 -115 32 = ffffffff ffffffff ffffffff ffffffff ffffffff ffffffff ffffffff ffffffff
ffff8e2301f32240 2003585584 C Bo:2:011:2 0 32 >
ffff8e2301f32240 2003585587 S Bo:2:011:2 -115 32 = ffffffff ffffffff ffffffff ffffffff ffffffff ffffffff ffffffff ffffffff
ffff8e2301f33740 2003585631 C Bo:2:011:2 0 32 >
ffff8e2301f33740 2003585632 S Bo:2:011:2 -115 32 = ffffffff ffffffff ffffffff ffffffff ffffffff ffffffff ffffffff ffffffff
ffff8e2301f32240 2003588473 C Bo:2:011:2 0 32 >
ffff8e2301f32240 2003588478 S Bo:2:011:2 -115 4 = ffffffff
ffff8e2301f33740 2003591190 C Bo:2:011:2 0 32 >
ffff8e2301f32240 2003594029 C Bo:2:011:2 0 4 >
ffff8e2301f32e40 2003599397 C Bi:2:011:2 0 1 = 06
ffff8e2301f32e40 2003599403 S Bi:2:011:2 -115 32 <
ffff8e2301f32240 2003599716 S Bo:2:011:2 -115 32 = 571f0080 ffffffff ffffffff ffffffff ffffffff ffffffff ffffffff ffffffff
ffff8e2301f33740 2003599719 S Bo:2:011:2 -115 32 = ffffffff ffffffff ffffffff ffffffff ffffffff ffffffff ffffffff ffffffff
ffff8e2301f32240 2003599781 C Bo:2:011:2 0 32 >
ffff8e2301f32240 2003599784 S Bo:2:011:2 -115 32 = ffffffff ffffffff ffffffff ffffffff ffffffff ffffffff ffffffff ffffffff
ffff8e2301f33740 2003599829 C Bo:2:011:2 0 32 >
ffff8e2301f33740 2003599831 S Bo:2:011:2 -115 32 = ffffffff ffffffff ffffffff ffffffff ffffffff ffffffff ffffffff ffffffff
ffff8e2301f32240 2003602625 C Bo:2:011:2 0 32 >
ffff8e2301f32240 2003602630 S Bo:2:011:2 -115 4 = ffffffff
ffff8e2301f33740 2003605402 C Bo:2:011:2 0 32 >
ffff8e2301f32240 2003608170 C Bo:2:011:2 0 4 >
ffff8e2301f326c0 2003613534 C Bi:2:011:2 0 1 = 06
ffff8e2301f326c0 2003613540 S Bi:2:011:2 -115 32 <
ffff8e2301f32240 2003613854 S Bo:2:011:2 -115 32 = 571f8080 ffffffff ffffffff ffffffff ffffffff ffffffff ffffffff ffffffff
ffff8e2301f33740 2003613858 S Bo:2:011:2 -115 32 = ffffffff ffffffff ffffffff ffffffff ffffffff ffffffff ffffffff ffffffff
ffff8e2301f32240 2003613919 C Bo:2:011:2 0 32 >
ffff8e2301f32240 2003613921 S Bo:2:011:2 -115 32 = ffffffff ffffffff ffffffff ffffffff ffffffff ffffffff ffffffff ffffffff
ffff8e2301f33740 2003614009 C Bo:2:011:2 0 32 >
ffff8e2301f33740 2003614012 S Bo:2:011:2 -115 32 = ffffffff ffffffff ffffffff ffffffff ffffffff ffffffff ffffffff ffffffff
ffff8e2301f32240 2003616759 C Bo:2:011:2 0 32 >
ffff8e2301f32240 2003616764 S Bo:2:011:2 -115 4 = ffffffff
ffff8e2301f33740 2003619543 C Bo:2:011:2 0 32 >
ffff8e2301f32240 2003622315 C Bo:2:011:2 0 4 >
ffff8e2301f32e40 2003627714 C Bi:2:011:2 0 1 = 06
ffff8e2301f32e40 2003627720 S Bi:2:011:2 -115 32 <
ffff8e2301f32240 2003628035 S Bo:2:011:2 -115 32 = 57200080 ffffffff ffffffff ffffffff ffffffff ffffffff ffffffff ffffffff
ffff8e2301f33740 2003628039 S Bo:2:011:2 -115 32 = ffffffff ffffffff ffffffff ffffffff ffffffff ffffffff ffffffff ffffffff
ffff8e2301f32240 2003628111 C Bo:2:011:2 0 32 >
ffff8e2301f32240 2003628113 S Bo:2:011:2 -115 32 = ffffffff ffffffff ffffffff ffffffff ffffffff ffffffff ffffffff ffffffff
ffff8e2301f33740 2003628153 C Bo:2:011:2 0 32 >
ffff8e2301f33740 2003628155 S Bo:2:011:2 -115 32 = ffffffff ffffffff ffffffff ffffffff ffffffff ffffffff ffffffff ffffffff
ffff8e2301f32240 2003631066 C Bo:2:011:2 0 32 >
ffff8e2301f32240 2003631070 S Bo:2:011:2 -115 4 = ffffffff
ffff8e2301f33740 2003633731 C Bo:2:011:2 0 32 >
ffff8e2301f32240 2003636456 C Bo:2:011:2 0 4 >
ffff8e2301f326c0 2003644047 C Bi:2:011:2 0 1 = 06
ffff8e2301f326c0 2003644054 S Bi:2:011:2 -115 32 <
ffff8e2301f32240 2003644351 S Bo:2:011:2 -115 32 = 57208080 ffffffff ffffffff ffffffff ffffffff ffffffff ffffffff ffffffff
ffff8e2301f33740 2003644355 S Bo:2:011:2 -115 32 = ffffffff ffffffff ffffffff ffffffff ffffffff ffffffff ffffffff ffffffff
ffff8e2301f32240 2003644446 C Bo:2:011:2 0 32 >
ffff8e2301f32240 2003644451 S Bo:2:011:2 -115 32 = ffffffff ffffffff ffffffff ffffffff ffffffff ffffffff ffffffff ffffffff
ffff8e2301f33740 2003644487 C Bo:2:011:2 0 32 >
ffff8e2301f33740 2003644488 S Bo:2:011:2 -115 32 = ffffffff ffffffff ffffffff ffffffff ffffffff ffffffff ffffffff ffffffff
ffff8e2301f32240 2003647318 C Bo:2:011:2 0 32 >
ffff8e2301f32240 2003647323 S Bo:2:011:2 -115 4 = ffffffff
ffff8e2301f33740 2003650043 C Bo:2:011:2 0 32 >
ffff8e2301f32240 2003652803 C Bo:2:011:2 0 4 >
ffff8e2301f32e40 2003658238 C Bi:2:011:2 0 1 = 06
ffff8e2301f32e40 2003658244 S Bi:2:011:2 -115 32 <
ffff8e2301f32240 2003658618 S Bo:2:011:2 -115 32 = 57210080 ffffffff ffffffff ffffffff ffffffff ffffffff ffffffff ffffffff
ffff8e2301f33740 2003658622 S Bo:2:011:2 -115 32 = ffffffff ffffffff ffffffff ffffffff ffffffff ffffffff ffffffff ffffffff
ffff8e2301f32240 2003658683 C Bo:2:011:2 0 32 >
ffff8e2301f32240 2003658689 S Bo:2:011:2 -115 32 = ffffffff ffffffff ffffffff ffffffff ffffffff ffffffff ffffffff ffffffff
ffff8e2301f33740 2003658729 C Bo:2:011:2 0 32 >
ffff8e2301f33740 2003658731 S Bo:2:011:2 -115 32 = ffffffff ffffffff ffffffff ffffffff ffffffff ffffffff ffffffff ffffffff
ffff8e2301f32240 2003661544 C Bo:2:011:2 0 32 >
ffff8e2301f32240 2003661549 S Bo:2:011:2 -115 4 = ffffffff
ffff8e2301f33740 2003664337 C Bo:2:011:2 0 32 >
ffff8e2301f32240 2003667080 C Bo:2:011:2 0 4 >
ffff8e2301f326c0 2003672564 C Bi:2:011:2 0 1 = 06
ffff8e2301f326c0 2003672570 S Bi:2:011:2 -115 32 <
ffff8e2301f32240 2003672887 S Bo:2:011:2 -115 32 = 57218080 ffffffff ffffffff ffffffff ffffffff ffffffff ffffffff ffffffff
ffff8e2301f33740 2003672891 S Bo:2:011:2 -115 32 = ffffffff ffffffff ffffffff ffffffff ffffffff ffffffff ffffffff ffffffff
ffff8e2301f32240 2003673022 C Bo:2:011:2 0 32 >
ffff8e2301f32240 2003673026 S Bo:2:011:2 -115 32 = ffffffff ffffffff ffffffff ffffffff ffffffff ffffffff ffffffff ffffffff
ffff8e2301f33740 2003673068 C Bo:2:011:2 0 32 >
ffff8e2301f33740 2003673070 S Bo:2:011:2 -115 32 = ffffffff ffffffff ffffffff ffffffff ffffffff ffffffff ffffffff ffffffff
ffff8e2301f32240 2003675934 C Bo:2:011:2 0 32 >
ffff8e2301f32240 2003675939 S Bo:2:011:2 -115 4 = ffffffff
ffff8e2301f33740 2003678694 C Bo:2:011:2 0 32 >
ffff8e2301f32240 2003681409 C Bo:2:011:2 0 4 >
ffff8e2301f32e40 2003686887 C Bi:2:011:2 0 1 = 06
ffff8e2301f32e40 2003686893 S Bi:2:011:2 -115 32 <
ffff8e2301f32240 2003687226 S Bo:2:011:2 -115 32 = 57220080 ffffffff ffffffff ffffffff ffffffff ffffffff ffffffff ffffffff
ffff8e2301f33740 2003687230 S Bo:2:011:2 -115 32 = ffffffff ffffffff ffffffff ffffffff ffffffff ffffffff ffffffff ffffffff
ffff8e2301f32240 2003687290 C Bo:2:011:2 0 32 >
ffff8e2301f32240 2003687292 S Bo:2:011:2 -115 32 = ffffffff ffffffff ffffffff ffffffff ffffffff ffffffff ffffffff ffffffff
ffff8e2301f33740 2003687337 C Bo:2:011:2 0 32 >
ffff8e2301f33740 2003687344 S Bo:2:011:2 -115 32 = ffffffff ffffffff ffffffff ffffffff ffffffff ffffffff ffffffff ffffffff
ffff8e2301f32240 2003690096 C Bo:2:011:2 0 32 >
ffff8e2301f32240 2003690100 S Bo:2:011:2 -115 4 = ffffffff
ffff8e2301f33740 2003692898 C Bo:2:011:2 0 32 >
ffff8e2301f32240 2003695658 C Bo:2:011:2 0 4 >
ffff8e2301f326c0 2003701023 C Bi:2:011:2 0 1 = 06
ffff8e2301f326c0 2003701034 S Bi:2:011:2 -115 32 <
ffff8e2301f32240 2003701319 S Bo:2:011:2 -115 32 = 57228080 ffffffff ffffffff ffffffff ffffffff ffffffff ffffffff ffffffff
ffff8e2301f33740 2003701323 S Bo:2:011:2 -115 32 = ffffffff ffffffff ffffffff ffffffff ffffffff ffffffff ffffffff ffffffff
ffff8e2301f32240 2003701384 C Bo:2:011:2 0 32 >
ffff8e2301f32240 2003701388 S Bo:2:011:2 -115 32 = ffffffff ffffffff ffffffff ffffffff ffffffff ffffffff ffffffff ffffffff
ffff8e2301f33740 2003701429 C Bo:2:011:2 0 32 >
ffff8e2301f33740 2003701431 S Bo:2:011:2 -115 32 = ffffffff ffffffff ffffffff ffffffff ffffffff ffffffff ffffffff ffffffff
ffff8e2301f32240 2003704232 C Bo:2:011:2 0 32 >
ffff8e2301f32240 2003704237 S Bo:2:011:2 -115 4 = ffffffff
ffff8e2301f33740 2003707051 C Bo:2:011:2 0 32 >
ffff8e2301f32240 2003709758 C Bo:2:011:2 0 4 >
ffff8e2301f32e40 2003715168 C Bi:2:011:2 0 1 = 06
ffff8e2301f32e40 2003715175 S Bi:2:011:2 -115 32 <
ffff8e2301f32240 2003715461 S Bo:2:011:2 -115 32 = 57230080 ffffffff ffffffff ffffffff ffffffff ffffffff ffffffff ffffffff
ffff8e2301f33740 2003715465 S Bo:2:011:2 -115 32 = ffffffff ffffffff ffffffff ffffffff ffffffff ffffffff ffffffff ffffffff
ffff8e2301f32240 2003715532 C Bo:2:011:2 0 32 >
ffff8e2301f32240 2003715535 S Bo:2:011:2 -115 32 = ffffffff ffffffff ffffffff ffffffff ffffffff ffffffff ffffffff ffffffff
ffff8e2301f33740 2003715580 C Bo:2:011:2 0 32 >
ffff8e2301f33740 2003715583 S Bo:2:011:2 -115 32 = ffffffff ffffffff ffffffff ffffffff ffffffff ffffffff ffffffff ffffffff
ffff8e2301f32240 2003718374 C Bo:2:011:2 0 32 >
ffff8e2301f32240 2003718379 S Bo:2:011:2 -115 4 = ffffffff
ffff8e2301f33740 2003721190 C Bo:2:011:2 0 32 >
ffff8e2301f32240 2003723914 C Bo:2:011:2 0 4 >
ffff8e2301f326c0 2003729352 C Bi:2:011:2 0 1 = 06
ffff8e2301f326c0 2003729358 S Bi:2:011:2 -115 32 <
ffff8e2301f32240 2003729669 S Bo:2:011:2 -115 32 = 57238080 ffffffff ffffffff ffffffff ffffffff ffffffff ffffffff ffffffff
ffff8e2301f33740 2003729673 S Bo:2:011:2 -115 32 = ffffffff ffffffff ffffffff ffffffff ffffffff ffffffff ffffffff ffffffff
ffff8e2301f32240 2003729765 C Bo:2:011:2 0 32 >
ffff8e2301f32240 2003729770 S Bo:2:011:2 -115 32 = ffffffff ffffffff ffffffff ffffffff ffffffff ffffffff ffffffff ffffffff
ffff8e2301f33740 2003729804 C Bo:2:011:2 0 32 >
ffff8e2301f33740 2003729806 S Bo:2:011:2 -115 32 = ffffffff ffffffff ffffffff ffffffff ffffffff ffffffff ffffffff ffffffff
ffff8e2301f32240 2003732620 C Bo:2:011:2 0 32 >
ffff8e2301f32240 2003732625 S Bo:2:011:2 -115 4 = ffffffff
ffff8e2301f33740 2003735399 C Bo:2:011:2 0 32 >
ffff8e2301f32240 2003738122 C Bo:2:011:2 0 4 >
ffff8e2301f32e40 2003743490 C Bi:2:011:2 0 1 = 06
ffff8e2301f32e40 2003743496 S Bi:2:011:2 -115 32 <
ffff8e2301f32240 2003743795 S Bo:2:011:2 -115 32 = 57240080 ffffffff ffffffff ffffffff ffffffff ffffffff ffffffff ffffffff
ffff8e2301f33740 2003743799 S Bo:2:011:2 -115 32 = ffffffff ffffffff ffffffff ffffffff ffffffff ffffffff ffffffff ffffffff
ffff8e2301f32240 2003743889 C Bo:2:011:2 0 32 >
ffff8e2301f32240 2003743894 S Bo:2:011:2 -115 32 = ffffffff ffffffff ffffffff ffffffff ffffffff ffffffff ffffffff ffffffff
ffff8e2301f33740 2003743929 C Bo:2:011:2 0 32 >
ffff8e2301f33740 2003743930 S Bo:2:011:2 -115 32 = ffffffff ffffffff ffffffff ffffffff ffffffff ffffffff ffffffff ffffffff
ffff8e2301f32240 2003746734 C Bo:2:011:2 0 32 >
ffff8e2301f32240 2003746739 S Bo:2:011:2 -115 4 = ffffffff
ffff8e2301f33740 2003749478 C Bo:2:011:2 0 32 >
ffff8e2301f32240 2003752191 C Bo:2:011:2 0 4 >
ffff8e2301f326c0 2003757632 C Bi:2:011:2 0 1 = 06
ffff8e2301f326c0 2003757639 S Bi:2:011:2 -115 32 <
ffff8e2301f32240 2003757943 S Bo:2:011:2 -115 32 = 57248080 ffffffff ffffffff ffffffff ffffffff ffffffff ffffffff ffffffff
ffff8e2301f33740 2003757947 S Bo:2:011:2 -115 32 = ffffffff ffffffff ffffffff ffffffff ffffffff ffffffff ffffffff ffffffff
ffff8e2301f32240 2003758056 C Bo:2:011:2 0 32 >
ffff8e2301f32240 2003758061 S Bo:2:011:2 -115 32 = ffffffff ffffffff ffffffff ffffffff ffffffff ffffffff ffffffff ffffffff
ffff8e2301f33740 2003758082 C Bo:2:011:2 0 32 >
ffff8e2301f33740 2003758083 S Bo:2:011:2 -115 32 = ffffffff ffffffff ffffffff ffffffff ffffffff ffffffff ffffffff ffffffff
ffff8e2301f32240 2003760902 C Bo:2:011:2 0 32 >
ffff8e2301f32240 2003760907 S Bo:2:011:2 -115 4 = ffffffff
ffff8e2301f33740 2003763642 C Bo:2:011:2 0 32 >
ffff8e2301f32240 2003766403 C Bo:2:011:2 0 4 >
ffff8e2301f32e40 2003771809 C Bi:2:011:2 0 1 = 06
ffff8e2301f32e40 2003771815 S Bi:2:011:2 -115 32 <
ffff8e2301f32240 2003772193 S Bo:2:011:2 -115 32 = 57250080 ffffffff ffffffff ffffffff ffffffff ffffffff ffffffff ffffffff
ffff8e2301f33740 2003772197 S Bo:2:011:2 -115 32 = ffffffff ffffffff ffffffff ffffffff ffffffff ffffffff ffffffff ffffffff
ffff8e2301f32240 2003772259 C Bo:2:011:2 0 32 >
ffff8e2301f32240 2003772261 S Bo:2:011:2 -115 32 = ffffffff ffffffff ffffffff ffffffff ffffffff ffffffff ffffffff ffffffff
ffff8e2301f33740 2003772304 C Bo:2:011:2 0 32 >
ffff8e2301f33740 2003772305 S Bo:2:011:2 -115 32 = ffffffff ffffffff ffffffff ffffffff ffffffff ffffffff ffffffff ffffffff
ffff8e2301f32240 2003775098 C Bo:2:011:2 0 32 >
ffff8e2301f32240 2003775102 S Bo:2:011:2 -115 4 = ffffffff
ffff8e2301f33740 2003777900 C Bo:2:011:2 0 32 >
ffff8e2301f32240 2003780661 C Bo:2:011:2 0 4 >
ffff8e2301f326c0 2003786099 C Bi:2:011:2 0 1 = 06
ffff8e2301f326c0 2003786105 S Bi:2:011:2 -115 32 <
ffff8e2301f32240 2003786422 S Bo:2:011:2 -115 32 = 57258080 ffffffff ffffffff ffffffff ffffffff ffffffff ffffffff ffffffff
ffff8e2301f33740 2003786426 S Bo:2:011:2 -115 32 = ffffffff ffffffff ffffffff ffffffff ffffffff ffffffff ffffffff ffffffff
ffff8e2301f32240 2003786487 C Bo:2:011:2 0 32 >
ffff8e2301f32240 2003786489 S Bo:2:011:2 -115 32 = ffffffff ffffffff ffffffff ffffffff ffffffff ffffffff ffffffff ffffffff
ffff8e2301f33740 2003786533 C Bo:2:011:2 0 32 >
ffff8e2301f33740 2003786535 S Bo:2:011:2 -115 32 = ffffffff ffffffff ffffffff ffffffff ffffffff ffffffff ffffffff ffffffff
ffff8e2301f32240 2003789354 C Bo:2:011:2 0 32 >
ffff8e2301f32240 2003789359 S Bo:2:011:2 -115 4 = ffffffff
ffff8e2301f33740 2003792124 C Bo:2:011:2 0 32 >
ffff8e2301f32240 2003794851 C Bo:2:011:2 0 4 >
ffff8e2301f32e40 2003800288 C Bi:2:011:2 0 1 = 06
ffff8e2301f32e40 2003800294 S Bi:2:011:2 -115 32 <
ffff8e2301f32240 2003800615 S Bo:2:011:2 -115 32 = 57260080 ffffffff ffffffff ffffffff ffffffff ffffffff ffffffff ffffffff
ffff8e2301f33740 2003800619 S Bo:2:011:2 -115 32 = ffffffff ffffffff ffffffff ffffffff ffffffff ffffffff ffffffff ffffffff
ffff8e2301f32240 2003800679 C Bo:2:011:2 0 32 >
ffff8e2301f32240 2003800682 S Bo:2:011:2 -115 32 = ffffffff ffffffff ffffffff ffffffff ffffffff ffffffff ffffffff ffffffff
ffff8e2301f33740 2003800726 C Bo:2:011:2 0 32 >
ffff8e2301f33740 2003800727 S Bo:2:011:2 -115 32 = ffffffff ffffffff ffffffff ffffffff ffffffff ffffffff ffffffff ffffffff
ffff8e2301f32240 2003803519 C Bo:2:011:2 0 32 >
ffff8e2301f32240 2003803524 S Bo:2:011:2 -115 4 = ffffffff
ffff8e2301f33740 2003806320 C Bo:2:011:2 0 32 >
ffff8e2301f32240 2003809052 C Bo:2:011:2 0 4 >
ffff8e2301f326c0 2003814424 C Bi:2:011:2 0 1 = 06
ffff8e2301f326c0 2003814430 S Bi:2:011:2 -115 32 <
ffff8e2301f32240 2003814755 S Bo:2:011:2 -115 32 = 57268080 ffffffff ffffffff ffffffff ffffffff ffffffff ffffffff ffffffff
ffff8e2301f33740 2003814758 S Bo:2:011:2 -115 32 = ffffffff ffffffff ffffffff ffffffff ffffffff ffffffff ffffffff ffffffff
ffff8e2301f32240 2003814819 C Bo:2:011:2 0 32 >
ffff8e2301f32240 2003814822 S Bo:2:011:2 -115 32 = ffffffff ffffffff ffffffff ffffffff ffffffff ffffffff ffffffff ffffffff
ffff8e2301f33740 2003814865 C Bo:2:011:2 0 32 >
ffff8e2301f33740 2003814866 S Bo:2:011:2 -115 32 = ffffffff ffffffff ffffffff ffffffff ffffffff ffffffff ffffffff ffffffff
ffff8e2301f32240 2003817670 C Bo:2:011:2 0 32 >
ffff8e2301f32240 2003817674 S Bo:2:011:2 -115 4 = ffffffff
ffff8e2301f33740 2003820478 C Bo:2:011:2 0 32 >
ffff8e2301f32240 2003823186 C Bo:2:011:2 0 4 >
ffff8e2301f32e40 2003828531 C Bi:2:011:2 0 1 = 06
ffff8e2301f32e40 2003828537 S Bi:2:011:2 -115 32 <
ffff8e2301f32240 2003828900 S Bo:2:011:2 -115 32 = 57270080 ffffffff ffffffff ffffffff ffffffff ffffffff ffffffff ffffffff
ffff8e2301f33740 2003828904 S Bo:2:011:2 -115 32 = ffffffff ffffffff ffffffff ffffffff ffffffff ffffffff ffffffff ffffffff
ffff8e2301f32240 2003829032 C Bo:2:011:2 0 32 >
ffff8e2301f32240 2003829036 S Bo:2:011:2 -115 32 = ffffffff ffffffff ffffffff ffffffff ffffffff ffffffff ffffffff ffffffff
ffff8e2301f33740 2003829082 C Bo:2:011:2 0 32 >
ffff8e2301f33740 2003829084 S Bo:2:011:2 -115 32 = ffffffff ffffffff ffffffff ffffffff ffffffff ffffffff ffffffff ffffffff
ffff8e2301f32240 2003831842 C Bo:2:011:2 0 32 >
ffff8e2301f32240 2003831848 S Bo:2:011:2 -115 4 = ffffffff
ffff8e2301f33740 2003834659 C Bo:2:011:2 0 32 >
ffff8e2301f32240 2003837386 C Bo:2:011:2 0 4 >
ffff8e2301f326c0 2003842904 C Bi:2:011:2 0 1 = 06
ffff8e2301f326c0 2003842910 S Bi:2:011:2 -115 32 <
ffff8e2301f32240 2003843209 S Bo:2:011:2 -115 32 = 57278080 ffffffff ffffffff ffffffff ffffffff ffffffff ffffffff ffffffff
ffff8e2301f33740 2003843213 S Bo:2:011:2 -115 32 = ffffffff ffffffff ffffffff ffffffff ffffffff ffffffff ffffffff ffffffff
ffff8e2301f32240 2003843304 C Bo:2:011:2 0 32 >
ffff8e2301f32240 2003843309 S Bo:2:011:2 -115 32 = ffffffff ffffffff ffffffff ffffffff ffffffff ffffffff ffffffff ffffffff
ffff8e2301f33740 2003843343 C Bo:2:011:2 0 32 >
ffff8e2301f33740 2003843345 S Bo:2:011:2 -115 32 = ffffffff ffffffff ffffffff ffffffff ffffffff ffffffff ffffffff ffffffff
ffff8e2301f32240 2003846124 C Bo:2:011:2 0 32 >
ffff8e2301f32240 2003846129 S Bo:2:011:2 -115 4 = ffffffff
ffff8e2301f33740 2003848901 C Bo:2:011:2 0 32 >
ffff8e2301f32240 2003851624 C Bo:2:011:2 0 4 >
ffff8e2301f32e40 2003857032 C Bi:2:011:2 0 1 = 06
ffff8e2301f32e40 2003857038 S Bi:2:011:2 -115 32 <
ffff8e2301f32240 2003857348 S Bo:2:011:2 -115 32 = 57280080 ffffffff ffffffff ffffffff ffffffff ffffffff ffffffff ffffffff
ffff8e2301f33740 2003857352 S Bo:2:011:2 -115 32 = ffffffff ffffffff ffffffff ffffffff ffffffff ffffffff ffffffff ffffffff
ffff8e2301f32240 2003857444 C Bo:2:011:2 0 32 >
ffff8e2301f32240 2003857449 S Bo:2:011:2 -115 32 = ffffffff ffffffff ffffffff ffffffff ffffffff ffffffff ffffffff ffffffff
ffff8e2301f33740 2003857484 C Bo:2:011:2 0 32 >
ffff8e2301f33740 2003857486 S Bo:2:011:2 -115 32 = ffffffff ffffffff ffffffff ffffffff ffffffff ffffffff ffffffff ffffffff
ffff8e2301f32240 2003860260 C Bo:2:011:2 0 32 >
ffff8e2301f32240 2003860265 S Bo:2:011:2 -115 4 = ffffffff
ffff8e2301f33740 2003863054 C Bo:2:011:2 0 32 >
ffff8e2301f32240 2003865807 C Bo:2:011:2 0 4 >
ffff8e2301f326c0 2003871166 C Bi:2:011:2 0 1 = 06
ffff8e2301f326c0 2003871172 S Bi:2:011:2 -115 32 <
ffff8e2301f32240 2003871488 S Bo:2:011:2 -115 32 = 57288080 ffffffff ffffffff ffffffff ffffffff ffffffff ffffffff ffffffff
ffff8e2301f33740 2003871492 S Bo:2:011:2 -115 32 = ffffffff ffffffff ffffffff ffffffff ffffffff ffffffff ffffffff ffffffff
ffff8e2301f32240 2003871583 C Bo:2:011:2 0 32 >
ffff8e2301f32240 2003871588 S Bo:2:011:2 -115 32 = ffffffff ffffffff ffffffff ffffffff ffffffff ffffffff ffffffff ffffffff
ffff8e2301f33740 2003871622 C Bo:2:011:2 0 32 >
ffff8e2301f33740 2003871624 S Bo:2:011:2 -115 32 = ffffffff ffffffff ffffffff ffffffff ffffffff ffffffff ffffffff ffffffff
ffff8e2301f32240 2003874383 C Bo:2:011:2 0 32 >
ffff8e2301f32240 2003874387 S Bo:2:011:2 -115 4 = ffffffff
ffff8e2301f33740 2003877140 C Bo:2:011:2 0 32 >
ffff8e2301f32240 2003879914 C Bo:2:011:2 0 4 >
ffff8e2301f32e40 2003885354 C Bi:2:011:2 0 1 = 06
ffff8e2301f32e40 2003885365 S Bi:2:011:2 -115 32 <
ffff8e2301f32240 2003885708 S Bo:2:011:2 -115 32 = 57290080 ffffffff ffffffff ffffffff ffffffff ffffffff ffffffff ffffffff
ffff8e2301f33740 2003885712 S Bo:2:011:2 -115 32 = ffffffff ffffffff ffffffff ffffffff ffffffff ffffffff ffffffff ffffffff
ffff8e2301f32240 2003885773 C Bo:2:011:2 0 32 >
ffff8e2301f32240 2003885776 S Bo:2:011:2 -115 32 = ffffffff ffffffff ffffffff ffffffff ffffffff ffffffff ffffffff ffffffff
ffff8e2301f33740 2003885819 C Bo:2:011:2 0 32 >
ffff8e2301f33740 2003885821 S Bo:2:011:2 -115 32 = ffffffff ffffffff ffffffff ffffffff ffffffff ffffffff ffffffff ffffffff
ffff8e2301f32240 2003888634 C Bo:2:011:2 0 32 >
ffff8e2301f32240 2003888639 S Bo:2:011:2 -115 4 = ffffffff
ffff8e2301f33740 2003891409 C Bo:2:011:2 0 32 >
ffff8e2301f32240 2003894158 C Bo:2:011:2 0 4 >
ffff8e2301f326c0 2003899637 C Bi:2:011:2 0 1 = 06
ffff8e2301f326c0 2003899643 S Bi:2:011:2 -115 32 <
ffff8e2301f32240 2003900031 S Bo:2:011:2 -115 32 = 57298080 ffffffff ffffffff ffffffff ffffffff ffffffff ffffffff ffffffff
ffff8e2301f33740 2003900035 S Bo:2:011:2 -115 32 = ffffffff ffffffff ffffffff ffffffff ffffffff ffffffff ffffffff ffffffff
ffff8e2301f32240 2003900097 C Bo:2:011:2 0 32 >
ffff8e2301f32240 2003900099 S Bo:2:011:2 -115 32 = ffffffff ffffffff ffffffff ffffffff ffffffff ffffffff ffffffff ffffffff
ffff8e2301f33740 2003900142 C Bo:2:011:2 0 32 >
ffff8e2301f33740 2003900144 S Bo:2:011:2 -115 32 = ffffffff ffffffff ffffffff ffffffff ffffffff ffffffff ffffffff ffffffff
ffff8e2301f32240 2003903098 C Bo:2:011:2 0 32 >
ffff8e2301f32240 2003903103 S Bo:2:011:2 -115 4 = ffffffff
ffff8e2301f33740 2003905760 C Bo:2:011:2 0 32 >
ffff8e2301f32240 2003908477 C Bo:2:011:2 0 4 >
ffff8e2301f32e40 2003914034 C Bi:2:011:2 0 1 = 06
ffff8e2301f32e40 2003914040 S Bi:2:011:2 -115 32 <
ffff8e2301f32240 2003914352 S Bo:2:011:2 -115 32 = 572a0080 ffffffff ffffffff ffffffff ffffffff ffffffff ffffffff ffffffff
ffff8e2301f33740 2003914356 S Bo:2:011:2 -115 32 = ffffffff ffffffff ffffffff ffffffff ffffffff ffffffff ffffffff ffffffff
ffff8e2301f32240 2003914416 C Bo:2:011:2 0 32 >
ffff8e2301f32240 2003914426 S Bo:2:011:2 -115 32 = ffffffff ffffffff ffffffff ffffffff ffffffff ffffffff ffffffff ffffffff
ffff8e2301f33740 2003914463 C Bo:2:011:2 0 32 >
ffff8e2301f33740 2003914465 S Bo:2:011:2 -115 32 = ffffffff ffffffff ffffffff ffffffff ffffffff ffffffff ffffffff ffffffff
ffff8e2301f32240 2003917284 C Bo:2:011:2 0 32 >
ffff8e2301f32240 2003917289 S Bo:2:011:2 -115 4 = ffffffff
ffff8e2301f33740 2003920046 C Bo:2:011:2 0 32 >
ffff8e2301f32240 2003922804 C Bo:2:011:2 0 4 >
ffff8e2301f326c0 2003928289 C Bi:2:011:2 0 1 = 06
ffff8e2301f326c0 2003928295 S Bi:2:011:2 -115 32 <
ffff8e2301f32240 2003928594 S Bo:2:011:2 -115 32 = 572a8080 ffffffff ffffffff ffffffff ffffffff ffffffff ffffffff ffffffff
ffff8e2301f33740 2003928598 S Bo:2:011:2 -115 32 = ffffffff ffffffff ffffffff ffffffff ffffffff ffffffff ffffffff ffffffff
ffff8e2301f32240 2003928690 C Bo:2:011:2 0 32 >
ffff8e2301f32240 2003928695 S Bo:2:011:2 -115 32 = ffffffff ffffffff ffffffff ffffffff ffffffff ffffffff ffffffff ffffffff
ffff8e2301f33740 2003928730 C Bo:2:011:2 0 32 >
ffff8e2301f33740 2003928731 S Bo:2:011:2 -115 32 = ffffffff ffffffff ffffffff ffffffff ffffffff ffffffff ffffffff ffffffff
ffff8e2301f32240 2003931546 C Bo:2:011:2 0 32 >
ffff8e2301f32240 2003931551 S Bo:2:011:2 -115 4 = ffffffff
ffff8e2301f33740 2003934306 C Bo:2:011:2 0 32 >
ffff8e2301f32240 2003937037 C Bo:2:011:2 0 4 >
ffff8e2301f32e40 2003942468 C Bi:2:011:2 0 1 = 06
ffff8e2301f32e40 2003942474 S Bi:2:011:2 -115 32 <
ffff8e2301f32240 2003942771 S Bo:2:011:2 -115 32 = 572b0080 ffffffff ffffffff ffffffff ffffffff ffffffff ffffffff ffffffff
ffff8e2301f33740 2003942775 S Bo:2:011:2 -115 32 = ffffffff ffffffff ffffffff ffffffff ffffffff ffffffff ffffffff ffffffff
ffff8e2301f32240 2003942866 C Bo:2:011:2 0 32 >
ffff8e2301f32240 2003942871 S Bo:2:011:2 -115 32 = ffffffff ffffffff ffffffff ffffffff ffffffff ffffffff ffffffff ffffffff
ffff8e2301f33740 2003942904 C Bo:2:011:2 0 32 >
ffff8e2301f33740 2003942905 S Bo:2:011:2 -115 32 = ffffffff ffffffff ffffffff ffffffff ffffffff ffffffff ffffffff ffffffff
ffff8e2301f32240 2003945716 C Bo:2:011:2 0 32 >
ffff8e2301f32240 2003945721 S Bo:2:011:2 -115 4 = ffffffff
ffff8e2301f33740 2003948480 C Bo:2:011:2 0 32 >
ffff8e2301f32240 2003951186 C Bo:2:011:2 0 4 >
ffff8e2301f326c0 2003956604 C Bi:2:011:2 0 1 = 06
ffff8e2301f326c0 2003956610 S Bi:2:011:2 -115 32 <
ffff8e2301f32240 2003956910 S Bo:2:011:2 -115 32 = 572b8080 ffffffff ffffffff ffffffff ffffffff ffffffff ffffffff ffffffff
ffff8e2301f33740 2003956914 S Bo:2:011:2 -115 32 = ffffffff ffffffff ffffffff ffffffff ffffffff ffffffff ffffffff ffffffff
ffff8e2301f32240 2003957027 C Bo:2:011:2 0 32 >
ffff8e2301f32240 2003957032 S Bo:2:011:2 -115 32 = ffffffff ffffffff ffffffff ffffffff ffffffff ffffffff ffffffff ffffffff
ffff8e2301f33740 2003957073 C Bo:2:011:2 0 32 >
ffff8e2301f33740 2003957078 S Bo:2:011:2 -115 32 = ffffffff ffffffff ffffffff ffffffff ffffffff ffffffff ffffffff ffffffff
ffff8e2301f32240 2003959935 C Bo:2:011:2 0 32 >
ffff8e2301f32240 2003959940 S Bo:2:011:2 -115 4 = ffffffff
ffff8e2301f33740 2003962696 C Bo:2:011:2 0 32 >
ffff8e2301f32240 2003965410 C Bo:2:011:2 0 4 >
ffff8e2301f32e40 2003970744 C Bi:2:011:2 0 1 = 06
ffff8e2301f32e40 2003970750 S Bi:2:011:2 -115 32 <
ffff8e2301f32240 2003971130 S Bo:2:011:2 -115 32 = 572c0080 ffffffff ffffffff ffffffff ffffffff ffffffff ffffffff ffffffff
ffff8e2301f33740 2003971133 S Bo:2:011:2 -115 32 = ffffffff ffffffff ffffffff ffffffff ffffffff ffffffff ffffffff ffffffff
ffff8e2301f32240 2003971224 C Bo:2:011:2 0 32 >
ffff8e2301f32240 2003971229 S Bo:2:011:2 -115 32 = ffffffff ffffffff ffffffff ffffffff ffffffff ffffffff ffffffff ffffffff
ffff8e2301f33740 2003971263 C Bo:2:011:2 0 32 >
ffff8e2301f33740 2003971264 S Bo:2:011:2 -115 32 = ffffffff ffffffff ffffffff ffffffff ffffffff ffffffff ffffffff ffffffff
ffff8e2301f32240 2003974056 C Bo:2:011:2 0 32 >
ffff8e2301f32240 2003974061 S Bo:2:011:2 -115 4 = ffffffff
ffff8e2301f33740 2003976838 C Bo:2:011:2 0 32 >
ffff8e2301f32240 2003979577 C Bo:2:011:2 0 4 >
ffff8e2301f326c0 2003985079 C Bi:2:011:2 0 1 = 06
ffff8e2301f326c0 2003985085 S Bi:2:011:2 -115 32 <
ffff8e2301f32240 2003985408 S Bo:2:011:2 -115 32 = 572c8080 ffffffff ffffffff ffffffff ffffffff ffffffff ffffffff ffffffff
ffff8e2301f33740 2003985411 S Bo:2:011:2 -115 32 = ffffffff ffffffff ffffffff ffffffff ffffffff ffffffff ffffffff ffffffff
ffff8e2301f32240 2003985472 C Bo:2:011:2 0 32 >
ffff8e2301f32240 2003985475 S Bo:2:011:2 -115 32 = ffffffff ffffffff ffffffff ffffffff ffffffff ffffffff ffffffff ffffffff
ffff8e2301f33740 2003985518 C Bo:2:011:2 0 32 >
ffff8e2301f33740 2003985519 S Bo:2:011:2 -115 32 = ffffffff ffffffff ffffffff ffffffff ffffffff ffffffff ffffffff ffffffff
ffff8e2301f32240 2003988335 C Bo:2:011:2 0 32 >
ffff8e2301f32240 2003988340 S Bo:2:011:2 -115 4 = ffffffff
ffff8e2301f33740 2003991092 C Bo:2:011:2 0 32 >
ffff8e2301f32240 2003993852 C Bo:2:011:2 0 4 >
ffff8e2301f32e40 2003999187 C Bi:2:011:2 0 1 = 06
ffff8e2301f32e40 2003999193 S Bi:2:011:2 -115 32 <
ffff8e2301f32240 2003999478 S Bo:2:011:2 -115 32 = 572d0080 ffffffff ffffffff ffffffff ffffffff ffffffff ffffffff ffffffff
ffff8e2301f33740 2003999482 S Bo:2:011:2 -115 32 = ffffffff ffffffff ffffffff ffffffff ffffffff ffffffff ffffffff ffffffff
ffff8e2301f32240 2003999543 C Bo:2:011:2 0 32 >
ffff8e2301f32240 2003999546 S Bo:2:011:2 -115 32 = ffffffff ffffffff ffffffff ffffffff ffffffff ffffffff ffffffff ffffffff
ffff8e2301f33740 2003999589 C Bo:2:011:2 0 32 >
ffff8e2301f33740 2003999590 S Bo:2:011:2 -115 32 = ffffffff ffffffff ffffffff ffffffff ffffffff ffffffff ffffffff ffffffff
ffff8e2301f32240 2004002410 C Bo:2:011:2 0 32 >
ffff8e2301f32240 2004002415 S Bo:2:011:2 -115 4 = ffffffff
ffff8e2301f33740 2004005191 C Bo:2:011:2 0 32 >
ffff8e2301f32240 2004007898 C Bo:2:011:2 0 4 >
ffff8e2301f326c0 2004013371 C Bi:2:011:2 0 1 = 06
ffff8e2301f326c0 2004013378 S Bi:2:011:2 -115 32 <
ffff8e2301f32240 2004013786 S Bo:2:011:2 -115 32 = 572d8080 ffffffff ffffffff ffffffff ffffffff ffffffff ffffffff ffffffff
ffff8e2301f33740 2004013790 S Bo:2:011:2 -115 32 = ffffffff ffffffff ffffffff ffffffff ffffffff ffffffff ffffffff ffffffff
ffff8e2301f32240 2004013865 C Bo:2:011:2 0 32 >
ffff8e2301f32240 2004013868 S Bo:2:011:2 -115 32 = ffffffff ffffffff ffffffff ffffffff ffffffff ffffffff ffffffff ffffffff
ffff8e2301f33740 2004013903 C Bo:2:011:2 0 32 >
ffff8e2301f33740 2004013905 S Bo:2:011:2 -115 32 = ffffffff ffffffff ffffffff ffffffff ffffffff ffffffff ffffffff ffffffff
ffff8e2301f32240 2004016705 C Bo:2:011:2 0 32 >
ffff8e2301f32240 2004016710 S Bo:2:011:2 -115 4 = ffffffff
ffff8e2301f33740 2004019453 C Bo:2:011:2 0 32 >
ffff8e2301f32240 2004022206 C Bo:2:011:2 0 4 >
ffff8e2301f32e40 2004027715 C Bi:2:011:2 0 1 = 06
ffff8e2301f32e40 2004027721 S Bi:2:011:2 -115 32 <
ffff8e2301f32240 2004028040 S Bo:2:011:2 -115 32 = 572e0080 ffffffff ffffffff ffffffff ffffffff ffffffff ffffffff ffffffff
ffff8e2301f33740 2004028044 S Bo:2:011:2 -115 32 = ffffffff ffffffff ffffffff ffffffff ffffffff ffffffff ffffffff ffffffff
ffff8e2301f32240 2004028138 C Bo:2:011:2 0 32 >
ffff8e2301f32240 2004028143 S Bo:2:011:2 -115 32 = ffffffff ffffffff ffffffff ffffffff ffffffff ffffffff ffffffff ffffffff
ffff8e2301f33740 2004028175 C Bo:2:011:2 0 32 >
ffff8e2301f33740 2004028177 S Bo:2:011:2 -115 32 = ffffffff ffffffff ffffffff ffffffff ffffffff ffffffff ffffffff ffffffff
ffff8e2301f32240 2004031088 C Bo:2:011:2 0 32 >
ffff8e2301f32240 2004031093 S Bo:2:011:2 -115 4 = ffffffff
ffff8e2301f33740 2004033765 C Bo:2:011:2 0 32 >
ffff8e2301f32240 2004036493 C Bo:2:011:2 0 4 >
ffff8e2301f326c0 2004041854 C Bi:2:011:2 0 1 = 06
ffff8e2301f326c0 2004041860 S Bi:2:011:2 -115 32 <
ffff8e2301f32240 2004042176 S Bo:2:011:2 -115 32 = 572e8080 ffffffff ffffffff ffffffff ffffffff ffffffff ffffffff ffffffff
ffff8e2301f33740 2004042179 S Bo:2:011:2 -115 32 = ffffffff ffffffff ffffffff ffffffff ffffffff ffffffff ffffffff ffffffff
ffff8e2301f32240 2004042239 C Bo:2:011:2 0 32 >
ffff8e2301f32240 2004042241 S Bo:2:011:2 -115 32 = ffffffff ffffffff ffffffff ffffffff ffffffff ffffffff ffffffff ffffffff
ffff8e2301f33740 2004042287 C Bo:2:011:2 0 32 >
ffff8e2301f33740 2004042288 S Bo:2:011:2 -115 32 = ffffffff ffffffff ffffffff ffffffff ffffffff ffffffff ffffffff ffffffff
ffff8e2301f32240 2004045090 C Bo:2:011:2 0 32 >
ffff8e2301f32240 2004045102 S Bo:2:011:2 -115 4 = ffffffff
ffff8e2301f33740 2004047886 C Bo:2:011:2 0 32 >
ffff8e2301f32240 2004050633 C Bo:2:011:2 0 4 >
ffff8e2301f32e40 2004056048 C Bi:2:011:2 0 1 = 06
ffff8e2301f32e40 2004056062 S Bi:2:011:2 -115 32 <
ffff8e2301f32240 2004056335 S Bo:2:011:2 -115 32 = 572f0080 ffffffff ffffffff ffffffff ffffffff ffffffff ffffffff ffffffff
ffff8e2301f33740 2004056339 S Bo:2:011:2 -115 32 = ffffffff ffffffff ffffffff ffffffff ffffffff ffffffff ffffffff ffffffff
ffff8e2301f32240 2004056401 C Bo:2:011:2 0 32 >
ffff8e2301f32240 2004056403 S Bo:2:011:2 -115 32 = ffffffff ffffffff ffffffff ffffffff ffffffff ffffffff ffffffff ffffffff
ffff8e2301f33740 2004056446 C Bo:2:011:2 0 32 >
ffff8e2301f33740 2004056448 S Bo:2:011:2 -115 32 = ffffffff ffffffff ffffffff ffffffff ffffffff ffffffff ffffffff ffffffff
ffff8e2301f32240 2004059236 C Bo:2:011:2 0 32 >
ffff8e2301f32240 2004059247 S Bo:2:011:2 -115 4 = ffffffff
ffff8e2301f33740 2004062053 C Bo:2:011:2 0 32 >
ffff8e2301f32240 2004064772 C Bo:2:011:2 0 4 >
ffff8e2301f326c0 2004070142 C Bi:2:011:2 0 1 = 06
ffff8e2301f326c0 2004070154 S Bi:2:011:2 -115 32 <
ffff8e2301f32240 2004070525 S Bo:2:011:2 -115 32 = 572f8080 ffffffff ffffffff ffffffff ffffffff ffffffff ffffffff ffffffff
ffff8e2301f33740 2004070531 S Bo:2:011:2 -115 32 = ffffffff ffffffff ffffffff ffffffff ffffffff ffffffff ffffffff ffffffff
ffff8e2301f32240 2004070594 C Bo:2:011:2 0 32 >
ffff8e2301f32240 2004070596 S Bo:2:011:2 -115 32 = ffffffff ffffffff ffffffff ffffffff ffffffff ffffffff ffffffff ffffffff
ffff8e2301f33740 2004070639 C Bo:2:011:2 0 32 >
ffff8e2301f33740 2004070640 S Bo:2:011:2 -115 32 = ffffffff ffffffff ffffffff ffffffff ffffffff ffffffff ffffffff ffffffff
ffff8e2301f32240 2004073477 C Bo:2:011:2 0 32 >
ffff8e2301f32240 2004073481 S Bo:2:011:2 -115 4 = ffffffff
ffff8e2301f33740 2004076263 C Bo:2:011:2 0 32 >
ffff8e2301f32240 2004079080 C Bo:2:011:2 0 4 >
ffff8e2301f32e40 2004084468 C Bi:2:011:2 0 1 = 06
ffff8e2301f32e40 2004084474 S Bi:2:011:2 -115 32 <
ffff8e2301f32240 2004084783 S Bo:2:011:2 -115 32 = 57300080 ffffffff ffffffff ffffffff ffffffff ffffffff ffffffff ffffffff
ffff8e2301f33740 2004084787 S Bo:2:011:2 -115 32 = ffffffff ffffffff ffffffff ffffffff ffffffff ffffffff ffffffff ffffffff
ffff8e2301f32240 2004084848 C Bo:2:011:2 0 32 >
ffff8e2301f32240 2004084851 S Bo:2:011:2 -115 32 = ffffffff ffffffff ffffffff ffffffff ffffffff ffffffff ffffffff ffffffff
ffff8e2301f33740 2004084893 C Bo:2:011:2 0 32 >
ffff8e2301f33740 2004084895 S Bo:2:011:2 -115 32 = ffffffff ffffffff ffffffff ffffffff ffffffff ffffffff ffffffff ffffffff
ffff8e2301f32240 2004087686 C Bo:2:011:2 0 32 >
ffff8e2301f32240 2004087691 S Bo:2:011:2 -115 4 = ffffffff
ffff8e2301f33740 2004090479 C Bo:2:011:2 0 32 >
ffff8e2301f32240 2004093219 C Bo:2:011:2 0 4 >
ffff8e2301f326c0 2004100856 C Bi:2:011:2 0 1 = 06
ffff8e2301f326c0 2004100862 S Bi:2:011:2 -115 32 <
ffff8e2301f32240 2004101182 S Bo:2:011:2 -115 32 = 57308080 ffffffff ffffffff ffffffff ffffffff ffffffff ffffffff ffffffff
ffff8e2301f33740 2004101186 S Bo:2:011:2 -115 32 = ffffffff ffffffff ffffffff ffffffff ffffffff ffffffff ffffffff ffffffff
ffff8e2301f32240 2004101253 C Bo:2:011:2 0 32 >
ffff8e2301f32240 2004101256 S Bo:2:011:2 -115 32 = ffffffff ffffffff ffffffff ffffffff ffffffff ffffffff ffffffff ffffffff
ffff8e2301f33740 2004101301 C Bo:2:011:2 0 32 >
ffff8e2301f33740 2004101304 S Bo:2:011:2 -115 32 = ffffffff ffffffff ffffffff ffffffff ffffffff ffffffff ffffffff ffffffff
ffff8e2301f32240 2004104126 C Bo:2:011:2 0 32 >
ffff8e2301f32240 2004104131 S Bo:2:011:2 -115 4 = ffffffff
ffff8e2301f33740 2004106900 C Bo:2:011:2 0 32 >
ffff8e2301f32240 2004109625 C Bo:2:011:2 0 4 >
ffff8e2301f32e40 2004115043 C Bi:2:011:2 0 1 = 06
ffff8e2301f32e40 2004115049 S Bi:2:011:2 -115 32 <
ffff8e2301f32240 2004115360 S Bo:2:011:2 -115 32 = 57310080 ffffffff ffffffff ffffffff ffffffff ffffffff ffffffff ffffffff
ffff8e2301f33740 2004115364 S Bo:2:011:2 -115 32 = ffffffff ffffffff ffffffff ffffffff ffffffff ffffffff ffffffff ffffffff
ffff8e2301f32240 2004115456 C Bo:2:011:2 0 32 >
ffff8e2301f32240 2004115461 S Bo:2:011:2 -115 32 = ffffffff ffffffff ffffffff ffffffff ffffffff ffffffff ffffffff ffffffff
ffff8e2301f33740 2004115495 C Bo:2:011:2 0 32 >
ffff8e2301f33740 2004115496 S Bo:2:011:2 -115 32 = ffffffff ffffffff ffffffff ffffffff ffffffff ffffffff ffffffff ffffffff
ffff8e2301f32240 2004118238 C Bo:2:011:2 0 32 >
ffff8e2301f32240 2004118243 S Bo:2:011:2 -115 4 = ffffffff
ffff8e2301f33740 2004121047 C Bo:2:011:2 0 32 >
ffff8e2301f32240 2004123821 C Bo:2:011:2 0 4 >
ffff8e2301f326c0 2004129285 C Bi:2:011:2 0 1 = 06
ffff8e2301f326c0 2004129292 S Bi:2:011:2 -115 32 <
ffff8e2301f32240 2004129609 S Bo:2:011:2 -115 32 = 57318080 ffffffff ffffffff ffffffff ffffffff ffffffff ffffffff ffffffff
ffff8e2301f33740 2004129612 S Bo:2:011:2 -115 32 = ffffffff ffffffff ffffffff ffffffff ffffffff ffffffff ffffffff ffffffff
ffff8e2301f32240 2004129705 C Bo:2:011:2 0 32 >
ffff8e2301f32240 2004129710 S Bo:2:011:2 -115 32 = ffffffff ffffffff ffffffff ffffffff ffffffff ffffffff ffffffff ffffffff
ffff8e2301f33740 2004129746 C Bo:2:011:2 0 32 >
ffff8e2301f33740 2004129747 S Bo:2:011:2 -115 32 = ffffffff ffffffff ffffffff ffffffff ffffffff ffffffff ffffffff ffffffff
ffff8e2301f32240 2004132521 C Bo:2:011:2 0 32 >
ffff8e2301f32240 2004132526 S Bo:2:011:2 -115 4 = ffffffff
ffff8e2301f33740 2004135331 C Bo:2:011:2 0 32 >
ffff8e2301f32240 2004138078 C Bo:2:011:2 0 4 >
ffff8e2301f32e40 2004143448 C Bi:2:011:2 0 1 = 06
ffff8e2301f32e40 2004143454 S Bi:2:011:2 -115 32 <
ffff8e2301f32240 2004143752 S Bo:2:011:2 -115 32 = 57320080 ffffffff ffffffff ffffffff ffffffff ffffffff ffffffff ffffffff
ffff8e2301f33740 2004143756 S Bo:2:011:2 -115 32 = ffffffff ffffffff ffffffff ffffffff ffffffff ffffffff ffffffff ffffffff
ffff8e2301f32240 2004143847 C Bo:2:011:2 0 32 >
ffff8e2301f32240 2004143852 S Bo:2:011:2 -115 32 = ffffffff ffffffff ffffffff ffffffff ffffffff ffffffff ffffffff ffffffff
ffff8e2301f33740 2004143887 C Bo:2:011:2 0 32 >
ffff8e2301f33740 2004143889 S Bo:2:011:2 -115 32 = ffffffff ffffffff ffffffff ffffffff ffffffff ffffffff ffffffff ffffffff
ffff8e2301f32240 2004146690 C Bo:2:011:2 0 32 >
ffff8e2301f32240 2004146695 S Bo:2:011:2 -115 4 = ffffffff
ffff8e2301f33740 2004149481 C Bo:2:011:2 0 32 >
ffff8e2301f32240 2004152206 C Bo:2:011:2 0 4 >
ffff8e2301f326c0 2004157581 C Bi:2:011:2 0 1 = 06
ffff8e2301f326c0 2004157587 S Bi:2:011:2 -115 32 <
ffff8e2301f32240 2004157883 S Bo:2:011:2 -115 32 = 57328080 ffffffff ffffffff ffffffff ffffffff ffffffff ffffffff ffffffff
ffff8e2301f33740 2004157887 S Bo:2:011:2 -115 32 = ffffffff ffffffff ffffffff ffffffff ffffffff ffffffff ffffffff ffffffff
ffff8e2301f32240 2004158045 C Bo:2:011:2 0 32 >
ffff8e2301f32240 2004158050 S Bo:2:011:2 -115 32 = ffffffff ffffffff ffffffff ffffffff ffffffff ffffffff ffffffff ffffffff
ffff8e2301f33740 2004158085 C Bo:2:011:2 0 32 >
ffff8e2301f33740 2004158087 S Bo:2:011:2 -115 32 = ffffffff ffffffff ffffffff ffffffff ffffffff ffffffff ffffffff ffffffff
ffff8e2301f32240 2004160856 C Bo:2:011:2 0 32 >
ffff8e2301f32240 2004160861 S Bo:2:011:2 -115 4 = ffffffff
ffff8e2301f33740 2004163628 C Bo:2:011:2 0 32 >
ffff8e2301f32240 2004166403 C Bo:2:011:2 0 4 >
ffff8e2301f32e40 2004171766 C Bi:2:011:2 0 1 = 06
ffff8e2301f32e40 2004171772 S Bi:2:011:2 -115 32 <
ffff8e2301f32240 2004172147 S Bo:2:011:2 -115 32 = 57330080 ffffffff ffffffff ffffffff ffffffff ffffffff ffffffff ffffffff
ffff8e2301f33740 2004172151 S Bo:2:011:2 -115 32 = ffffffff ffffffff ffffffff ffffffff ffffffff ffffffff ffffffff ffffffff
ffff8e2301f32240 2004172213 C Bo:2:011:2 0 32 >
ffff8e2301f32240 2004172215 S Bo:2:011:2 -115 32 = ffffffff ffffffff ffffffff ffffffff ffffffff ffffffff ffffffff ffffffff
ffff8e2301f33740 2004172259 C Bo:2:011:2 0 32 >
ffff8e2301f33740 2004172260 S Bo:2:011:2 -115 32 = ffffffff ffffffff ffffffff ffffffff ffffffff ffffffff ffffffff ffffffff
ffff8e2301f32240 2004175065 C Bo:2:011:2 0 32 >
ffff8e2301f32240 2004175070 S Bo:2:011:2 -115 4 = ffffffff
ffff8e2301f33740 2004177831 C Bo:2:011:2 0 32 >
ffff8e2301f32240 2004180581 C Bo:2:011:2 0 4 >
ffff8e2301f326c0 2004186035 C Bi:2:011:2 0 1 = 06
ffff8e2301f326c0 2004186040 S Bi:2:011:2 -115 32 <
ffff8e2301f32240 2004186409 S Bo:2:011:2 -115 32 = 57338080 ffffffff ffffffff ffffffff ffffffff ffffffff ffffffff ffffffff
ffff8e2301f33740 2004186412 S Bo:2:011:2 -115 32 = ffffffff ffffffff ffffffff ffffffff ffffffff ffffffff ffffffff ffffffff
ffff8e2301f32240 2004186475 C Bo:2:011:2 0 32 >
ffff8e2301f32240 2004186478 S Bo:2:011:2 -115 32 = ffffffff ffffffff ffffffff ffffffff ffffffff ffffffff ffffffff ffffffff
ffff8e2301f33740 2004186520 C Bo:2:011:2 0 32 >
ffff8e2301f33740 2004186521 S Bo:2:011:2 -115 32 = ffffffff ffffffff ffffffff ffffffff ffffffff ffffffff ffffffff ffffffff
ffff8e2301f32240 2004189331 C Bo:2:011:2 0 32 >
ffff8e2301f32240 2004189336 S Bo:2:011:2 -115 4 = ffffffff
ffff8e2301f33740 2004192101 C Bo:2:011:2 0 32 >
ffff8e2301f32240 2004194853 C Bo:2:011:2 0 4 >
ffff8e2301f32e40 2004200208 C Bi:2:011:2 0 1 = 06
ffff8e2301f32e40 2004200214 S Bi:2:011:2 -115 32 <
ffff8e2301f32240 2004200530 S Bo:2:011:2 -115 32 = 57340080 ffffffff ffffffff ffffffff ffffffff ffffffff ffffffff ffffffff
ffff8e2301f33740 2004200533 S Bo:2:011:2 -115 32 = ffffffff ffffffff ffffffff ffffffff ffffffff ffffffff ffffffff ffffffff
ffff8e2301f32240 2004200595 C Bo:2:011:2 0 32 >
ffff8e2301f32240 2004200598 S Bo:2:011:2 -115 32 = ffffffff ffffffff ffffffff ffffffff ffffffff ffffffff ffffffff ffffffff
ffff8e2301f33740 2004200641 C Bo:2:011:2 0 32 >
ffff8e2301f33740 2004200642 S Bo:2:011:2 -115 32 = ffffffff ffffffff ffffffff ffffffff ffffffff ffffffff ffffffff ffffffff
ffff8e2301f32240 2004203449 C Bo:2:011:2 0 32 >
ffff8e2301f32240 2004203454 S Bo:2:011:2 -115 4 = ffffffff
ffff8e2301f33740 2004206261 C Bo:2:011:2 0 32 >
ffff8e2301f32240 2004209010 C Bo:2:011:2 0 4 >
ffff8e2301f326c0 2004214379 C Bi:2:011:2 0 1 = 06
ffff8e2301f326c0 2004214385 S Bi:2:011:2 -115 32 <
ffff8e2301f32240 2004214693 S Bo:2:011:2 -115 32 = 57348080 ffffffff ffffffff ffffffff ffffffff ffffffff ffffffff ffffffff
ffff8e2301f33740 2004214697 S Bo:2:011:2 -115 32 = ffffffff ffffffff ffffffff ffffffff ffffffff ffffffff ffffffff ffffffff
ffff8e2301f32240 2004214759 C Bo:2:011:2 0 32 >
ffff8e2301f32240 2004214761 S Bo:2:011:2 -115 32 = ffffffff ffffffff ffffffff ffffffff ffffffff ffffffff ffffffff ffffffff
ffff8e2301f33740 2004214805 C Bo:2:011:2 0 32 >
ffff8e2301f33740 2004214806 S Bo:2:011:2 -115 32 = ffffffff ffffffff ffffffff ffffffff ffffffff ffffffff ffffffff ffffffff
ffff8e2301f32240 2004217616 C Bo:2:011:2 0 32 >
ffff8e2301f32240 2004217621 S Bo:2:011:2 -115 4 = ffffffff
ffff8e2301f33740 2004220411 C Bo:2:011:2 0 32 >
ffff8e2301f32240 2004223140 C Bo:2:011:2 0 4 >
ffff8e2301f32e40 2004228524 C Bi:2:011:2 0 1 = 06
ffff8e2301f32e40 2004228530 S Bi:2:011:2 -115 32 <
ffff8e2301f32240 2004228841 S Bo:2:011:2 -115 32 = 57350080 ffffffff ffffffff ffffffff ffffffff ffffffff ffffffff ffffffff
ffff8e2301f33740 2004228844 S Bo:2:011:2 -115 32 = ffffffff ffffffff ffffffff ffffffff ffffffff ffffffff ffffffff ffffffff
ffff8e2301f32240 2004228906 C Bo:2:011:2 0 32 >
ffff8e2301f32240 2004228908 S Bo:2:011:2 -115 32 = ffffffff ffffffff ffffffff ffffffff ffffffff ffffffff ffffffff ffffffff
ffff8e2301f33740 2004229025 C Bo:2:011:2 0 32 >
ffff8e2301f33740 2004229027 S Bo:2:011:2 -115 32 = ffffffff ffffffff ffffffff ffffffff ffffffff ffffffff ffffffff ffffffff
ffff8e2301f32240 2004231762 C Bo:2:011:2 0 32 >
ffff8e2301f32240 2004231767 S Bo:2:011:2 -115 4 = ffffffff
ffff8e2301f33740 2004234549 C Bo:2:011:2 0 32 >
ffff8e2301f32240 2004237240 C Bo:2:011:2 0 4 >
ffff8e2301f326c0 2004242650 C Bi:2:011:2 0 1 = 06
ffff8e2301f326c0 2004242656 S Bi:2:011:2 -115 32 <
ffff8e2301f32240 2004242962 S Bo:2:011:2 -115 32 = 57358080 ffffffff ffffffff ffffffff ffffffff ffffffff ffffffff ffffffff
ffff8e2301f33740 2004242966 S Bo:2:011:2 -115 32 = ffffffff ffffffff ffffffff ffffffff ffffffff ffffffff ffffffff ffffffff
ffff8e2301f32240 2004243027 C Bo:2:011:2 0 32 >
ffff8e2301f32240 2004243030 S Bo:2:011:2 -115 32 = ffffffff ffffffff ffffffff ffffffff ffffffff ffffffff ffffffff ffffffff
ffff8e2301f33740 2004243073 C Bo:2:011:2 0 32 >
ffff8e2301f33740 2004243074 S Bo:2:011:2 -115 32 = ffffffff ffffffff ffffffff ffffffff ffffffff ffffffff ffffffff ffffffff
ffff8e2301f32240 2004245912 C Bo:2:011:2 0 32 >
ffff8e2301f32240 2004245917 S Bo:2:011:2 -115 4 = ffffffff
ffff8e2301f33740 2004248690 C Bo:2:011:2 0 32 >
ffff8e2301f32240 2004251384 C Bo:2:011:2 0 4 >
ffff8e2301f32e40 2004256800 C Bi:2:011:2 0 1 = 06
ffff8e2301f32e40 2004256806 S Bi:2:011:2 -115 32 <
ffff8e2301f32240 2004257139 S Bo:2:011:2 -115 32 = 57360080 ffffffff ffffffff ffffffff ffffffff ffffffff ffffffff ffffffff
ffff8e2301f33740 2004257142 S Bo:2:011:2 -115 32 = ffffffff ffffffff ffffffff ffffffff ffffffff ffffffff ffffffff ffffffff
ffff8e2301f32240 2004257209 C Bo:2:011:2 0 32 >
ffff8e2301f32240 2004257212 S Bo:2:011:2 -115 32 = ffffffff ffffffff ffffffff ffffffff ffffffff ffffffff ffffffff ffffffff
ffff8e2301f33740 2004257255 C Bo:2:011:2 0 32 >
ffff8e2301f33740 2004257256 S Bo:2:011:2 -115 32 = ffffffff ffffffff ffffffff ffffffff ffffffff ffffffff ffffffff ffffffff
ffff8e2301f32240 2004260056 C Bo:2:011:2 0 32 >
ffff8e2301f32240 2004260061 S Bo:2:011:2 -115 4 = ffffffff
ffff8e2301f33740 2004262833 C Bo:2:011:2 0 32 >
ffff8e2301f32240 2004265562 C Bo:2:011:2 0 4 >
ffff8e2301f326c0 2004271078 C Bi:2:011:2 0 1 = 06
ffff8e2301f326c0 2004271085 S Bi:2:011:2 -115 32 <
ffff8e2301f32240 2004271402 S Bo:2:011:2 -115 32 = 57368080 ffffffff ffffffff ffffffff ffffffff ffffffff ffffffff ffffffff
ffff8e2301f33740 2004271406 S Bo:2:011:2 -115 32 = ffffffff ffffffff ffffffff ffffffff ffffffff ffffffff ffffffff ffffffff
ffff8e2301f32240 2004271467 C Bo:2:011:2 0 32 >
ffff8e2301f32240 2004271470 S Bo:2:011:2 -115 32 = ffffffff ffffffff ffffffff ffffffff ffffffff ffffffff ffffffff ffffffff
ffff8e2301f33740 2004271512 C Bo:2:011:2 0 32 >
ffff8e2301f33740 2004271514 S Bo:2:011:2 -115 32 = ffffffff ffffffff ffffffff ffffffff ffffffff ffffffff ffffffff ffffffff
ffff8e2301f32240 2004274332 C Bo:2:011:2 0 32 >
ffff8e2301f32240 2004274336 S Bo:2:011:2 -115 4 = ffffffff
ffff8e2301f33740 2004277118 C Bo:2:011:2 0 32 >
ffff8e2301f32240 2004279821 C Bo:2:011:2 0 4 >
ffff8e2301f32e40 2004285307 C Bi:2:011:2 0 1 = 06
ffff8e2301f32e40 2004285313 S Bi:2:011:2 -115 32 <
ffff8e2301f32240 2004285621 S Bo:2:011:2 -115 32 = 57370080 ffffffff ffffffff ffffffff ffffffff ffffffff ffffffff ffffffff
ffff8e2301f33740 2004285625 S Bo:2:011:2 -115 32 = ffffffff ffffffff ffffffff ffffffff ffffffff ffffffff ffffffff ffffffff
ffff8e2301f32240 2004285687 C Bo:2:011:2 0 32 >
ffff8e2301f32240 2004285690 S Bo:2:011:2 -115 32 = ffffffff ffffffff ffffffff ffffffff ffffffff ffffffff ffffffff ffffffff
ffff8e2301f33740 2004285733 C Bo:2:011:2 0 32 >
ffff8e2301f33740 2004285735 S Bo:2:011:2 -115 32 = ffffffff ffffffff ffffffff ffffffff ffffffff ffffffff ffffffff ffffffff
ffff8e2301f32240 2004288571 C Bo:2:011:2 0 32 >
ffff8e2301f32240 2004288575 S Bo:2:011:2 -115 4 = ffffffff
ffff8e2301f33740 2004291321 C Bo:2:011:2 0 32 >
ffff8e2301f32240 2004294054 C Bo:2:011:2 0 4 >
ffff8e2301f326c0 2004299447 C Bi:2:011:2 0 1 = 06
ffff8e2301f326c0 2004299453 S Bi:2:011:2 -115 32 <
ffff8e2301f32240 2004299764 S Bo:2:011:2 -115 32 = 57378080 ffffffff ffffffff ffffffff ffffffff ffffffff ffffffff ffffffff
ffff8e2301f33740 2004299768 S Bo:2:011:2 -115 32 = ffffffff ffffffff ffffffff ffffffff ffffffff ffffffff ffffffff ffffffff
ffff8e2301f32240 2004299835 C Bo:2:011:2 0 32 >
ffff8e2301f32240 2004299839 S Bo:2:011:2 -115 32 = ffffffff ffffffff ffffffff ffffffff ffffffff ffffffff ffffffff ffffffff
ffff8e2301f33740 2004299881 C Bo:2:011:2 0 32 >
ffff8e2301f33740 2004299883 S Bo:2:011:2 -115 32 = ffffffff ffffffff ffffffff ffffffff ffffffff ffffffff ffffffff ffffffff
ffff8e2301f32240 2004302709 C Bo:2:011:2 0 32 >
ffff8e2301f32240 2004302713 S Bo:2:011:2 -115 4 = ffffffff
ffff8e2301f33740 2004305481 C Bo:2:011:2 0 32 >
ffff8e2301f32240 2004308220 C Bo:2:011:2 0 4 >
ffff8e2301f32e40 2004313585 C Bi:2:011:2 0 1 = 06
ffff8e2301f32e40 2004313591 S Bi:2:011:2 -115 32 <
ffff8e2301f32240 2004313997 S Bo:2:011:2 -115 32 = 57380080 ffffffff ffffffff ffffffff ffffffff ffffffff ffffffff ffffffff
ffff8e2301f33740 2004314007 S Bo:2:011:2 -115 32 = ffffffff ffffffff ffffffff ffffffff ffffffff ffffffff ffffffff ffffffff
ffff8e2301f32240 2004314066 C Bo:2:011:2 0 32 >
ffff8e2301f32240 2004314069 S Bo:2:011:2 -115 32 = ffffffff ffffffff ffffffff ffffffff ffffffff ffffffff ffffffff ffffffff
ffff8e2301f33740 2004314108 C Bo:2:011:2 0 32 >
ffff8e2301f33740 2004314110 S Bo:2:011:2 -115 32 = ffffffff ffffffff ffffffff ffffffff ffffffff ffffffff ffffffff ffffffff
ffff8e2301f32240 2004316903 C Bo:2:011:2 0 32 >
ffff8e2301f32240 2004316908 S Bo:2:011:2 -115 4 = ffffffff
ffff8e2301f33740 2004319645 C Bo:2:011:2 0 32 >
ffff8e2301f32240 2004322450 C Bo:2:011:2 0 4 >
ffff8e2301f326c0 2004328036 C Bi:2:011:2 0 1 = 06
ffff8e2301f326c0 2004328042 S Bi:2:011:2 -115 32 <
ffff8e2301f32240 2004328339 S Bo:2:011:2 -115 32 = 57388080 ffffffff ffffffff ffffffff ffffffff ffffffff ffffffff ffffffff
ffff8e2301f33740 2004328343 S Bo:2:011:2 -115 32 = ffffffff ffffffff ffffffff ffffffff ffffffff ffffffff ffffffff ffffffff
ffff8e2301f32240 2004328435 C Bo:2:011:2 0 32 >
ffff8e2301f32240 2004328440 S Bo:2:011:2 -115 32 = ffffffff ffffffff ffffffff ffffffff ffffffff ffffffff ffffffff ffffffff
ffff8e2301f33740 2004328473 C Bo:2:011:2 0 32 >
ffff8e2301f33740 2004328475 S Bo:2:011:2 -115 32 = ffffffff ffffffff ffffffff ffffffff ffffffff ffffffff ffffffff ffffffff
ffff8e2301f32240 2004331262 C Bo:2:011:2 0 32 >
ffff8e2301f32240 2004331267 S Bo:2:011:2 -115 4 = ffffffff
ffff8e2301f33740 2004334018 C Bo:2:011:2 0 32 >
ffff8e2301f32240 2004336760 C Bo:2:011:2 0 4 >
ffff8e2301f32e40 2004342242 C Bi:2:011:2 0 1 = 06
ffff8e2301f32e40 2004342248 S Bi:2:011:2 -115 32 <
ffff8e2301f32240 2004342537 S Bo:2:011:2 -115 32 = 57390080 ffffffff ffffffff ffffffff ffffffff ffffffff ffffffff ffffffff
ffff8e2301f33740 2004342541 S Bo:2:011:2 -115 32 = ffffffff ffffffff ffffffff ffffffff ffffffff ffffffff ffffffff ffffffff
ffff8e2301f32240 2004342636 C Bo:2:011:2 0 32 >
ffff8e2301f32240 2004342641 S Bo:2:011:2 -115 32 = ffffffff ffffffff ffffffff ffffffff ffffffff ffffffff ffffffff ffffffff
ffff8e2301f33740 2004342676 C Bo:2:011:2 0 32 >
ffff8e2301f33740 2004342677 S Bo:2:011:2 -115 32 = ffffffff ffffffff ffffffff ffffffff ffffffff ffffffff ffffffff ffffffff
ffff8e2301f32240 2004345452 C Bo:2:011:2 0 32 >
ffff8e2301f32240 2004345456 S Bo:2:011:2 -115 4 = ffffffff
ffff8e2301f33740 2004348237 C Bo:2:011:2 0 32 >
ffff8e2301f32240 2004351057 C Bo:2:011:2 0 4 >
ffff8e2301f326c0 2004356425 C Bi:2:011:2 0 1 = 06
ffff8e2301f326c0 2004356431 S Bi:2:011:2 -115 32 <
ffff8e2301f32240 2004356726 S Bo:2:011:2 -115 32 = 57398080 ffffffff ffffffff ffffffff ffffffff ffffffff ffffffff ffffffff
ffff8e2301f33740 2004356730 S Bo:2:011:2 -115 32 = ffffffff ffffffff ffffffff ffffffff ffffffff ffffffff ffffffff ffffffff
ffff8e2301f32240 2004356798 C Bo:2:011:2 0 32 >
ffff8e2301f32240 2004356803 S Bo:2:011:2 -115 32 = ffffffff ffffffff ffffffff ffffffff ffffffff ffffffff ffffffff ffffffff
ffff8e2301f33740 2004356837 C Bo:2:011:2 0 32 >
ffff8e2301f33740 2004356838 S Bo:2:011:2 -115 32 = ffffffff ffffffff ffffffff ffffffff ffffffff ffffffff ffffffff ffffffff
ffff8e2301f32240 2004359642 C Bo:2:011:2 0 32 >
ffff8e2301f32240 2004359647 S Bo:2:011:2 -115 4 = ffffffff
ffff8e2301f33740 2004362374 C Bo:2:011:2 0 32 >
ffff8e2301f32240 2004365137 C Bo:2:011:2 0 4 >
ffff8e2301f32e40 2004370559 C Bi:2:011:2 0 1 = 06
ffff8e2301f32e40 2004370565 S Bi:2:011:2 -115 32 <
ffff8e2301f32240 2004370859 S Bo:2:011:2 -115 32 = 573a0080 ffffffff ffffffff ffffffff ffffffff ffffffff ffffffff ffffffff
ffff8e2301f33740 2004370863 S Bo:2:011:2 -115 32 = ffffffff ffffffff ffffffff ffffffff ffffffff ffffffff ffffffff ffffffff
ffff8e2301f32240 2004370923 C Bo:2:011:2 0 32 >
ffff8e2301f32240 2004370926 S Bo:2:011:2 -115 32 = ffffffff ffffffff ffffffff ffffffff ffffffff ffffffff ffffffff ffffffff
ffff8e2301f33740 2004371038 C Bo:2:011:2 0 32 >
ffff8e2301f33740 2004371041 S Bo:2:011:2 -115 32 = ffffffff ffffffff ffffffff ffffffff ffffffff ffffffff ffffffff ffffffff
ffff8e2301f32240 2004373763 C Bo:2:011:2 0 32 >
ffff8e2301f32240 2004373767 S Bo:2:011:2 -115 4 = ffffffff
ffff8e2301f33740 2004376520 C Bo:2:011:2 0 32 >
ffff8e2301f32240 2004379259 C Bo:2:011:2 0 4 >
ffff8e2301f326c0 2004384669 C Bi:2:011:2 0 1 = 06
ffff8e2301f326c0 2004384674 S Bi:2:011:2 -115 32 <
ffff8e2301f32240 2004384949 S Bo:2:011:2 -115 32 = 573a8080 ffffffff ffffffff ffffffff ffffffff ffffffff ffffffff ffffffff
ffff8e2301f33740 2004384952 S Bo:2:011:2 -115 32 = ffffffff ffffffff ffffffff ffffffff ffffffff ffffffff ffffffff ffffffff
ffff8e2301f32240 2004385033 C Bo:2:011:2 0 32 >
ffff8e2301f32240 2004385035 S Bo:2:011:2 -115 32 = ffffffff ffffffff ffffffff ffffffff ffffffff ffffffff ffffffff ffffffff
ffff8e2301f33740 2004385085 C Bo:2:011:2 0 32 >
ffff8e2301f33740 2004385087 S Bo:2:011:2 -115 32 = ffffffff ffffffff ffffffff ffffffff ffffffff ffffffff ffffffff ffffffff
ffff8e2301f32240 2004387911 C Bo:2:011:2 0 32 >
ffff8e2301f32240 2004387916 S Bo:2:011:2 -115 4 = ffffffff
ffff8e2301f33740 2004390665 C Bo:2:011:2 0 32 >
ffff8e2301f32240 2004393385 C Bo:2:011:2 0 4 >
ffff8e2301f32e40 2004398865 C Bi:2:011:2 0 1 = 06
ffff8e2301f32e40 2004398871 S Bi:2:011:2 -115 32 <
ffff8e2301f32240 2004399198 S Bo:2:011:2 -115 32 = 573b0080 ffffffff ffffffff ffffffff ffffffff ffffffff ffffffff ffffffff
ffff8e2301f33740 2004399202 S Bo:2:011:2 -115 32 = ffffffff ffffffff ffffffff ffffffff ffffffff ffffffff ffffffff ffffffff
ffff8e2301f32240 2004399264 C Bo:2:011:2 0 32 >
ffff8e2301f32240 2004399267 S Bo:2:011:2 -115 32 = ffffffff ffffffff ffffffff ffffffff ffffffff ffffffff ffffffff ffffffff
ffff8e2301f33740 2004399309 C Bo:2:011:2 0 32 >
ffff8e2301f33740 2004399311 S Bo:2:011:2 -115 32 = ffffffff ffffffff ffffffff ffffffff ffffffff ffffffff ffffffff ffffffff
ffff8e2301f32240 2004402090 C Bo:2:011:2 0 32 >
ffff8e2301f32240 2004402095 S Bo:2:011:2 -115 4 = ffffffff
ffff8e2301f33740 2004404874 C Bo:2:011:2 0 32 >
ffff8e2301f32240 2004407626 C Bo:2:011:2 0 4 >
ffff8e2301f326c0 2004413042 C Bi:2:011:2 0 1 = 06
ffff8e2301f326c0 2004413048 S Bi:2:011:2 -115 32 <
ffff8e2301f32240 2004413435 S Bo:2:011:2 -115 32 = 573b8080 ffffffff ffffffff ffffffff ffffffff ffffffff ffffffff ffffffff
ffff8e2301f33740 2004413439 S Bo:2:011:2 -115 32 = ffffffff ffffffff ffffffff ffffffff ffffffff ffffffff ffffffff ffffffff
ffff8e2301f32240 2004413504 C Bo:2:011:2 0 32 >
ffff8e2301f32240 2004413507 S Bo:2:011:2 -115 32 = ffffffff ffffffff ffffffff ffffffff ffffffff ffffffff ffffffff ffffffff
ffff8e2301f33740 2004413552 C Bo:2:011:2 0 32 >
ffff8e2301f33740 2004413554 S Bo:2:011:2 -115 32 = ffffffff ffffffff ffffffff ffffffff ffffffff ffffffff ffffffff ffffffff
ffff8e2301f32240 2004416412 C Bo:2:011:2 0 32 >
ffff8e2301f32240 2004416417 S Bo:2:011:2 -115 4 = ffffffff
ffff8e2301f33740 2004419102 C Bo:2:011:2 0 32 >
ffff8e2301f32240 2004421853 C Bo:2:011:2 0 4 >
ffff8e2301f32e40 2004427357 C Bi:2:011:2 0 1 = 06
ffff8e2301f32e40 2004427363 S Bi:2:011:2 -115 32 <
ffff8e2301f32240 2004427695 S Bo:2:011:2 -115 32 = 573c0080 ffffffff ffffffff ffffffff ffffffff ffffffff ffffffff ffffffff
ffff8e2301f33740 2004427699 S Bo:2:011:2 -115 32 = ffffffff ffffffff ffffffff ffffffff ffffffff ffffffff ffffffff ffffffff
ffff8e2301f32240 2004427757 C Bo:2:011:2 0 32 >
ffff8e2301f32240 2004427759 S Bo:2:011:2 -115 32 = ffffffff ffffffff ffffffff ffffffff ffffffff ffffffff ffffffff ffffffff
ffff8e2301f33740 2004427806 C Bo:2:011:2 0 32 >
ffff8e2301f33740 2004427808 S Bo:2:011:2 -115 32 = ffffffff ffffffff ffffffff ffffffff ffffffff ffffffff ffffffff ffffffff
ffff8e2301f32240 2004430620 C Bo:2:011:2 0 32 >
ffff8e2301f32240 2004430625 S Bo:2:011:2 -115 4 = ffffffff
ffff8e2301f33740 2004433406 C Bo:2:011:2 0 32 >
ffff8e2301f32240 2004436120 C Bo:2:011:2 0 4 >
ffff8e2301f326c0 2004441490 C Bi:2:011:2 0 1 = 06
ffff8e2301f326c0 2004441497 S Bi:2:011:2 -115 32 <
ffff8e2301f32240 2004441789 S Bo:2:011:2 -115 32 = 573c8080 ffffffff ffffffff ffffffff ffffffff ffffffff ffffffff ffffffff
ffff8e2301f33740 2004441792 S Bo:2:011:2 -115 32 = ffffffff ffffffff ffffffff ffffffff ffffffff ffffffff ffffffff ffffffff
ffff8e2301f32240 2004441890 C Bo:2:011:2 0 32 >
ffff8e2301f32240 2004441895 S Bo:2:011:2 -115 32 = ffffffff ffffffff ffffffff ffffffff ffffffff ffffffff ffffffff ffffffff
ffff8e2301f33740 2004441930 C Bo:2:011:2 0 32 >
ffff8e2301f33740 2004441931 S Bo:2:011:2 -115 32 = ffffffff ffffffff ffffffff ffffffff ffffffff ffffffff ffffffff ffffffff
ffff8e2301f32240 2004444691 C Bo:2:011:2 0 32 >
ffff8e2301f32240 2004444696 S Bo:2:011:2 -115 4 = ffffffff
ffff8e2301f33740 2004447457 C Bo:2:011:2 0 32 >
ffff8e2301f32240 2004450209 C Bo:2:011:2 0 4 >
ffff8e2301f32e40 2004455632 C Bi:2:011:2 0 1 = 06
ffff8e2301f32e40 2004455638 S Bi:2:011:2 -115 32 <
ffff8e2301f32240 2004456043 S Bo:2:011:2 -115 32 = 573d0080 ffffffff ffffffff ffffffff ffffffff ffffffff ffffffff ffffffff
ffff8e2301f33740 2004456047 S Bo:2:011:2 -115 32 = ffffffff ffffffff ffffffff ffffffff ffffffff ffffffff ffffffff ffffffff
ffff8e2301f32240 2004456114 C Bo:2:011:2 0 32 >
ffff8e2301f32240 2004456117 S Bo:2:011:2 -115 32 = ffffffff ffffffff ffffffff ffffffff ffffffff ffffffff ffffffff ffffffff
ffff8e2301f33740 2004456155 C Bo:2:011:2 0 32 >
ffff8e2301f33740 2004456157 S Bo:2:011:2 -115 32 = ffffffff ffffffff ffffffff ffffffff ffffffff ffffffff ffffffff ffffffff
ffff8e2301f32240 2004459046 C Bo:2:011:2 0 32 >
ffff8e2301f32240 2004459051 S Bo:2:011:2 -115 4 = ffffffff
ffff8e2301f33740 2004461763 C Bo:2:011:2 0 32 >
ffff8e2301f32240 2004464482 C Bo:2:011:2 0 4 >
ffff8e2301f326c0 2004470036 C Bi:2:011:2 0 1 = 06
ffff8e2301f326c0 2004470042 S Bi:2:011:2 -115 32 <
ffff8e2301f32240 2004470359 S Bo:2:011:2 -115 32 = 573d8080 ffffffff ffffffff ffffffff ffffffff ffffffff ffffffff ffffffff
ffff8e2301f33740 2004470362 S Bo:2:011:2 -115 32 = ffffffff ffffffff ffffffff ffffffff ffffffff ffffffff ffffffff ffffffff
ffff8e2301f32240 2004470423 C Bo:2:011:2 0 32 >
ffff8e2301f32240 2004470426 S Bo:2:011:2 -115 32 = ffffffff ffffffff ffffffff ffffffff ffffffff ffffffff ffffffff ffffffff
ffff8e2301f33740 2004470470 C Bo:2:011:2 0 32 >
ffff8e2301f33740 2004470472 S Bo:2:011:2 -115 32 = ffffffff ffffffff ffffffff ffffffff ffffffff ffffffff ffffffff ffffffff
ffff8e2301f32240 2004473239 C Bo:2:011:2 0 32 >
ffff8e2301f32240 2004473244 S Bo:2:011:2 -115 4 = ffffffff
ffff8e2301f33740 2004476046 C Bo:2:011:2 0 32 >
ffff8e2301f32240 2004478806 C Bo:2:011:2 0 4 >
ffff8e2301f32e40 2004484266 C Bi:2:011:2 0 1 = 06
ffff8e2301f32e40 2004484272 S Bi:2:011:2 -115 32 <
ffff8e2301f32240 2004484674 S Bo:2:011:2 -115 32 = 573e0080 ffffffff ffffffff ffffffff ffffffff ffffffff ffffffff ffffffff
ffff8e2301f33740 2004484677 S Bo:2:011:2 -115 32 = ffffffff ffffffff ffffffff ffffffff ffffffff ffffffff ffffffff ffffffff
ffff8e2301f32240 2004484743 C Bo:2:011:2 0 32 >
ffff8e2301f32240 2004484746 S Bo:2:011:2 -115 32 = ffffffff ffffffff ffffffff ffffffff ffffffff ffffffff ffffffff ffffffff
ffff8e2301f33740 2004484785 C Bo:2:011:2 0 32 >
ffff8e2301f33740 2004484787 S Bo:2:011:2 -115 32 = ffffffff ffffffff ffffffff ffffffff ffffffff ffffffff ffffffff ffffffff
ffff8e2301f32240 2004487617 C Bo:2:011:2 0 32 >
ffff8e2301f32240 2004487622 S Bo:2:011:2 -115 4 = ffffffff
ffff8e2301f33740 2004490411 C Bo:2:011:2 0 32 >
ffff8e2301f32240 2004493118 C Bo:2:011:2 0 4 >
ffff8e2301f326c0 2004498604 C Bi:2:011:2 0 1 = 06
ffff8e2301f326c0 2004498610 S Bi:2:011:2 -115 32 <
ffff8e2301f32240 2004498977 S Bo:2:011:2 -115 32 = 573e8080 ffffffff ffffffff ffffffff ffffffff ffffffff ffffffff ffffffff
ffff8e2301f33740 2004498981 S Bo:2:011:2 -115 32 = ffffffff ffffffff ffffffff ffffffff ffffffff ffffffff ffffffff ffffffff
ffff8e2301f32240 2004499042 C Bo:2:011:2 0 32 >
ffff8e2301f32240 2004499046 S Bo:2:011:2 -115 32 = ffffffff ffffffff ffffffff ffffffff ffffffff ffffffff ffffffff ffffffff
ffff8e2301f33740 2004499088 C Bo:2:011:2 0 32 >
ffff8e2301f33740 2004499090 S Bo:2:011:2 -115 32 = ffffffff ffffffff ffffffff ffffffff ffffffff ffffffff ffffffff ffffffff
ffff8e2301f32240 2004501905 C Bo:2:011:2 0 32 >
ffff8e2301f32240 2004501910 S Bo:2:011:2 -115 4 = ffffffff
ffff8e2301f33740 2004504664 C Bo:2:011:2 0 32 >
ffff8e2301f32240 2004507386 C Bo:2:011:2 0 4 >
ffff8e2301f32e40 2004512937 C Bi:2:011:2 0 1 = 06
ffff8e2301f32e40 2004512943 S Bi:2:011:2 -115 32 <
ffff8e2301f32240 2004513269 S Bo:2:011:2 -115 32 = 573f0080 ffffffff ffffffff ffffffff ffffffff ffffffff ffffffff ffffffff
ffff8e2301f33740 2004513274 S Bo:2:011:2 -115 32 = ffffffff ffffffff ffffffff ffffffff ffffffff ffffffff ffffffff ffffffff
ffff8e2301f32240 2004513334 C Bo:2:011:2 0 32 >
ffff8e2301f32240 2004513337 S Bo:2:011:2 -115 32 = ffffffff ffffffff ffffffff ffffffff ffffffff ffffffff ffffffff ffffffff
ffff8e2301f33740 2004513381 C Bo:2:011:2 0 32 >
ffff8e2301f33740 2004513383 S Bo:2:011:2 -115 32 = ffffffff ffffffff ffffffff ffffffff ffffffff ffffffff ffffffff ffffffff
ffff8e2301f32240 2004516194 C Bo:2:011:2 0 32 >
ffff8e2301f32240 2004516199 S Bo:2:011:2 -115 4 = ffffffff
ffff8e2301f33740 2004519049 C Bo:2:011:2 0 32 >
ffff8e2301f32240 2004521707 C Bo:2:011:2 0 4 >
ffff8e2301f326c0 2004527080 C Bi:2:011:2 0 1 = 06
ffff8e2301f326c0 2004527086 S Bi:2:011:2 -115 32 <
ffff8e2301f32240 2004527405 S Bo:2:011:2 -115 32 = 573f8080 ffffffff ffffffff ffffffff ffffffff ffffffff ffffffff ffffffff
ffff8e2301f33740 2004527409 S Bo:2:011:2 -115 32 = ffffffff ffffffff ffffffff ffffffff ffffffff ffffffff ffffffff ffffffff
ffff8e2301f32240 2004527469 C Bo:2:011:2 0 32 >
ffff8e2301f32240 2004527472 S Bo:2:011:2 -115 32 = ffffffff ffffffff ffffffff ffffffff ffffffff ffffffff ffffffff ffffffff
ffff8e2301f33740 2004527515 C Bo:2:011:2 0 32 >
ffff8e2301f33740 2004527517 S Bo:2:011:2 -115 32 = ffffffff ffffffff ffffffff ffffffff ffffffff ffffffff ffffffff ffffffff
ffff8e2301f32240 2004530335 C Bo:2:011:2 0 32 >
ffff8e2301f32240 2004530340 S Bo:2:011:2 -115 4 = ffffffff
ffff8e2301f33740 2004533094 C Bo:2:011:2 0 32 >
ffff8e2301f32240 2004535821 C Bo:2:011:2 0 4 >
ffff8e2301f32e40 2004541190 C Bi:2:011:2 0 1 = 06
ffff8e2301f32e40 2004541196 S Bi:2:011:2 -115 32 <
ffff8e2301f32240 2004541512 S Bo:2:011:2 -115 32 = 57400080 ffffffff ffffffff ffffffff ffffffff ffffffff ffffffff ffffffff
ffff8e2301f33740 2004541516 S Bo:2:011:2 -115 32 = ffffffff ffffffff ffffffff ffffffff ffffffff ffffffff ffffffff ffffffff
ffff8e2301f32240 2004541577 C Bo:2:011:2 0 32 >
ffff8e2301f32240 2004541580 S Bo:2:011:2 -115 32 = ffffffff ffffffff ffffffff ffffffff ffffffff ffffffff ffffffff ffffffff
ffff8e2301f33740 2004541627 C Bo:2:011:2 0 32 >
ffff8e2301f33740 2004541629 S Bo:2:011:2 -115 32 = ffffffff ffffffff ffffffff ffffffff ffffffff ffffffff ffffffff ffffffff
ffff8e2301f32240 2004544413 C Bo:2:011:2 0 32 >
ffff8e2301f32240 2004544418 S Bo:2:011:2 -115 4 = ffffffff
ffff8e2301f33740 2004547168 C Bo:2:011:2 0 32 >
ffff8e2301f32240 2004550015 C Bo:2:011:2 0 4 >
ffff8e2301f326c0 2004557585 C Bi:2:011:2 0 1 = 06
ffff8e2301f326c0 2004557591 S Bi:2:011:2 -115 32 <
ffff8e2301f32240 2004557939 S Bo:2:011:2 -115 32 = 57408080 ffffffff ffffffff ffffffff ffffffff ffffffff ffffffff ffffffff
ffff8e2301f33740 2004557943 S Bo:2:011:2 -115 32 = ffffffff ffffffff ffffffff ffffffff ffffffff ffffffff ffffffff ffffffff
ffff8e2301f32240 2004558031 C Bo:2:011:2 0 32 >
ffff8e2301f32240 2004558033 S Bo:2:011:2 -115 32 = ffffffff ffffffff ffffffff ffffffff ffffffff ffffffff ffffffff ffffffff
ffff8e2301f33740 2004558084 C Bo:2:011:2 0 32 >
ffff8e2301f33740 2004558086 S Bo:2:011:2 -115 32 = ffffffff ffffffff ffffffff ffffffff ffffffff ffffffff ffffffff ffffffff
ffff8e2301f32240 2004560923 C Bo:2:011:2 0 32 >
ffff8e2301f32240 2004560928 S Bo:2:011:2 -115 4 = ffffffff
ffff8e2301f33740 2004563698 C Bo:2:011:2 0 32 >
ffff8e2301f32240 2004566405 C Bo:2:011:2 0 4 >
ffff8e2301f32e40 2004571901 C Bi:2:011:2 0 1 = 06
ffff8e2301f32e40 2004571907 S Bi:2:011:2 -115 32 <
ffff8e2301f32240 2004572256 S Bo:2:011:2 -115 32 = 57410080 ffffffff ffffffff ffffffff ffffffff ffffffff ffffffff ffffffff
ffff8e2301f33740 2004572260 S Bo:2:011:2 -115 32 = ffffffff ffffffff ffffffff ffffffff ffffffff ffffffff ffffffff ffffffff
ffff8e2301f32240 2004572322 C Bo:2:011:2 0 32 >
ffff8e2301f32240 2004572326 S Bo:2:011:2 -115 32 = ffffffff ffffffff ffffffff ffffffff ffffffff ffffffff ffffffff ffffffff
ffff8e2301f33740 2004572368 C Bo:2:011:2 0 32 >
ffff8e2301f33740 2004572370 S Bo:2:011:2 -115 32 = ffffffff ffffffff ffffffff ffffffff ffffffff ffffffff ffffffff ffffffff
ffff8e2301f32240 2004575175 C Bo:2:011:2 0 32 >
ffff8e2301f32240 2004575179 S Bo:2:011:2 -115 4 = ffffffff
ffff8e2301f33740 2004577937 C Bo:2:011:2 0 32 >
ffff8e2301f32240 2004580711 C Bo:2:011:2 0 4 >
ffff8e2301f326c0 2004586060 C Bi:2:011:2 0 1 = 06
ffff8e2301f326c0 2004586065 S Bi:2:011:2 -115 32 <
ffff8e2301f32240 2004586377 S Bo:2:011:2 -115 32 = 57418080 ffffffff ffffffff ffffffff ffffffff ffffffff ffffffff ffffffff
ffff8e2301f33740 2004586381 S Bo:2:011:2 -115 32 = ffffffff ffffffff ffffffff ffffffff ffffffff ffffffff ffffffff ffffffff
ffff8e2301f32240 2004586441 C Bo:2:011:2 0 32 >
ffff8e2301f32240 2004586445 S Bo:2:011:2 -115 32 = ffffffff ffffffff ffffffff ffffffff ffffffff ffffffff ffffffff ffffffff
ffff8e2301f33740 2004586487 C Bo:2:011:2 0 32 >
ffff8e2301f33740 2004586489 S Bo:2:011:2 -115 32 = ffffffff ffffffff ffffffff ffffffff ffffffff ffffffff ffffffff ffffffff
ffff8e2301f32240 2004589332 C Bo:2:011:2 0 32 >
ffff8e2301f32240 2004589337 S Bo:2:011:2 -115 4 = ffffffff
ffff8e2301f33740 2004592046 C Bo:2:011:2 0 32 >
ffff8e2301f32240 2004594808 C Bo:2:011:2 0 4 >
ffff8e2301f32e40 2004600167 C Bi:2:011:2 0 1 = 06
ffff8e2301f32e40 2004600173 S Bi:2:011:2 -115 32 <
ffff8e2301f32240 2004600500 S Bo:2:011:2 -115 32 = 57420080 ffffffff ffffffff ffffffff ffffffff ffffffff ffffffff ffffffff
ffff8e2301f33740 2004600504 S Bo:2:011:2 -115 32 = ffffffff ffffffff ffffffff ffffffff ffffffff ffffffff ffffffff ffffffff
ffff8e2301f32240 2004600565 C Bo:2:011:2 0 32 >
ffff8e2301f32240 2004600568 S Bo:2:011:2 -115 32 = ffffffff ffffffff ffffffff ffffffff ffffffff ffffffff ffffffff ffffffff
ffff8e2301f33740 2004600611 C Bo:2:011:2 0 32 >
ffff8e2301f33740 2004600613 S Bo:2:011:2 -115 32 = ffffffff ffffffff ffffffff ffffffff ffffffff ffffffff ffffffff ffffffff
ffff8e2301f32240 2004603414 C Bo:2:011:2 0 32 >
ffff8e2301f32240 2004603419 S Bo:2:011:2 -115 4 = ffffffff
ffff8e2301f33740 2004606195 C Bo:2:011:2 0 32 >
ffff8e2301f32240 2004609038 C Bo:2:011:2 0 4 >
ffff8e2301f326c0 2004614336 C Bi:2:011:2 0 1 = 06
ffff8e2301f326c0 2004614342 S Bi:2:011:2 -115 32 <
ffff8e2301f32240 2004614774 S Bo:2:011:2 -115 32 = 57428080 ffffffff ffffffff ffffffff ffffffff ffffffff ffffffff ffffffff
ffff8e2301f33740 2004614778 S Bo:2:011:2 -115 32 = ffffffff ffffffff ffffffff ffffffff ffffffff ffffffff ffffffff ffffffff
ffff8e2301f32240 2004614844 C Bo:2:011:2 0 32 >
ffff8e2301f32240 2004614847 S Bo:2:011:2 -115 32 = ffffffff ffffffff ffffffff ffffffff ffffffff ffffffff ffffffff ffffffff
ffff8e2301f33740 2004614886 C Bo:2:011:2 0 32 >
ffff8e2301f33740 2004614887 S Bo:2:011:2 -115 32 = ffffffff ffffffff ffffffff ffffffff ffffffff ffffffff ffffffff ffffffff
ffff8e2301f32240 2004617702 C Bo:2:011:2 0 32 >
ffff8e2301f32240 2004617707 S Bo:2:011:2 -115 4 = ffffffff
ffff8e2301f33740 2004620462 C Bo:2:011:2 0 32 >
ffff8e2301f32240 2004623188 C Bo:2:011:2 0 4 >
ffff8e2301f32e40 2004628651 C Bi:2:011:2 0 1 = 06
ffff8e2301f32e40 2004628657 S Bi:2:011:2 -115 32 <
ffff8e2301f32240 2004628973 S Bo:2:011:2 -115 32 = 57430080 ffffffff ffffffff ffffffff ffffffff ffffffff ffffffff ffffffff
ffff8e2301f33740 2004628977 S Bo:2:011:2 -115 32 = ffffffff ffffffff ffffffff ffffffff ffffffff ffffffff ffffffff ffffffff
ffff8e2301f32240 2004629037 C Bo:2:011:2 0 32 >
ffff8e2301f32240 2004629040 S Bo:2:011:2 -115 32 = ffffffff ffffffff ffffffff ffffffff ffffffff ffffffff ffffffff ffffffff
ffff8e2301f33740 2004629086 C Bo:2:011:2 0 32 >
ffff8e2301f33740 2004629089 S Bo:2:011:2 -115 32 = ffffffff ffffffff ffffffff ffffffff ffffffff ffffffff ffffffff ffffffff
ffff8e2301f32240 2004631937 C Bo:2:011:2 0 32 >
ffff8e2301f32240 2004631942 S Bo:2:011:2 -115 4 = ffffffff
ffff8e2301f33740 2004634689 C Bo:2:011:2 0 32 >
ffff8e2301f32240 2004637385 C Bo:2:011:2 0 4 >
ffff8e2301f326c0 2004642814 C Bi:2:011:2 0 1 = 06
ffff8e2301f326c0 2004642820 S Bi:2:011:2 -115 32 <
ffff8e2301f32240 2004643128 S Bo:2:011:2 -115 32 = 57438080 ffffffff ffffffff ffffffff ffffffff ffffffff ffffffff ffffffff
ffff8e2301f33740 2004643131 S Bo:2:011:2 -115 32 = ffffffff ffffffff ffffffff ffffffff ffffffff ffffffff ffffffff ffffffff
ffff8e2301f32240 2004643192 C Bo:2:011:2 0 32 >
ffff8e2301f32240 2004643195 S Bo:2:011:2 -115 32 = ffffffff ffffffff ffffffff ffffffff ffffffff ffffffff ffffffff ffffffff
ffff8e2301f33740 2004643238 C Bo:2:011:2 0 32 >
ffff8e2301f33740 2004643240 S Bo:2:011:2 -115 32 = ffffffff ffffffff ffffffff ffffffff ffffffff ffffffff ffffffff ffffffff
ffff8e2301f32240 2004646046 C Bo:2:011:2 0 32 >
ffff8e2301f32240 2004646051 S Bo:2:011:2 -115 4 = ffffffff
ffff8e2301f33740 2004648839 C Bo:2:011:2 0 32 >
ffff8e2301f32240 2004651580 C Bo:2:011:2 0 4 >
ffff8e2301f32e40 2004657035 C Bi:2:011:2 0 1 = 06
ffff8e2301f32e40 2004657042 S Bi:2:011:2 -115 32 <
ffff8e2301f32240 2004657417 S Bo:2:011:2 -115 32 = 57440080 ffffffff ffffffff ffffffff ffffffff ffffffff ffffffff ffffffff
ffff8e2301f33740 2004657420 S Bo:2:011:2 -115 32 = ffffffff ffffffff ffffffff ffffffff ffffffff ffffffff ffffffff ffffffff
ffff8e2301f32240 2004657488 C Bo:2:011:2 0 32 >
ffff8e2301f32240 2004657497 S Bo:2:011:2 -115 32 = ffffffff ffffffff ffffffff ffffffff ffffffff ffffffff ffffffff ffffffff
ffff8e2301f33740 2004657531 C Bo:2:011:2 0 32 >
ffff8e2301f33740 2004657533 S Bo:2:011:2 -115 32 = ffffffff ffffffff ffffffff ffffffff ffffffff ffffffff ffffffff ffffffff
ffff8e2301f32240 2004660308 C Bo:2:011:2 0 32 >
ffff8e2301f32240 2004660313 S Bo:2:011:2 -115 4 = ffffffff
ffff8e2301f33740 2004663095 C Bo:2:011:2 0 32 >
ffff8e2301f32240 2004665873 C Bo:2:011:2 0 4 >
ffff8e2301f326c0 2004671238 C Bi:2:011:2 0 1 = 06
ffff8e2301f326c0 2004671243 S Bi:2:011:2 -115 32 <
ffff8e2301f32240 2004671529 S Bo:2:011:2 -115 32 = 57448080 ffffffff ffffffff ffffffff ffffffff ffffffff ffffffff ffffffff
ffff8e2301f33740 2004671533 S Bo:2:011:2 -115 32 = ffffffff ffffffff ffffffff ffffffff ffffffff ffffffff ffffffff ffffffff
ffff8e2301f32240 2004671625 C Bo:2:011:2 0 32 >
ffff8e2301f32240 2004671630 S Bo:2:011:2 -115 32 = ffffffff ffffffff ffffffff ffffffff ffffffff ffffffff ffffffff ffffffff
ffff8e2301f33740 2004671664 C Bo:2:011:2 0 32 >
ffff8e2301f33740 2004671665 S Bo:2:011:2 -115 32 = ffffffff ffffffff ffffffff ffffffff ffffffff ffffffff ffffffff ffffffff
ffff8e2301f32240 2004674478 C Bo:2:011:2 0 32 >
ffff8e2301f32240 2004674483 S Bo:2:011:2 -115 4 = ffffffff
ffff8e2301f33740 2004677263 C Bo:2:011:2 0 32 >
ffff8e2301f32240 2004680034 C Bo:2:011:2 0 4 >
ffff8e2301f32e40 2004685448 C Bi:2:011:2 0 1 = 06
ffff8e2301f32e40 2004685454 S Bi:2:011:2 -115 32 <
ffff8e2301f32240 2004685747 S Bo:2:011:2 -115 32 = 57450080 ffffffff ffffffff ffffffff ffffffff ffffffff ffffffff ffffffff
ffff8e2301f33740 2004685751 S Bo:2:011:2 -115 32 = ffffffff ffffffff ffffffff ffffffff ffffffff ffffffff ffffffff ffffffff
ffff8e2301f32240 2004685842 C Bo:2:011:2 0 32 >
ffff8e2301f32240 2004685847 S Bo:2:011:2 -115 32 = ffffffff ffffffff ffffffff ffffffff ffffffff ffffffff ffffffff ffffffff
ffff8e2301f33740 2004685882 C Bo:2:011:2 0 32 >
ffff8e2301f33740 2004685883 S Bo:2:011:2 -115 32 = ffffffff ffffffff ffffffff ffffffff ffffffff ffffffff ffffffff ffffffff
ffff8e2301f32240 2004688712 C Bo:2:011:2 0 32 >
ffff8e2301f32240 2004688717 S Bo:2:011:2 -115 4 = ffffffff
ffff8e2301f33740 2004691483 C Bo:2:011:2 0 32 >
ffff8e2301f32240 2004694162 C Bo:2:011:2 0 4 >
ffff8e2301f326c0 2004699586 C Bi:2:011:2 0 1 = 06
ffff8e2301f326c0 2004699592 S Bi:2:011:2 -115 32 <
ffff8e2301f32240 2004699953 S Bo:2:011:2 -115 32 = 57458080 ffffffff ffffffff ffffffff ffffffff ffffffff ffffffff ffffffff
ffff8e2301f33740 2004699957 S Bo:2:011:2 -115 32 = ffffffff ffffffff ffffffff ffffffff ffffffff ffffffff ffffffff ffffffff
ffff8e2301f32240 2004700021 C Bo:2:011:2 0 32 >
ffff8e2301f32240 2004700024 S Bo:2:011:2 -115 32 = ffffffff ffffffff ffffffff ffffffff ffffffff ffffffff ffffffff ffffffff
ffff8e2301f33740 2004700065 C Bo:2:011:2 0 32 >
ffff8e2301f33740 2004700067 S Bo:2:011:2 -115 32 = ffffffff ffffffff ffffffff ffffffff ffffffff ffffffff ffffffff ffffffff
ffff8e2301f32240 2004702903 C Bo:2:011:2 0 32 >
ffff8e2301f32240 2004702907 S Bo:2:011:2 -115 4 = ffffffff
ffff8e2301f33740 2004705690 C Bo:2:011:2 0 32 >
ffff8e2301f32240 2004708402 C Bo:2:011:2 0 4 >
ffff8e2301f32e40 2004713903 C Bi:2:011:2 0 1 = 06
ffff8e2301f32e40 2004713909 S Bi:2:011:2 -115 32 <
ffff8e2301f32240 2004714243 S Bo:2:011:2 -115 32 = 57460080 ffffffff ffffffff ffffffff ffffffff ffffffff ffffffff ffffffff
ffff8e2301f33740 2004714247 S Bo:2:011:2 -115 32 = ffffffff ffffffff ffffffff ffffffff ffffffff ffffffff ffffffff ffffffff
ffff8e2301f32240 2004714307 C Bo:2:011:2 0 32 >
ffff8e2301f32240 2004714310 S Bo:2:011:2 -115 32 = ffffffff ffffffff ffffffff ffffffff ffffffff ffffffff ffffffff ffffffff
ffff8e2301f33740 2004714356 C Bo:2:011:2 0 32 >
ffff8e2301f33740 2004714359 S Bo:2:011:2 -115 32 = ffffffff ffffffff ffffffff ffffffff ffffffff ffffffff ffffffff ffffffff
ffff8e2301f32240 2004717168 C Bo:2:011:2 0 32 >
ffff8e2301f32240 2004717172 S Bo:2:011:2 -115 4 = ffffffff
ffff8e2301f33740 2004719939 C Bo:2:011:2 0 32 >
ffff8e2301f32240 2004722662 C Bo:2:011:2 0 4 >
ffff8e2301f326c0 2004728030 C Bi:2:011:2 0 1 = 06
ffff8e2301f326c0 2004728038 S Bi:2:011:2 -115 32 <
ffff8e2301f32240 2004728311 S Bo:2:011:2 -115 32 = 57468080 ffffffff ffffffff ffffffff ffffffff ffffffff ffffffff ffffffff
ffff8e2301f33740 2004728315 S Bo:2:011:2 -115 32 = ffffffff ffffffff ffffffff ffffffff ffffffff ffffffff ffffffff ffffffff
ffff8e2301f32240 2004728413 C Bo:2:011:2 0 32 >
ffff8e2301f32240 2004728418 S Bo:2:011:2 -115 32 = ffffffff ffffffff ffffffff ffffffff ffffffff ffffffff ffffffff ffffffff
ffff8e2301f33740 2004728455 C Bo:2:011:2 0 32 >
ffff8e2301f33740 2004728456 S Bo:2:011:2 -115 32 = ffffffff ffffffff ffffffff ffffffff ffffffff ffffffff ffffffff ffffffff
ffff8e2301f32240 2004731238 C Bo:2:011:2 0 32 >
ffff8e2301f32240 2004731243 S Bo:2:011:2 -115 4 = ffffffff
ffff8e2301f33740 2004734053 C Bo:2:011:2 0 32 >
ffff8e2301f32240 2004736730 C Bo:2:011:2 0 4 >
ffff8e2301f32e40 2004742195 C Bi:2:011:2 0 1 = 06
ffff8e2301f32e40 2004742201 S Bi:2:011:2 -115 32 <
ffff8e2301f32240 2004742482 S Bo:2:011:2 -115 32 = 57470080 ffffffff ffffffff ffffffff ffffffff ffffffff ffffffff ffffffff
ffff8e2301f33740 2004742486 S Bo:2:011:2 -115 32 = ffffffff ffffffff ffffffff ffffffff ffffffff ffffffff ffffffff ffffffff
ffff8e2301f32240 2004742582 C Bo:2:011:2 0 32 >
ffff8e2301f32240 2004742587 S Bo:2:011:2 -115 32 = ffffffff ffffffff ffffffff ffffffff ffffffff ffffffff ffffffff ffffffff
ffff8e2301f33740 2004742623 C Bo:2:011:2 0 32 >
ffff8e2301f33740 2004742624 S Bo:2:011:2 -115 32 = ffffffff ffffffff ffffffff ffffffff ffffffff ffffffff ffffffff ffffffff
ffff8e2301f32240 2004745459 C Bo:2:011:2 0 32 >
ffff8e2301f32240 2004745464 S Bo:2:011:2 -115 4 = ffffffff
ffff8e2301f33740 2004748188 C Bo:2:011:2 0 32 >
ffff8e2301f32240 2004750905 C Bo:2:011:2 0 4 >
ffff8e2301f326c0 2004756337 C Bi:2:011:2 0 1 = 06
ffff8e2301f326c0 2004756343 S Bi:2:011:2 -115 32 <
ffff8e2301f32240 2004756635 S Bo:2:011:2 -115 32 = 57478080 ffffffff ffffffff ffffffff ffffffff ffffffff ffffffff ffffffff
ffff8e2301f33740 2004756639 S Bo:2:011:2 -115 32 = ffffffff ffffffff ffffffff ffffffff ffffffff ffffffff ffffffff ffffffff
ffff8e2301f32240 2004756731 C Bo:2:011:2 0 32 >
ffff8e2301f32240 2004756736 S Bo:2:011:2 -115 32 = ffffffff ffffffff ffffffff ffffffff ffffffff ffffffff ffffffff ffffffff
ffff8e2301f33740 2004756772 C Bo:2:011:2 0 32 >
ffff8e2301f33740 2004756773 S Bo:2:011:2 -115 32 = ffffffff ffffffff ffffffff ffffffff ffffffff ffffffff ffffffff ffffffff
ffff8e2301f32240 2004759583 C Bo:2:011:2 0 32 >
ffff8e2301f32240 2004759588 S Bo:2:011:2 -115 4 = ffffffff
ffff8e2301f33740 2004762335 C Bo:2:011:2 0 32 >
ffff8e2301f32240 2004765080 C Bo:2:011:2 0 4 >
ffff8e2301f32e40 2004770472 C Bi:2:011:2 0 1 = 06
ffff8e2301f32e40 2004770478 S Bi:2:011:2 -115 32 <
ffff8e2301f32240 2004770774 S Bo:2:011:2 -115 32 = 57480080 ffffffff ffffffff ffffffff ffffffff ffffffff ffffffff ffffffff
ffff8e2301f33740 2004770778 S Bo:2:011:2 -115 32 = ffffffff ffffffff ffffffff ffffffff ffffffff ffffffff ffffffff ffffffff
ffff8e2301f32240 2004770870 C Bo:2:011:2 0 32 >
ffff8e2301f32240 2004770875 S Bo:2:011:2 -115 32 = ffffffff ffffffff ffffffff ffffffff ffffffff ffffffff ffffffff ffffffff
ffff8e2301f33740 2004770910 C Bo:2:011:2 0 32 >
ffff8e2301f33740 2004770911 S Bo:2:011:2 -115 32 = ffffffff ffffffff ffffffff ffffffff ffffffff ffffffff ffffffff ffffffff
ffff8e2301f32240 2004773663 C Bo:2:011:2 0 32 >
ffff8e2301f32240 2004773668 S Bo:2:011:2 -115 4 = ffffffff
ffff8e2301f33740 2004776478 C Bo:2:011:2 0 32 >
ffff8e2301f32240 2004779162 C Bo:2:011:2 0 4 >
ffff8e2301f326c0 2004784607 C Bi:2:011:2 0 1 = 06
ffff8e2301f326c0 2004784613 S Bi:2:011:2 -115 32 <
ffff8e2301f32240 2004784909 S Bo:2:011:2 -115 32 = 57488080 ffffffff ffffffff ffffffff ffffffff ffffffff ffffffff ffffffff
ffff8e2301f33740 2004784913 S Bo:2:011:2 -115 32 = ffffffff ffffffff ffffffff ffffffff ffffffff ffffffff ffffffff ffffffff
ffff8e2301f32240 2004785053 C Bo:2:011:2 0 32 >
ffff8e2301f32240 2004785057 S Bo:2:011:2 -115 32 = ffffffff ffffffff ffffffff ffffffff ffffffff ffffffff ffffffff ffffffff
ffff8e2301f33740 2004785093 C Bo:2:011:2 0 32 >
ffff8e2301f33740 2004785095 S Bo:2:011:2 -115 32 = ffffffff ffffffff ffffffff ffffffff ffffffff ffffffff ffffffff ffffffff
ffff8e2301f32240 2004787913 C Bo:2:011:2 0 32 >
ffff8e2301f32240 2004787917 S Bo:2:011:2 -115 4 = ffffffff
ffff8e2301f33740 2004790691 C Bo:2:011:2 0 32 >
ffff8e2301f32240 2004793414 C Bo:2:011:2 0 4 >
ffff8e2301f32e40 2004798743 C Bi:2:011:2 0 1 = 06
ffff8e2301f32e40 2004798759 S Bi:2:011:2 -115 32 <
ffff8e2301f32240 2004799037 S Bo:2:011:2 -115 32 = 57490080 ffffffff ffffffff ffffffff ffffffff ffffffff ffffffff ffffffff
ffff8e2301f33740 2004799041 S Bo:2:011:2 -115 32 = ffffffff ffffffff ffffffff ffffffff ffffffff ffffffff ffffffff ffffffff
ffff8e2301f32240 2004799115 C Bo:2:011:2 0 32 >
ffff8e2301f32240 2004799121 S Bo:2:011:2 -115 32 = ffffffff ffffffff ffffffff ffffffff ffffffff ffffffff ffffffff ffffffff
ffff8e2301f33740 2004799161 C Bo:2:011:2 0 32 >
ffff8e2301f33740 2004799162 S Bo:2:011:2 -115 32 = ffffffff ffffffff ffffffff ffffffff ffffffff ffffffff ffffffff ffffffff
ffff8e2301f32240 2004802051 C Bo:2:011:2 0 32 >
ffff8e2301f32240 2004802062 S Bo:2:011:2 -115 4 = ffffffff
ffff8e2301f33740 2004804764 C Bo:2:011:2 0 32 >
ffff8e2301f32240 2004807481 C Bo:2:011:2 0 4 >
ffff8e2301f326c0 2004812904 C Bi:2:011:2 0 1 = 06
ffff8e2301f326c0 2004812919 S Bi:2:011:2 -115 32 <
ffff8e2301f32240 2004813305 S Bo:2:011:2 -115 32 = 57498080 ffffffff ffffffff ffffffff ffffffff ffffffff ffffffff ffffffff
ffff8e2301f33740 2004813309 S Bo:2:011:2 -115 32 = ffffffff ffffffff ffffffff ffffffff ffffffff ffffffff ffffffff ffffffff
ffff8e2301f32240 2004813374 C Bo:2:011:2 0 32 >
ffff8e2301f32240 2004813377 S Bo:2:011:2 -115 32 = ffffffff ffffffff ffffffff ffffffff ffffffff ffffffff ffffffff ffffffff
ffff8e2301f33740 2004813416 C Bo:2:011:2 0 32 >
ffff8e2301f33740 2004813418 S Bo:2:011:2 -115 32 = ffffffff ffffffff ffffffff ffffffff ffffffff ffffffff ffffffff ffffffff
ffff8e2301f32240 2004816269 C Bo:2:011:2 0 32 >
ffff8e2301f32240 2004816280 S Bo:2:011:2 -115 4 = ffffffff
ffff8e2301f33740 2004819050 C Bo:2:011:2 0 32 >
ffff8e2301f32240 2004821728 C Bo:2:011:2 0 4 >
ffff8e2301f32e40 2004827218 C Bi:2:011:2 0 1 = 06
ffff8e2301f32e40 2004827231 S Bi:2:011:2 -115 32 <
ffff8e2301f32240 2004827571 S Bo:2:011:2 -115 32 = 574a0080 ffffffff ffffffff ffffffff ffffffff ffffffff ffffffff ffffffff
ffff8e2301f33740 2004827575 S Bo:2:011:2 -115 32 = ffffffff ffffffff ffffffff ffffffff ffffffff ffffffff ffffffff ffffffff
ffff8e2301f32240 2004827636 C Bo:2:011:2 0 32 >
ffff8e2301f32240 2004827639 S Bo:2:011:2 -115 32 = ffffffff ffffffff ffffffff ffffffff ffffffff ffffffff ffffffff ffffffff
ffff8e2301f33740 2004827682 C Bo:2:011:2 0 32 >
ffff8e2301f33740 2004827684 S Bo:2:011:2 -115 32 = ffffffff ffffffff ffffffff ffffffff ffffffff ffffffff ffffffff ffffffff
ffff8e2301f32240 2004830483 C Bo:2:011:2 0 32 >
ffff8e2301f32240 2004830496 S Bo:2:011:2 -115 4 = ffffffff
ffff8e2301f33740 2004833238 C Bo:2:011:2 0 32 >
ffff8e2301f32240 2004836038 C Bo:2:011:2 0 4 >
ffff8e2301f326c0 2004841375 C Bi:2:011:2 0 1 = 06
ffff8e2301f326c0 2004841388 S Bi:2:011:2 -115 32 <
ffff8e2301f32240 2004841828 S Bo:2:011:2 -115 32 = 574a8080 ffffffff ffffffff ffffffff ffffffff ffffffff ffffffff ffffffff
ffff8e2301f33740 2004841832 S Bo:2:011:2 -115 32 = ffffffff ffffffff ffffffff ffffffff ffffffff ffffffff ffffffff ffffffff
ffff8e2301f32240 2004841895 C Bo:2:011:2 0 32 >
ffff8e2301f32240 2004841898 S Bo:2:011:2 -115 32 = ffffffff ffffffff ffffffff ffffffff ffffffff ffffffff ffffffff ffffffff
ffff8e2301f33740 2004842028 C Bo:2:011:2 0 32 >
ffff8e2301f33740 2004842030 S Bo:2:011:2 -115 32 = ffffffff ffffffff ffffffff ffffffff ffffffff ffffffff ffffffff ffffffff
ffff8e2301f32240 2004844772 C Bo:2:011:2 0 32 >
ffff8e2301f32240 2004844783 S Bo:2:011:2 -115 4 = ffffffff
ffff8e2301f33740 2004847529 C Bo:2:011:2 0 32 >
ffff8e2301f32240 2004850263 C Bo:2:011:2 0 4 >
ffff8e2301f32e40 2004855719 C Bi:2:011:2 0 1 = 06
ffff8e2301f32e40 2004855734 S Bi:2:011:2 -115 32 <
ffff8e2301f32240 2004856014 S Bo:2:011:2 -115 32 = 574b0080 ffffffff ffffffff ffffffff ffffffff ffffffff ffffffff ffffffff
ffff8e2301f33740 2004856019 S Bo:2:011:2 -115 32 = ffffffff ffffffff ffffffff ffffffff ffffffff ffffffff ffffffff ffffffff
ffff8e2301f32240 2004856089 C Bo:2:011:2 0 32 >
ffff8e2301f32240 2004856095 S Bo:2:011:2 -115 32 = ffffffff ffffffff ffffffff ffffffff ffffffff ffffffff ffffffff ffffffff
ffff8e2301f33740 2004856136 C Bo:2:011:2 0 32 >
ffff8e2301f33740 2004856138 S Bo:2:011:2 -115 32 = ffffffff ffffffff ffffffff ffffffff ffffffff ffffffff ffffffff ffffffff
ffff8e2301f32240 2004858916 C Bo:2:011:2 0 32 >
ffff8e2301f32240 2004858929 S Bo:2:011:2 -115 4 = ffffffff
ffff8e2301f33740 2004861699 C Bo:2:011:2 0 32 >
ffff8e2301f32240 2004864465 C Bo:2:011:2 0 4 >
ffff8e2301f326c0 2004869858 C Bi:2:011:2 0 1 = 06
ffff8e2301f326c0 2004869871 S Bi:2:011:2 -115 32 <
ffff8e2301f32240 2004870224 S Bo:2:011:2 -115 32 = 574b8080 ffffffff ffffffff ffffffff ffffffff ffffffff ffffffff ffffffff
ffff8e2301f33740 2004870228 S Bo:2:011:2 -115 32 = ffffffff ffffffff ffffffff ffffffff ffffffff ffffffff ffffffff ffffffff
ffff8e2301f32240 2004870288 C Bo:2:011:2 0 32 >
ffff8e2301f32240 2004870291 S Bo:2:011:2 -115 32 = ffffffff ffffffff ffffffff ffffffff ffffffff ffffffff ffffffff ffffffff
ffff8e2301f33740 2004870335 C Bo:2:011:2 0 32 >
ffff8e2301f33740 2004870336 S Bo:2:011:2 -115 32 = ffffffff ffffffff ffffffff ffffffff ffffffff ffffffff ffffffff ffffffff
ffff8e2301f32240 2004873194 C Bo:2:011:2 0 32 >
ffff8e2301f32240 2004873207 S Bo:2:011:2 -115 4 = ffffffff
ffff8e2302151980 2004874082 S Bo:2:002:2 -115 31 = 55534243 33050000 00000000 00000600 00000000 00000000 00000000 000000
ffff8e2302151980 2004874126 C Bo:2:002:2 0 31 >
ffff8e2302151980 2004874136 S Bi:2:002:1 -115 13 <
ffff8e2302151980 2004874168 C Bi:2:002:1 0 13 = 55534253 33050000 00000000 00
ffff8e2301f33740 2004875938 C Bo:2:011:2 0 32 >
ffff8e2301f32240 2004878668 C Bo:2:011:2 0 4 >
ffff8e2301f32e40 2004884149 C Bi:2:011:2 0 1 = 06
ffff8e2301f32e40 2004884162 S Bi:2:011:2 -115 32 <
ffff8e2301f32240 2004884507 S Bo:2:011:2 -115 32 = 574c0080 ffffffff ffffffff ffffffff ffffffff ffffffff ffffffff ffffffff
ffff8e2301f33740 2004884511 S Bo:2:011:2 -115 32 = ffffffff ffffffff ffffffff ffffffff ffffffff ffffffff ffffffff ffffffff
ffff8e2301f32240 2004884572 C Bo:2:011:2 0 32 >
ffff8e2301f32240 2004884575 S Bo:2:011:2 -115 32 = ffffffff ffffffff ffffffff ffffffff ffffffff ffffffff ffffffff ffffffff
ffff8e2301f33740 2004884618 C Bo:2:011:2 0 32 >
ffff8e2301f33740 2004884619 S Bo:2:011:2 -115 32 = ffffffff ffffffff ffffffff ffffffff ffffffff ffffffff ffffffff ffffffff
ffff8e2301f32240 2004887414 C Bo:2:011:2 0 32 >
ffff8e2301f32240 2004887427 S Bo:2:011:2 -115 4 = ffffffff
ffff8e2301f33740 2004890171 C Bo:2:011:2 0 32 >
ffff8e2301f32240 2004893038 C Bo:2:011:2 0 4 >
ffff8e2301f326c0 2004898322 C Bi:2:011:2 0 1 = 06
ffff8e2301f326c0 2004898336 S Bi:2:011:2 -115 32 <
ffff8e2301f32240 2004898752 S Bo:2:011:2 -115 32 = 574c8080 ffffffff ffffffff ffffffff ffffffff ffffffff ffffffff ffffffff
ffff8e2301f33740 2004898756 S Bo:2:011:2 -115 32 = ffffffff ffffffff ffffffff ffffffff ffffffff ffffffff ffffffff ffffffff
ffff8e2301f32240 2004898819 C Bo:2:011:2 0 32 >
ffff8e2301f32240 2004898822 S Bo:2:011:2 -115 32 = ffffffff ffffffff ffffffff ffffffff ffffffff ffffffff ffffffff ffffffff
ffff8e2301f33740 2004898862 C Bo:2:011:2 0 32 >
ffff8e2301f33740 2004898864 S Bo:2:011:2 -115 32 = ffffffff ffffffff ffffffff ffffffff ffffffff ffffffff ffffffff ffffffff
ffff8e2301f32240 2004901693 C Bo:2:011:2 0 32 >
ffff8e2301f32240 2004901706 S Bo:2:011:2 -115 4 = ffffffff
ffff8e2301f33740 2004904483 C Bo:2:011:2 0 32 >
ffff8e2301f32240 2004907187 C Bo:2:011:2 0 4 >
ffff8e2301f32e40 2004912656 C Bi:2:011:2 0 1 = 06
ffff8e2301f32e40 2004912668 S Bi:2:011:2 -115 32 <
ffff8e2301f32240 2004913094 S Bo:2:011:2 -115 32 = 574d0080 ffffffff ffffffff ffffffff ffffffff ffffffff ffffffff ffffffff
ffff8e2301f33740 2004913098 S Bo:2:011:2 -115 32 = ffffffff ffffffff ffffffff ffffffff ffffffff ffffffff ffffffff ffffffff
ffff8e2301f32240 2004913161 C Bo:2:011:2 0 32 >
ffff8e2301f32240 2004913164 S Bo:2:011:2 -115 32 = ffffffff ffffffff ffffffff ffffffff ffffffff ffffffff ffffffff ffffffff
ffff8e2301f33740 2004913210 C Bo:2:011:2 0 32 >
ffff8e2301f33740 2004913211 S Bo:2:011:2 -115 32 = ffffffff ffffffff ffffffff ffffffff ffffffff ffffffff ffffffff ffffffff
ffff8e2301f32240 2004916059 C Bo:2:011:2 0 32 >
ffff8e2301f32240 2004916070 S Bo:2:011:2 -115 4 = ffffffff
ffff8e2301f33740 2004918770 C Bo:2:011:2 0 32 >
ffff8e2301f32240 2004921535 C Bo:2:011:2 0 4 >
ffff8e2301f326c0 2004927081 C Bi:2:011:2 0 1 = 06
ffff8e2301f326c0 2004927094 S Bi:2:011:2 -115 32 <
ffff8e2301f32240 2004927472 S Bo:2:011:2 -115 32 = 574d8080 ffffffff ffffffff ffffffff ffffffff ffffffff ffffffff ffffffff
ffff8e2301f33740 2004927475 S Bo:2:011:2 -115 32 = ffffffff ffffffff ffffffff ffffffff ffffffff ffffffff ffffffff ffffffff
ffff8e2301f32240 2004927537 C Bo:2:011:2 0 32 >
ffff8e2301f32240 2004927540 S Bo:2:011:2 -115 32 = ffffffff ffffffff ffffffff ffffffff ffffffff ffffffff ffffffff ffffffff
ffff8e2301f33740 2004927584 C Bo:2:011:2 0 32 >
ffff8e2301f33740 2004927585 S Bo:2:011:2 -115 32 = ffffffff ffffffff ffffffff ffffffff ffffffff ffffffff ffffffff ffffffff
ffff8e2301f32240 2004930413 C Bo:2:011:2 0 32 >
ffff8e2301f32240 2004930424 S Bo:2:011:2 -115 4 = ffffffff
ffff8e2301f33740 2004933194 C Bo:2:011:2 0 32 >
ffff8e2301f32240 2004935903 C Bo:2:011:2 0 4 >
ffff8e2301f32e40 2004941266 C Bi:2:011:2 0 1 = 06
ffff8e2301f32e40 2004941281 S Bi:2:011:2 -115 32 <
ffff8e2301f32240 2004941620 S Bo:2:011:2 -115 32 = 574e0080 ffffffff ffffffff ffffffff ffffffff ffffffff ffffffff ffffffff
ffff8e2301f33740 2004941623 S Bo:2:011:2 -115 32 = ffffffff ffffffff ffffffff ffffffff ffffffff ffffffff ffffffff ffffffff
ffff8e2301f32240 2004941684 C Bo:2:011:2 0 32 >
ffff8e2301f32240 2004941687 S Bo:2:011:2 -115 32 = ffffffff ffffffff ffffffff ffffffff ffffffff ffffffff ffffffff ffffffff
ffff8e2301f33740 2004941732 C Bo:2:011:2 0 32 >
ffff8e2301f33740 2004941733 S Bo:2:011:2 -115 32 = ffffffff ffffffff ffffffff ffffffff ffffffff ffffffff ffffffff ffffffff
ffff8e2301f32240 2004944537 C Bo:2:011:2 0 32 >
ffff8e2301f32240 2004944551 S Bo:2:011:2 -115 4 = ffffffff
ffff8e2301f33740 2004947338 C Bo:2:011:2 0 32 >
ffff8e2301f32240 2004950062 C Bo:2:011:2 0 4 >
ffff8e2301f326c0 2004955447 C Bi:2:011:2 0 1 = 06
ffff8e2301f326c0 2004955460 S Bi:2:011:2 -115 32 <
ffff8e2301f32240 2004955801 S Bo:2:011:2 -115 32 = 574e8080 ffffffff ffffffff ffffffff ffffffff ffffffff ffffffff ffffffff
ffff8e2301f33740 2004955805 S Bo:2:011:2 -115 32 = ffffffff ffffffff ffffffff ffffffff ffffffff ffffffff ffffffff ffffffff
ffff8e2301f32240 2004955866 C Bo:2:011:2 0 32 >
ffff8e2301f32240 2004955869 S Bo:2:011:2 -115 32 = ffffffff ffffffff ffffffff ffffffff ffffffff ffffffff ffffffff ffffffff
ffff8e2301f33740 2004955912 C Bo:2:011:2 0 32 >
ffff8e2301f33740 2004955914 S Bo:2:011:2 -115 32 = ffffffff ffffffff ffffffff ffffffff ffffffff ffffffff ffffffff ffffffff
ffff8e2301f32240 2004958764 C Bo:2:011:2 0 32 >
ffff8e2301f32240 2004958777 S Bo:2:011:2 -115 4 = ffffffff
ffff8e2301f33740 2004961505 C Bo:2:011:2 0 32 >
ffff8e2301f32240 2004964197 C Bo:2:011:2 0 4 >
ffff8e2301f32e40 2004969584 C Bi:2:011:2 0 1 = 06
ffff8e2301f32e40 2004969599 S Bi:2:011:2 -115 32 <
ffff8e2301f32240 2004970028 S Bo:2:011:2 -115 32 = 574f0080 ffffffff ffffffff ffffffff ffffffff ffffffff ffffffff ffffffff
ffff8e2301f33740 2004970032 S Bo:2:011:2 -115 32 = ffffffff ffffffff ffffffff ffffffff ffffffff ffffffff ffffffff ffffffff
ffff8e2301f32240 2004970097 C Bo:2:011:2 0 32 >
ffff8e2301f32240 2004970099 S Bo:2:011:2 -115 32 = ffffffff ffffffff ffffffff ffffffff ffffffff ffffffff ffffffff ffffffff
ffff8e2301f33740 2004970140 C Bo:2:011:2 0 32 >
ffff8e2301f33740 2004970141 S Bo:2:011:2 -115 32 = ffffffff ffffffff ffffffff ffffffff ffffffff ffffffff ffffffff ffffffff
ffff8e2301f32240 2004973048 C Bo:2:011:2 0 32 >
ffff8e2301f32240 2004973059 S Bo:2:011:2 -115 4 = ffffffff
ffff8e2301f33740 2004975744 C Bo:2:011:2 0 32 >
ffff8e2301f32240 2004978450 C Bo:2:011:2 0 4 >
ffff8e2301f326c0 2004983919 C Bi:2:011:2 0 1 = 06
ffff8e2301f326c0 2004983934 S Bi:2:011:2 -115 32 <
ffff8e2301f32240 2004984254 S Bo:2:011:2 -115 32 = 574f8080 ffffffff ffffffff ffffffff ffffffff ffffffff ffffffff ffffffff
ffff8e2301f33740 2004984258 S Bo:2:011:2 -115 32 = ffffffff ffffffff ffffffff ffffffff ffffffff ffffffff ffffffff ffffffff
ffff8e2301f32240 2004984321 C Bo:2:011:2 0 32 >
ffff8e2301f32240 2004984323 S Bo:2:011:2 -115 32 = ffffffff ffffffff ffffffff ffffffff ffffffff ffffffff ffffffff ffffffff
ffff8e2301f33740 2004984365 C Bo:2:011:2 0 32 >
ffff8e2301f33740 2004984366 S Bo:2:011:2 -115 32 = ffffffff ffffffff ffffffff ffffffff ffffffff ffffffff ffffffff ffffffff
ffff8e2301f32240 2004987194 C Bo:2:011:2 0 32 >
ffff8e2301f32240 2004987205 S Bo:2:011:2 -115 4 = ffffffff
ffff8e2301f33740 2004989961 C Bo:2:011:2 0 32 >
ffff8e2301f32240 2004992709 C Bo:2:011:2 0 4 >
ffff8e2301f32e40 2004998038 C Bi:2:011:2 0 1 = 06
ffff8e2301f32e40 2004998050 S Bi:2:011:2 -115 32 <
ffff8e2301f32240 2004998336 S Bo:2:011:2 -115 32 = 57500080 ffffffff ffffffff ffffffff ffffffff ffffffff ffffffff ffffffff
ffff8e2301f33740 2004998340 S Bo:2:011:2 -115 32 = ffffffff ffffffff ffffffff ffffffff ffffffff ffffffff ffffffff ffffffff
ffff8e2301f32240 2004998405 C Bo:2:011:2 0 32 >
ffff8e2301f32240 2004998410 S Bo:2:011:2 -115 32 = ffffffff ffffffff ffffffff ffffffff ffffffff ffffffff ffffffff ffffffff
ffff8e2301f33740 2004998448 C Bo:2:011:2 0 32 >
ffff8e2301f33740 2004998449 S Bo:2:011:2 -115 32 = ffffffff ffffffff ffffffff ffffffff ffffffff ffffffff ffffffff ffffffff
ffff8e2301f32240 2005001242 C Bo:2:011:2 0 32 >
ffff8e2301f32240 2005001255 S Bo:2:011:2 -115 4 = ffffffff
ffff8e2301f33740 2005004053 C Bo:2:011:2 0 32 >
ffff8e2301f32240 2005006762 C Bo:2:011:2 0 4 >
ffff8e2301f326c0 2005014428 C Bi:2:011:2 0 1 = 06
ffff8e2301f326c0 2005014441 S Bi:2:011:2 -115 32 <
ffff8e2301f32240 2005014744 S Bo:2:011:2 -115 32 = 57508080 ffffffff ffffffff ffffffff ffffffff ffffffff ffffffff ffffffff
ffff8e2301f33740 2005014748 S Bo:2:011:2 -115 32 = ffffffff ffffffff ffffffff ffffffff ffffffff ffffffff ffffffff ffffffff
ffff8e2301f32240 2005014809 C Bo:2:011:2 0 32 >
ffff8e2301f32240 2005014811 S Bo:2:011:2 -115 32 = ffffffff ffffffff ffffffff ffffffff ffffffff ffffffff ffffffff ffffffff
ffff8e2301f33740 2005014858 C Bo:2:011:2 0 32 >
ffff8e2301f33740 2005014859 S Bo:2:011:2 -115 32 = ffffffff ffffffff ffffffff ffffffff ffffffff ffffffff ffffffff ffffffff
ffff8e2301f32240 2005017665 C Bo:2:011:2 0 32 >
ffff8e2301f32240 2005017677 S Bo:2:011:2 -115 4 = ffffffff
ffff8e2301f33740 2005020486 C Bo:2:011:2 0 32 >
ffff8e2301f32240 2005023165 C Bo:2:011:2 0 4 >
ffff8e2301f32e40 2005028563 C Bi:2:011:2 0 1 = 06
ffff8e2301f32e40 2005028578 S Bi:2:011:2 -115 32 <
ffff8e2301f32240 2005028878 S Bo:2:011:2 -115 32 = 57510080 ffffffff ffffffff ffffffff ffffffff ffffffff ffffffff ffffffff
ffff8e2301f33740 2005028882 S Bo:2:011:2 -115 32 = ffffffff ffffffff ffffffff ffffffff ffffffff ffffffff ffffffff ffffffff
ffff8e2301f32240 2005029032 C Bo:2:011:2 0 32 >
ffff8e2301f32240 2005029038 S Bo:2:011:2 -115 32 = ffffffff ffffffff ffffffff ffffffff ffffffff ffffffff ffffffff ffffffff
ffff8e2301f33740 2005029089 C Bo:2:011:2 0 32 >
ffff8e2301f33740 2005029091 S Bo:2:011:2 -115 32 = ffffffff ffffffff ffffffff ffffffff ffffffff ffffffff ffffffff ffffffff
ffff8e2301f32240 2005031906 C Bo:2:011:2 0 32 >
ffff8e2301f32240 2005031919 S Bo:2:011:2 -115 4 = ffffffff
ffff8e2301f33740 2005034692 C Bo:2:011:2 0 32 >
ffff8e2301f32240 2005037388 C Bo:2:011:2 0 4 >
ffff8e2301f326c0 2005042906 C Bi:2:011:2 0 1 = 06
ffff8e2301f326c0 2005042918 S Bi:2:011:2 -115 32 <
ffff8e2301f32240 2005043227 S Bo:2:011:2 -115 32 = 57518080 ffffffff ffffffff ffffffff ffffffff ffffffff ffffffff ffffffff
ffff8e2301f33740 2005043231 S Bo:2:011:2 -115 32 = ffffffff ffffffff ffffffff ffffffff ffffffff ffffffff ffffffff ffffffff
ffff8e2301f32240 2005043292 C Bo:2:011:2 0 32 >
ffff8e2301f32240 2005043294 S Bo:2:011:2 -115 32 = ffffffff ffffffff ffffffff ffffffff ffffffff ffffffff ffffffff ffffffff
ffff8e2301f33740 2005043338 C Bo:2:011:2 0 32 >
ffff8e2301f33740 2005043339 S Bo:2:011:2 -115 32 = ffffffff ffffffff ffffffff ffffffff ffffffff ffffffff ffffffff ffffffff
ffff8e2301f32240 2005046130 C Bo:2:011:2 0 32 >
ffff8e2301f32240 2005046142 S Bo:2:011:2 -115 4 = ffffffff
ffff8e2301f33740 2005048905 C Bo:2:011:2 0 32 >
ffff8e2301f32240 2005051681 C Bo:2:011:2 0 4 >
ffff8e2301f32e40 2005057040 C Bi:2:011:2 0 1 = 06
ffff8e2301f32e40 2005057055 S Bi:2:011:2 -115 32 <
ffff8e2301f32240 2005057351 S Bo:2:011:2 -115 32 = 57520080 ffffffff ffffffff ffffffff ffffffff ffffffff ffffffff ffffffff
ffff8e2301f33740 2005057355 S Bo:2:011:2 -115 32 = ffffffff ffffffff ffffffff ffffffff ffffffff ffffffff ffffffff ffffffff
ffff8e2301f32240 2005057417 C Bo:2:011:2 0 32 >
ffff8e2301f32240 2005057423 S Bo:2:011:2 -115 32 = ffffffff ffffffff ffffffff ffffffff ffffffff ffffffff ffffffff ffffffff
ffff8e2301f33740 2005057463 C Bo:2:011:2 0 32 >
ffff8e2301f33740 2005057464 S Bo:2:011:2 -115 32 = ffffffff ffffffff ffffffff ffffffff ffffffff ffffffff ffffffff ffffffff
ffff8e2301f32240 2005060268 C Bo:2:011:2 0 32 >
ffff8e2301f32240 2005060279 S Bo:2:011:2 -115 4 = ffffffff
ffff8e2301f33740 2005063048 C Bo:2:011:2 0 32 >
ffff8e2301f32240 2005065777 C Bo:2:011:2 0 4 >
ffff8e2301f326c0 2005071174 C Bi:2:011:2 0 1 = 06
ffff8e2301f326c0 2005071186 S Bi:2:011:2 -115 32 <
ffff8e2301f32240 2005071476 S Bo:2:011:2 -115 32 = 57528080 ffffffff ffffffff ffffffff ffffffff ffffffff ffffffff ffffffff
ffff8e2301f33740 2005071480 S Bo:2:011:2 -115 32 = ffffffff ffffffff ffffffff ffffffff ffffffff ffffffff ffffffff ffffffff
ffff8e2301f32240 2005071545 C Bo:2:011:2 0 32 >
ffff8e2301f32240 2005071551 S Bo:2:011:2 -115 32 = ffffffff ffffffff ffffffff ffffffff ffffffff ffffffff ffffffff ffffffff
ffff8e2301f33740 2005071587 C Bo:2:011:2 0 32 >
ffff8e2301f33740 2005071588 S Bo:2:011:2 -115 32 = ffffffff ffffffff ffffffff ffffffff ffffffff ffffffff ffffffff ffffffff
ffff8e2301f32240 2005074418 C Bo:2:011:2 0 32 >
ffff8e2301f32240 2005074430 S Bo:2:011:2 -115 4 = ffffffff
ffff8e2301f33740 2005077171 C Bo:2:011:2 0 32 >
ffff8e2301f32240 2005079920 C Bo:2:011:2 0 4 >
ffff8e2301f32e40 2005085289 C Bi:2:011:2 0 1 = 06
ffff8e2301f32e40 2005085302 S Bi:2:011:2 -115 32 <
ffff8e2301f32240 2005085632 S Bo:2:011:2 -115 32 = 57530080 ffffffff ffffffff ffffffff ffffffff ffffffff ffffffff ffffffff
ffff8e2301f33740 2005085636 S Bo:2:011:2 -115 32 = ffffffff ffffffff ffffffff ffffffff ffffffff ffffffff ffffffff ffffffff
ffff8e2301f32240 2005085700 C Bo:2:011:2 0 32 >
ffff8e2301f32240 2005085706 S Bo:2:011:2 -115 32 = ffffffff ffffffff ffffffff ffffffff ffffffff ffffffff ffffffff ffffffff
ffff8e2301f33740 2005085743 C Bo:2:011:2 0 32 >
ffff8e2301f33740 2005085744 S Bo:2:011:2 -115 32 = ffffffff ffffffff ffffffff ffffffff ffffffff ffffffff ffffffff ffffffff
ffff8e2301f32240 2005088568 C Bo:2:011:2 0 32 >
ffff8e2301f32240 2005088582 S Bo:2:011:2 -115 4 = ffffffff
ffff8e2301f33740 2005091324 C Bo:2:011:2 0 32 >
ffff8e2301f32240 2005094082 C Bo:2:011:2 0 4 >
ffff8e2301f326c0 2005099499 C Bi:2:011:2 0 1 = 06
ffff8e2301f326c0 2005099513 S Bi:2:011:2 -115 32 <
ffff8e2301f32240 2005099894 S Bo:2:011:2 -115 32 = 57538080 ffffffff ffffffff ffffffff ffffffff ffffffff ffffffff ffffffff
ffff8e2301f33740 2005099899 S Bo:2:011:2 -115 32 = ffffffff ffffffff ffffffff ffffffff ffffffff ffffffff ffffffff ffffffff
ffff8e2301f32240 2005100031 C Bo:2:011:2 0 32 >
ffff8e2301f32240 2005100037 S Bo:2:011:2 -115 32 = ffffffff ffffffff ffffffff ffffffff ffffffff ffffffff ffffffff ffffffff
ffff8e2301f33740 2005100075 C Bo:2:011:2 0 32 >
ffff8e2301f33740 2005100077 S Bo:2:011:2 -115 32 = ffffffff ffffffff ffffffff ffffffff ffffffff ffffffff ffffffff ffffffff
ffff8e2301f32240 2005102915 C Bo:2:011:2 0 32 >
ffff8e2301f32240 2005102929 S Bo:2:011:2 -115 4 = ffffffff
ffff8e2301f33740 2005105651 C Bo:2:011:2 0 32 >
ffff8e2301f32240 2005108415 C Bo:2:011:2 0 4 >
ffff8e2301f32e40 2005113816 C Bi:2:011:2 0 1 = 06
ffff8e2301f32e40 2005113831 S Bi:2:011:2 -115 32 <
ffff8e2301f32240 2005114148 S Bo:2:011:2 -115 32 = 57540080 ffffffff ffffffff ffffffff ffffffff ffffffff ffffffff ffffffff
ffff8e2301f33740 2005114152 S Bo:2:011:2 -115 32 = ffffffff ffffffff ffffffff ffffffff ffffffff ffffffff ffffffff ffffffff
ffff8e2301f32240 2005114215 C Bo:2:011:2 0 32 >
ffff8e2301f32240 2005114217 S Bo:2:011:2 -115 32 = ffffffff ffffffff ffffffff ffffffff ffffffff ffffffff ffffffff ffffffff
ffff8e2301f33740 2005114260 C Bo:2:011:2 0 32 >
ffff8e2301f33740 2005114261 S Bo:2:011:2 -115 32 = ffffffff ffffffff ffffffff ffffffff ffffffff ffffffff ffffffff ffffffff
ffff8e2301f32240 2005117052 C Bo:2:011:2 0 32 >
ffff8e2301f32240 2005117063 S Bo:2:011:2 -115 4 = ffffffff
ffff8e2301f33740 2005119814 C Bo:2:011:2 0 32 >
ffff8e2301f32240 2005122591 C Bo:2:011:2 0 4 >
ffff8e2301f326c0 2005128038 C Bi:2:011:2 0 1 = 06
ffff8e2301f326c0 2005128051 S Bi:2:011:2 -115 32 <
ffff8e2301f32240 2005128392 S Bo:2:011:2 -115 32 = 57548080 ffffffff ffffffff ffffffff ffffffff ffffffff ffffffff ffffffff
ffff8e2301f33740 2005128396 S Bo:2:011:2 -115 32 = ffffffff ffffffff ffffffff ffffffff ffffffff ffffffff ffffffff ffffffff
ffff8e2301f32240 2005128463 C Bo:2:011:2 0 32 >
ffff8e2301f32240 2005128465 S Bo:2:011:2 -115 32 = ffffffff ffffffff ffffffff ffffffff ffffffff ffffffff ffffffff ffffffff
ffff8e2301f33740 2005128509 C Bo:2:011:2 0 32 >
ffff8e2301f33740 2005128510 S Bo:2:011:2 -115 32 = ffffffff ffffffff ffffffff ffffffff ffffffff ffffffff ffffffff ffffffff
ffff8e2301f32240 2005131313 C Bo:2:011:2 0 32 >
ffff8e2301f32240 2005131325 S Bo:2:011:2 -115 4 = ffffffff
ffff8e2301f33740 2005134105 C Bo:2:011:2 0 32 >
ffff8e2301f32240 2005136827 C Bo:2:011:2 0 4 >
ffff8e2301f32e40 2005142268 C Bi:2:011:2 0 1 = 06
ffff8e2301f32e40 2005142281 S Bi:2:011:2 -115 32 <
ffff8e2301f32240 2005142646 S Bo:2:011:2 -115 32 = 57550080 ffffffff ffffffff ffffffff ffffffff ffffffff ffffffff ffffffff
ffff8e2301f33740 2005142650 S Bo:2:011:2 -115 32 = ffffffff ffffffff ffffffff ffffffff ffffffff ffffffff ffffffff ffffffff
ffff8e2301f32240 2005142715 C Bo:2:011:2 0 32 >
ffff8e2301f32240 2005142718 S Bo:2:011:2 -115 32 = ffffffff ffffffff ffffffff ffffffff ffffffff ffffffff ffffffff ffffffff
ffff8e2301f33740 2005142759 C Bo:2:011:2 0 32 >
ffff8e2301f33740 2005142760 S Bo:2:011:2 -115 32 = ffffffff ffffffff ffffffff ffffffff ffffffff ffffffff ffffffff ffffffff
ffff8e2301f32240 2005145588 C Bo:2:011:2 0 32 >
ffff8e2301f32240 2005145600 S Bo:2:011:2 -115 4 = ffffffff
ffff8e2301f33740 2005148335 C Bo:2:011:2 0 32 >
ffff8e2301f32240 2005151084 C Bo:2:011:2 0 4 >
ffff8e2301f326c0 2005156607 C Bi:2:011:2 0 1 = 06
ffff8e2301f326c0 2005156621 S Bi:2:011:2 -115 32 <
ffff8e2301f32240 2005156936 S Bo:2:011:2 -115 32 = 57558080 ffffffff ffffffff ffffffff ffffffff ffffffff ffffffff ffffffff
ffff8e2301f33740 2005156947 S Bo:2:011:2 -115 32 = ffffffff ffffffff ffffffff ffffffff ffffffff ffffffff ffffffff ffffffff
ffff8e2301f32240 2005157033 C Bo:2:011:2 0 32 >
ffff8e2301f32240 2005157039 S Bo:2:011:2 -115 32 = ffffffff ffffffff ffffffff ffffffff ffffffff ffffffff ffffffff ffffffff
ffff8e2301f33740 2005157091 C Bo:2:011:2 0 32 >
ffff8e2301f33740 2005157092 S Bo:2:011:2 -115 32 = ffffffff ffffffff ffffffff ffffffff ffffffff ffffffff ffffffff ffffffff
ffff8e2301f32240 2005159916 C Bo:2:011:2 0 32 >
ffff8e2301f32240 2005159929 S Bo:2:011:2 -115 4 = ffffffff
ffff8e2301f33740 2005162693 C Bo:2:011:2 0 32 >
ffff8e2301f32240 2005165388 C Bo:2:011:2 0 4 >
ffff8e2301f32e40 2005170745 C Bi:2:011:2 0 1 = 06
ffff8e2301f32e40 2005170758 S Bi:2:011:2 -115 32 <
ffff8e2301f32240 2005171133 S Bo:2:011:2 -115 32 = 57560080 ffffffff ffffffff ffffffff ffffffff ffffffff ffffffff ffffffff
ffff8e2301f33740 2005171137 S Bo:2:011:2 -115 32 = ffffffff ffffffff ffffffff ffffffff ffffffff ffffffff ffffffff ffffffff
ffff8e2301f32240 2005171200 C Bo:2:011:2 0 32 >
ffff8e2301f32240 2005171203 S Bo:2:011:2 -115 32 = ffffffff ffffffff ffffffff ffffffff ffffffff ffffffff ffffffff ffffffff
ffff8e2301f33740 2005171244 C Bo:2:011:2 0 32 >
ffff8e2301f33740 2005171245 S Bo:2:011:2 -115 32 = ffffffff ffffffff ffffffff ffffffff ffffffff ffffffff ffffffff ffffffff
ffff8e2301f32240 2005174048 C Bo:2:011:2 0 32 >
ffff8e2301f32240 2005174061 S Bo:2:011:2 -115 4 = ffffffff
ffff8e2301f33740 2005176835 C Bo:2:011:2 0 32 >
ffff8e2301f32240 2005179583 C Bo:2:011:2 0 4 >
ffff8e2301f326c0 2005185077 C Bi:2:011:2 0 1 = 06
ffff8e2301f326c0 2005185090 S Bi:2:011:2 -115 32 <
ffff8e2301f32240 2005185385 S Bo:2:011:2 -115 32 = 57568080 ffffffff ffffffff ffffffff ffffffff ffffffff ffffffff ffffffff
ffff8e2301f33740 2005185389 S Bo:2:011:2 -115 32 = ffffffff ffffffff ffffffff ffffffff ffffffff ffffffff ffffffff ffffffff
ffff8e2301f32240 2005185450 C Bo:2:011:2 0 32 >
ffff8e2301f32240 2005185456 S Bo:2:011:2 -115 32 = ffffffff ffffffff ffffffff ffffffff ffffffff ffffffff ffffffff ffffffff
ffff8e2301f33740 2005185496 C Bo:2:011:2 0 32 >
ffff8e2301f33740 2005185497 S Bo:2:011:2 -115 32 = ffffffff ffffffff ffffffff ffffffff ffffffff ffffffff ffffffff ffffffff
ffff8e2301f32240 2005188335 C Bo:2:011:2 0 32 >
ffff8e2301f32240 2005188346 S Bo:2:011:2 -115 4 = ffffffff
ffff8e2301f33740 2005191051 C Bo:2:011:2 0 32 >
ffff8e2301f32240 2005193824 C Bo:2:011:2 0 4 >
ffff8e2301f32e40 2005199218 C Bi:2:011:2 0 1 = 06
ffff8e2301f32e40 2005199233 S Bi:2:011:2 -115 32 <
ffff8e2301f32240 2005199580 S Bo:2:011:2 -115 32 = 57570080 ffffffff ffffffff ffffffff ffffffff ffffffff ffffffff ffffffff
ffff8e2301f33740 2005199584 S Bo:2:011:2 -115 32 = ffffffff ffffffff ffffffff ffffffff ffffffff ffffffff ffffffff ffffffff
ffff8e2301f32240 2005199646 C Bo:2:011:2 0 32 >
ffff8e2301f32240 2005199649 S Bo:2:011:2 -115 32 = ffffffff ffffffff ffffffff ffffffff ffffffff ffffffff ffffffff ffffffff
ffff8e2301f33740 2005199690 C Bo:2:011:2 0 32 >
ffff8e2301f33740 2005199691 S Bo:2:011:2 -115 32 = ffffffff ffffffff ffffffff ffffffff ffffffff ffffffff ffffffff ffffffff
ffff8e2301f32240 2005202455 C Bo:2:011:2 0 32 >
ffff8e2301f32240 2005202467 S Bo:2:011:2 -115 4 = ffffffff
ffff8e2301f33740 2005205242 C Bo:2:011:2 0 32 >
ffff8e2301f32240 2005208012 C Bo:2:011:2 0 4 >
ffff8e2301f326c0 2005213402 C Bi:2:011:2 0 1 = 06
ffff8e2301f326c0 2005213415 S Bi:2:011:2 -115 32 <
ffff8e2301f32240 2005213832 S Bo:2:011:2 -115 32 = 57578080 ffffffff ffffffff ffffffff ffffffff ffffffff ffffffff ffffffff
ffff8e2301f33740 2005213836 S Bo:2:011:2 -115 32 = ffffffff ffffffff ffffffff ffffffff ffffffff ffffffff ffffffff ffffffff
ffff8e2301f32240 2005213900 C Bo:2:011:2 0 32 >
ffff8e2301f32240 2005213904 S Bo:2:011:2 -115 32 = ffffffff ffffffff ffffffff ffffffff ffffffff ffffffff ffffffff ffffffff
ffff8e2301f33740 2005214035 C Bo:2:011:2 0 32 >
ffff8e2301f33740 2005214038 S Bo:2:011:2 -115 32 = ffffffff ffffffff ffffffff ffffffff ffffffff ffffffff ffffffff ffffffff
ffff8e2301f32240 2005216780 C Bo:2:011:2 0 32 >
ffff8e2301f32240 2005216793 S Bo:2:011:2 -115 4 = ffffffff
ffff8e2301f33740 2005219550 C Bo:2:011:2 0 32 >
ffff8e2301f32240 2005222245 C Bo:2:011:2 0 4 >
ffff8e2301f32e40 2005227722 C Bi:2:011:2 0 1 = 06
ffff8e2301f32e40 2005227737 S Bi:2:011:2 -115 32 <
ffff8e2301f32240 2005228160 S Bo:2:011:2 -115 32 = 57580080 ffffffff ffffffff ffffffff ffffffff ffffffff ffffffff ffffffff
ffff8e2301f33740 2005228164 S Bo:2:011:2 -115 32 = ffffffff ffffffff ffffffff ffffffff ffffffff ffffffff ffffffff ffffffff
ffff8e2301f32240 2005228228 C Bo:2:011:2 0 32 >
ffff8e2301f32240 2005228230 S Bo:2:011:2 -115 32 = ffffffff ffffffff ffffffff ffffffff ffffffff ffffffff ffffffff ffffffff
ffff8e2301f33740 2005228270 C Bo:2:011:2 0 32 >
ffff8e2301f33740 2005228271 S Bo:2:011:2 -115 32 = ffffffff ffffffff ffffffff ffffffff ffffffff ffffffff ffffffff ffffffff
ffff8e2301f32240 2005231105 C Bo:2:011:2 0 32 >
ffff8e2301f32240 2005231116 S Bo:2:011:2 -115 4 = ffffffff
ffff8e2301f33740 2005233835 C Bo:2:011:2 0 32 >
ffff8e2301f32240 2005236615 C Bo:2:011:2 0 4 >
ffff8e2301f326c0 2005242043 C Bi:2:011:2 0 1 = 06
ffff8e2301f326c0 2005242056 S Bi:2:011:2 -115 32 <
ffff8e2301f32240 2005242479 S Bo:2:011:2 -115 32 = 57588080 ffffffff ffffffff ffffffff ffffffff ffffffff ffffffff ffffffff
ffff8e2301f33740 2005242483 S Bo:2:011:2 -115 32 = ffffffff ffffffff ffffffff ffffffff ffffffff ffffffff ffffffff ffffffff
ffff8e2301f32240 2005242547 C Bo:2:011:2 0 32 >
ffff8e2301f32240 2005242550 S Bo:2:011:2 -115 32 = ffffffff ffffffff ffffffff ffffffff ffffffff ffffffff ffffffff ffffffff
ffff8e2301f33740 2005242590 C Bo:2:011:2 0 32 >
ffff8e2301f33740 2005242591 S Bo:2:011:2 -115 32 = ffffffff ffffffff ffffffff ffffffff ffffffff ffffffff ffffffff ffffffff
ffff8e2301f32240 2005245410 C Bo:2:011:2 0 32 >
ffff8e2301f32240 2005245422 S Bo:2:011:2 -115 4 = ffffffff
ffff8e2301f33740 2005248201 C Bo:2:011:2 0 32 >
ffff8e2301f32240 2005250904 C Bo:2:011:2 0 4 >
ffff8e2301f32e40 2005256337 C Bi:2:011:2 0 1 = 06
ffff8e2301f32e40 2005256350 S Bi:2:011:2 -115 32 <
ffff8e2301f32240 2005256773 S Bo:2:011:2 -115 32 = 57590080 ffffffff ffffffff ffffffff ffffffff ffffffff ffffffff ffffffff
ffff8e2301f33740 2005256777 S Bo:2:011:2 -115 32 = ffffffff ffffffff ffffffff ffffffff ffffffff ffffffff ffffffff ffffffff
ffff8e2301f32240 2005256844 C Bo:2:011:2 0 32 >
ffff8e2301f32240 2005256847 S Bo:2:011:2 -115 32 = ffffffff ffffffff ffffffff ffffffff ffffffff ffffffff ffffffff ffffffff
ffff8e2301f33740 2005256887 C Bo:2:011:2 0 32 >
ffff8e2301f33740 2005256888 S Bo:2:011:2 -115 32 = ffffffff ffffffff ffffffff ffffffff ffffffff ffffffff ffffffff ffffffff
ffff8e2301f32240 2005259702 C Bo:2:011:2 0 32 >
ffff8e2301f32240 2005259713 S Bo:2:011:2 -115 4 = ffffffff
ffff8e2301f33740 2005262484 C Bo:2:011:2 0 32 >
ffff8e2301f32240 2005265198 C Bo:2:011:2 0 4 >
ffff8e2301f326c0 2005270652 C Bi:2:011:2 0 1 = 06
ffff8e2301f326c0 2005270667 S Bi:2:011:2 -115 32 <
ffff8e2301f32240 2005271027 S Bo:2:011:2 -115 32 = 57598080 ffffffff ffffffff ffffffff ffffffff ffffffff ffffffff ffffffff
ffff8e2301f33740 2005271031 S Bo:2:011:2 -115 32 = ffffffff ffffffff ffffffff ffffffff ffffffff ffffffff ffffffff ffffffff
ffff8e2301f32240 2005271095 C Bo:2:011:2 0 32 >
ffff8e2301f32240 2005271098 S Bo:2:011:2 -115 32 = ffffffff ffffffff ffffffff ffffffff ffffffff ffffffff ffffffff ffffffff
ffff8e2301f33740 2005271141 C Bo:2:011:2 0 32 >
ffff8e2301f33740 2005271142 S Bo:2:011:2 -115 32 = ffffffff ffffffff ffffffff ffffffff ffffffff ffffffff ffffffff ffffffff
ffff8e2301f32240 2005274052 C Bo:2:011:2 0 32 >
ffff8e2301f32240 2005274063 S Bo:2:011:2 -115 4 = ffffffff
ffff8e2301f33740 2005276694 C Bo:2:011:2 0 32 >
ffff8e2301f32240 2005279488 C Bo:2:011:2 0 4 >
ffff8e2301f32e40 2005284819 C Bi:2:011:2 0 1 = 06
ffff8e2301f32e40 2005284834 S Bi:2:011:2 -115 32 <
ffff8e2301f32240 2005285174 S Bo:2:011:2 -115 32 = 575a0080 ffffffff ffffffff ffffffff ffffffff ffffffff ffffffff ffffffff
ffff8e2301f33740 2005285178 S Bo:2:011:2 -115 32 = ffffffff ffffffff ffffffff ffffffff ffffffff ffffffff ffffffff ffffffff
ffff8e2301f32240 2005285247 C Bo:2:011:2 0 32 >
ffff8e2301f32240 2005285251 S Bo:2:011:2 -115 32 = ffffffff ffffffff ffffffff ffffffff ffffffff ffffffff ffffffff ffffffff
ffff8e2301f33740 2005285294 C Bo:2:011:2 0 32 >
ffff8e2301f33740 2005285295 S Bo:2:011:2 -115 32 = ffffffff ffffffff ffffffff ffffffff ffffffff ffffffff ffffffff ffffffff
ffff8e2301f32240 2005288129 C Bo:2:011:2 0 32 >
ffff8e2301f32240 2005288140 S Bo:2:011:2 -115 4 = ffffffff
ffff8e2301f33740 2005290905 C Bo:2:011:2 0 32 >
ffff8e2301f32240 2005293630 C Bo:2:011:2 0 4 >
ffff8e2301f326c0 2005299041 C Bi:2:011:2 0 1 = 06
ffff8e2301f326c0 2005299054 S Bi:2:011:2 -115 32 <
ffff8e2301f32240 2005299348 S Bo:2:011:2 -115 32 = 575a8080 ffffffff ffffffff ffffffff ffffffff ffffffff ffffffff ffffffff
ffff8e2301f33740 2005299352 S Bo:2:011:2 -115 32 = ffffffff ffffffff ffffffff ffffffff ffffffff ffffffff ffffffff ffffffff
ffff8e2301f32240 2005299414 C Bo:2:011:2 0 32 >
ffff8e2301f32240 2005299420 S Bo:2:011:2 -115 32 = ffffffff ffffffff ffffffff ffffffff ffffffff ffffffff ffffffff ffffffff
ffff8e2301f33740 2005299460 C Bo:2:011:2 0 32 >
ffff8e2301f33740 2005299461 S Bo:2:011:2 -115 32 = ffffffff ffffffff ffffffff ffffffff ffffffff ffffffff ffffffff ffffffff
ffff8e2301f32240 2005302268 C Bo:2:011:2 0 32 >
ffff8e2301f32240 2005302280 S Bo:2:011:2 -115 4 = ffffffff
ffff8e2301f33740 2005305052 C Bo:2:011:2 0 32 >
ffff8e2301f32240 2005307778 C Bo:2:011:2 0 4 >
ffff8e2301f32e40 2005313313 C Bi:2:011:2 0 1 = 06
ffff8e2301f32e40 2005313326 S Bi:2:011:2 -115 32 <
ffff8e2301f32240 2005313622 S Bo:2:011:2 -115 32 = 575b0080 ffffffff ffffffff ffffffff ffffffff ffffffff ffffffff ffffffff
ffff8e2301f33740 2005313626 S Bo:2:011:2 -115 32 = ffffffff ffffffff ffffffff ffffffff ffffffff ffffffff ffffffff ffffffff
ffff8e2301f32240 2005313687 C Bo:2:011:2 0 32 >
ffff8e2301f32240 2005313690 S Bo:2:011:2 -115 32 = ffffffff ffffffff ffffffff ffffffff ffffffff ffffffff ffffffff ffffffff
ffff8e2301f33740 2005313733 C Bo:2:011:2 0 32 >
ffff8e2301f33740 2005313735 S Bo:2:011:2 -115 32 = ffffffff ffffffff ffffffff ffffffff ffffffff ffffffff ffffffff ffffffff
ffff8e2301f32240 2005316561 C Bo:2:011:2 0 32 >
ffff8e2301f32240 2005316572 S Bo:2:011:2 -115 4 = ffffffff
ffff8e2301f33740 2005319328 C Bo:2:011:2 0 32 >
ffff8e2301f32240 2005322058 C Bo:2:011:2 0 4 >
ffff8e2301f326c0 2005327429 C Bi:2:011:2 0 1 = 06
ffff8e2301f326c0 2005327443 S Bi:2:011:2 -115 32 <
ffff8e2301f32240 2005327792 S Bo:2:011:2 -115 32 = 575b8080 ffffffff ffffffff ffffffff ffffffff ffffffff ffffffff ffffffff
ffff8e2301f33740 2005327796 S Bo:2:011:2 -115 32 = ffffffff ffffffff ffffffff ffffffff ffffffff ffffffff ffffffff ffffffff
ffff8e2301f32240 2005327863 C Bo:2:011:2 0 32 >
ffff8e2301f32240 2005327865 S Bo:2:011:2 -115 32 = ffffffff ffffffff ffffffff ffffffff ffffffff ffffffff ffffffff ffffffff
ffff8e2301f33740 2005327908 C Bo:2:011:2 0 32 >
ffff8e2301f33740 2005327910 S Bo:2:011:2 -115 32 = ffffffff ffffffff ffffffff ffffffff ffffffff ffffffff ffffffff ffffffff
ffff8e2301f32240 2005330711 C Bo:2:011:2 0 32 >
ffff8e2301f32240 2005330724 S Bo:2:011:2 -115 4 = ffffffff
ffff8e2301f33740 2005333486 C Bo:2:011:2 0 32 >
ffff8e2301f32240 2005336212 C Bo:2:011:2 0 4 >
ffff8e2301f32e40 2005341592 C Bi:2:011:2 0 1 = 06
ffff8e2301f32e40 2005341605 S Bi:2:011:2 -115 32 <
ffff8e2301f32240 2005342039 S Bo:2:011:2 -115 32 = 575c0080 ffffffff ffffffff ffffffff ffffffff ffffffff ffffffff ffffffff
ffff8e2301f33740 2005342043 S Bo:2:011:2 -115 32 = ffffffff ffffffff ffffffff ffffffff ffffffff ffffffff ffffffff ffffffff
ffff8e2301f32240 2005342115 C Bo:2:011:2 0 32 >
ffff8e2301f32240 2005342117 S Bo:2:011:2 -115 32 = ffffffff ffffffff ffffffff ffffffff ffffffff ffffffff ffffffff ffffffff
ffff8e2301f33740 2005342158 C Bo:2:011:2 0 32 >
ffff8e2301f33740 2005342159 S Bo:2:011:2 -115 32 = ffffffff ffffffff ffffffff ffffffff ffffffff ffffffff ffffffff ffffffff
ffff8e2301f32240 2005345063 C Bo:2:011:2 0 32 >
ffff8e2301f32240 2005345074 S Bo:2:011:2 -115 4 = ffffffff
ffff8e2301f33740 2005347773 C Bo:2:011:2 0 32 >
ffff8e2301f32240 2005350467 C Bo:2:011:2 0 4 >
ffff8e2301f326c0 2005355905 C Bi:2:011:2 0 1 = 06
ffff8e2301f326c0 2005355920 S Bi:2:011:2 -115 32 <
ffff8e2301f32240 2005356238 S Bo:2:011:2 -115 32 = 575c8080 ffffffff ffffffff ffffffff ffffffff ffffffff ffffffff ffffffff
ffff8e2301f33740 2005356241 S Bo:2:011:2 -115 32 = ffffffff ffffffff ffffffff ffffffff ffffffff ffffffff ffffffff ffffffff
ffff8e2301f32240 2005356304 C Bo:2:011:2 0 32 >
ffff8e2301f32240 2005356307 S Bo:2:011:2 -115 32 = ffffffff ffffffff ffffffff ffffffff ffffffff ffffffff ffffffff ffffffff
ffff8e2301f33740 2005356348 C Bo:2:011:2 0 32 >
ffff8e2301f33740 2005356350 S Bo:2:011:2 -115 32 = ffffffff ffffffff ffffffff ffffffff ffffffff ffffffff ffffffff ffffffff
ffff8e2301f32240 2005359170 C Bo:2:011:2 0 32 >
ffff8e2301f32240 2005359181 S Bo:2:011:2 -115 4 = ffffffff
ffff8e2301f33740 2005361905 C Bo:2:011:2 0 32 >
ffff8e2301f32240 2005364665 C Bo:2:011:2 0 4 >
ffff8e2301f32e40 2005370062 C Bi:2:011:2 0 1 = 06
ffff8e2301f32e40 2005370075 S Bi:2:011:2 -115 32 <
ffff8e2301f32240 2005370381 S Bo:2:011:2 -115 32 = 575d0080 ffffffff ffffffff ffffffff ffffffff ffffffff ffffffff ffffffff
ffff8e2301f33740 2005370385 S Bo:2:011:2 -115 32 = ffffffff ffffffff ffffffff ffffffff ffffffff ffffffff ffffffff ffffffff
ffff8e2301f32240 2005370447 C Bo:2:011:2 0 32 >
ffff8e2301f32240 2005370449 S Bo:2:011:2 -115 32 = ffffffff ffffffff ffffffff ffffffff ffffffff ffffffff ffffffff ffffffff
ffff8e2301f33740 2005370492 C Bo:2:011:2 0 32 >
ffff8e2301f33740 2005370494 S Bo:2:011:2 -115 32 = ffffffff ffffffff ffffffff ffffffff ffffffff ffffffff ffffffff ffffffff
ffff8e2301f32240 2005373336 C Bo:2:011:2 0 32 >
ffff8e2301f32240 2005373349 S Bo:2:011:2 -115 4 = ffffffff
ffff8e2301f33740 2005376045 C Bo:2:011:2 0 32 >
ffff8e2301f32240 2005378814 C Bo:2:011:2 0 4 >
ffff8e2301f326c0 2005384171 C Bi:2:011:2 0 1 = 06
ffff8e2301f326c0 2005384183 S Bi:2:011:2 -115 32 <
ffff8e2301f32240 2005384501 S Bo:2:011:2 -115 32 = 575d8080 ffffffff ffffffff ffffffff ffffffff ffffffff ffffffff ffffffff
ffff8e2301f33740 2005384505 S Bo:2:011:2 -115 32 = ffffffff ffffffff ffffffff ffffffff ffffffff ffffffff ffffffff ffffffff
ffff8e2301f32240 2005384567 C Bo:2:011:2 0 32 >
ffff8e2301f32240 2005384570 S Bo:2:011:2 -115 32 = ffffffff ffffffff ffffffff ffffffff ffffffff ffffffff ffffffff ffffffff
ffff8e2301f33740 2005384614 C Bo:2:011:2 0 32 >
ffff8e2301f33740 2005384615 S Bo:2:011:2 -115 32 = ffffffff ffffffff ffffffff ffffffff ffffffff ffffffff ffffffff ffffffff
ffff8e2301f32240 2005387416 C Bo:2:011:2 0 32 >
ffff8e2301f32240 2005387427 S Bo:2:011:2 -115 4 = ffffffff
ffff8e2301f33740 2005390197 C Bo:2:011:2 0 32 >
ffff8e2301f32240 2005393049 C Bo:2:011:2 0 4 >
ffff8e2301f32e40 2005398386 C Bi:2:011:2 0 1 = 06
ffff8e2301f32e40 2005398399 S Bi:2:011:2 -115 32 <
ffff8e2301f32240 2005398791 S Bo:2:011:2 -115 32 = 575e0080 ffffffff ffffffff ffffffff ffffffff ffffffff ffffffff ffffffff
ffff8e2301f33740 2005398795 S Bo:2:011:2 -115 32 = ffffffff ffffffff ffffffff ffffffff ffffffff ffffffff ffffffff ffffffff
ffff8e2301f32240 2005398866 C Bo:2:011:2 0 32 >
ffff8e2301f32240 2005398869 S Bo:2:011:2 -115 32 = ffffffff ffffffff ffffffff ffffffff ffffffff ffffffff ffffffff ffffffff
ffff8e2301f33740 2005398908 C Bo:2:011:2 0 32 >
ffff8e2301f33740 2005398909 S Bo:2:011:2 -115 32 = ffffffff ffffffff ffffffff ffffffff ffffffff ffffffff ffffffff ffffffff
ffff8e2301f32240 2005401690 C Bo:2:011:2 0 32 >
ffff8e2301f32240 2005401703 S Bo:2:011:2 -115 4 = ffffffff
ffff8e2301f33740 2005404481 C Bo:2:011:2 0 32 >
ffff8e2301f32240 2005407221 C Bo:2:011:2 0 4 >
ffff8e2301f326c0 2005412699 C Bi:2:011:2 0 1 = 06
ffff8e2301f326c0 2005412714 S Bi:2:011:2 -115 32 <
ffff8e2301f32240 2005413146 S Bo:2:011:2 -115 32 = 575e8080 ffffffff ffffffff ffffffff ffffffff ffffffff ffffffff ffffffff
ffff8e2301f33740 2005413149 S Bo:2:011:2 -115 32 = ffffffff ffffffff ffffffff ffffffff ffffffff ffffffff ffffffff ffffffff
ffff8e2301f32240 2005413219 C Bo:2:011:2 0 32 >
ffff8e2301f32240 2005413222 S Bo:2:011:2 -115 32 = ffffffff ffffffff ffffffff ffffffff ffffffff ffffffff ffffffff ffffffff
ffff8e2301f33740 2005413260 C Bo:2:011:2 0 32 >
ffff8e2301f33740 2005413262 S Bo:2:011:2 -115 32 = ffffffff ffffffff ffffffff ffffffff ffffffff ffffffff ffffffff ffffffff
ffff8e2301f32240 2005416060 C Bo:2:011:2 0 32 >
ffff8e2301f32240 2005416072 S Bo:2:011:2 -115 4 = ffffffff
ffff8e2301f33740 2005418843 C Bo:2:011:2 0 32 >
ffff8e2301f32240 2005421585 C Bo:2:011:2 0 4 >
ffff8e2301f32e40 2005427039 C Bi:2:011:2 0 1 = 06
ffff8e2301f32e40 2005427052 S Bi:2:011:2 -115 32 <
ffff8e2301f32240 2005427399 S Bo:2:011:2 -115 32 = 575f0080 ffffffff ffffffff ffffffff ffffffff ffffffff ffffffff ffffffff
ffff8e2301f33740 2005427403 S Bo:2:011:2 -115 32 = ffffffff ffffffff ffffffff ffffffff ffffffff ffffffff ffffffff ffffffff
ffff8e2301f32240 2005427465 C Bo:2:011:2 0 32 >
ffff8e2301f32240 2005427467 S Bo:2:011:2 -115 32 = ffffffff ffffffff ffffffff ffffffff ffffffff ffffffff ffffffff ffffffff
ffff8e2301f33740 2005427511 C Bo:2:011:2 0 32 >
ffff8e2301f33740 2005427512 S Bo:2:011:2 -115 32 = ffffffff ffffffff ffffffff ffffffff ffffffff ffffffff ffffffff ffffffff
ffff8e2301f32240 2005430316 C Bo:2:011:2 0 32 >
ffff8e2301f32240 2005430327 S Bo:2:011:2 -115 4 = ffffffff
ffff8e2301f33740 2005433097 C Bo:2:011:2 0 32 >
ffff8e2301f32240 2005435824 C Bo:2:011:2 0 4 >
ffff8e2301f326c0 2005441361 C Bi:2:011:2 0 1 = 06
ffff8e2301f326c0 2005441374 S Bi:2:011:2 -115 32 <
ffff8e2301f32240 2005441771 S Bo:2:011:2 -115 32 = 575f8080 ffffffff ffffffff ffffffff ffffffff ffffffff ffffffff ffffffff
ffff8e2301f33740 2005441775 S Bo:2:011:2 -115 32 = ffffffff ffffffff ffffffff ffffffff ffffffff ffffffff ffffffff ffffffff
ffff8e2301f32240 2005441843 C Bo:2:011:2 0 32 >
ffff8e2301f32240 2005441845 S Bo:2:011:2 -115 32 = ffffffff ffffffff ffffffff ffffffff ffffffff ffffffff ffffffff ffffffff
ffff8e2301f33740 2005441886 C Bo:2:011:2 0 32 >
ffff8e2301f33740 2005441887 S Bo:2:011:2 -115 32 = ffffffff ffffffff ffffffff ffffffff ffffffff ffffffff ffffffff ffffffff
ffff8e2301f32240 2005444694 C Bo:2:011:2 0 32 >
ffff8e2301f32240 2005444707 S Bo:2:011:2 -115 4 = ffffffff
ffff8e2301f33740 2005447486 C Bo:2:011:2 0 32 >
ffff8e2301f32240 2005450211 C Bo:2:011:2 0 4 >
ffff8e2301f32e40 2005455680 C Bi:2:011:2 0 1 = 06
ffff8e2301f32e40 2005455695 S Bi:2:011:2 -115 32 <
ffff8e2301f32240 2005456043 S Bo:2:011:2 -115 32 = 57600080 ffffffff ffffffff ffffffff ffffffff ffffffff ffffffff ffffffff
ffff8e2301f33740 2005456047 S Bo:2:011:2 -115 32 = ffffffff ffffffff ffffffff ffffffff ffffffff ffffffff ffffffff ffffffff
ffff8e2301f32240 2005456114 C Bo:2:011:2 0 32 >
ffff8e2301f32240 2005456116 S Bo:2:011:2 -115 32 = ffffffff ffffffff ffffffff ffffffff ffffffff ffffffff ffffffff ffffffff
ffff8e2301f33740 2005456159 C Bo:2:011:2 0 32 >
ffff8e2301f33740 2005456161 S Bo:2:011:2 -115 32 = ffffffff ffffffff ffffffff ffffffff ffffffff ffffffff ffffffff ffffffff
ffff8e2301f32240 2005459053 C Bo:2:011:2 0 32 >
ffff8e2301f32240 2005459064 S Bo:2:011:2 -115 4 = ffffffff
ffff8e2301f33740 2005461770 C Bo:2:011:2 0 32 >
ffff8e2301f32240 2005464499 C Bo:2:011:2 0 4 >
ffff8e2301f326c0 2005472028 C Bi:2:011:2 0 1 = 06
ffff8e2301f326c0 2005472041 S Bi:2:011:2 -115 32 <
ffff8e2301f32240 2005472394 S Bo:2:011:2 -115 32 = 57608080 ffffffff ffffffff ffffffff ffffffff ffffffff ffffffff ffffffff
ffff8e2301f33740 2005472398 S Bo:2:011:2 -115 32 = ffffffff ffffffff ffffffff ffffffff ffffffff ffffffff ffffffff ffffffff
ffff8e2301f32240 2005472464 C Bo:2:011:2 0 32 >
ffff8e2301f32240 2005472466 S Bo:2:011:2 -115 32 = ffffffff ffffffff ffffffff ffffffff ffffffff ffffffff ffffffff ffffffff
ffff8e2301f33740 2005472509 C Bo:2:011:2 0 32 >
ffff8e2301f33740 2005472510 S Bo:2:011:2 -115 32 = ffffffff ffffffff ffffffff ffffffff ffffffff ffffffff ffffffff ffffffff
ffff8e2301f32240 2005475336 C Bo:2:011:2 0 32 >
ffff8e2301f32240 2005475347 S Bo:2:011:2 -115 4 = ffffffff
ffff8e2301f33740 2005478121 C Bo:2:011:2 0 32 >
ffff8e2301f32240 2005480811 C Bo:2:011:2 0 4 >
ffff8e2301f32e40 2005486198 C Bi:2:011:2 0 1 = 06
ffff8e2301f32e40 2005486211 S Bi:2:011:2 -115 32 <
ffff8e2301f32240 2005486556 S Bo:2:011:2 -115 32 = 57610080 ffffffff ffffffff ffffffff ffffffff ffffffff ffffffff ffffffff
ffff8e2301f33740 2005486559 S Bo:2:011:2 -115 32 = ffffffff ffffffff ffffffff ffffffff ffffffff ffffffff ffffffff ffffffff
ffff8e2301f32240 2005486620 C Bo:2:011:2 0 32 >
ffff8e2301f32240 2005486623 S Bo:2:011:2 -115 32 = ffffffff ffffffff ffffffff ffffffff ffffffff ffffffff ffffffff ffffffff
ffff8e2301f33740 2005486666 C Bo:2:011:2 0 32 >
ffff8e2301f33740 2005486667 S Bo:2:011:2 -115 32 = ffffffff ffffffff ffffffff ffffffff ffffffff ffffffff ffffffff ffffffff
ffff8e2301f32240 2005489482 C Bo:2:011:2 0 32 >
ffff8e2301f32240 2005489493 S Bo:2:011:2 -115 4 = ffffffff
ffff8e2301f33740 2005492267 C Bo:2:011:2 0 32 >
ffff8e2301f32240 2005495039 C Bo:2:011:2 0 4 >
ffff8e2301f326c0 2005500339 C Bi:2:011:2 0 1 = 06
ffff8e2301f326c0 2005500354 S Bi:2:011:2 -115 32 <
ffff8e2301f32240 2005500699 S Bo:2:011:2 -115 32 = 57618080 ffffffff ffffffff ffffffff ffffffff ffffffff ffffffff ffffffff
ffff8e2301f33740 2005500703 S Bo:2:011:2 -115 32 = ffffffff ffffffff ffffffff ffffffff ffffffff ffffffff ffffffff ffffffff
ffff8e2301f32240 2005500764 C Bo:2:011:2 0 32 >
ffff8e2301f32240 2005500766 S Bo:2:011:2 -115 32 = ffffffff ffffffff ffffffff ffffffff ffffffff ffffffff ffffffff ffffffff
ffff8e2301f33740 2005500810 C Bo:2:011:2 0 32 >
ffff8e2301f33740 2005500811 S Bo:2:011:2 -115 32 = ffffffff ffffffff ffffffff ffffffff ffffffff ffffffff ffffffff ffffffff
ffff8e2301f32240 2005503610 C Bo:2:011:2 0 32 >
ffff8e2301f32240 2005503623 S Bo:2:011:2 -115 4 = ffffffff
ffff8e2301f33740 2005506407 C Bo:2:011:2 0 32 >
ffff8e2301f32240 2005509119 C Bo:2:011:2 0 4 >
ffff8e2301f32e40 2005514473 C Bi:2:011:2 0 1 = 06
ffff8e2301f32e40 2005514488 S Bi:2:011:2 -115 32 <
ffff8e2301f32240 2005514838 S Bo:2:011:2 -115 32 = 57620080 ffffffff ffffffff ffffffff ffffffff ffffffff ffffffff ffffffff
ffff8e2301f33740 2005514841 S Bo:2:011:2 -115 32 = ffffffff ffffffff ffffffff ffffffff ffffffff ffffffff ffffffff ffffffff
ffff8e2301f32240 2005514902 C Bo:2:011:2 0 32 >
ffff8e2301f32240 2005514905 S Bo:2:011:2 -115 32 = ffffffff ffffffff ffffffff ffffffff ffffffff ffffffff ffffffff ffffffff
ffff8e2301f33740 2005515039 C Bo:2:011:2 0 32 >
ffff8e2301f33740 2005515046 S Bo:2:011:2 -115 32 = ffffffff ffffffff ffffffff ffffffff ffffffff ffffffff ffffffff ffffffff
ffff8e2301f32240 2005517748 C Bo:2:011:2 0 32 >
ffff8e2301f32240 2005517759 S Bo:2:011:2 -115 4 = ffffffff
ffff8e2301f33740 2005520555 C Bo:2:011:2 0 32 >
ffff8e2301f32240 2005523290 C Bo:2:011:2 0 4 >
ffff8e2301f326c0 2005528654 C Bi:2:011:2 0 1 = 06
ffff8e2301f326c0 2005528669 S Bi:2:011:2 -115 32 <
ffff8e2301f32240 2005528978 S Bo:2:011:2 -115 32 = 57628080 ffffffff ffffffff ffffffff ffffffff ffffffff ffffffff ffffffff
ffff8e2301f33740 2005528982 S Bo:2:011:2 -115 32 = ffffffff ffffffff ffffffff ffffffff ffffffff ffffffff ffffffff ffffffff
ffff8e2301f32240 2005529045 C Bo:2:011:2 0 32 >
ffff8e2301f32240 2005529047 S Bo:2:011:2 -115 32 = ffffffff ffffffff ffffffff ffffffff ffffffff ffffffff ffffffff ffffffff
ffff8e2301f33740 2005529090 C Bo:2:011:2 0 32 >
ffff8e2301f33740 2005529091 S Bo:2:011:2 -115 32 = ffffffff ffffffff ffffffff ffffffff ffffffff ffffffff ffffffff ffffffff
ffff8e2301f32240 2005531942 C Bo:2:011:2 0 32 >
ffff8e2301f32240 2005531955 S Bo:2:011:2 -115 4 = ffffffff
ffff8e2301f33740 2005534679 C Bo:2:011:2 0 32 >
ffff8e2301f32240 2005537421 C Bo:2:011:2 0 4 >
ffff8e2301f32e40 2005542817 C Bi:2:011:2 0 1 = 06
ffff8e2301f32e40 2005542832 S Bi:2:011:2 -115 32 <
ffff8e2301f32240 2005543215 S Bo:2:011:2 -115 32 = 57630080 ffffffff ffffffff ffffffff ffffffff ffffffff ffffffff ffffffff
ffff8e2301f33740 2005543219 S Bo:2:011:2 -115 32 = ffffffff ffffffff ffffffff ffffffff ffffffff ffffffff ffffffff ffffffff
ffff8e2301f32240 2005543281 C Bo:2:011:2 0 32 >
ffff8e2301f32240 2005543284 S Bo:2:011:2 -115 32 = ffffffff ffffffff ffffffff ffffffff ffffffff ffffffff ffffffff ffffffff
ffff8e2301f33740 2005543326 C Bo:2:011:2 0 32 >
ffff8e2301f33740 2005543328 S Bo:2:011:2 -115 32 = ffffffff ffffffff ffffffff ffffffff ffffffff ffffffff ffffffff ffffffff
ffff8e2301f32240 2005546131 C Bo:2:011:2 0 32 >
ffff8e2301f32240 2005546144 S Bo:2:011:2 -115 4 = ffffffff
ffff8e2301f33740 2005548907 C Bo:2:011:2 0 32 >
ffff8e2301f32240 2005551633 C Bo:2:011:2 0 4 >
ffff8e2301f326c0 2005557130 C Bi:2:011:2 0 1 = 06
ffff8e2301f326c0 2005557143 S Bi:2:011:2 -115 32 <
ffff8e2301f32240 2005557483 S Bo:2:011:2 -115 32 = 57638080 ffffffff ffffffff ffffffff ffffffff ffffffff ffffffff ffffffff
ffff8e2301f33740 2005557487 S Bo:2:011:2 -115 32 = ffffffff ffffffff ffffffff ffffffff ffffffff ffffffff ffffffff ffffffff
ffff8e2301f32240 2005557548 C Bo:2:011:2 0 32 >
ffff8e2301f32240 2005557550 S Bo:2:011:2 -115 32 = ffffffff ffffffff ffffffff ffffffff ffffffff ffffffff ffffffff ffffffff
ffff8e2301f33740 2005557594 C Bo:2:011:2 0 32 >
ffff8e2301f33740 2005557596 S Bo:2:011:2 -115 32 = ffffffff ffffffff ffffffff ffffffff ffffffff ffffffff ffffffff ffffffff
ffff8e2301f32240 2005560416 C Bo:2:011:2 0 32 >
ffff8e2301f32240 2005560427 S Bo:2:011:2 -115 4 = ffffffff
ffff8e2301f33740 2005563172 C Bo:2:011:2 0 32 >
ffff8e2301f32240 2005565906 C Bo:2:011:2 0 4 >
ffff8e2301f32e40 2005571243 C Bi:2:011:2 0 1 = 06
ffff8e2301f32e40 2005571256 S Bi:2:011:2 -115 32 <
ffff8e2301f32240 2005571578 S Bo:2:011:2 -115 32 = 57640080 ffffffff ffffffff ffffffff ffffffff ffffffff ffffffff ffffffff
ffff8e2301f33740 2005571582 S Bo:2:011:2 -115 32 = ffffffff ffffffff ffffffff ffffffff ffffffff ffffffff ffffffff ffffffff
ffff8e2301f32240 2005571644 C Bo:2:011:2 0 32 >
ffff8e2301f32240 2005571647 S Bo:2:011:2 -115 32 = ffffffff ffffffff ffffffff ffffffff ffffffff ffffffff ffffffff ffffffff
ffff8e2301f33740 2005571690 C Bo:2:011:2 0 32 >
ffff8e2301f33740 2005571691 S Bo:2:011:2 -115 32 = ffffffff ffffffff ffffffff ffffffff ffffffff ffffffff ffffffff ffffffff
ffff8e2301f32240 2005574484 C Bo:2:011:2 0 32 >
ffff8e2301f32240 2005574495 S Bo:2:011:2 -115 4 = ffffffff
ffff8e2301f33740 2005577266 C Bo:2:011:2 0 32 >
ffff8e2301f32240 2005580029 C Bo:2:011:2 0 4 >
ffff8e2301f326c0 2005585378 C Bi:2:011:2 0 1 = 06
ffff8e2301f326c0 2005585406 S Bi:2:011:2 -115 32 <
ffff8e2301f32240 2005585931 S Bo:2:011:2 -115 32 = 57648080 ffffffff ffffffff ffffffff ffffffff ffffffff ffffffff ffffffff
ffff8e2301f33740 2005585938 S Bo:2:011:2 -115 32 = ffffffff ffffffff ffffffff ffffffff ffffffff ffffffff ffffffff ffffffff
ffff8e2301f32240 2005586022 C Bo:2:011:2 0 32 >
ffff8e2301f32240 2005586030 S Bo:2:011:2 -115 32 = ffffffff ffffffff ffffffff ffffffff ffffffff ffffffff ffffffff ffffffff
ffff8e2301f33740 2005586066 C Bo:2:011:2 0 32 >
ffff8e2301f33740 2005586068 S Bo:2:011:2 -115 32 = ffffffff ffffffff ffffffff ffffffff ffffffff ffffffff ffffffff ffffffff
ffff8e2301f32240 2005588877 C Bo:2:011:2 0 32 >
ffff8e2301f32240 2005588882 S Bo:2:011:2 -115 4 = ffffffff
ffff8e2301f33740 2005591688 C Bo:2:011:2 0 32 >
ffff8e2301f32240 2005594413 C Bo:2:011:2 0 4 >
ffff8e2301f32e40 2005599696 C Bi:2:011:2 0 1 = 06
ffff8e2301f32e40 2005599703 S Bi:2:011:2 -115 32 <
ffff8e2301f32240 2005599980 S Bo:2:011:2 -115 32 = 57650080 ffffffff ffffffff ffffffff ffffffff ffffffff ffffffff ffffffff
ffff8e2301f33740 2005599984 S Bo:2:011:2 -115 32 = ffffffff ffffffff ffffffff ffffffff ffffffff ffffffff ffffffff ffffffff
ffff8e2301f32240 2005600046 C Bo:2:011:2 0 32 >
ffff8e2301f32240 2005600048 S Bo:2:011:2 -115 32 = ffffffff ffffffff ffffffff ffffffff ffffffff ffffffff ffffffff ffffffff
ffff8e2301f33740 2005600091 C Bo:2:011:2 0 32 >
ffff8e2301f33740 2005600092 S Bo:2:011:2 -115 32 = ffffffff ffffffff ffffffff ffffffff ffffffff ffffffff ffffffff ffffffff
ffff8e2301f32240 2005602878 C Bo:2:011:2 0 32 >
ffff8e2301f32240 2005602883 S Bo:2:011:2 -115 4 = ffffffff
ffff8e2301f33740 2005605697 C Bo:2:011:2 0 32 >
ffff8e2301f32240 2005608412 C Bo:2:011:2 0 4 >
ffff8e2301f326c0 2005613902 C Bi:2:011:2 0 1 = 06
ffff8e2301f326c0 2005613912 S Bi:2:011:2 -115 32 <
ffff8e2301f32240 2005614179 S Bo:2:011:2 -115 32 = 57658080 ffffffff ffffffff ffffffff ffffffff ffffffff ffffffff ffffffff
ffff8e2301f33740 2005614183 S Bo:2:011:2 -115 32 = ffffffff ffffffff ffffffff ffffffff ffffffff ffffffff ffffffff ffffffff
ffff8e2301f32240 2005614248 C Bo:2:011:2 0 32 >
ffff8e2301f32240 2005614254 S Bo:2:011:2 -115 32 = ffffffff ffffffff ffffffff ffffffff ffffffff ffffffff ffffffff ffffffff
ffff8e2301f33740 2005614289 C Bo:2:011:2 0 32 >
ffff8e2301f33740 2005614291 S Bo:2:011:2 -115 32 = ffffffff ffffffff ffffffff ffffffff ffffffff ffffffff ffffffff ffffffff
ffff8e2301f32240 2005617100 C Bo:2:011:2 0 32 >
ffff8e2301f32240 2005617107 S Bo:2:011:2 -115 4 = ffffffff
ffff8e2301f33740 2005619912 C Bo:2:011:2 0 32 >
ffff8e2301f32240 2005622600 C Bo:2:011:2 0 4 >
ffff8e2301f32e40 2005628040 C Bi:2:011:2 0 1 = 06
ffff8e2301f32e40 2005628051 S Bi:2:011:2 -115 32 <
ffff8e2301f32240 2005628392 S Bo:2:011:2 -115 32 = 57660080 ffffffff ffffffff ffffffff ffffffff ffffffff ffffffff ffffffff
ffff8e2301f33740 2005628396 S Bo:2:011:2 -115 32 = ffffffff ffffffff ffffffff ffffffff ffffffff ffffffff ffffffff ffffffff
ffff8e2301f32240 2005628465 C Bo:2:011:2 0 32 >
ffff8e2301f32240 2005628467 S Bo:2:011:2 -115 32 = ffffffff ffffffff ffffffff ffffffff ffffffff ffffffff ffffffff ffffffff
ffff8e2301f33740 2005628514 C Bo:2:011:2 0 32 >
ffff8e2301f33740 2005628515 S Bo:2:011:2 -115 32 = ffffffff ffffffff ffffffff ffffffff ffffffff ffffffff ffffffff ffffffff
ffff8e2301f32240 2005631310 C Bo:2:011:2 0 32 >
ffff8e2301f32240 2005631321 S Bo:2:011:2 -115 4 = ffffffff
ffff8e2301f33740 2005634117 C Bo:2:011:2 0 32 >
ffff8e2301f32240 2005636812 C Bo:2:011:2 0 4 >
ffff8e2301f326c0 2005642197 C Bi:2:011:2 0 1 = 06
ffff8e2301f326c0 2005642210 S Bi:2:011:2 -115 32 <
ffff8e2301f32240 2005642552 S Bo:2:011:2 -115 32 = 57668080 ffffffff ffffffff ffffffff ffffffff ffffffff ffffffff ffffffff
ffff8e2301f33740 2005642556 S Bo:2:011:2 -115 32 = ffffffff ffffffff ffffffff ffffffff ffffffff ffffffff ffffffff ffffffff
ffff8e2301f32240 2005642618 C Bo:2:011:2 0 32 >
ffff8e2301f32240 2005642620 S Bo:2:011:2 -115 32 = ffffffff ffffffff ffffffff ffffffff ffffffff ffffffff ffffffff ffffffff
ffff8e2301f33740 2005642663 C Bo:2:011:2 0 32 >
ffff8e2301f33740 2005642665 S Bo:2:011:2 -115 32 = ffffffff ffffffff ffffffff ffffffff ffffffff ffffffff ffffffff ffffffff
ffff8e2301f32240 2005645483 C Bo:2:011:2 0 32 >
ffff8e2301f32240 2005645494 S Bo:2:011:2 -115 4 = ffffffff
ffff8e2301f33740 2005648272 C Bo:2:011:2 0 32 >
ffff8e2301f32240 2005651050 C Bo:2:011:2 0 4 >
ffff8e2301f32e40 2005656340 C Bi:2:011:2 0 1 = 06
ffff8e2301f32e40 2005656353 S Bi:2:011:2 -115 32 <
ffff8e2301f32240 2005656789 S Bo:2:011:2 -115 32 = 57670080 ffffffff ffffffff ffffffff ffffffff ffffffff ffffffff ffffffff
ffff8e2301f33740 2005656793 S Bo:2:011:2 -115 32 = ffffffff ffffffff ffffffff ffffffff ffffffff ffffffff ffffffff ffffffff
ffff8e2301f32240 2005656856 C Bo:2:011:2 0 32 >
ffff8e2301f32240 2005656859 S Bo:2:011:2 -115 32 = ffffffff ffffffff ffffffff ffffffff ffffffff ffffffff ffffffff ffffffff
ffff8e2301f33740 2005656900 C Bo:2:011:2 0 32 >
ffff8e2301f33740 2005656901 S Bo:2:011:2 -115 32 = ffffffff ffffffff ffffffff ffffffff ffffffff ffffffff ffffffff ffffffff
ffff8e2301f32240 2005659692 C Bo:2:011:2 0 32 >
ffff8e2301f32240 2005659705 S Bo:2:011:2 -115 4 = ffffffff
ffff8e2301f33740 2005662486 C Bo:2:011:2 0 32 >
ffff8e2301f32240 2005665224 C Bo:2:011:2 0 4 >
ffff8e2301f326c0 2005670698 C Bi:2:011:2 0 1 = 06
ffff8e2301f326c0 2005670711 S Bi:2:011:2 -115 32 <
ffff8e2301f32240 2005671106 S Bo:2:011:2 -115 32 = 57678080 ffffffff ffffffff ffffffff ffffffff ffffffff ffffffff ffffffff
ffff8e2301f33740 2005671111 S Bo:2:011:2 -115 32 = ffffffff ffffffff ffffffff ffffffff ffffffff ffffffff ffffffff ffffffff
ffff8e2301f32240 2005671172 C Bo:2:011:2 0 32 >
ffff8e2301f32240 2005671175 S Bo:2:011:2 -115 32 = ffffffff ffffffff ffffffff ffffffff ffffffff ffffffff ffffffff ffffffff
ffff8e2301f33740 2005671218 C Bo:2:011:2 0 32 >
ffff8e2301f33740 2005671219 S Bo:2:011:2 -115 32 = ffffffff ffffffff ffffffff ffffffff ffffffff ffffffff ffffffff ffffffff
ffff8e2301f32240 2005674028 C Bo:2:011:2 0 32 >
ffff8e2301f32240 2005674039 S Bo:2:011:2 -115 4 = ffffffff
ffff8e2301f33740 2005676836 C Bo:2:011:2 0 32 >
ffff8e2301f32240 2005679538 C Bo:2:011:2 0 4 >
ffff8e2301f32e40 2005685047 C Bi:2:011:2 0 1 = 06
ffff8e2301f32e40 2005685064 S Bi:2:011:2 -115 32 <
ffff8e2301f32240 2005685392 S Bo:2:011:2 -115 32 = 57680080 ffffffff ffffffff ffffffff ffffffff ffffffff ffffffff ffffffff
ffff8e2301f33740 2005685396 S Bo:2:011:2 -115 32 = ffffffff ffffffff ffffffff ffffffff ffffffff ffffffff ffffffff ffffffff
ffff8e2301f32240 2005685460 C Bo:2:011:2 0 32 >
ffff8e2301f32240 2005685466 S Bo:2:011:2 -115 32 = ffffffff ffffffff ffffffff ffffffff ffffffff ffffffff ffffffff ffffffff
ffff8e2301f33740 2005685507 C Bo:2:011:2 0 32 >
ffff8e2301f33740 2005685509 S Bo:2:011:2 -115 32 = ffffffff ffffffff ffffffff ffffffff ffffffff ffffffff ffffffff ffffffff
ffff8e2301f32240 2005688324 C Bo:2:011:2 0 32 >
ffff8e2301f32240 2005688335 S Bo:2:011:2 -115 4 = ffffffff
ffff8e2301f33740 2005691124 C Bo:2:011:2 0 32 >
ffff8e2301f32240 2005693812 C Bo:2:011:2 0 4 >
ffff8e2301f326c0 2005699316 C Bi:2:011:2 0 1 = 06
ffff8e2301f326c0 2005699329 S Bi:2:011:2 -115 32 <
ffff8e2301f32240 2005699707 S Bo:2:011:2 -115 32 = 57688080 ffffffff ffffffff ffffffff ffffffff ffffffff ffffffff ffffffff
ffff8e2301f33740 2005699711 S Bo:2:011:2 -115 32 = ffffffff ffffffff ffffffff ffffffff ffffffff ffffffff ffffffff ffffffff
ffff8e2301f32240 2005699774 C Bo:2:011:2 0 32 >
ffff8e2301f32240 2005699777 S Bo:2:011:2 -115 32 = ffffffff ffffffff ffffffff ffffffff ffffffff ffffffff ffffffff ffffffff
ffff8e2301f33740 2005699817 C Bo:2:011:2 0 32 >
ffff8e2301f33740 2005699818 S Bo:2:011:2 -115 32 = ffffffff ffffffff ffffffff ffffffff ffffffff ffffffff ffffffff ffffffff
ffff8e2301f32240 2005702626 C Bo:2:011:2 0 32 >
ffff8e2301f32240 2005702639 S Bo:2:011:2 -115 4 = ffffffff
ffff8e2301f33740 2005705393 C Bo:2:011:2 0 32 >
ffff8e2301f32240 2005708167 C Bo:2:011:2 0 4 >
ffff8e2301f32e40 2005713635 C Bi:2:011:2 0 1 = 06
ffff8e2301f32e40 2005713649 S Bi:2:011:2 -115 32 <
ffff8e2301f32240 2005714100 S Bo:2:011:2 -115 32 = 57690080 ffffffff ffffffff ffffffff ffffffff ffffffff ffffffff ffffffff
ffff8e2301f33740 2005714104 S Bo:2:011:2 -115 32 = ffffffff ffffffff ffffffff ffffffff ffffffff ffffffff ffffffff ffffffff
ffff8e2301f32240 2005714168 C Bo:2:011:2 0 32 >
ffff8e2301f32240 2005714171 S Bo:2:011:2 -115 32 = ffffffff ffffffff ffffffff ffffffff ffffffff ffffffff ffffffff ffffffff
ffff8e2301f33740 2005714211 C Bo:2:011:2 0 32 >
ffff8e2301f33740 2005714213 S Bo:2:011:2 -115 32 = ffffffff ffffffff ffffffff ffffffff ffffffff ffffffff ffffffff ffffffff
ffff8e2301f32240 2005717051 C Bo:2:011:2 0 32 >
ffff8e2301f32240 2005717062 S Bo:2:011:2 -115 4 = ffffffff
ffff8e2301f33740 2005719794 C Bo:2:011:2 0 32 >
ffff8e2301f32240 2005722519 C Bo:2:011:2 0 4 >
ffff8e2301f326c0 2005728041 C Bi:2:011:2 0 1 = 06
ffff8e2301f326c0 2005728054 S Bi:2:011:2 -115 32 <
ffff8e2301f32240 2005728434 S Bo:2:011:2 -115 32 = 57698080 ffffffff ffffffff ffffffff ffffffff ffffffff ffffffff ffffffff
ffff8e2301f33740 2005728438 S Bo:2:011:2 -115 32 = ffffffff ffffffff ffffffff ffffffff ffffffff ffffffff ffffffff ffffffff
ffff8e2301f32240 2005728502 C Bo:2:011:2 0 32 >
ffff8e2301f32240 2005728505 S Bo:2:011:2 -115 32 = ffffffff ffffffff ffffffff ffffffff ffffffff ffffffff ffffffff ffffffff
ffff8e2301f33740 2005728545 C Bo:2:011:2 0 32 >
ffff8e2301f33740 2005728546 S Bo:2:011:2 -115 32 = ffffffff ffffffff ffffffff ffffffff ffffffff ffffffff ffffffff ffffffff
ffff8e2301f32240 2005731339 C Bo:2:011:2 0 32 >
ffff8e2301f32240 2005731350 S Bo:2:011:2 -115 4 = ffffffff
ffff8e2301f33740 2005734107 C Bo:2:011:2 0 32 >
ffff8e2301f32240 2005736859 C Bo:2:011:2 0 4 >
ffff8e2301f32e40 2005742299 C Bi:2:011:2 0 1 = 06
ffff8e2301f32e40 2005742312 S Bi:2:011:2 -115 32 <
ffff8e2301f32240 2005742666 S Bo:2:011:2 -115 32 = 576a0080 ffffffff ffffffff ffffffff ffffffff ffffffff ffffffff ffffffff
ffff8e2301f33740 2005742670 S Bo:2:011:2 -115 32 = ffffffff ffffffff ffffffff ffffffff ffffffff ffffffff ffffffff ffffffff
ffff8e2301f32240 2005742737 C Bo:2:011:2 0 32 >
ffff8e2301f32240 2005742740 S Bo:2:011:2 -115 32 = ffffffff ffffffff ffffffff ffffffff ffffffff ffffffff ffffffff ffffffff
ffff8e2301f33740 2005742784 C Bo:2:011:2 0 32 >
ffff8e2301f33740 2005742785 S Bo:2:011:2 -115 32 = ffffffff ffffffff ffffffff ffffffff ffffffff ffffffff ffffffff ffffffff
ffff8e2301f32240 2005745565 C Bo:2:011:2 0 32 >
ffff8e2301f32240 2005745578 S Bo:2:011:2 -115 4 = ffffffff
ffff8e2301f33740 2005748337 C Bo:2:011:2 0 32 >
ffff8e2301f32240 2005751089 C Bo:2:011:2 0 4 >
ffff8e2301f326c0 2005756611 C Bi:2:011:2 0 1 = 06
ffff8e2301f326c0 2005756624 S Bi:2:011:2 -115 32 <
ffff8e2301f32240 2005757004 S Bo:2:011:2 -115 32 = 576a8080 ffffffff ffffffff ffffffff ffffffff ffffffff ffffffff ffffffff
ffff8e2301f33740 2005757008 S Bo:2:011:2 -115 32 = ffffffff ffffffff ffffffff ffffffff ffffffff ffffffff ffffffff ffffffff
ffff8e2301f32240 2005757072 C Bo:2:011:2 0 32 >
ffff8e2301f32240 2005757075 S Bo:2:011:2 -115 32 = ffffffff ffffffff ffffffff ffffffff ffffffff ffffffff ffffffff ffffffff
ffff8e2301f33740 2005757117 C Bo:2:011:2 0 32 >
ffff8e2301f33740 2005757118 S Bo:2:011:2 -115 32 = ffffffff ffffffff ffffffff ffffffff ffffffff ffffffff ffffffff ffffffff
ffff8e2301f32240 2005759942 C Bo:2:011:2 0 32 >
ffff8e2301f32240 2005759955 S Bo:2:011:2 -115 4 = ffffffff
ffff8e2301f33740 2005762694 C Bo:2:011:2 0 32 >
ffff8e2301f32240 2005765418 C Bo:2:011:2 0 4 >
ffff8e2301f32e40 2005771040 C Bi:2:011:2 0 1 = 06
ffff8e2301f32e40 2005771052 S Bi:2:011:2 -115 32 <
ffff8e2301f32240 2005771432 S Bo:2:011:2 -115 32 = 576b0080 ffffffff ffffffff ffffffff ffffffff ffffffff ffffffff ffffffff
ffff8e2301f33740 2005771436 S Bo:2:011:2 -115 32 = ffffffff ffffffff ffffffff ffffffff ffffffff ffffffff ffffffff ffffffff
ffff8e2301f32240 2005771500 C Bo:2:011:2 0 32 >
ffff8e2301f32240 2005771503 S Bo:2:011:2 -115 32 = ffffffff ffffffff ffffffff ffffffff ffffffff ffffffff ffffffff ffffffff
ffff8e2301f33740 2005771543 C Bo:2:011:2 0 32 >
ffff8e2301f33740 2005771545 S Bo:2:011:2 -115 32 = ffffffff ffffffff ffffffff ffffffff ffffffff ffffffff ffffffff ffffffff
ffff8e2301f32240 2005774310 C Bo:2:011:2 0 32 >
ffff8e2301f32240 2005774315 S Bo:2:011:2 -115 4 = ffffffff
ffff8e2301f33740 2005777101 C Bo:2:011:2 0 32 >
ffff8e2301f32240 2005779826 C Bo:2:011:2 0 4 >
ffff8e2301f326c0 2005785237 C Bi:2:011:2 0 1 = 06
ffff8e2301f326c0 2005785241 S Bi:2:011:2 -115 32 <
ffff8e2301f32240 2005785627 S Bo:2:011:2 -115 32 = 576b8080 ffffffff ffffffff ffffffff ffffffff ffffffff ffffffff ffffffff
ffff8e2301f33740 2005785631 S Bo:2:011:2 -115 32 = ffffffff ffffffff ffffffff ffffffff ffffffff ffffffff ffffffff ffffffff
ffff8e2301f32240 2005785688 C Bo:2:011:2 0 32 >
ffff8e2301f32240 2005785691 S Bo:2:011:2 -115 32 = ffffffff ffffffff ffffffff ffffffff ffffffff ffffffff ffffffff ffffffff
ffff8e2301f33740 2005785736 C Bo:2:011:2 0 32 >
ffff8e2301f33740 2005785738 S Bo:2:011:2 -115 32 = ffffffff ffffffff ffffffff ffffffff ffffffff ffffffff ffffffff ffffffff
ffff8e2301f32240 2005788523 C Bo:2:011:2 0 32 >
ffff8e2301f32240 2005788529 S Bo:2:011:2 -115 4 = ffffffff
ffff8e2301f33740 2005791283 C Bo:2:011:2 0 32 >
ffff8e2301f32240 2005794052 C Bo:2:011:2 0 4 >
ffff8e2301f32e40 2005799553 C Bi:2:011:2 0 1 = 06
ffff8e2301f32e40 2005799558 S Bi:2:011:2 -115 32 <
ffff8e2301f32240 2005800038 S Bo:2:011:2 -115 32 = 576c0080 ffffffff ffffffff ffffffff ffffffff ffffffff ffffffff ffffffff
ffff8e2301f33740 2005800042 S Bo:2:011:2 -115 32 = ffffffff ffffffff ffffffff ffffffff ffffffff ffffffff ffffffff ffffffff
ffff8e2301f32240 2005800100 C Bo:2:011:2 0 32 >
ffff8e2301f32240 2005800103 S Bo:2:011:2 -115 32 = ffffffff ffffffff ffffffff ffffffff ffffffff ffffffff ffffffff ffffffff
ffff8e2301f33740 2005800150 C Bo:2:011:2 0 32 >
ffff8e2301f33740 2005800152 S Bo:2:011:2 -115 32 = ffffffff ffffffff ffffffff ffffffff ffffffff ffffffff ffffffff ffffffff
ffff8e2301f32240 2005803022 C Bo:2:011:2 0 32 >
ffff8e2301f32240 2005803026 S Bo:2:011:2 -115 4 = ffffffff
ffff8e2301f33740 2005805685 C Bo:2:011:2 0 32 >
ffff8e2301f32240 2005808452 C Bo:2:011:2 0 4 >
ffff8e2301f326c0 2005813873 C Bi:2:011:2 0 1 = 06
ffff8e2301f326c0 2005813878 S Bi:2:011:2 -115 32 <
ffff8e2301f32240 2005814228 S Bo:2:011:2 -115 32 = 576c8080 ffffffff ffffffff ffffffff ffffffff ffffffff ffffffff ffffffff
ffff8e2301f33740 2005814232 S Bo:2:011:2 -115 32 = ffffffff ffffffff ffffffff ffffffff ffffffff ffffffff ffffffff ffffffff
ffff8e2301f32240 2005814290 C Bo:2:011:2 0 32 >
ffff8e2301f32240 2005814293 S Bo:2:011:2 -115 32 = ffffffff ffffffff ffffffff ffffffff ffffffff ffffffff ffffffff ffffffff
ffff8e2301f33740 2005814337 C Bo:2:011:2 0 32 >
ffff8e2301f33740 2005814340 S Bo:2:011:2 -115 32 = ffffffff ffffffff ffffffff ffffffff ffffffff ffffffff ffffffff ffffffff
ffff8e2301f32240 2005817165 C Bo:2:011:2 0 32 >
ffff8e2301f32240 2005817170 S Bo:2:011:2 -115 4 = ffffffff
ffff8e2301f33740 2005819875 C Bo:2:011:2 0 32 >
ffff8e2301f32240 2005822608 C Bo:2:011:2 0 4 >
ffff8e2301f32e40 2005828008 C Bi:2:011:2 0 1 = 06
ffff8e2301f32e40 2005828013 S Bi:2:011:2 -115 32 <
ffff8e2301f32240 2005828364 S Bo:2:011:2 -115 32 = 576d0080 ffffffff ffffffff ffffffff ffffffff ffffffff ffffffff ffffffff
ffff8e2301f33740 2005828368 S Bo:2:011:2 -115 32 = ffffffff ffffffff ffffffff ffffffff ffffffff ffffffff ffffffff ffffffff
ffff8e2301f32240 2005828425 C Bo:2:011:2 0 32 >
ffff8e2301f32240 2005828429 S Bo:2:011:2 -115 32 = ffffffff ffffffff ffffffff ffffffff ffffffff ffffffff ffffffff ffffffff
ffff8e2301f33740 2005828475 C Bo:2:011:2 0 32 >
ffff8e2301f33740 2005828479 S Bo:2:011:2 -115 32 = ffffffff ffffffff ffffffff ffffffff ffffffff ffffffff ffffffff ffffffff
ffff8e2301f32240 2005831236 C Bo:2:011:2 0 32 >
ffff8e2301f32240 2005831241 S Bo:2:011:2 -115 4 = ffffffff
ffff8e2301f33740 2005834018 C Bo:2:011:2 0 32 >
ffff8e2301f32240 2005836780 C Bo:2:011:2 0 4 >
ffff8e2301f326c0 2005842164 C Bi:2:011:2 0 1 = 06
ffff8e2301f326c0 2005842169 S Bi:2:011:2 -115 32 <
ffff8e2301f32240 2005842516 S Bo:2:011:2 -115 32 = 576d8080 ffffffff ffffffff ffffffff ffffffff ffffffff ffffffff ffffffff
ffff8e2301f33740 2005842520 S Bo:2:011:2 -115 32 = ffffffff ffffffff ffffffff ffffffff ffffffff ffffffff ffffffff ffffffff
ffff8e2301f32240 2005842579 C Bo:2:011:2 0 32 >
ffff8e2301f32240 2005842581 S Bo:2:011:2 -115 32 = ffffffff ffffffff ffffffff ffffffff ffffffff ffffffff ffffffff ffffffff
ffff8e2301f33740 2005842632 C Bo:2:011:2 0 32 >
ffff8e2301f33740 2005842634 S Bo:2:011:2 -115 32 = ffffffff ffffffff ffffffff ffffffff ffffffff ffffffff ffffffff ffffffff
ffff8e2301f32240 2005845450 C Bo:2:011:2 0 32 >
ffff8e2301f32240 2005845455 S Bo:2:011:2 -115 4 = ffffffff
ffff8e2301f33740 2005848160 C Bo:2:011:2 0 32 >
ffff8e2301f32240 2005851010 C Bo:2:011:2 0 4 >
ffff8e2301f32e40 2005856315 C Bi:2:011:2 0 1 = 06
ffff8e2301f32e40 2005856319 S Bi:2:011:2 -115 32 <
ffff8e2301f32240 2005856665 S Bo:2:011:2 -115 32 = 576e0080 ffffffff ffffffff ffffffff ffffffff ffffffff ffffffff ffffffff
ffff8e2301f33740 2005856669 S Bo:2:011:2 -115 32 = ffffffff ffffffff ffffffff ffffffff ffffffff ffffffff ffffffff ffffffff
ffff8e2301f32240 2005856727 C Bo:2:011:2 0 32 >
ffff8e2301f32240 2005856729 S Bo:2:011:2 -115 32 = ffffffff ffffffff ffffffff ffffffff ffffffff ffffffff ffffffff ffffffff
ffff8e2301f33740 2005856774 C Bo:2:011:2 0 32 >
ffff8e2301f33740 2005856774 S Bo:2:011:2 -115 32 = ffffffff ffffffff ffffffff ffffffff ffffffff ffffffff ffffffff ffffffff
ffff8e2301f32240 2005859575 C Bo:2:011:2 0 32 >
ffff8e2301f32240 2005859577 S Bo:2:011:2 -115 4 = ffffffff
ffff8e2301f33740 2005862305 C Bo:2:011:2 0 32 >
ffff8e2301f32240 2005865056 C Bo:2:011:2 0 4 >
ffff8e2301f326c0 2005870440 C Bi:2:011:2 0 1 = 06
ffff8e2301f326c0 2005870442 S Bi:2:011:2 -115 32 <
ffff8e2301f32240 2005870814 S Bo:2:011:2 -115 32 = 576e8080 ffffffff ffffffff ffffffff ffffffff ffffffff ffffffff ffffffff
ffff8e2301f33740 2005870818 S Bo:2:011:2 -115 32 = ffffffff ffffffff ffffffff ffffffff ffffffff ffffffff ffffffff ffffffff
ffff8e2301f32240 2005870885 C Bo:2:011:2 0 32 >
ffff8e2301f32240 2005870886 S Bo:2:011:2 -115 32 = ffffffff ffffffff ffffffff ffffffff ffffffff ffffffff ffffffff ffffffff
ffff8e2301f33740 2005870935 C Bo:2:011:2 0 32 >
ffff8e2301f33740 2005870936 S Bo:2:011:2 -115 32 = ffffffff ffffffff ffffffff ffffffff ffffffff ffffffff ffffffff ffffffff
ffff8e2301f32240 2005873741 C Bo:2:011:2 0 32 >
ffff8e2301f32240 2005873743 S Bo:2:011:2 -115 4 = ffffffff
ffff8e2301f33740 2005876518 C Bo:2:011:2 0 32 >
ffff8e2301f32240 2005879210 C Bo:2:011:2 0 4 >
ffff8e2301f32e40 2005884619 C Bi:2:011:2 0 1 = 06
ffff8e2301f32e40 2005884621 S Bi:2:011:2 -115 32 <
ffff8e2301f32240 2005884961 S Bo:2:011:2 -115 32 = 576f0080 ffffffff ffffffff ffffffff ffffffff ffffffff ffffffff ffffffff
ffff8e2301f33740 2005884965 S Bo:2:011:2 -115 32 = ffffffff ffffffff ffffffff ffffffff ffffffff ffffffff ffffffff ffffffff
ffff8e2301f32240 2005885021 C Bo:2:011:2 0 32 >
ffff8e2301f32240 2005885021 S Bo:2:011:2 -115 32 = ffffffff ffffffff ffffffff ffffffff ffffffff ffffffff ffffffff ffffffff
ffff8e2301f33740 2005885074 C Bo:2:011:2 0 32 >
ffff8e2301f33740 2005885075 S Bo:2:011:2 -115 32 = ffffffff ffffffff ffffffff ffffffff ffffffff ffffffff ffffffff ffffffff
ffff8e2301f32240 2005887861 C Bo:2:011:2 0 32 >
ffff8e2301f32240 2005887864 S Bo:2:011:2 -115 4 = ffffffff
ffff8e2301f33740 2005890659 C Bo:2:011:2 0 32 >
ffff8e2301f32240 2005893358 C Bo:2:011:2 0 4 >
ffff8e2301f326c0 2005898783 C Bi:2:011:2 0 1 = 06
ffff8e2301f326c0 2005898785 S Bi:2:011:2 -115 32 <
ffff8e2301f32240 2005899224 S Bo:2:011:2 -115 32 = 576f8080 ffffffff ffffffff ffffffff ffffffff ffffffff ffffffff ffffffff
ffff8e2301f33740 2005899229 S Bo:2:011:2 -115 32 = ffffffff ffffffff ffffffff ffffffff ffffffff ffffffff ffffffff ffffffff
ffff8e2301f32240 2005899286 C Bo:2:011:2 0 32 >
ffff8e2301f32240 2005899287 S Bo:2:011:2 -115 32 = ffffffff ffffffff ffffffff ffffffff ffffffff ffffffff ffffffff ffffffff
ffff8e2301f33740 2005899336 C Bo:2:011:2 0 32 >
ffff8e2301f33740 2005899336 S Bo:2:011:2 -115 32 = ffffffff ffffffff ffffffff ffffffff ffffffff ffffffff ffffffff ffffffff
ffff8e2301f32240 2005902099 C Bo:2:011:2 0 32 >
ffff8e2301f32240 2005902101 S Bo:2:011:2 -115 4 = ffffffff
ffff8e2301f33740 2005904883 C Bo:2:011:2 0 32 >
ffff8e2301f32240 2005907652 C Bo:2:011:2 0 4 >
ffff8e2301f32e40 2005913096 C Bi:2:011:2 0 1 = 06
ffff8e2301f32e40 2005913098 S Bi:2:011:2 -115 32 <
ffff8e2301f32240 2005913419 S Bo:2:011:2 -115 32 = 57700080 ffffffff ffffffff ffffffff ffffffff ffffffff ffffffff ffffffff
ffff8e2301f33740 2005913423 S Bo:2:011:2 -115 32 = ffffffff ffffffff ffffffff ffffffff ffffffff ffffffff ffffffff ffffffff
ffff8e2301f32240 2005913483 C Bo:2:011:2 0 32 >
ffff8e2301f32240 2005913485 S Bo:2:011:2 -115 32 = ffffffff ffffffff ffffffff ffffffff ffffffff ffffffff ffffffff ffffffff
ffff8e2301f33740 2005913532 C Bo:2:011:2 0 32 >
ffff8e2301f33740 2005913534 S Bo:2:011:2 -115 32 = ffffffff ffffffff ffffffff ffffffff ffffffff ffffffff ffffffff ffffffff
ffff8e2301f32240 2005916306 C Bo:2:011:2 0 32 >
ffff8e2301f32240 2005916308 S Bo:2:011:2 -115 4 = ffffffff
ffff8e2301f33740 2005919062 C Bo:2:011:2 0 32 >
ffff8e2301f32240 2005921826 C Bo:2:011:2 0 4 >
ffff8e2301f326c0 2005929462 C Bi:2:011:2 0 1 = 06
ffff8e2301f326c0 2005929464 S Bi:2:011:2 -115 32 <
ffff8e2301f32240 2005929799 S Bo:2:011:2 -115 32 = 57708080 ffffffff ffffffff ffffffff ffffffff ffffffff ffffffff ffffffff
ffff8e2301f33740 2005929803 S Bo:2:011:2 -115 32 = ffffffff ffffffff ffffffff ffffffff ffffffff ffffffff ffffffff ffffffff
ffff8e2301f32240 2005929860 C Bo:2:011:2 0 32 >
ffff8e2301f32240 2005929861 S Bo:2:011:2 -115 32 = ffffffff ffffffff ffffffff ffffffff ffffffff ffffffff ffffffff ffffffff
ffff8e2301f33740 2005929911 C Bo:2:011:2 0 32 >
ffff8e2301f33740 2005929912 S Bo:2:011:2 -115 32 = ffffffff ffffffff ffffffff ffffffff ffffffff ffffffff ffffffff ffffffff
ffff8e2301f32240 2005932681 C Bo:2:011:2 0 32 >
ffff8e2301f32240 2005932683 S Bo:2:011:2 -115 4 = ffffffff
ffff8e2301f33740 2005935498 C Bo:2:011:2 0 32 >
ffff8e2301f32240 2005938192 C Bo:2:011:2 0 4 >
ffff8e2301f32e40 2005943597 C Bi:2:011:2 0 1 = 06
ffff8e2301f32e40 2005943599 S Bi:2:011:2 -115 32 <
ffff8e2301f32240 2005943938 S Bo:2:011:2 -115 32 = 57710080 ffffffff ffffffff ffffffff ffffffff ffffffff ffffffff ffffffff
ffff8e2301f33740 2005943942 S Bo:2:011:2 -115 32 = ffffffff ffffffff ffffffff ffffffff ffffffff ffffffff ffffffff ffffffff
ffff8e2301f32240 2005944020 C Bo:2:011:2 0 32 >
ffff8e2301f32240 2005944022 S Bo:2:011:2 -115 32 = ffffffff ffffffff ffffffff ffffffff ffffffff ffffffff ffffffff ffffffff
ffff8e2301f33740 2005944070 C Bo:2:011:2 0 32 >
ffff8e2301f33740 2005944072 S Bo:2:011:2 -115 32 = ffffffff ffffffff ffffffff ffffffff ffffffff ffffffff ffffffff ffffffff
ffff8e2301f32240 2005946875 C Bo:2:011:2 0 32 >
ffff8e2301f32240 2005946877 S Bo:2:011:2 -115 4 = ffffffff
ffff8e2301f33740 2005949658 C Bo:2:011:2 0 32 >
ffff8e2301f32240 2005952358 C Bo:2:011:2 0 4 >
ffff8e2301f326c0 2005957782 C Bi:2:011:2 0 1 = 06
ffff8e2301f326c0 2005957784 S Bi:2:011:2 -115 32 <
ffff8e2301f32240 2005958195 S Bo:2:011:2 -115 32 = 57718080 ffffffff ffffffff ffffffff ffffffff ffffffff ffffffff ffffffff
ffff8e2301f33740 2005958199 S Bo:2:011:2 -115 32 = ffffffff ffffffff ffffffff ffffffff ffffffff ffffffff ffffffff ffffffff
ffff8e2301f32240 2005958259 C Bo:2:011:2 0 32 >
ffff8e2301f32240 2005958260 S Bo:2:011:2 -115 32 = ffffffff ffffffff ffffffff ffffffff ffffffff ffffffff ffffffff ffffffff
ffff8e2301f33740 2005958310 C Bo:2:011:2 0 32 >
ffff8e2301f33740 2005958311 S Bo:2:011:2 -115 32 = ffffffff ffffffff ffffffff ffffffff ffffffff ffffffff ffffffff ffffffff
ffff8e2301f32240 2005961092 C Bo:2:011:2 0 32 >
ffff8e2301f32240 2005961094 S Bo:2:011:2 -115 4 = ffffffff
ffff8e2301f33740 2005963908 C Bo:2:011:2 0 32 >
ffff8e2301f32240 2005966609 C Bo:2:011:2 0 4 >
ffff8e2301f32e40 2005972074 C Bi:2:011:2 0 1 = 06
ffff8e2301f32e40 2005972076 S Bi:2:011:2 -115 32 <
ffff8e2301f32240 2005972373 S Bo:2:011:2 -115 32 = 57720080 ffffffff ffffffff ffffffff ffffffff ffffffff ffffffff ffffffff
ffff8e2301f33740 2005972377 S Bo:2:011:2 -115 32 = ffffffff ffffffff ffffffff ffffffff ffffffff ffffffff ffffffff ffffffff
ffff8e2301f32240 2005972435 C Bo:2:011:2 0 32 >
ffff8e2301f32240 2005972436 S Bo:2:011:2 -115 32 = ffffffff ffffffff ffffffff ffffffff ffffffff ffffffff ffffffff ffffffff
ffff8e2301f33740 2005972483 C Bo:2:011:2 0 32 >
ffff8e2301f33740 2005972484 S Bo:2:011:2 -115 32 = ffffffff ffffffff ffffffff ffffffff ffffffff ffffffff ffffffff ffffffff
ffff8e2301f32240 2005975238 C Bo:2:011:2 0 32 >
ffff8e2301f32240 2005975239 S Bo:2:011:2 -115 4 = ffffffff
ffff8e2301f33740 2005978020 C Bo:2:011:2 0 32 >
ffff8e2301f32240 2005980779 C Bo:2:011:2 0 4 >
ffff8e2301f326c0 2005986261 C Bi:2:011:2 0 1 = 06
ffff8e2301f326c0 2005986263 S Bi:2:011:2 -115 32 <
ffff8e2301f32240 2005986558 S Bo:2:011:2 -115 32 = 57728080 ffffffff ffffffff ffffffff ffffffff ffffffff ffffffff ffffffff
ffff8e2301f33740 2005986562 S Bo:2:011:2 -115 32 = ffffffff ffffffff ffffffff ffffffff ffffffff ffffffff ffffffff ffffffff
ffff8e2301f32240 2005986620 C Bo:2:011:2 0 32 >
ffff8e2301f32240 2005986621 S Bo:2:011:2 -115 32 = ffffffff ffffffff ffffffff ffffffff ffffffff ffffffff ffffffff ffffffff
ffff8e2301f33740 2005986669 C Bo:2:011:2 0 32 >
ffff8e2301f33740 2005986671 S Bo:2:011:2 -115 32 = ffffffff ffffffff ffffffff ffffffff ffffffff ffffffff ffffffff ffffffff
ffff8e2301f32240 2005989431 C Bo:2:011:2 0 32 >
ffff8e2301f32240 2005989433 S Bo:2:011:2 -115 4 = ffffffff
ffff8e2301f33740 2005992234 C Bo:2:011:2 0 32 >
ffff8e2301f32240 2005995010 C Bo:2:011:2 0 4 >
ffff8e2301f32e40 2006000395 C Bi:2:011:2 0 1 = 06
ffff8e2301f32e40 2006000399 S Bi:2:011:2 -115 32 <
ffff8e2301f32240 2006000683 S Bo:2:011:2 -115 32 = 57730080 ffffffff ffffffff ffffffff ffffffff ffffffff ffffffff ffffffff
ffff8e2301f33740 2006000687 S Bo:2:011:2 -115 32 = ffffffff ffffffff ffffffff ffffffff ffffffff ffffffff ffffffff ffffffff
ffff8e2301f32240 2006000743 C Bo:2:011:2 0 32 >
ffff8e2301f32240 2006000745 S Bo:2:011:2 -115 32 = ffffffff ffffffff ffffffff ffffffff ffffffff ffffffff ffffffff ffffffff
ffff8e2301f33740 2006000796 C Bo:2:011:2 0 32 >
ffff8e2301f33740 2006000798 S Bo:2:011:2 -115 32 = ffffffff ffffffff ffffffff ffffffff ffffffff ffffffff ffffffff ffffffff
ffff8e2301f32240 2006003592 C Bo:2:011:2 0 32 >
ffff8e2301f32240 2006003594 S Bo:2:011:2 -115 4 = ffffffff
ffff8e2301f33740 2006006382 C Bo:2:011:2 0 32 >
ffff8e2301f32240 2006009113 C Bo:2:011:2 0 4 >
ffff8e2301f326c0 2006014531 C Bi:2:011:2 0 1 = 06
ffff8e2301f326c0 2006014534 S Bi:2:011:2 -115 32 <
ffff8e2301f32240 2006014836 S Bo:2:011:2 -115 32 = 57738080 ffffffff ffffffff ffffffff ffffffff ffffffff ffffffff ffffffff
ffff8e2301f33740 2006014840 S Bo:2:011:2 -115 32 = ffffffff ffffffff ffffffff ffffffff ffffffff ffffffff ffffffff ffffffff
ffff8e2301f32240 2006014897 C Bo:2:011:2 0 32 >
ffff8e2301f32240 2006014898 S Bo:2:011:2 -115 32 = ffffffff ffffffff ffffffff ffffffff ffffffff ffffffff ffffffff ffffffff
ffff8e2301f33740 2006015058 C Bo:2:011:2 0 32 >
ffff8e2301f33740 2006015060 S Bo:2:011:2 -115 32 = ffffffff ffffffff ffffffff ffffffff ffffffff ffffffff ffffffff ffffffff
ffff8e2301f32240 2006017735 C Bo:2:011:2 0 32 >
ffff8e2301f32240 2006017737 S Bo:2:011:2 -115 4 = ffffffff
ffff8e2301f33740 2006020519 C Bo:2:011:2 0 32 >
ffff8e2301f32240 2006023260 C Bo:2:011:2 0 4 >
ffff8e2301f32e40 2006028714 C Bi:2:011:2 0 1 = 06
ffff8e2301f32e40 2006028716 S Bi:2:011:2 -115 32 <
ffff8e2301f32240 2006029091 S Bo:2:011:2 -115 32 = 57740080 ffffffff ffffffff ffffffff ffffffff ffffffff ffffffff ffffffff
ffff8e2301f33740 2006029095 S Bo:2:011:2 -115 32 = ffffffff ffffffff ffffffff ffffffff ffffffff ffffffff ffffffff ffffffff
ffff8e2301f32240 2006029152 C Bo:2:011:2 0 32 >
ffff8e2301f32240 2006029153 S Bo:2:011:2 -115 32 = ffffffff ffffffff ffffffff ffffffff ffffffff ffffffff ffffffff ffffffff
ffff8e2301f33740 2006029203 C Bo:2:011:2 0 32 >
ffff8e2301f33740 2006029205 S Bo:2:011:2 -115 32 = ffffffff ffffffff ffffffff ffffffff ffffffff ffffffff ffffffff ffffffff
ffff8e2301f32240 2006032021 C Bo:2:011:2 0 32 >
ffff8e2301f32240 2006032023 S Bo:2:011:2 -115 4 = ffffffff
ffff8e2301f33740 2006034734 C Bo:2:011:2 0 32 >
ffff8e2301f32240 2006037505 C Bo:2:011:2 0 4 >
ffff8e2301f326c0 2006042829 C Bi:2:011:2 0 1 = 06
ffff8e2301f326c0 2006042832 S Bi:2:011:2 -115 32 <
ffff8e2301f32240 2006043127 S Bo:2:011:2 -115 32 = 57748080 ffffffff ffffffff ffffffff ffffffff ffffffff ffffffff ffffffff
ffff8e2301f33740 2006043130 S Bo:2:011:2 -115 32 = ffffffff ffffffff ffffffff ffffffff ffffffff ffffffff ffffffff ffffffff
ffff8e2301f32240 2006043188 C Bo:2:011:2 0 32 >
ffff8e2301f32240 2006043190 S Bo:2:011:2 -115 32 = ffffffff ffffffff ffffffff ffffffff ffffffff ffffffff ffffffff ffffffff
ffff8e2301f33740 2006043240 C Bo:2:011:2 0 32 >
ffff8e2301f33740 2006043241 S Bo:2:011:2 -115 32 = ffffffff ffffffff ffffffff ffffffff ffffffff ffffffff ffffffff ffffffff
ffff8e2301f32240 2006046019 C Bo:2:011:2 0 32 >
ffff8e2301f32240 2006046021 S Bo:2:011:2 -115 4 = ffffffff
ffff8e2301f33740 2006048825 C Bo:2:011:2 0 32 >
ffff8e2301f32240 2006051532 C Bo:2:011:2 0 4 >
ffff8e2301f32e40 2006057011 C Bi:2:011:2 0 1 = 06
ffff8e2301f32e40 2006057013 S Bi:2:011:2 -115 32 <
ffff8e2301f32240 2006057284 S Bo:2:011:2 -115 32 = 57750080 ffffffff ffffffff ffffffff ffffffff ffffffff ffffffff ffffffff
ffff8e2301f33740 2006057288 S Bo:2:011:2 -115 32 = ffffffff ffffffff ffffffff ffffffff ffffffff ffffffff ffffffff ffffffff
ffff8e2301f32240 2006057345 C Bo:2:011:2 0 32 >
ffff8e2301f32240 2006057346 S Bo:2:011:2 -115 32 = ffffffff ffffffff ffffffff ffffffff ffffffff ffffffff ffffffff ffffffff
ffff8e2301f33740 2006057395 C Bo:2:011:2 0 32 >
ffff8e2301f33740 2006057397 S Bo:2:011:2 -115 32 = ffffffff ffffffff ffffffff ffffffff ffffffff ffffffff ffffffff ffffffff
ffff8e2301f32240 2006060160 C Bo:2:011:2 0 32 >
ffff8e2301f32240 2006060162 S Bo:2:011:2 -115 4 = ffffffff
ffff8e2301f33740 2006063073 C Bo:2:011:2 0 32 >
ffff8e2301f32240 2006065700 C Bo:2:011:2 0 4 >
ffff8e2301f326c0 2006071141 C Bi:2:011:2 0 1 = 06
ffff8e2301f326c0 2006071144 S Bi:2:011:2 -115 32 <
ffff8e2301f32240 2006071431 S Bo:2:011:2 -115 32 = 57758080 ffffffff ffffffff ffffffff ffffffff ffffffff ffffffff ffffffff
ffff8e2301f33740 2006071435 S Bo:2:011:2 -115 32 = ffffffff ffffffff ffffffff ffffffff ffffffff ffffffff ffffffff ffffffff
ffff8e2301f32240 2006071492 C Bo:2:011:2 0 32 >
ffff8e2301f32240 2006071493 S Bo:2:011:2 -115 32 = ffffffff ffffffff ffffffff ffffffff ffffffff ffffffff ffffffff ffffffff
ffff8e2301f33740 2006071541 C Bo:2:011:2 0 32 >
ffff8e2301f33740 2006071543 S Bo:2:011:2 -115 32 = ffffffff ffffffff ffffffff ffffffff ffffffff ffffffff ffffffff ffffffff
ffff8e2301f32240 2006074306 C Bo:2:011:2 0 32 >
ffff8e2301f32240 2006074308 S Bo:2:011:2 -115 4 = ffffffff
ffff8e2301f33740 2006077091 C Bo:2:011:2 0 32 >
ffff8e2301f32240 2006079841 C Bo:2:011:2 0 4 >
ffff8e2301f32e40 2006085281 C Bi:2:011:2 0 1 = 06
ffff8e2301f32e40 2006085283 S Bi:2:011:2 -115 32 <
ffff8e2301f32240 2006085611 S Bo:2:011:2 -115 32 = 57760080 ffffffff ffffffff ffffffff ffffffff ffffffff ffffffff ffffffff
ffff8e2301f33740 2006085615 S Bo:2:011:2 -115 32 = ffffffff ffffffff ffffffff ffffffff ffffffff ffffffff ffffffff ffffffff
ffff8e2301f32240 2006085673 C Bo:2:011:2 0 32 >
ffff8e2301f32240 2006085674 S Bo:2:011:2 -115 32 = ffffffff ffffffff ffffffff ffffffff ffffffff ffffffff ffffffff ffffffff
ffff8e2301f33740 2006085721 C Bo:2:011:2 0 32 >
ffff8e2301f33740 2006085722 S Bo:2:011:2 -115 32 = ffffffff ffffffff ffffffff ffffffff ffffffff ffffffff ffffffff ffffffff
ffff8e2301f32240 2006088522 C Bo:2:011:2 0 32 >
ffff8e2301f32240 2006088524 S Bo:2:011:2 -115 4 = ffffffff
ffff8e2301f33740 2006091304 C Bo:2:011:2 0 32 >
ffff8e2301f32240 2006094006 C Bo:2:011:2 0 4 >
ffff8e2301f326c0 2006099463 C Bi:2:011:2 0 1 = 06
ffff8e2301f326c0 2006099465 S Bi:2:011:2 -115 32 <
ffff8e2301f32240 2006099747 S Bo:2:011:2 -115 32 = 57768080 ffffffff ffffffff ffffffff ffffffff ffffffff ffffffff ffffffff
ffff8e2301f33740 2006099751 S Bo:2:011:2 -115 32 = ffffffff ffffffff ffffffff ffffffff ffffffff ffffffff ffffffff ffffffff
ffff8e2301f32240 2006099809 C Bo:2:011:2 0 32 >
ffff8e2301f32240 2006099810 S Bo:2:011:2 -115 32 = ffffffff ffffffff ffffffff ffffffff ffffffff ffffffff ffffffff ffffffff
ffff8e2301f33740 2006099860 C Bo:2:011:2 0 32 >
ffff8e2301f33740 2006099862 S Bo:2:011:2 -115 32 = ffffffff ffffffff ffffffff ffffffff ffffffff ffffffff ffffffff ffffffff
ffff8e2301f32240 2006102664 C Bo:2:011:2 0 32 >
ffff8e2301f32240 2006102665 S Bo:2:011:2 -115 4 = ffffffff
ffff8e2301f33740 2006105383 C Bo:2:011:2 0 32 >
ffff8e2301f32240 2006108134 C Bo:2:011:2 0 4 >
ffff8e2301f32e40 2006113599 C Bi:2:011:2 0 1 = 06
ffff8e2301f32e40 2006113602 S Bi:2:011:2 -115 32 <
ffff8e2301f32240 2006113891 S Bo:2:011:2 -115 32 = 57770080 ffffffff ffffffff ffffffff ffffffff ffffffff ffffffff ffffffff
ffff8e2301f33740 2006113895 S Bo:2:011:2 -115 32 = ffffffff ffffffff ffffffff ffffffff ffffffff ffffffff ffffffff ffffffff
ffff8e2301f32240 2006114019 C Bo:2:011:2 0 32 >
ffff8e2301f32240 2006114021 S Bo:2:011:2 -115 32 = ffffffff ffffffff ffffffff ffffffff ffffffff ffffffff ffffffff ffffffff
ffff8e2301f33740 2006114068 C Bo:2:011:2 0 32 >
ffff8e2301f33740 2006114070 S Bo:2:011:2 -115 32 = ffffffff ffffffff ffffffff ffffffff ffffffff ffffffff ffffffff ffffffff
ffff8e2301f32240 2006116876 C Bo:2:011:2 0 32 >
ffff8e2301f32240 2006116877 S Bo:2:011:2 -115 4 = ffffffff
ffff8e2301f33740 2006119659 C Bo:2:011:2 0 32 >
ffff8e2301f32240 2006122374 C Bo:2:011:2 0 4 >
ffff8e2301f326c0 2006127763 C Bi:2:011:2 0 1 = 06
ffff8e2301f326c0 2006127766 S Bi:2:011:2 -115 32 <
ffff8e2301f32240 2006128040 S Bo:2:011:2 -115 32 = 57778080 ffffffff ffffffff ffffffff ffffffff ffffffff ffffffff ffffffff
ffff8e2301f33740 2006128044 S Bo:2:011:2 -115 32 = ffffffff ffffffff ffffffff ffffffff ffffffff ffffffff ffffffff ffffffff
ffff8e2301f32240 2006128102 C Bo:2:011:2 0 32 >
ffff8e2301f32240 2006128104 S Bo:2:011:2 -115 32 = ffffffff ffffffff ffffffff ffffffff ffffffff ffffffff ffffffff ffffffff
ffff8e2301f33740 2006128152 C Bo:2:011:2 0 32 >
ffff8e2301f33740 2006128154 S Bo:2:011:2 -115 32 = ffffffff ffffffff ffffffff ffffffff ffffffff ffffffff ffffffff ffffffff
ffff8e2301f32240 2006131020 C Bo:2:011:2 0 32 >
ffff8e2301f32240 2006131022 S Bo:2:011:2 -115 4 = ffffffff
ffff8e2301f33740 2006133686 C Bo:2:011:2 0 32 >
ffff8e2301f32240 2006136433 C Bo:2:011:2 0 4 >
ffff8e2301f32e40 2006141917 C Bi:2:011:2 0 1 = 06
ffff8e2301f32e40 2006141920 S Bi:2:011:2 -115 32 <
ffff8e2301f32240 2006142232 S Bo:2:011:2 -115 32 = 57780080 ffffffff ffffffff ffffffff ffffffff ffffffff ffffffff ffffffff
ffff8e2301f33740 2006142236 S Bo:2:011:2 -115 32 = ffffffff ffffffff ffffffff ffffffff ffffffff ffffffff ffffffff ffffffff
ffff8e2301f32240 2006142292 C Bo:2:011:2 0 32 >
ffff8e2301f32240 2006142293 S Bo:2:011:2 -115 32 = ffffffff ffffffff ffffffff ffffffff ffffffff ffffffff ffffffff ffffffff
ffff8e2301f33740 2006142342 C Bo:2:011:2 0 32 >
ffff8e2301f33740 2006142344 S Bo:2:011:2 -115 32 = ffffffff ffffffff ffffffff ffffffff ffffffff ffffffff ffffffff ffffffff
ffff8e2301f32240 2006145103 C Bo:2:011:2 0 32 >
ffff8e2301f32240 2006145105 S Bo:2:011:2 -115 4 = ffffffff
ffff8e2301f33740 2006147874 C Bo:2:011:2 0 32 >
ffff8e2301f32240 2006150633 C Bo:2:011:2 0 4 >
ffff8e2301f326c0 2006156074 C Bi:2:011:2 0 1 = 06
ffff8e2301f326c0 2006156077 S Bi:2:011:2 -115 32 <
ffff8e2301f32240 2006156420 S Bo:2:011:2 -115 32 = 57788080 ffffffff ffffffff ffffffff ffffffff ffffffff ffffffff ffffffff
ffff8e2301f33740 2006156424 S Bo:2:011:2 -115 32 = ffffffff ffffffff ffffffff ffffffff ffffffff ffffffff ffffffff ffffffff
ffff8e2301f32240 2006156484 C Bo:2:011:2 0 32 >
ffff8e2301f32240 2006156485 S Bo:2:011:2 -115 32 = ffffffff ffffffff ffffffff ffffffff ffffffff ffffffff ffffffff ffffffff
ffff8e2301f33740 2006156534 C Bo:2:011:2 0 32 >
ffff8e2301f33740 2006156535 S Bo:2:011:2 -115 32 = ffffffff ffffffff ffffffff ffffffff ffffffff ffffffff ffffffff ffffffff
ffff8e2301f32240 2006159331 C Bo:2:011:2 0 32 >
ffff8e2301f32240 2006159333 S Bo:2:011:2 -115 4 = ffffffff
ffff8e2301f33740 2006162097 C Bo:2:011:2 0 32 >
ffff8e2301f32240 2006164828 C Bo:2:011:2 0 4 >
ffff8e2301f32e40 2006170214 C Bi:2:011:2 0 1 = 06
ffff8e2301f32e40 2006170217 S Bi:2:011:2 -115 32 <
ffff8e2301f32240 2006170568 S Bo:2:011:2 -115 32 = 57790080 ffffffff ffffffff ffffffff ffffffff ffffffff ffffffff ffffffff
ffff8e2301f33740 2006170571 S Bo:2:011:2 -115 32 = ffffffff ffffffff ffffffff ffffffff ffffffff ffffffff ffffffff ffffffff
ffff8e2301f32240 2006170632 C Bo:2:011:2 0 32 >
ffff8e2301f32240 2006170633 S Bo:2:011:2 -115 32 = ffffffff ffffffff ffffffff ffffffff ffffffff ffffffff ffffffff ffffffff
ffff8e2301f33740 2006170681 C Bo:2:011:2 0 32 >
ffff8e2301f33740 2006170682 S Bo:2:011:2 -115 32 = ffffffff ffffffff ffffffff ffffffff ffffffff ffffffff ffffffff ffffffff
ffff8e2301f32240 2006173456 C Bo:2:011:2 0 32 >
ffff8e2301f32240 2006173457 S Bo:2:011:2 -115 4 = ffffffff
ffff8e2301f33740 2006176238 C Bo:2:011:2 0 32 >
ffff8e2301f32240 2006179011 C Bo:2:011:2 0 4 >
ffff8e2301f326c0 2006184351 C Bi:2:011:2 0 1 = 06
ffff8e2301f326c0 2006184353 S Bi:2:011:2 -115 32 <
ffff8e2301f32240 2006184759 S Bo:2:011:2 -115 32 = 57798080 ffffffff ffffffff ffffffff ffffffff ffffffff ffffffff ffffffff
ffff8e2301f33740 2006184763 S Bo:2:011:2 -115 32 = ffffffff ffffffff ffffffff ffffffff ffffffff ffffffff ffffffff ffffffff
ffff8e2301f32240 2006184819 C Bo:2:011:2 0 32 >
ffff8e2301f32240 2006184820 S Bo:2:011:2 -115 32 = ffffffff ffffffff ffffffff ffffffff ffffffff ffffffff ffffffff ffffffff
ffff8e2301f33740 2006184868 C Bo:2:011:2 0 32 >
ffff8e2301f33740 2006184868 S Bo:2:011:2 -115 32 = ffffffff ffffffff ffffffff ffffffff ffffffff ffffffff ffffffff ffffffff
ffff8e2301f32240 2006187646 C Bo:2:011:2 0 32 >
ffff8e2301f32240 2006187648 S Bo:2:011:2 -115 4 = ffffffff
ffff8e2301f33740 2006190450 C Bo:2:011:2 0 32 >
ffff8e2301f32240 2006193147 C Bo:2:011:2 0 4 >
ffff8e2301f32e40 2006198534 C Bi:2:011:2 0 1 = 06
ffff8e2301f32e40 2006198536 S Bi:2:011:2 -115 32 <
ffff8e2301f32240 2006198963 S Bo:2:011:2 -115 32 = 577a0080 ffffffff ffffffff ffffffff ffffffff ffffffff ffffffff ffffffff
ffff8e2301f33740 2006198967 S Bo:2:011:2 -115 32 = ffffffff ffffffff ffffffff ffffffff ffffffff ffffffff ffffffff ffffffff
ffff8e2301f32240 2006199021 C Bo:2:011:2 0 32 >
ffff8e2301f32240 2006199022 S Bo:2:011:2 -115 32 = ffffffff ffffffff ffffffff ffffffff ffffffff ffffffff ffffffff ffffffff
ffff8e2301f33740 2006199072 C Bo:2:011:2 0 32 >
ffff8e2301f33740 2006199072 S Bo:2:011:2 -115 32 = ffffffff ffffffff ffffffff ffffffff ffffffff ffffffff ffffffff ffffffff
ffff8e2301f32240 2006201842 C Bo:2:011:2 0 32 >
ffff8e2301f32240 2006201843 S Bo:2:011:2 -115 4 = ffffffff
ffff8e2301f33740 2006204659 C Bo:2:011:2 0 32 >
ffff8e2301f32240 2006207359 C Bo:2:011:2 0 4 >
ffff8e2301f326c0 2006212830 C Bi:2:011:2 0 1 = 06
ffff8e2301f326c0 2006212834 S Bi:2:011:2 -115 32 <
ffff8e2301f32240 2006213190 S Bo:2:011:2 -115 32 = 577a8080 ffffffff ffffffff ffffffff ffffffff ffffffff ffffffff ffffffff
ffff8e2301f33740 2006213194 S Bo:2:011:2 -115 32 = ffffffff ffffffff ffffffff ffffffff ffffffff ffffffff ffffffff ffffffff
ffff8e2301f32240 2006213257 C Bo:2:011:2 0 32 >
ffff8e2301f32240 2006213259 S Bo:2:011:2 -115 32 = ffffffff ffffffff ffffffff ffffffff ffffffff ffffffff ffffffff ffffffff
ffff8e2301f33740 2006213307 C Bo:2:011:2 0 32 >
ffff8e2301f33740 2006213309 S Bo:2:011:2 -115 32 = ffffffff ffffffff ffffffff ffffffff ffffffff ffffffff ffffffff ffffffff
ffff8e2301f32240 2006216099 C Bo:2:011:2 0 32 >
ffff8e2301f32240 2006216100 S Bo:2:011:2 -115 4 = ffffffff
ffff8e2301f33740 2006218875 C Bo:2:011:2 0 32 >
ffff8e2301f32240 2006221586 C Bo:2:011:2 0 4 >
ffff8e2301f32e40 2006227010 C Bi:2:011:2 0 1 = 06
ffff8e2301f32e40 2006227012 S Bi:2:011:2 -115 32 <
ffff8e2301f32240 2006227356 S Bo:2:011:2 -115 32 = 577b0080 ffffffff ffffffff ffffffff ffffffff ffffffff ffffffff ffffffff
ffff8e2301f33740 2006227360 S Bo:2:011:2 -115 32 = ffffffff ffffffff ffffffff ffffffff ffffffff ffffffff ffffffff ffffffff
ffff8e2301f32240 2006227416 C Bo:2:011:2 0 32 >
ffff8e2301f32240 2006227417 S Bo:2:011:2 -115 32 = ffffffff ffffffff ffffffff ffffffff ffffffff ffffffff ffffffff ffffffff
ffff8e2301f33740 2006227465 C Bo:2:011:2 0 32 >
ffff8e2301f33740 2006227466 S Bo:2:011:2 -115 32 = ffffffff ffffffff ffffffff ffffffff ffffffff ffffffff ffffffff ffffffff
ffff8e2301f32240 2006230236 C Bo:2:011:2 0 32 >
ffff8e2301f32240 2006230238 S Bo:2:011:2 -115 4 = ffffffff
ffff8e2301f33740 2006233019 C Bo:2:011:2 0 32 >
ffff8e2301f32240 2006235747 C Bo:2:011:2 0 4 >
ffff8e2301f326c0 2006241143 C Bi:2:011:2 0 1 = 06
ffff8e2301f326c0 2006241146 S Bi:2:011:2 -115 32 <
ffff8e2301f32240 2006241442 S Bo:2:011:2 -115 32 = 577b8080 ffffffff ffffffff ffffffff ffffffff ffffffff ffffffff ffffffff
ffff8e2301f33740 2006241446 S Bo:2:011:2 -115 32 = ffffffff ffffffff ffffffff ffffffff ffffffff ffffffff ffffffff ffffffff
ffff8e2301f32240 2006241508 C Bo:2:011:2 0 32 >
ffff8e2301f32240 2006241509 S Bo:2:011:2 -115 32 = ffffffff ffffffff ffffffff ffffffff ffffffff ffffffff ffffffff ffffffff
ffff8e2301f33740 2006241556 C Bo:2:011:2 0 32 >
ffff8e2301f33740 2006241557 S Bo:2:011:2 -115 32 = ffffffff ffffffff ffffffff ffffffff ffffffff ffffffff ffffffff ffffffff
ffff8e2301f32240 2006244376 C Bo:2:011:2 0 32 >
ffff8e2301f32240 2006244378 S Bo:2:011:2 -115 4 = ffffffff
ffff8e2301f33740 2006247097 C Bo:2:011:2 0 32 >
ffff8e2301f32240 2006249828 C Bo:2:011:2 0 4 >
ffff8e2301f32e40 2006255281 C Bi:2:011:2 0 1 = 06
ffff8e2301f32e40 2006255284 S Bi:2:011:2 -115 32 <
ffff8e2301f32240 2006255577 S Bo:2:011:2 -115 32 = 577c0080 ffffffff ffffffff ffffffff ffffffff ffffffff ffffffff ffffffff
ffff8e2301f33740 2006255581 S Bo:2:011:2 -115 32 = ffffffff ffffffff ffffffff ffffffff ffffffff ffffffff ffffffff ffffffff
ffff8e2301f32240 2006255638 C Bo:2:011:2 0 32 >
ffff8e2301f32240 2006255640 S Bo:2:011:2 -115 32 = ffffffff ffffffff ffffffff ffffffff ffffffff ffffffff ffffffff ffffffff
ffff8e2301f33740 2006255687 C Bo:2:011:2 0 32 >
ffff8e2301f33740 2006255688 S Bo:2:011:2 -115 32 = ffffffff ffffffff ffffffff ffffffff ffffffff ffffffff ffffffff ffffffff
ffff8e2301f32240 2006258451 C Bo:2:011:2 0 32 >
ffff8e2301f32240 2006258453 S Bo:2:011:2 -115 4 = ffffffff
ffff8e2301f33740 2006261236 C Bo:2:011:2 0 32 >
ffff8e2301f32240 2006264006 C Bo:2:011:2 0 4 >
ffff8e2301f326c0 2006269464 C Bi:2:011:2 0 1 = 06
ffff8e2301f326c0 2006269467 S Bi:2:011:2 -115 32 <
ffff8e2301f32240 2006269875 S Bo:2:011:2 -115 32 = 577c8080 ffffffff ffffffff ffffffff ffffffff ffffffff ffffffff ffffffff
ffff8e2301f33740 2006269879 S Bo:2:011:2 -115 32 = ffffffff ffffffff ffffffff ffffffff ffffffff ffffffff ffffffff ffffffff
ffff8e2301f32240 2006269935 C Bo:2:011:2 0 32 >
ffff8e2301f32240 2006269936 S Bo:2:011:2 -115 32 = ffffffff ffffffff ffffffff ffffffff ffffffff ffffffff ffffffff ffffffff
ffff8e2301f33740 2006270031 C Bo:2:011:2 0 32 >
ffff8e2301f33740 2006270031 S Bo:2:011:2 -115 32 = ffffffff ffffffff ffffffff ffffffff ffffffff ffffffff ffffffff ffffffff
ffff8e2301f32240 2006272751 C Bo:2:011:2 0 32 >
ffff8e2301f32240 2006272753 S Bo:2:011:2 -115 4 = ffffffff
ffff8e2301f33740 2006275521 C Bo:2:011:2 0 32 >
ffff8e2301f32240 2006278288 C Bo:2:011:2 0 4 >
ffff8e2301f32e40 2006283783 C Bi:2:011:2 0 1 = 06
ffff8e2301f32e40 2006283786 S Bi:2:011:2 -115 32 <
ffff8e2301f32240 2006284145 S Bo:2:011:2 -115 32 = 577d0080 ffffffff ffffffff ffffffff ffffffff ffffffff ffffffff ffffffff
ffff8e2301f33740 2006284149 S Bo:2:011:2 -115 32 = ffffffff ffffffff ffffffff ffffffff ffffffff ffffffff ffffffff ffffffff
ffff8e2301f32240 2006284213 C Bo:2:011:2 0 32 >
ffff8e2301f32240 2006284214 S Bo:2:011:2 -115 32 = ffffffff ffffffff ffffffff ffffffff ffffffff ffffffff ffffffff ffffffff
ffff8e2301f33740 2006284261 C Bo:2:011:2 0 32 >
ffff8e2301f33740 2006284262 S Bo:2:011:2 -115 32 = ffffffff ffffffff ffffffff ffffffff ffffffff ffffffff ffffffff ffffffff
ffff8e2301f32240 2006287076 C Bo:2:011:2 0 32 >
ffff8e2301f32240 2006287077 S Bo:2:011:2 -115 4 = ffffffff
ffff8e2301f33740 2006289810 C Bo:2:011:2 0 32 >
ffff8e2301f32240 2006292547 C Bo:2:011:2 0 4 >
ffff8e2301f326c0 2006298009 C Bi:2:011:2 0 1 = 06
ffff8e2301f326c0 2006298013 S Bi:2:011:2 -115 32 <
ffff8e2301f32240 2006298283 S Bo:2:011:2 -115 32 = 577d8080 ffffffff ffffffff ffffffff ffffffff ffffffff ffffffff ffffffff
ffff8e2301f33740 2006298287 S Bo:2:011:2 -115 32 = ffffffff ffffffff ffffffff ffffffff ffffffff ffffffff ffffffff ffffffff
ffff8e2301f32240 2006298343 C Bo:2:011:2 0 32 >
ffff8e2301f32240 2006298345 S Bo:2:011:2 -115 32 = ffffffff ffffffff ffffffff ffffffff ffffffff ffffffff ffffffff ffffffff
ffff8e2301f33740 2006298391 C Bo:2:011:2 0 32 >
ffff8e2301f33740 2006298393 S Bo:2:011:2 -115 32 = ffffffff ffffffff ffffffff ffffffff ffffffff ffffffff ffffffff ffffffff
ffff8e2301f32240 2006301166 C Bo:2:011:2 0 32 >
ffff8e2301f32240 2006301168 S Bo:2:011:2 -115 4 = ffffffff
ffff8e2301f33740 2006304030 C Bo:2:011:2 0 32 >
ffff8e2301f32240 2006306681 C Bo:2:011:2 0 4 >
ffff8e2301f32e40 2006312076 C Bi:2:011:2 0 1 = 06
ffff8e2301f32e40 2006312078 S Bi:2:011:2 -115 32 <
ffff8e2301f32240 2006312400 S Bo:2:011:2 -115 32 = 577e0080 ffffffff ffffffff ffffffff ffffffff ffffffff ffffffff ffffffff
ffff8e2301f33740 2006312404 S Bo:2:011:2 -115 32 = ffffffff ffffffff ffffffff ffffffff ffffffff ffffffff ffffffff ffffffff
ffff8e2301f32240 2006312462 C Bo:2:011:2 0 32 >
ffff8e2301f32240 2006312463 S Bo:2:011:2 -115 32 = ffffffff ffffffff ffffffff ffffffff ffffffff ffffffff ffffffff ffffffff
ffff8e2301f33740 2006312511 C Bo:2:011:2 0 32 >
ffff8e2301f33740 2006312513 S Bo:2:011:2 -115 32 = ffffffff ffffffff ffffffff ffffffff ffffffff ffffffff ffffffff ffffffff
ffff8e2301f32240 2006315308 C Bo:2:011:2 0 32 >
ffff8e2301f32240 2006315310 S Bo:2:011:2 -115 4 = ffffffff
ffff8e2301f33740 2006318100 C Bo:2:011:2 0 32 >
ffff8e2301f32240 2006320781 C Bo:2:011:2 0 4 >
ffff8e2301f326c0 2006326263 C Bi:2:011:2 0 1 = 06
ffff8e2301f326c0 2006326266 S Bi:2:011:2 -115 32 <
ffff8e2301f32240 2006326607 S Bo:2:011:2 -115 32 = 577e8080 ffffffff ffffffff ffffffff ffffffff ffffffff ffffffff ffffffff
ffff8e2301f33740 2006326610 S Bo:2:011:2 -115 32 = ffffffff ffffffff ffffffff ffffffff ffffffff ffffffff ffffffff ffffffff
ffff8e2301f32240 2006326667 C Bo:2:011:2 0 32 >
ffff8e2301f32240 2006326668 S Bo:2:011:2 -115 32 = ffffffff ffffffff ffffffff ffffffff ffffffff ffffffff ffffffff ffffffff
ffff8e2301f33740 2006326716 C Bo:2:011:2 0 32 >
ffff8e2301f33740 2006326717 S Bo:2:011:2 -115 32 = ffffffff ffffffff ffffffff ffffffff ffffffff ffffffff ffffffff ffffffff
ffff8e2301f32240 2006329521 C Bo:2:011:2 0 32 >
ffff8e2301f32240 2006329522 S Bo:2:011:2 -115 4 = ffffffff
ffff8e2301f33740 2006332304 C Bo:2:011:2 0 32 >
ffff8e2301f32240 2006335056 C Bo:2:011:2 0 4 >
ffff8e2301f32e40 2006340396 C Bi:2:011:2 0 1 = 06
ffff8e2301f32e40 2006340398 S Bi:2:011:2 -115 32 <
ffff8e2301f32240 2006340802 S Bo:2:011:2 -115 32 = 577f0080 ffffffff ffffffff ffffffff ffffffff ffffffff ffffffff ffffffff
ffff8e2301f33740 2006340805 S Bo:2:011:2 -115 32 = ffffffff ffffffff ffffffff ffffffff ffffffff ffffffff ffffffff ffffffff
ffff8e2301f32240 2006340862 C Bo:2:011:2 0 32 >
ffff8e2301f32240 2006340863 S Bo:2:011:2 -115 32 = ffffffff ffffffff ffffffff ffffffff ffffffff ffffffff ffffffff ffffffff
ffff8e2301f33740 2006340910 C Bo:2:011:2 0 32 >
ffff8e2301f33740 2006340911 S Bo:2:011:2 -115 32 = ffffffff ffffffff ffffffff ffffffff ffffffff ffffffff ffffffff ffffffff
ffff8e2301f32240 2006343738 C Bo:2:011:2 0 32 >
ffff8e2301f32240 2006343739 S Bo:2:011:2 -115 4 = ffffffff
ffff8e2301f33740 2006346451 C Bo:2:011:2 0 32 >
ffff8e2301f32240 2006349212 C Bo:2:011:2 0 4 >
ffff8e2301f326c0 2006354716 C Bi:2:011:2 0 1 = 06
ffff8e2301f326c0 2006354718 S Bi:2:011:2 -115 32 <
ffff8e2301f32240 2006355071 S Bo:2:011:2 -115 32 = 577f8080 ffffffff ffffffff ffffffff ffffffff ffffffff ffffffff ffffffff
ffff8e2301f33740 2006355075 S Bo:2:011:2 -115 32 = ffffffff ffffffff ffffffff ffffffff ffffffff ffffffff ffffffff ffffffff
ffff8e2301f32240 2006355138 C Bo:2:011:2 0 32 >
ffff8e2301f32240 2006355139 S Bo:2:011:2 -115 32 = ffffffff ffffffff ffffffff ffffffff ffffffff ffffffff ffffffff ffffffff
ffff8e2301f33740 2006355187 C Bo:2:011:2 0 32 >
ffff8e2301f33740 2006355188 S Bo:2:011:2 -115 32 = ffffffff ffffffff ffffffff ffffffff ffffffff ffffffff ffffffff ffffffff
ffff8e2301f32240 2006358031 C Bo:2:011:2 0 32 >
ffff8e2301f32240 2006358032 S Bo:2:011:2 -115 4 = ffffffff
ffff8e2301f33740 2006360742 C Bo:2:011:2 0 32 >
ffff8e2301f32240 2006363508 C Bo:2:011:2 0 4 >
ffff8e2301f32e40 2006368875 C Bi:2:011:2 0 1 = 06
ffff8e2301f32e40 2006368878 S Bi:2:011:2 -115 32 <
ffff8e2301f32240 2006370017 S Bo:2:011:2 -115 32 = 57800080 514a0652 54000000 00000000 ff0000ff 000e0000 00000000 000000ff
ffff8e2301f33740 2006370022 S Bo:2:011:2 -115 32 = ffffffff 514c0757 55000000 00000000 ff0000ff 000e0157 00000000 000000ff
ffff8e2301f32240 2006370077 C Bo:2:011:2 0 32 >
ffff8e2301f32240 2006370078 S Bo:2:011:2 -115 32 = ffffffff 004c065e 004b0000 00000000 ff0000ff 00000000 00000000 000000ff
ffff8e2301f33740 2006370135 C Bo:2:011:2 0 32 >
ffff8e2301f33740 2006370136 S Bo:2:011:2 -115 32 = ffffffff ffffffff ffffffff ffffffff ffffffff ffffffff ffffffff ffffffff
ffff8e2301f32240 2006373021 C Bo:2:011:2 0 32 >
ffff8e2301f32240 2006373022 S Bo:2:011:2 -115 4 = ffffffff
ffff8e2301f33740 2006375701 C Bo:2:011:2 0 32 >
ffff8e2301f32240 2006378435 C Bo:2:011:2 0 4 >
ffff8e2301f326c0 2006384030 C Bi:2:011:2 0 1 = 06
ffff8e2301f326c0 2006384033 S Bi:2:011:2 -115 32 <
ffff8e2301f32240 2006385084 S Bo:2:011:2 -115 32 = 57900080 514f0253 514c0000 00000100 54000000 000001ff 51000057 51000000
ffff8e2301f33740 2006385088 S Bo:2:011:2 -115 32 = 514f02ff 554fffff 00000000 51490100 55000057 ffffffff ffffffff ff00015d
ffff8e2301f32240 2006385145 C Bo:2:011:2 0 32 >
ffff8e2301f32240 2006385146 S Bo:2:011:2 -115 32 = 444c1352 5548075e 514f0157 51a903b1 53ffffff ffffffff ffffffff ffffffff
ffff8e2301f33740 2006385193 C Bo:2:011:2 0 32 >
ffff8e2301f33740 2006385194 S Bo:2:011:2 -115 32 = ffffffff ffffffff ffffffff ffffffff ffffffff ffffffff ffffffff ffffffff
ffff8e2301f32240 2006388031 C Bo:2:011:2 0 32 >
ffff8e2301f32240 2006388033 S Bo:2:011:2 -115 4 = ffffffff
ffff8e2301f33740 2006390742 C Bo:2:011:2 0 32 >
ffff8e2301f32240 2006393507 C Bo:2:011:2 0 4 >
ffff8e2301f32e40 2006399051 C Bi:2:011:2 0 1 = 06
ffff8e2301f32e40 2006399054 S Bi:2:011:2 -115 32 <
ffff8e2301f32240 2006399725 S Bo:2:011:2 -115 32 = 57a00080 514c0352 55ff0057 51ffffff ffffffff ffffffff ffffffff ffffffff
ffff8e2301f33740 2006399729 S Bo:2:011:2 -115 32 = ffffffff 51000100 5100ffff ffffffff ffffffff ffffffff ffffffff ffffffff
ffff8e2301f32240 2006399786 C Bo:2:011:2 0 32 >
ffff8e2301f32240 2006399787 S Bo:2:011:2 -115 32 = ffffffff ffffffff ffffffff ffffffff ffffffff ffffffff ffffffff ffffffff
ffff8e2301f33740 2006399839 C Bo:2:011:2 0 32 >
ffff8e2301f33740 2006399839 S Bo:2:011:2 -115 32 = ffffffff ffffffff ffffffff ffffffff ffffffff ffffffff ffffffff ffffffff
ffff8e2301f32240 2006402602 C Bo:2:011:2 0 32 >
ffff8e2301f32240 2006402604 S Bo:2:011:2 -115 4 = ffffffff
ffff8e2301f33740 2006405375 C Bo:2:011:2 0 32 >
ffff8e2301f32240 2006408147 C Bo:2:011:2 0 4 >
ffff8e2301f326c0 2006418830 C Bi:2:011:2 0 1 = 06
ffff8e2301f326c0 2006418834 S Bi:2:011:2 -115 32 <
ffff8e2301f32240 2006419189 S Bo:2:011:2 -115 32 = 57a08080 ffffffff ffffffff ffffffff ffffffff ffffffff ffffffff ffffffff
ffff8e2301f33740 2006419193 S Bo:2:011:2 -115 32 = ffffffff ffffffff ffffffff ffffffff ffffffff ffffffff ffffffff ffffffff
ffff8e2301f32240 2006419249 C Bo:2:011:2 0 32 >
ffff8e2301f32240 2006419251 S Bo:2:011:2 -115 32 = ffffffff ffffffff ffffffff ffffffff ffffffff ffffffff ffffffff ffffffff
ffff8e2301f33740 2006419299 C Bo:2:011:2 0 32 >
ffff8e2301f33740 2006419300 S Bo:2:011:2 -115 32 = ffffffff ffffffff ffffffff ffffffff ffffffff ffffffff ffffffff ffffffff
ffff8e2301f32240 2006422092 C Bo:2:011:2 0 32 >
ffff8e2301f32240 2006422094 S Bo:2:011:2 -115 4 = ffffffff
ffff8e2301f33740 2006424875 C Bo:2:011:2 0 32 >
ffff8e2301f32240 2006427602 C Bo:2:011:2 0 4 >
ffff8e2301f32e40 2006433011 C Bi:2:011:2 0 1 = 06
ffff8e2301f32e40 2006433014 S Bi:2:011:2 -115 32 <
ffff8e2301f32240 2006433359 S Bo:2:011:2 -115 32 = 57a10080 ffffffff ffffffff ffffffff ffffffff ffffffff ffffffff ffffffff
ffff8e2301f33740 2006433363 S Bo:2:011:2 -115 32 = ffffffff ffffffff ffffffff ffffffff ffffffff ffffffff ffffffff ffffffff
ffff8e2301f32240 2006433419 C Bo:2:011:2 0 32 >
ffff8e2301f32240 2006433420 S Bo:2:011:2 -115 32 = ffffffff ffffffff ffffffff ffffffff ffffffff ffffffff ffffffff ffffffff
ffff8e2301f33740 2006433468 C Bo:2:011:2 0 32 >
ffff8e2301f33740 2006433470 S Bo:2:011:2 -115 32 = ffffffff ffffffff ffffffff ffffffff ffffffff ffffffff ffffffff ffffffff
ffff8e2301f32240 2006436238 C Bo:2:011:2 0 32 >
ffff8e2301f32240 2006436240 S Bo:2:011:2 -115 4 = ffffffff
ffff8e2301f33740 2006439020 C Bo:2:011:2 0 32 >
ffff8e2301f32240 2006441781 C Bo:2:011:2 0 4 >
ffff8e2301f326c0 2006447097 C Bi:2:011:2 0 1 = 06
ffff8e2301f326c0 2006447100 S Bi:2:011:2 -115 32 <
ffff8e2301f32240 2006448027 S Bo:2:011:2 -115 32 = 57b00080 00570000 00000000 00000000 00000000 00000000 00000000 00000000
ffff8e2301f33740 2006448032 S Bo:2:011:2 -115 32 = 00000000 0000a77d 00000000 00000000 00000000 00000000 00000000 00000000
ffff8e2301f32240 2006448091 C Bo:2:011:2 0 32 >
ffff8e2301f32240 2006448092 S Bo:2:011:2 -115 32 = 00000000 00000055 00e92b55 9c4f0000 54000000 004a0000 00000400 00000052
ffff8e2301f33740 2006448139 C Bo:2:011:2 0 32 >
ffff8e2301f33740 2006448140 S Bo:2:011:2 -115 32 = 00000000 54000000 004a0000 00000400 00000052 00000000 54000000 004a0000
ffff8e2301f32240 2006451021 C Bo:2:011:2 0 32 >
ffff8e2301f32240 2006451022 S Bo:2:011:2 -115 4 = 00000400
ffff8e2301f33740 2006453661 C Bo:2:011:2 0 32 >
ffff8e2301f32240 2006456435 C Bo:2:011:2 0 4 >
ffff8e2301f32e40 2006461599 C Bi:2:011:2 0 1 = 06
ffff8e2301f32e40 2006461602 S Bi:2:011:2 -115 32 <
ffff8e2301f32240 2006462051 S Bo:2:011:2 -115 32 = 57b08080 00000052 00000000 54000000 004a0000 00000400 00000000 74ffffff
ffff8e2301f33740 2006462055 S Bo:2:011:2 -115 32 = ffffffff ffffffff ffffffff ffffffff ffffffff ffffffff ffffffff ffffffff
ffff8e2301f32240 2006462113 C Bo:2:011:2 0 32 >
ffff8e2301f32240 2006462114 S Bo:2:011:2 -115 32 = ffffffff ffffffff ffffffff ffffffff ffffffff ffffffff ffffffff ffffffff
ffff8e2301f33740 2006462163 C Bo:2:011:2 0 32 >
ffff8e2301f33740 2006462164 S Bo:2:011:2 -115 32 = ffffffff ffffffff ffffffff ffffffff ffffffff ffffffff ffffffff ffffffff
ffff8e2301f32240 2006465021 C Bo:2:011:2 0 32 >
ffff8e2301f32240 2006465023 S Bo:2:011:2 -115 4 = ffffffff
ffff8e2301f33740 2006467741 C Bo:2:011:2 0 32 >
ffff8e2301f32240 2006470470 C Bo:2:011:2 0 4 >
ffff8e2301f326c0 2006476120 C Bi:2:011:2 0 1 = 06
ffff8e2301f326c0 2006476123 S Bi:2:011:2 -115 32 <
ffff8e2301f32240 2006476701 S Bo:2:011:2 -115 32 = 57c00080 ffffffff ffffffff ffffffff ffffffff ffffffff ffffffff ffffffff
ffff8e2301f33740 2006476705 S Bo:2:011:2 -115 32 = ffffffff ffffffff ffffffff ffffffff ffffffff ffffffff ffffffff ffffffff
ffff8e2301f32240 2006476763 C Bo:2:011:2 0 32 >
ffff8e2301f32240 2006476764 S Bo:2:011:2 -115 32 = ffffffff ffffffff ffffffff ffffffff ffffffff ffffffff ffffffff ffffffff
ffff8e2301f33740 2006476812 C Bo:2:011:2 0 32 >
ffff8e2301f33740 2006476812 S Bo:2:011:2 -115 32 = ffffffff ffffffff ffffffff ffffffff ffffffff ffffffff ffffffff ffffffff
ffff8e2301f32240 2006479618 C Bo:2:011:2 0 32 >
ffff8e2301f32240 2006479620 S Bo:2:011:2 -115 4 = ffffffff
ffff8e2301f33740 2006482384 C Bo:2:011:2 0 32 >
ffff8e2301f32240 2006485101 C Bo:2:011:2 0 4 >
ffff8e2301f32e40 2006494352 C Bi:2:011:2 0 1 = 06
ffff8e2301f32e40 2006494354 S Bi:2:011:2 -115 32 <
ffff8e2301f32240 2006494638 S Bo:2:011:2 -115 32 = 57c08080 ffffffff ffffffff ffffffff ffffffff ffffffff ffffffff ffffffff
ffff8e2301f33740 2006494642 S Bo:2:011:2 -115 32 = ffffffff ffffffff ffffffff ffffffff ffffffff ffffffff ffffffff ffffffff
ffff8e2301f32240 2006494698 C Bo:2:011:2 0 32 >
ffff8e2301f32240 2006494700 S Bo:2:011:2 -115 32 = ffffffff ffffffff ffffffff ffffffff ffffffff ffffffff ffffffff ffffffff
ffff8e2301f33740 2006494748 C Bo:2:011:2 0 32 >
ffff8e2301f33740 2006494748 S Bo:2:011:2 -115 32 = ffffffff ffffffff ffffffff ffffffff ffffffff ffffffff ffffffff ffffffff
ffff8e2301f32240 2006497549 C Bo:2:011:2 0 32 >
ffff8e2301f32240 2006497551 S Bo:2:011:2 -115 4 = ffffffff
ffff8e2301f33740 2006500306 C Bo:2:011:2 0 32 >
ffff8e2301f32240 2006503054 C Bo:2:011:2 0 4 >
ffff8e2301f326c0 2006508487 C Bi:2:011:2 0 1 = 06
ffff8e2301f326c0 2006508489 S Bi:2:011:2 -115 32 <
ffff8e2301f32240 2006509201 S Bo:2:011:2 -115 32 = 57d00080 ffffffff ffffffff ffffffff ffffffff ffffffff ffffffff ffffffff
ffff8e2301f33740 2006509205 S Bo:2:011:2 -115 32 = ffffffff ffffffff ffffffff ffffffff ffffffff ffffffff ffffffff ffffffff
ffff8e2301f32240 2006509261 C Bo:2:011:2 0 32 >
ffff8e2301f32240 2006509262 S Bo:2:011:2 -115 32 = ffffffff ffffffff ffffffff ffffffff ffffffff ffffffff ffffffff ffffffff
ffff8e2301f33740 2006509309 C Bo:2:011:2 0 32 >
ffff8e2301f33740 2006509310 S Bo:2:011:2 -115 32 = ffffffff ffffffff ffffffff ffffffff ffffffff ffffffff ffffffff ffffffff
ffff8e2301f32240 2006512102 C Bo:2:011:2 0 32 >
ffff8e2301f32240 2006512104 S Bo:2:011:2 -115 4 = ffffffff
ffff8e2301f33740 2006514876 C Bo:2:011:2 0 32 >
ffff8e2301f32240 2006517602 C Bo:2:011:2 0 4 >
ffff8e2301f32e40 2006526740 C Bi:2:011:2 0 1 = 06
ffff8e2301f32e40 2006526742 S Bi:2:011:2 -115 32 <
ffff8e2301f32240 2006527090 S Bo:2:011:2 -115 32 = 57d08080 ffffffff ffffffff ffffffff ffffffff ffffffff ffffffff ffffffff
ffff8e2301f33740 2006527094 S Bo:2:011:2 -115 32 = ffffffff ffffffff ffffffff ffffffff ffffffff ffffffff ffffffff ffffffff
ffff8e2301f32240 2006527151 C Bo:2:011:2 0 32 >
ffff8e2301f32240 2006527152 S Bo:2:011:2 -115 32 = ffffffff ffffffff ffffffff ffffffff ffffffff ffffffff ffffffff ffffffff
ffff8e2301f33740 2006527199 C Bo:2:011:2 0 32 >
ffff8e2301f33740 2006527199 S Bo:2:011:2 -115 32 = ffffffff ffffffff ffffffff ffffffff ffffffff ffffffff ffffffff ffffffff
ffff8e2301f32240 2006530032 C Bo:2:011:2 0 32 >
ffff8e2301f32240 2006530034 S Bo:2:011:2 -115 4 = ffffffff
ffff8e2301f33740 2006532742 C Bo:2:011:2 0 32 >
ffff8e2301f32240 2006535508 C Bo:2:011:2 0 4 >
ffff8e2301f326c0 2006540876 C Bi:2:011:2 0 1 = 06
ffff8e2301f326c0 2006540878 S Bi:2:011:2 -115 32 <
ffff8e2301f32240 2006541221 S Bo:2:011:2 -115 32 = 57d10080 ffffffff ffffffff ffffffff ffffffff ffffffff ffffffff ffffffff
ffff8e2301f33740 2006541225 S Bo:2:011:2 -115 32 = ffffffff ffffffff ffffffff ffffffff ffffffff ffffffff ffffffff ffffffff
ffff8e2301f32240 2006541281 C Bo:2:011:2 0 32 >
ffff8e2301f32240 2006541282 S Bo:2:011:2 -115 32 = ffffffff ffffffff ffffffff ffffffff ffffffff ffffffff ffffffff ffffffff
ffff8e2301f33740 2006541330 C Bo:2:011:2 0 32 >
ffff8e2301f33740 2006541331 S Bo:2:011:2 -115 32 = ffffffff ffffffff ffffffff ffffffff ffffffff ffffffff ffffffff ffffffff
ffff8e2301f32240 2006544102 C Bo:2:011:2 0 32 >
ffff8e2301f32240 2006544104 S Bo:2:011:2 -115 4 = ffffffff
ffff8e2301f33740 2006546876 C Bo:2:011:2 0 32 >
ffff8e2301f32240 2006549635 C Bo:2:011:2 0 4 >
ffff8e2301f32e40 2006555052 C Bi:2:011:2 0 1 = 06
ffff8e2301f32e40 2006555054 S Bi:2:011:2 -115 32 <
ffff8e2301f32240 2006555352 S Bo:2:011:2 -115 32 = 57d18080 ffffffff ffffffff ffffffff ffffffff ffffffff ffffffff ffffffff
ffff8e2301f33740 2006555356 S Bo:2:011:2 -115 32 = ffffffff ffffffff ffffffff ffffffff ffffffff ffffffff ffffffff ffffffff
ffff8e2301f32240 2006555412 C Bo:2:011:2 0 32 >
ffff8e2301f32240 2006555413 S Bo:2:011:2 -115 32 = ffffffff ffffffff ffffffff ffffffff ffffffff ffffffff ffffffff ffffffff
ffff8e2301f33740 2006555465 C Bo:2:011:2 0 32 >
ffff8e2301f33740 2006555466 S Bo:2:011:2 -115 32 = ffffffff ffffffff ffffffff ffffffff ffffffff ffffffff ffffffff ffffffff
ffff8e2301f32240 2006558242 C Bo:2:011:2 0 32 >
ffff8e2301f32240 2006558244 S Bo:2:011:2 -115 4 = ffffffff
ffff8e2301f33740 2006561033 C Bo:2:011:2 0 32 >
ffff8e2301f32240 2006563749 C Bo:2:011:2 0 4 >
ffff8e2301f326c0 2006569188 C Bi:2:011:2 0 1 = 06
ffff8e2301f326c0 2006569189 S Bi:2:011:2 -115 32 <
ffff8e2301f32240 2006569513 S Bo:2:011:2 -115 32 = 57d20080 ffffffff ffffffff ffffffff ffffffff ffffffff ffffffff ffffffff
ffff8e2301f33740 2006569517 S Bo:2:011:2 -115 32 = ffffffff ffffffff ffffffff ffffffff ffffffff ffffffff ffffffff ffffffff
ffff8e2301f32240 2006569572 C Bo:2:011:2 0 32 >
ffff8e2301f32240 2006569573 S Bo:2:011:2 -115 32 = ffffffff ffffffff ffffffff ffffffff ffffffff ffffffff ffffffff ffffffff
ffff8e2301f33740 2006569622 C Bo:2:011:2 0 32 >
ffff8e2301f33740 2006569623 S Bo:2:011:2 -115 32 = ffffffff ffffffff ffffffff ffffffff ffffffff ffffffff ffffffff ffffffff
ffff8e2301f32240 2006572385 C Bo:2:011:2 0 32 >
ffff8e2301f32240 2006572387 S Bo:2:011:2 -115 4 = ffffffff
ffff8e2301f33740 2006575148 C Bo:2:011:2 0 32 >
ffff8e2301f32240 2006577990 C Bo:2:011:2 0 4 >
ffff8e2301f32e40 2006583328 C Bi:2:011:2 0 1 = 06
ffff8e2301f32e40 2006583330 S Bi:2:011:2 -115 32 <
ffff8e2301f32240 2006583640 S Bo:2:011:2 -115 32 = 57d28080 ffffffff ffffffff ffffffff ffffffff ffffffff ffffffff ffffffff
ffff8e2301f33740 2006583644 S Bo:2:011:2 -115 32 = ffffffff ffffffff ffffffff ffffffff ffffffff ffffffff ffffffff ffffffff
ffff8e2301f32240 2006583700 C Bo:2:011:2 0 32 >
ffff8e2301f32240 2006583701 S Bo:2:011:2 -115 32 = ffffffff ffffffff ffffffff ffffffff ffffffff ffffffff ffffffff ffffffff
ffff8e2301f33740 2006583749 C Bo:2:011:2 0 32 >
ffff8e2301f33740 2006583750 S Bo:2:011:2 -115 32 = ffffffff ffffffff ffffffff ffffffff ffffffff ffffffff ffffffff ffffffff
ffff8e2301f32240 2006586534 C Bo:2:011:2 0 32 >
ffff8e2301f32240 2006586536 S Bo:2:011:2 -115 4 = ffffffff
ffff8e2301f33740 2006589307 C Bo:2:011:2 0 32 >
ffff8e2301f32240 2006592057 C Bo:2:011:2 0 4 >
ffff8e2301f326c0 2006597509 C Bi:2:011:2 0 1 = 06
ffff8e2301f326c0 2006597511 S Bi:2:011:2 -115 32 <
ffff8e2301f32240 2006599408 S Bo:2:011:2 -115 32 = 58000080 004f0154 524f0918 736f0013 45360032 0005476f 110bff51 004f0000
ffff8e2301f33740 2006599412 S Bo:2:011:2 -115 32 = 00000700 004f00ff 00ff0000 00000001 190a4567 ff4f571f 140b32ff 51ffffff
ffff8e2301f32240 2006599469 C Bo:2:011:2 0 32 >
ffff8e2301f32240 2006599469 S Bo:2:011:2 -115 32 = ffffffff ffffffff ffffffff ffffffff ffff011e 35226c39 70396f24 3c2a21ff
ffff8e2301f33740 2006599517 C Bo:2:011:2 0 32 >
ffff8e2301f33740 2006599518 S Bo:2:011:2 -115 32 = ffffffff ffffffff ffffffff ffffffff ffffffff ffffffff ffffff00 51ffffff
ffff8e2301f32240 2006602312 C Bo:2:011:2 0 32 >
ffff8e2301f32240 2006602314 S Bo:2:011:2 -115 4 = ffffffff
ffff8e2301f33740 2006605094 C Bo:2:011:2 0 32 >
ffff8e2301f32240 2006607827 C Bo:2:011:2 0 4 >
ffff8e2301f32e40 2006613510 C Bi:2:011:2 0 1 = 06
ffff8e2301f32e40 2006613512 S Bi:2:011:2 -115 32 <
ffff8e2301f32240 2006613857 S Bo:2:011:2 -115 1 = 45
ffff8e2301f32240 2006613893 C Bo:2:011:2 0 1 >
ffff8e2315abe480 2006614031 S Co:2:011:0 s 40 a4 ffff 0000 0000 0
ffff8e2315abe480 2006614096 C Co:2:011:0 0 0
ffff8e2301f326c0 2006616258 C Bi:2:011:2 -2 0
ffff8e2301f32e40 2006616299 C Bi:2:011:2 -2 1 = 06
ffff8e2301f33b00 2006620290 C Ii:2:011:1 -2:1 0
ffff8e2302151980 2006922085 S Bo:2:002:2 -115 31 = 55534243 34050000 00000000 00000600 00000000 00000000 00000000 000000
ffff8e2302151980 2006922136 C Bo:2:002:2 0 31 >
ffff8e2302151980 2006922146 S Bi:2:002:1 -115 13 <
ffff8e2302151980 2006922172 C Bi:2:002:1 0 13 = 55534253 34050000 00000000 00
ffff8e2303c4c540 2008078133 C Ii:2:008:1 0:1 7 = 0200feff ff0000
ffff8e2303c4c540 2008078154 S Ii:2:008:1 -115:1 8 <
ffff8e2303c4c540 2008086131 C Ii:2:008:1 0:1 7 = 0200ffcf ff0000
ffff8e2303c4c540 2008086148 S Ii:2:008:1 -115:1 8 <
ffff8e2303c4c540 2008094132 C Ii:2:008:1 0:1 7 = 0200fd8f ff0000
ffff8e2303c4c540 2008094150 S Ii:2:008:1 -115:1 8 <
ffff8e2303c4c540 2008102132 C Ii:2:008:1 0:1 7 = 0200fd2f ff0000
ffff8e2303c4c540 2008102149 S Ii:2:008:1 -115:1 8 <
ffff8e2303c4c540 2008110133 C Ii:2:008:1 0:1 7 = 0200ff0f ff0000
ffff8e2303c4c540 2008110149 S Ii:2:008:1 -115:1 8 <
ffff8e2303c4c540 2008118140 C Ii:2:008:1 0:1 7 = 0200feef fe0000
ffff8e2303c4c540 2008118157 S Ii:2:008:1 -115:1 8 <
ffff8e2303c4c540 2008126144 C Ii:2:008:1 0:1 7 = 0200feef fe0000
ffff8e2303c4c540 2008126161 S Ii:2:008:1 -115:1 8 <
ffff8e2303c4c540 2008134130 C Ii:2:008:1 0:1 7 = 0200ff0f ff0000
ffff8e2303c4c540 2008134148 S Ii:2:008:1 -115:1 8 <
ffff8e2303c4c540 2008142132 C Ii:2:008:1 0:1 7 = 020000f0 fe0000
ffff8e2303c4c540 2008142151 S Ii:2:008:1 -115:1 8 <
ffff8e2303c4c540 2008150131 C Ii:2:008:1 0:1 7 = 020000e0 fe0000
ffff8e2303c4c540 2008150147 S Ii:2:008:1 -115:1 8 <
ffff8e2303c4c540 2008158132 C Ii:2:008:1 0:1 7 = 0200ffef fe0000
ffff8e2303c4c540 2008158148 S Ii:2:008:1 -115:1 8 <
ffff8e2303c4c540 2008166141 C Ii:2:008:1 0:1 7 = 0200febf fe0000
ffff8e2303c4c540 2008166158 S Ii:2:008:1 -115:1 8 <
ffff8e2303c4c540 2008174133 C Ii:2:008:1 0:1 7 = 0200fcbf fe0000
ffff8e2303c4c540 2008174150 S Ii:2:008:1 -115:1 8 <
ffff8e2303c4c540 2008182133 C Ii:2:008:1 0:1 7 = 0200fa9f fe0000
ffff8e2303c4c540 2008182149 S Ii:2:008:1 -115:1 8 <
ffff8e2303c4c540 2008190132 C Ii:2:008:1 0:1 7 = 0200f88f fe0000
ffff8e2303c4c540 2008190149 S Ii:2:008:1 -115:1 8 <
ffff8e2303c4c540 2008198133 C Ii:2:008:1 0:1 7 = 0200f68f fe0000
ffff8e2303c4c540 2008198150 S Ii:2:008:1 -115:1 8 <
ffff8e2303c4c540 2008206144 C Ii:2:008:1 0:1 7 = 0200f5af fe0000
ffff8e2303c4c540 2008206161 S Ii:2:008:1 -115:1 8 <
ffff8e2303c4c540 2008214131 C Ii:2:008:1 0:1 7 = 0200f4bf fe0000
ffff8e2303c4c540 2008214149 S Ii:2:008:1 -115:1 8 <
ffff8e2303c4c540 2008222131 C Ii:2:008:1 0:1 7 = 0200f6bf fe0000
ffff8e2303c4c540 2008222147 S Ii:2:008:1 -115:1 8 <
ffff8e2303c4c540 2008230131 C Ii:2:008:1 0:1 7 = 0200f5ef fe0000
ffff8e2303c4c540 2008230149 S Ii:2:008:1 -115:1 8 <
ffff8e2303c4c540 2008238132 C Ii:2:008:1 0:1 7 = 0200f6ef fe0000
ffff8e2303c4c540 2008238149 S Ii:2:008:1 -115:1 8 <
ffff8e2303c4c540 2008246132 C Ii:2:008:1 0:1 7 = 0200f5ff fe0000
ffff8e2303c4c540 2008246148 S Ii:2:008:1 -115:1 8 <
ffff8e2303c4c540 2008254134 C Ii:2:008:1 0:1 7 = 0200f20f ff0000
ffff8e2303c4c540 2008254151 S Ii:2:008:1 -115:1 8 <
ffff8e2303c4c540 2008262131 C Ii:2:008:1 0:1 7 = 0200f11f ff0000
ffff8e2303c4c540 2008262148 S Ii:2:008:1 -115:1 8 <
ffff8e2303c4c540 2008270144 C Ii:2:008:1 0:1 7 = 0200ee4f ff0000
ffff8e2303c4c540 2008270162 S Ii:2:008:1 -115:1 8 <
ffff8e2303c4c540 2008278132 C Ii:2:008:1 0:1 7 = 0200ec4f ff0000
ffff8e2303c4c540 2008278148 S Ii:2:008:1 -115:1 8 <
ffff8e2303c4c540 2008286131 C Ii:2:008:1 0:1 7 = 0200ec7f ff0000
ffff8e2303c4c540 2008286156 S Ii:2:008:1 -115:1 8 <
ffff8e2303c4c540 2008294103 C Ii:2:008:1 0:1 7 = 0200eb7f ff0000
ffff8e2303c4c540 2008294120 S Ii:2:008:1 -115:1 8 <
ffff8e2303c4c540 2008302133 C Ii:2:008:1 0:1 7 = 0200eb6f ff0000
ffff8e2303c4c540 2008302150 S Ii:2:008:1 -115:1 8 <
ffff8e2303c4c540 2008310134 C Ii:2:008:1 0:1 7 = 0200ed6f ff0000
ffff8e2303c4c540 2008310151 S Ii:2:008:1 -115:1 8 <
ffff8e2303c4c540 2008318139 C Ii:2:008:1 0:1 7 = 0200ec6f ff0000
ffff8e2303c4c540 2008318157 S Ii:2:008:1 -115:1 8 <
ffff8e2303c4c540 2008326140 C Ii:2:008:1 0:1 7 = 0200ed7f ff0000
ffff8e2303c4c540 2008326157 S Ii:2:008:1 -115:1 8 <
ffff8e2303c4c540 2008334136 C Ii:2:008:1 0:1 7 = 0200ee8f ff0000
ffff8e2303c4c540 2008334153 S Ii:2:008:1 -115:1 8 <
ffff8e2303c4c540 2008342133 C Ii:2:008:1 0:1 7 = 0200ed8f ff0000
ffff8e2303c4c540 2008342150 S Ii:2:008:1 -115:1 8 <
ffff8e2303c4c540 2008350132 C Ii:2:008:1 0:1 7 = 0200ed8f ff0000
ffff8e2303c4c540 2008350150 S Ii:2:008:1 -115:1 8 <
ffff8e2303c4c540 2008358133 C Ii:2:008:1 0:1 7 = 0200eb7f ff0000
ffff8e2303c4c540 2008358151 S Ii:2:008:1 -115:1 8 <
ffff8e2303c4c540 2008366141 C Ii:2:008:1 0:1 7 = 0200ea7f ff0000
ffff8e2303c4c540 2008366158 S Ii:2:008:1 -115:1 8 <
ffff8e2303c4c540 2008374133 C Ii:2:008:1 0:1 7 = 0200ea8f ff0000
ffff8e2303c4c540 2008374150 S Ii:2:008:1 -115:1 8 <
ffff8e2303c4c540 2008382134 C Ii:2:008:1 0:1 7 = 0200eb9f ff0000
ffff8e2303c4c540 2008382164 S Ii:2:008:1 -115:1 8 <
ffff8e2303c4c540 2008390132 C Ii:2:008:1 0:1 7 = 0200ec9f ff0000
ffff8e2303c4c540 2008390149 S Ii:2:008:1 -115:1 8 <
ffff8e2303c4c540 2008398134 C Ii:2:008:1 0:1 7 = 0200ec8f ff0000
ffff8e2303c4c540 2008398152 S Ii:2:008:1 -115:1 8 <
ffff8e2303c4c540 2008406133 C Ii:2:008:1 0:1 7 = 0200ee9f ff0000
ffff8e2303c4c540 2008406149 S Ii:2:008:1 -115:1 8 <
ffff8e2303c4c540 2008414133 C Ii:2:008:1 0:1 7 = 0200ee8f ff0000
ffff8e2303c4c540 2008414150 S Ii:2:008:1 -115:1 8 <
ffff8e2303c4c540 2008422132 C Ii:2:008:1 0:1 7 = 0200ed7f ff0000
ffff8e2303c4c540 2008422150 S Ii:2:008:1 -115:1 8 <
ffff8e2303c4c540 2008430133 C Ii:2:008:1 0:1 7 = 0200ed5f ff0000
ffff8e2303c4c540 2008430150 S Ii:2:008:1 -115:1 8 <
ffff8e2303c4c540 2008438135 C Ii:2:008:1 0:1 7 = 0200ee4f ff0000
ffff8e2303c4c540 2008438151 S Ii:2:008:1 -115:1 8 <
ffff8e2303c4c540 2008446146 C Ii:2:008:1 0:1 7 = 0200ef3f ff0000
ffff8e2303c4c540 2008446163 S Ii:2:008:1 -115:1 8 <
ffff8e2303c4c540 2008454141 C Ii:2:008:1 0:1 7 = 0200f11f ff0000
ffff8e2303c4c540 2008454157 S Ii:2:008:1 -115:1 8 <
ffff8e2303c4c540 2008462133 C Ii:2:008:1 0:1 7 = 0200f30f ff0000
ffff8e2303c4c540 2008462150 S Ii:2:008:1 -115:1 8 <
ffff8e2303c4c540 2008470133 C Ii:2:008:1 0:1 7 = 0200f50f ff0000
ffff8e2303c4c540 2008470149 S Ii:2:008:1 -115:1 8 <
ffff8e2303c4c540 2008478143 C Ii:2:008:1 0:1 7 = 0200f61f ff0000
ffff8e2303c4c540 2008478159 S Ii:2:008:1 -115:1 8 <
ffff8e2303c4c540 2008486144 C Ii:2:008:1 0:1 7 = 0200f61f ff0000
ffff8e2303c4c540 2008486161 S Ii:2:008:1 -115:1 8 <
ffff8e2303c4c540 2008494133 C Ii:2:008:1 0:1 7 = 0200f63f ff0000
ffff8e2303c4c540 2008494149 S Ii:2:008:1 -115:1 8 <
ffff8e2303c4c540 2008502133 C Ii:2:008:1 0:1 7 = 0200f54f ff0000
ffff8e2303c4c540 2008502149 S Ii:2:008:1 -115:1 8 <
ffff8e2303c4c540 2008510135 C Ii:2:008:1 0:1 7 = 0200f24f ff0000
ffff8e2303c4c540 2008510152 S Ii:2:008:1 -115:1 8 <
ffff8e2303c4c540 2008518132 C Ii:2:008:1 0:1 7 = 0200f27f ff0000
ffff8e2303c4c540 2008518149 S Ii:2:008:1 -115:1 8 <
ffff8e2303c4c540 2008526147 C Ii:2:008:1 0:1 7 = 0200f27f ff0000
ffff8e2303c4c540 2008526164 S Ii:2:008:1 -115:1 8 <
ffff8e2303c4c540 2008534133 C Ii:2:008:1 0:1 7 = 0200f17f ff0000
ffff8e2303c4c540 2008534150 S Ii:2:008:1 -115:1 8 <
ffff8e2303c4c540 2008542106 C Ii:2:008:1 0:1 7 = 0200f27f ff0000
ffff8e2303c4c540 2008542122 S Ii:2:008:1 -115:1 8 <
ffff8e2303c4c540 2008550135 C Ii:2:008:1 0:1 7 = 0200f38f ff0000
ffff8e2303c4c540 2008550152 S Ii:2:008:1 -115:1 8 <
ffff8e2303c4c540 2008558106 C Ii:2:008:1 0:1 7 = 0200f19f ff0000
ffff8e2303c4c540 2008558122 S Ii:2:008:1 -115:1 8 <
ffff8e2303c4c540 2008566141 C Ii:2:008:1 0:1 7 = 0200f2bf ff0000
ffff8e2303c4c540 2008566159 S Ii:2:008:1 -115:1 8 <
ffff8e2303c4c540 2008574105 C Ii:2:008:1 0:1 7 = 0200f0bf ff0000
ffff8e2303c4c540 2008574121 S Ii:2:008:1 -115:1 8 <
ffff8e2303c4c540 2008582107 C Ii:2:008:1 0:1 7 = 0200f1cf ff0000
ffff8e2303c4c540 2008582122 S Ii:2:008:1 -115:1 8 <
ffff8e2303c4c540 2008590106 C Ii:2:008:1 0:1 7 = 0200efcf ff0000
ffff8e2303c4c540 2008590123 S Ii:2:008:1 -115:1 8 <
ffff8e2303c4c540 2008598132 C Ii:2:008:1 0:1 7 = 0200f0df ff0000
ffff8e2303c4c540 2008598149 S Ii:2:008:1 -115:1 8 <
ffff8e2303c4c540 2008606107 C Ii:2:008:1 0:1 7 = 0200f0df ff0000
ffff8e2303c4c540 2008606124 S Ii:2:008:1 -115:1 8 <
ffff8e2303c4c540 2008614133 C Ii:2:008:1 0:1 7 = 0200f1df ff0000
ffff8e2303c4c540 2008614149 S Ii:2:008:1 -115:1 8 <
ffff8e2303c4c540 2008622108 C Ii:2:008:1 0:1 7 = 0200f2cf ff0000
ffff8e2303c4c540 2008622124 S Ii:2:008:1 -115:1 8 <
ffff8e2303c4c540 2008630141 C Ii:2:008:1 0:1 7 = 0200f1cf ff0000
ffff8e2303c4c540 2008630158 S Ii:2:008:1 -115:1 8 <
ffff8e2303c4c540 2008638138 C Ii:2:008:1 0:1 7 = 0200f2cf ff0000
ffff8e2303c4c540 2008638155 S Ii:2:008:1 -115:1 8 <
ffff8e2303c4c540 2008646107 C Ii:2:008:1 0:1 7 = 0200f1bf ff0000
ffff8e2303c4c540 2008646123 S Ii:2:008:1 -115:1 8 <
ffff8e2303c4c540 2008654107 C Ii:2:008:1 0:1 7 = 0200f0cf ff0000
ffff8e2303c4c540 2008654124 S Ii:2:008:1 -115:1 8 <
ffff8e2303c4c540 2008662134 C Ii:2:008:1 0:1 7 = 0200f1cf ff0000
ffff8e2303c4c540 2008662151 S Ii:2:008:1 -115:1 8 <
ffff8e2303c4c540 2008670107 C Ii:2:008:1 0:1 7 = 0200efbf ff0000
ffff8e2303c4c540 2008670123 S Ii:2:008:1 -115:1 8 <
ffff8e2303c4c540 2008678108 C Ii:2:008:1 0:1 7 = 0200f2df ff0000
ffff8e2303c4c540 2008678123 S Ii:2:008:1 -115:1 8 <
ffff8e2303c4c540 2008686107 C Ii:2:008:1 0:1 7 = 0200f4cf ff0000
ffff8e2303c4c540 2008686124 S Ii:2:008:1 -115:1 8 <
ffff8e2303c4c540 2008694108 C Ii:2:008:1 0:1 7 = 0200f6df ff0000
ffff8e2303c4c540 2008694125 S Ii:2:008:1 -115:1 8 <
ffff8e2303c4c540 2008702142 C Ii:2:008:1 0:1 7 = 0200f9ef ff0000
ffff8e2303c4c540 2008702158 S Ii:2:008:1 -115:1 8 <
ffff8e2303c4c540 2008710134 C Ii:2:008:1 0:1 7 = 0200f9df ff0000
ffff8e2303c4c540 2008710150 S Ii:2:008:1 -115:1 8 <
ffff8e2303c4c540 2008718146 C Ii:2:008:1 0:1 7 = 0200fbdf ff0000
ffff8e2303c4c540 2008718164 S Ii:2:008:1 -115:1 8 <
ffff8e2303c4c540 2008726132 C Ii:2:008:1 0:1 7 = 0200fdff ff0000
ffff8e2303c4c540 2008726149 S Ii:2:008:1 -115:1 8 <
ffff8e2303c4c540 2008734107 C Ii:2:008:1 0:1 7 = 0200fdef ff0000
ffff8e2303c4c540 2008734125 S Ii:2:008:1 -115:1 8 <
ffff8e2303c4c540 2008742135 C Ii:2:008:1 0:1 7 = 0200fd0f 000000
ffff8e2303c4c540 2008742151 S Ii:2:008:1 -115:1 8 <
ffff8e2303c4c540 2008750136 C Ii:2:008:1 0:1 7 = 0200fbef ff0000
ffff8e2303c4c540 2008750152 S Ii:2:008:1 -115:1 8 <
ffff8e2303c4c540 2008758151 C Ii:2:008:1 0:1 7 = 0200fcff ff0000
ffff8e2303c4c540 2008758169 S Ii:2:008:1 -115:1 8 <
ffff8e2303c4c540 2008766135 C Ii:2:008:1 0:1 7 = 0200fddf ff0000
ffff8e2303c4c540 2008766151 S Ii:2:008:1 -115:1 8 <
ffff8e2303c4c540 2008774135 C Ii:2:008:1 0:1 7 = 0200feef ff0000
ffff8e2303c4c540 2008774152 S Ii:2:008:1 -115:1 8 <
ffff8e2303c4c540 2008782135 C Ii:2:008:1 0:1 7 = 0200ffff ff0000
ffff8e2303c4c540 2008782153 S Ii:2:008:1 -115:1 8 <
ffff8e2303c4c540 2008790142 C Ii:2:008:1 0:1 7 = 020000e0 ff0000
ffff8e2303c4c540 2008790158 S Ii:2:008:1 -115:1 8 <
ffff8e2303c4c540 2008846136 C Ii:2:008:1 0:1 7 = 0200feff ff0000
ffff8e2303c4c540 2008846152 S Ii:2:008:1 -115:1 8 <
ffff8e2303c4c540 2008854136 C Ii:2:008:1 0:1 7 = 0200feef ff0000
ffff8e2303c4c540 2008854153 S Ii:2:008:1 -115:1 8 <
ffff8e2303c4c540 2008862135 C Ii:2:008:1 0:1 7 = 0200fdef ff0000
ffff8e2303c4c540 2008862152 S Ii:2:008:1 -115:1 8 <
ffff8e2303c4c540 2008870134 C Ii:2:008:1 0:1 7 = 0200fbdf ff0000
ffff8e2303c4c540 2008870151 S Ii:2:008:1 -115:1 8 <
ffff8e2303c4c540 2008878143 C Ii:2:008:1 0:1 7 = 0200fbdf ff0000
ffff8e2303c4c540 2008878160 S Ii:2:008:1 -115:1 8 <
ffff8e2303c4c540 2008886134 C Ii:2:008:1 0:1 7 = 0200fbdf ff0000
ffff8e2303c4c540 2008886150 S Ii:2:008:1 -115:1 8 <
ffff8e2303c4c540 2008894135 C Ii:2:008:1 0:1 7 = 0200f8cf ff0000
ffff8e2303c4c540 2008894151 S Ii:2:008:1 -115:1 8 <
ffff8e2303c4c540 2008902135 C Ii:2:008:1 0:1 7 = 0200f8cf ff0000
ffff8e2303c4c540 2008902152 S Ii:2:008:1 -115:1 8 <
ffff8e2303c4c540 2008910112 C Ii:2:008:1 0:1 7 = 0200f9df ff0000
ffff8e2303c4c540 2008910134 S Ii:2:008:1 -115:1 8 <
ffff8e2303c4c540 2008918138 C Ii:2:008:1 0:1 7 = 0200f8cf ff0000
ffff8e2303c4c540 2008918155 S Ii:2:008:1 -115:1 8 <
ffff8e2303c4c540 2008926144 C Ii:2:008:1 0:1 7 = 0200fadf ff0000
ffff8e2303c4c540 2008926160 S Ii:2:008:1 -115:1 8 <
ffff8e2303c4c540 2008934135 C Ii:2:008:1 0:1 7 = 0200fcef ff0000
ffff8e2303c4c540 2008934151 S Ii:2:008:1 -115:1 8 <
ffff8e2303c4c540 2008942134 C Ii:2:008:1 0:1 7 = 0200feff ff0000
ffff8e2303c4c540 2008942152 S Ii:2:008:1 -115:1 8 <
ffff8e2303c4c540 2008950135 C Ii:2:008:1 0:1 7 = 0200ffff ff0000
ffff8e2303c4c540 2008950152 S Ii:2:008:1 -115:1 8 <
ffff8e2302151980 2008970124 S Bo:2:002:2 -115 31 = 55534243 35050000 00000000 00000600 00000000 00000000 00000000 000000
ffff8e2302151980 2008970182 C Bo:2:002:2 0 31 >
ffff8e2302151980 2008970194 S Bi:2:002:1 -115 13 <
ffff8e2302151980 2008970225 C Bi:2:002:1 0 13 = 55534253 35050000 00000000 00
ffff8e2303c4c540 2009126139 C Ii:2:008:1 0:1 7 = 02010000 000000
ffff8e2303c4c540 2009126156 S Ii:2:008:1 -115:1 8 <
ffff8e2303c4c540 2009214150 C Ii:2:008:1 0:1 7 = 02000000 000000
ffff8e2303c4c540 2009214166 S Ii:2:008:1 -115:1 8 <
ffff8e2303c4c540 2009598144 C Ii:2:008:1 0:1 7 = 0200ff0f 000000
ffff8e2303c4c540 2009598177 S Ii:2:008:1 -115:1 8 <
ffff8e2303c4c540 2009606138 C Ii:2:008:1 0:1 7 = 02000140 000000
ffff8e2303c4c540 2009606166 S Ii:2:008:1 -115:1 8 <
ffff8e2303c4c540 2009614138 C Ii:2:008:1 0:1 7 = 02000570 000000
ffff8e2303c4c540 2009614165 S Ii:2:008:1 -115:1 8 <
ffff8e2303c4c540 2009622139 C Ii:2:008:1 0:1 7 = 020008c0 000000
ffff8e2303c4c540 2009622165 S Ii:2:008:1 -115:1 8 <
ffff8e2303c4c540 2009630152 C Ii:2:008:1 0:1 7 = 02000df0 000000
ffff8e2303c4c540 2009630178 S Ii:2:008:1 -115:1 8 <
ffff8e2303c4c540 2009638112 C Ii:2:008:1 0:1 7 = 02000fe0 000000
ffff8e2303c4c540 2009638137 S Ii:2:008:1 -115:1 8 <
ffff8e2303c4c540 2009646139 C Ii:2:008:1 0:1 7 = 02000da0 000000
ffff8e2303c4c540 2009646167 S Ii:2:008:1 -115:1 8 <
ffff8e2303c4c540 2009653137 C Ii:2:008:1 0:1 7 = 02000f90 000000
ffff8e2303c4c540 2009653164 S Ii:2:008:1 -115:1 8 <
ffff8e2303c4c540 2009661111 C Ii:2:008:1 0:1 7 = 020010a0 000000
ffff8e2303c4c540 2009661138 S Ii:2:008:1 -115:1 8 <
ffff8e2303c4c540 2009669138 C Ii:2:008:1 0:1 7 = 020014c0 000000
ffff8e2303c4c540 2009669166 S Ii:2:008:1 -115:1 8 <
ffff8e2303c4c540 2009677138 C Ii:2:008:1 0:1 7 = 02001910 010000
ffff8e2303c4c540 2009677167 S Ii:2:008:1 -115:1 8 <
ffff8e2303c4c540 2009685138 C Ii:2:008:1 0:1 7 = 02001e50 010000
ffff8e2303c4c540 2009685166 S Ii:2:008:1 -115:1 8 <
ffff8e2303c4c540 2009693137 C Ii:2:008:1 0:1 7 = 02002380 010000
ffff8e2303c4c540 2009693164 S Ii:2:008:1 -115:1 8 <
ffff8e2303c4c540 2009701112 C Ii:2:008:1 0:1 7 = 020024c0 010000
ffff8e2303c4c540 2009701138 S Ii:2:008:1 -115:1 8 <
ffff8e2303c4c540 2009709111 C Ii:2:008:1 0:1 7 = 020028d0 010000
ffff8e2303c4c540 2009709138 S Ii:2:008:1 -115:1 8 <
ffff8e2303c4c540 2009717112 C Ii:2:008:1 0:1 7 = 020029e0 010000
ffff8e2303c4c540 2009717139 S Ii:2:008:1 -115:1 8 <
ffff8e2303c4c540 2009725137 C Ii:2:008:1 0:1 7 = 02002af0 010000
ffff8e2303c4c540 2009725164 S Ii:2:008:1 -115:1 8 <
ffff8e2303c4c540 2009733138 C Ii:2:008:1 0:1 7 = 02002ae0 010000
ffff8e2303c4c540 2009733166 S Ii:2:008:1 -115:1 8 <
ffff8e2303c4c540 2009741146 C Ii:2:008:1 0:1 7 = 02002cf0 010000
ffff8e2303c4c540 2009741174 S Ii:2:008:1 -115:1 8 <
ffff8e2303c4c540 2009749138 C Ii:2:008:1 0:1 7 = 02002cf0 010000
ffff8e2303c4c540 2009749166 S Ii:2:008:1 -115:1 8 <
ffff8e2303c4c540 2009757139 C Ii:2:008:1 0:1 7 = 02002de0 010000
ffff8e2303c4c540 2009757167 S Ii:2:008:1 -115:1 8 <
ffff8e2303c4c540 2009765137 C Ii:2:008:1 0:1 7 = 02002d00 020000
ffff8e2303c4c540 2009765164 S Ii:2:008:1 -115:1 8 <
ffff8e2303c4c540 2009773138 C Ii:2:008:1 0:1 7 = 02002df0 010000
ffff8e2303c4c540 2009773165 S Ii:2:008:1 -115:1 8 <
ffff8e2303c4c540 2009781148 C Ii:2:008:1 0:1 7 = 02002df0 010000
ffff8e2303c4c540 2009781174 S Ii:2:008:1 -115:1 8 <
ffff8e2303c4c540 2009789138 C Ii:2:008:1 0:1 7 = 02002d00 020000
ffff8e2303c4c540 2009789165 S Ii:2:008:1 -115:1 8 <
ffff8e2303c4c540 2009797137 C Ii:2:008:1 0:1 7 = 02002ce0 010000
ffff8e2303c4c540 2009797165 S Ii:2:008:1 -115:1 8 <
ffff8e2303c4c540 2009805144 C Ii:2:008:1 0:1 7 = 02002bd0 010000
ffff8e2303c4c540 2009805172 S Ii:2:008:1 -115:1 8 <
ffff8e2303c4c540 2009813138 C Ii:2:008:1 0:1 7 = 020028b0 010000
ffff8e2303c4c540 2009813165 S Ii:2:008:1 -115:1 8 <
ffff8e2303c4c540 2009821112 C Ii:2:008:1 0:1 7 = 02002590 010000
ffff8e2303c4c540 2009821139 S Ii:2:008:1 -115:1 8 <
ffff8e2303c4c540 2009829138 C Ii:2:008:1 0:1 7 = 02002180 010000
ffff8e2303c4c540 2009829164 S Ii:2:008:1 -115:1 8 <
ffff8e2303c4c540 2009837112 C Ii:2:008:1 0:1 7 = 02001f60 010000
ffff8e2303c4c540 2009837137 S Ii:2:008:1 -115:1 8 <
ffff8e2303c4c540 2009845137 C Ii:2:008:1 0:1 7 = 02001d60 010000
ffff8e2303c4c540 2009845166 S Ii:2:008:1 -115:1 8 <
ffff8e2303c4c540 2009853112 C Ii:2:008:1 0:1 7 = 02001960 010000
ffff8e2303c4c540 2009853137 S Ii:2:008:1 -115:1 8 <
ffff8e2303c4c540 2009861139 C Ii:2:008:1 0:1 7 = 02001730 010000
ffff8e2303c4c540 2009861164 S Ii:2:008:1 -115:1 8 <
ffff8e2303c4c540 2009869139 C Ii:2:008:1 0:1 7 = 02001410 010000
ffff8e2303c4c540 2009869168 S Ii:2:008:1 -115:1 8 <
ffff8e2303c4c540 2009877138 C Ii:2:008:1 0:1 7 = 02001300 010000
ffff8e2303c4c540 2009877164 S Ii:2:008:1 -115:1 8 <
ffff8e2303c4c540 2009885148 C Ii:2:008:1 0:1 7 = 020011e0 000000
ffff8e2303c4c540 2009885175 S Ii:2:008:1 -115:1 8 <
ffff8e2303c4c540 2009893147 C Ii:2:008:1 0:1 7 = 020010c0 000000
ffff8e2303c4c540 2009893174 S Ii:2:008:1 -115:1 8 <
ffff8e2303c4c540 2009901139 C Ii:2:008:1 0:1 7 = 02000fc0 000000
ffff8e2303c4c540 2009901167 S Ii:2:008:1 -115:1 8 <
ffff8e2303c4c540 2009909139 C Ii:2:008:1 0:1 7 = 02000db0 000000
ffff8e2303c4c540 2009909168 S Ii:2:008:1 -115:1 8 <
ffff8e2303c4c540 2009917139 C Ii:2:008:1 0:1 7 = 02000ba0 000000
ffff8e2303c4c540 2009917166 S Ii:2:008:1 -115:1 8 <
ffff8e2303c4c540 2009925139 C Ii:2:008:1 0:1 7 = 02000970 000000
ffff8e2303c4c540 2009925167 S Ii:2:008:1 -115:1 8 <
ffff8e2303c4c540 2009933147 C Ii:2:008:1 0:1 7 = 02000660 000000
ffff8e2303c4c540 2009933174 S Ii:2:008:1 -115:1 8 <
ffff8e2303c4c540 2009941111 C Ii:2:008:1 0:1 7 = 02000450 000000
ffff8e2303c4c540 2009941133 S Ii:2:008:1 -115:1 8 <
ffff8e2303c4c540 2009949138 C Ii:2:008:1 0:1 7 = 02000530 000000
ffff8e2303c4c540 2009949165 S Ii:2:008:1 -115:1 8 <
ffff8e2303c4c540 2009957139 C Ii:2:008:1 0:1 7 = 02000760 000000
ffff8e2303c4c540 2009957166 S Ii:2:008:1 -115:1 8 <
ffff8e2303c4c540 2009965139 C Ii:2:008:1 0:1 7 = 02000b80 000000
ffff8e2303c4c540 2009965166 S Ii:2:008:1 -115:1 8 <
ffff8e2303c4c540 2009973138 C Ii:2:008:1 0:1 7 = 02000da0 000000
ffff8e2303c4c540 2009973161 S Ii:2:008:1 -115:1 8 <
ffff8e2303c4c540 2009981138 C Ii:2:008:1 0:1 7 = 02000ea0 000000
ffff8e2303c4c540 2009981155 S Ii:2:008:1 -115:1 8 <
ffff8e2303c4c540 2009989111 C Ii:2:008:1 0:1 7 = 02000d80 000000
ffff8e2303c4c540 2009989128 S Ii:2:008:1 -115:1 8 <
ffff8e2303c4c540 2009997147 C Ii:2:008:1 0:1 7 = 02000e60 000000
ffff8e2303c4c540 2009997163 S Ii:2:008:1 -115:1 8 <
ffff8e2303c4c540 2010005151 C Ii:2:008:1 0:1 7 = 02000e40 000000
ffff8e2303c4c540 2010005169 S Ii:2:008:1 -115:1 8 <
ffff8e2303c4c540 2010013111 C Ii:2:008:1 0:1 7 = 02001040 000000
ffff8e2303c4c540 2010013127 S Ii:2:008:1 -115:1 8 <
ffff8e2303c4c540 2010021113 C Ii:2:008:1 0:1 7 = 02001140 000000
ffff8e2303c4c540 2010021128 S Ii:2:008:1 -115:1 8 <
ffff8e2303c4c540 2010029138 C Ii:2:008:1 0:1 7 = 02001040 000000
ffff8e2303c4c540 2010029156 S Ii:2:008:1 -115:1 8 <
ffff8e2303c4c540 2010037153 C Ii:2:008:1 0:1 7 = 02001150 000000
ffff8e2303c4c540 2010037170 S Ii:2:008:1 -115:1 8 <
ffff8e2303c4c540 2010045153 C Ii:2:008:1 0:1 7 = 02001060 000000
ffff8e2303c4c540 2010045170 S Ii:2:008:1 -115:1 8 <
ffff8e2303c4c540 2010053140 C Ii:2:008:1 0:1 7 = 02000f60 000000
ffff8e2303c4c540 2010053157 S Ii:2:008:1 -115:1 8 <
ffff8e2303c4c540 2010061139 C Ii:2:008:1 0:1 7 = 02001160 000000
ffff8e2303c4c540 2010061156 S Ii:2:008:1 -115:1 8 <
ffff8e2303c4c540 2010069139 C Ii:2:008:1 0:1 7 = 02001070 000000
ffff8e2303c4c540 2010069157 S Ii:2:008:1 -115:1 8 <
ffff8e2303c4c540 2010077150 C Ii:2:008:1 0:1 7 = 02000f60 000000
ffff8e2303c4c540 2010077166 S Ii:2:008:1 -115:1 8 <
ffff8e2303c4c540 2010085151 C Ii:2:008:1 0:1 7 = 02000e50 000000
ffff8e2303c4c540 2010085167 S Ii:2:008:1 -115:1 8 <
ffff8e2303c4c540 2010093140 C Ii:2:008:1 0:1 7 = 02000d50 000000
ffff8e2303c4c540 2010093158 S Ii:2:008:1 -115:1 8 <
ffff8e2303c4c540 2010101140 C Ii:2:008:1 0:1 7 = 02000d40 000000
ffff8e2303c4c540 2010101158 S Ii:2:008:1 -115:1 8 <
ffff8e2303c4c540 2010109112 C Ii:2:008:1 0:1 7 = 02000d30 000000
ffff8e2303c4c540 2010109128 S Ii:2:008:1 -115:1 8 <
ffff8e2303c4c540 2010117150 C Ii:2:008:1 0:1 7 = 02000c20 000000
ffff8e2303c4c540 2010117166 S Ii:2:008:1 -115:1 8 <
ffff8e2303c4c540 2010125152 C Ii:2:008:1 0:1 7 = 02000910 000000
ffff8e2303c4c540 2010125169 S Ii:2:008:1 -115:1 8 <
ffff8e2303c4c540 2010133142 C Ii:2:008:1 0:1 7 = 02000710 000000
ffff8e2303c4c540 2010133160 S Ii:2:008:1 -115:1 8 <
ffff8e2303c4c540 2010141139 C Ii:2:008:1 0:1 7 = 02000700 000000
ffff8e2303c4c540 2010141155 S Ii:2:008:1 -115:1 8 <
ffff8e2303c4c540 2010149151 C Ii:2:008:1 0:1 7 = 02000500 000000
ffff8e2303c4c540 2010149168 S Ii:2:008:1 -115:1 8 <
ffff8e2303c4c540 2010157149 C Ii:2:008:1 0:1 7 = 02000600 000000
ffff8e2303c4c540 2010157165 S Ii:2:008:1 -115:1 8 <
ffff8e2303c4c540 2010165152 C Ii:2:008:1 0:1 7 = 020005f0 ff0000
ffff8e2303c4c540 2010165169 S Ii:2:008:1 -115:1 8 <
ffff8e2303c4c540 2010173140 C Ii:2:008:1 0:1 7 = 020004f0 ff0000
ffff8e2303c4c540 2010173156 S Ii:2:008:1 -115:1 8 <
ffff8e2303c4c540 2010181140 C Ii:2:008:1 0:1 7 = 020004e0 ff0000
ffff8e2303c4c540 2010181158 S Ii:2:008:1 -115:1 8 <
ffff8e2303c4c540 2010189139 C Ii:2:008:1 0:1 7 = 020002d0 ff0000
ffff8e2303c4c540 2010189156 S Ii:2:008:1 -115:1 8 <
ffff8e2303c4c540 2010197140 C Ii:2:008:1 0:1 7 = 020003e0 ff0000
ffff8e2303c4c540 2010197158 S Ii:2:008:1 -115:1 8 <
ffff8e2303c4c540 2010205141 C Ii:2:008:1 0:1 7 = 020001f0 ff0000
ffff8e2303c4c540 2010205159 S Ii:2:008:1 -115:1 8 <
ffff8e2303c4c540 2010213139 C Ii:2:008:1 0:1 7 = 020002f0 ff0000
ffff8e2303c4c540 2010213156 S Ii:2:008:1 -115:1 8 <
ffff8e2303c4c540 2010221139 C Ii:2:008:1 0:1 7 = 020001f0 ff0000
ffff8e2303c4c540 2010221157 S Ii:2:008:1 -115:1 8 <
ffff8e2303c4c540 2010229139 C Ii:2:008:1 0:1 7 = 02000100 000000
ffff8e2303c4c540 2010229155 S Ii:2:008:1 -115:1 8 <
ffff8e2303c4c540 2010237141 C Ii:2:008:1 0:1 7 = 02000100 000000
ffff8e2303c4c540 2010237157 S Ii:2:008:1 -115:1 8 <
ffff8e2303c4c540 2010245148 C Ii:2:008:1 0:1 7 = 02000200 000000
ffff8e2303c4c540 2010245180 S Ii:2:008:1 -115:1 8 <
ffff8e2303c4c540 2010253141 C Ii:2:008:1 0:1 7 = 02000100 000000
ffff8e2303c4c540 2010253157 S Ii:2:008:1 -115:1 8 <
ffff8e2303c4c540 2010261140 C Ii:2:008:1 0:1 7 = 02000200 000000
ffff8e2303c4c540 2010261156 S Ii:2:008:1 -115:1 8 <
ffff8e2303c4c540 2010269141 C Ii:2:008:1 0:1 7 = 02000100 000000
ffff8e2303c4c540 2010269158 S Ii:2:008:1 -115:1 8 <
ffff8e2303c4c540 2010277139 C Ii:2:008:1 0:1 7 = 02000100 000000
ffff8e2303c4c540 2010277156 S Ii:2:008:1 -115:1 8 <
ffff8e2303c4c540 2010285150 C Ii:2:008:1 0:1 7 = 02000100 000000
ffff8e2303c4c540 2010285166 S Ii:2:008:1 -115:1 8 <
ffff8e2303c4c540 2010293140 C Ii:2:008:1 0:1 7 = 02000100 000000
ffff8e2303c4c540 2010293155 S Ii:2:008:1 -115:1 8 <
ffff8e2303c4c540 2010301140 C Ii:2:008:1 0:1 7 = 020002f0 ff0000
ffff8e2303c4c540 2010301157 S Ii:2:008:1 -115:1 8 <
ffff8e2303c4c540 2010309139 C Ii:2:008:1 0:1 7 = 02000100 000000
ffff8e2303c4c540 2010309156 S Ii:2:008:1 -115:1 8 <
ffff8e2303c4c540 2010317148 C Ii:2:008:1 0:1 7 = 020002f0 ff0000
ffff8e2303c4c540 2010317165 S Ii:2:008:1 -115:1 8 <
ffff8e2303c4c540 2010325140 C Ii:2:008:1 0:1 7 = 020001f0 ff0000
ffff8e2303c4c540 2010325156 S Ii:2:008:1 -115:1 8 <
ffff8e2303c4c540 2010333140 C Ii:2:008:1 0:1 7 = 020000f0 ff0000
ffff8e2303c4c540 2010333157 S Ii:2:008:1 -115:1 8 <
ffff8e2303c4c540 2010341141 C Ii:2:008:1 0:1 7 = 02000100 000000
ffff8e2303c4c540 2010341158 S Ii:2:008:1 -115:1 8 <
ffff8e2303c4c540 2010349154 C Ii:2:008:1 0:1 7 = 020002e0 ff0000
ffff8e2303c4c540 2010349171 S Ii:2:008:1 -115:1 8 <
ffff8e2303c4c540 2010357141 C Ii:2:008:1 0:1 7 = 020003f0 ff0000
ffff8e2303c4c540 2010357158 S Ii:2:008:1 -115:1 8 <
ffff8e2303c4c540 2010365150 C Ii:2:008:1 0:1 7 = 020003e0 ff0000
ffff8e2303c4c540 2010365166 S Ii:2:008:1 -115:1 8 <
ffff8e2303c4c540 2010373141 C Ii:2:008:1 0:1 7 = 020003f0 ff0000
ffff8e2303c4c540 2010373159 S Ii:2:008:1 -115:1 8 <
ffff8e2303c4c540 2010381141 C Ii:2:008:1 0:1 7 = 020002f0 ff0000
ffff8e2303c4c540 2010381157 S Ii:2:008:1 -115:1 8 <
ffff8e2303c4c540 2010389116 C Ii:2:008:1 0:1 7 = 020003e0 ff0000
ffff8e2303c4c540 2010389133 S Ii:2:008:1 -115:1 8 <
ffff8e2303c4c540 2010397141 C Ii:2:008:1 0:1 7 = 02000100 000000
ffff8e2303c4c540 2010397157 S Ii:2:008:1 -115:1 8 <
ffff8e2303c4c540 2010405152 C Ii:2:008:1 0:1 7 = 020002f0 ff0000
ffff8e2303c4c540 2010405169 S Ii:2:008:1 -115:1 8 <
ffff8e2303c4c540 2010413141 C Ii:2:008:1 0:1 7 = 020002e0 ff0000
ffff8e2303c4c540 2010413158 S Ii:2:008:1 -115:1 8 <
ffff8e2303c4c540 2010421141 C Ii:2:008:1 0:1 7 = 020002d0 ff0000
ffff8e2303c4c540 2010421158 S Ii:2:008:1 -115:1 8 <
ffff8e2303c4c540 2010429141 C Ii:2:008:1 0:1 7 = 020003e0 ff0000
ffff8e2303c4c540 2010429158 S Ii:2:008:1 -115:1 8 <
ffff8e2303c4c540 2010437141 C Ii:2:008:1 0:1 7 = 020003d0 ff0000
ffff8e2303c4c540 2010437159 S Ii:2:008:1 -115:1 8 <
ffff8e2303c4c540 2010445152 C Ii:2:008:1 0:1 7 = 020001f0 ff0000
ffff8e2303c4c540 2010445168 S Ii:2:008:1 -115:1 8 <
ffff8e2303c4c540 2010453143 C Ii:2:008:1 0:1 7 = 020002e0 ff0000
ffff8e2303c4c540 2010453159 S Ii:2:008:1 -115:1 8 <
ffff8e2303c4c540 2010461140 C Ii:2:008:1 0:1 7 = 020003f0 ff0000
ffff8e2303c4c540 2010461158 S Ii:2:008:1 -115:1 8 <
ffff8e2303c4c540 2010469143 C Ii:2:008:1 0:1 7 = 020001f0 ff0000
ffff8e2303c4c540 2010469159 S Ii:2:008:1 -115:1 8 <
ffff8e2303c4c540 2010477157 C Ii:2:008:1 0:1 7 = 020002f0 ff0000
ffff8e2303c4c540 2010477174 S Ii:2:008:1 -115:1 8 <
ffff8e2303c4c540 2010493142 C Ii:2:008:1 0:1 7 = 02000100 000000
ffff8e2303c4c540 2010493159 S Ii:2:008:1 -115:1 8 <
ffff8e2303c4c540 2010501141 C Ii:2:008:1 0:1 7 = 02000200 000000
ffff8e2303c4c540 2010501157 S Ii:2:008:1 -115:1 8 <
ffff8e2303c4c540 2010509141 C Ii:2:008:1 0:1 7 = 02000200 000000
ffff8e2303c4c540 2010509157 S Ii:2:008:1 -115:1 8 <
ffff8e2303c4c540 2010517141 C Ii:2:008:1 0:1 7 = 02000200 000000
ffff8e2303c4c540 2010517157 S Ii:2:008:1 -115:1 8 <
ffff8e2303c4c540 2010525142 C Ii:2:008:1 0:1 7 = 02000300 000000
ffff8e2303c4c540 2010525158 S Ii:2:008:1 -115:1 8 <
ffff8e2303c4c540 2010533142 C Ii:2:008:1 0:1 7 = 02000500 000000
ffff8e2303c4c540 2010533159 S Ii:2:008:1 -115:1 8 <
ffff8e2303c4c540 2010541115 C Ii:2:008:1 0:1 7 = 02000600 000000
ffff8e2303c4c540 2010541131 S Ii:2:008:1 -115:1 8 <
ffff8e2303c4c540 2010549140 C Ii:2:008:1 0:1 7 = 02000600 000000
ffff8e2303c4c540 2010549157 S Ii:2:008:1 -115:1 8 <
ffff8e2303c4c540 2010557152 C Ii:2:008:1 0:1 7 = 02000700 000000
ffff8e2303c4c540 2010557169 S Ii:2:008:1 -115:1 8 <
ffff8e2303c4c540 2010565149 C Ii:2:008:1 0:1 7 = 02000500 000000
ffff8e2303c4c540 2010565165 S Ii:2:008:1 -115:1 8 <
ffff8e2303c4c540 2010573142 C Ii:2:008:1 0:1 7 = 02000300 000000
ffff8e2303c4c540 2010573159 S Ii:2:008:1 -115:1 8 <
ffff8e2303c4c540 2010581113 C Ii:2:008:1 0:1 7 = 02000300 000000
ffff8e2303c4c540 2010581128 S Ii:2:008:1 -115:1 8 <
ffff8e2303c4c540 2010589141 C Ii:2:008:1 0:1 7 = 02000100 000000
ffff8e2303c4c540 2010589158 S Ii:2:008:1 -115:1 8 <
ffff8e2303c4c540 2010597149 C Ii:2:008:1 0:1 7 = 02000200 000000
ffff8e2303c4c540 2010597165 S Ii:2:008:1 -115:1 8 <
ffff8e2303c4c540 2010605143 C Ii:2:008:1 0:1 7 = 02000200 000000
ffff8e2303c4c540 2010605159 S Ii:2:008:1 -115:1 8 <
ffff8e2303c4c540 2010613142 C Ii:2:008:1 0:1 7 = 020004f0 ff0000
ffff8e2303c4c540 2010613159 S Ii:2:008:1 -115:1 8 <
ffff8e2303c4c540 2010621142 C Ii:2:008:1 0:1 7 = 02000400 000000
ffff8e2303c4c540 2010621158 S Ii:2:008:1 -115:1 8 <
ffff8e2303c4c540 2010629153 C Ii:2:008:1 0:1 7 = 020006e0 ff0000
ffff8e2303c4c540 2010629169 S Ii:2:008:1 -115:1 8 <
ffff8e2303c4c540 2010637150 C Ii:2:008:1 0:1 7 = 020009c0 ff0000
ffff8e2303c4c540 2010637167 S Ii:2:008:1 -115:1 8 <
ffff8e2303c4c540 2010645151 C Ii:2:008:1 0:1 7 = 020008c0 ff0000
ffff8e2303c4c540 2010645168 S Ii:2:008:1 -115:1 8 <
ffff8e2303c4c540 2010653142 C Ii:2:008:1 0:1 7 = 02000ab0 ff0000
ffff8e2303c4c540 2010653159 S Ii:2:008:1 -115:1 8 <
ffff8e2303c4c540 2010661141 C Ii:2:008:1 0:1 7 = 02000aa0 ff0000
ffff8e2303c4c540 2010661157 S Ii:2:008:1 -115:1 8 <
ffff8e2303c4c540 2010669141 C Ii:2:008:1 0:1 7 = 020008e0 ff0000
ffff8e2303c4c540 2010669157 S Ii:2:008:1 -115:1 8 <
ffff8e2303c4c540 2010677142 C Ii:2:008:1 0:1 7 = 020008e0 ff0000
ffff8e2303c4c540 2010677159 S Ii:2:008:1 -115:1 8 <
ffff8e2303c4c540 2010685142 C Ii:2:008:1 0:1 7 = 020007f0 ff0000
ffff8e2303c4c540 2010685158 S Ii:2:008:1 -115:1 8 <
ffff8e2303c4c540 2010693141 C Ii:2:008:1 0:1 7 = 020006f0 ff0000
ffff8e2303c4c540 2010693158 S Ii:2:008:1 -115:1 8 <
ffff8e2303c4c540 2010701115 C Ii:2:008:1 0:1 7 = 02000500 000000
ffff8e2303c4c540 2010701131 S Ii:2:008:1 -115:1 8 <
ffff8e2303c4c540 2010709114 C Ii:2:008:1 0:1 7 = 020003f0 ff0000
ffff8e2303c4c540 2010709138 S Ii:2:008:1 -115:1 8 <
ffff8e2303c4c540 2010717114 C Ii:2:008:1 0:1 7 = 020002f0 ff0000
ffff8e2303c4c540 2010717138 S Ii:2:008:1 -115:1 8 <
ffff8e2303c4c540 2010725114 C Ii:2:008:1 0:1 7 = 02000100 000000
ffff8e2303c4c540 2010725139 S Ii:2:008:1 -115:1 8 <
ffff8e2303c4c540 2010805142 C Ii:2:008:1 0:1 7 = 02010000 000000
ffff8e2303c4c540 2010805170 S Ii:2:008:1 -115:1 8 <
ffff8e2303c4c540 2010893142 C Ii:2:008:1 0:1 7 = 02000000 000000
ffff8e2303c4c540 2010893170 S Ii:2:008:1 -115:1 8 <
ffff8e2303c4c540 2010917116 C Ii:2:008:1 0:1 7 = 0200ff0f 000000
ffff8e2303c4c540 2010917142 S Ii:2:008:1 -115:1 8 <
ffff8e2303c4c540 2010925120 C Ii:2:008:1 0:1 7 = 0200ff0f 000000
ffff8e2303c4c540 2010925145 S Ii:2:008:1 -115:1 8 <
ffff8e2303c4c540 2010933116 C Ii:2:008:1 0:1 7 = 0200ff0f 000000
ffff8e2303c4c540 2010933145 S Ii:2:008:1 -115:1 8 <
ffff8e2303c4c540 2010957119 C Ii:2:008:1 0:1 7 = 0200ff0f 000000
ffff8e2303c4c540 2010957150 S Ii:2:008:1 -115:1 8 <
ffff8e2303c4c540 2010965116 C Ii:2:008:1 0:1 7 = 0200fb0f 000000
ffff8e2303c4c540 2010965140 S Ii:2:008:1 -115:1 8 <
ffff8e2303c4c540 2010973115 C Ii:2:008:1 0:1 7 = 0200f80f 000000
ffff8e2303c4c540 2010973138 S Ii:2:008:1 -115:1 8 <
ffff8e2303c4c540 2010981143 C Ii:2:008:1 0:1 7 = 0200f60f 000000
ffff8e2303c4c540 2010981169 S Ii:2:008:1 -115:1 8 <
ffff8e2303c4c540 2010989142 C Ii:2:008:1 0:1 7 = 0200f00f 000000
ffff8e2303c4c540 2010989168 S Ii:2:008:1 -115:1 8 <
ffff8e2303c4c540 2010997142 C Ii:2:008:1 0:1 7 = 0200edef ff0000
ffff8e2303c4c540 2010997166 S Ii:2:008:1 -115:1 8 <
ffff8e2303c4c540 2011005115 C Ii:2:008:1 0:1 7 = 0200e9bf ff0000
ffff8e2303c4c540 2011005138 S Ii:2:008:1 -115:1 8 <
ffff8e2303c4c540 2011013142 C Ii:2:008:1 0:1 7 = 0200e27f ff0000
ffff8e2303c4c540 2011013169 S Ii:2:008:1 -115:1 8 <
ffff8e2302151980 2011018116 S Bo:2:002:2 -115 31 = 55534243 36050000 00000000 00000600 00000000 00000000 00000000 000000
ffff8e2302151980 2011018161 C Bo:2:002:2 0 31 >
ffff8e2302151980 2011018172 S Bi:2:002:1 -115 13 <
ffff8e2302151980 2011018200 C Bi:2:002:1 0 13 = 55534253 36050000 00000000 00
ffff8e2303c4c540 2011021141 C Ii:2:008:1 0:1 7 = 0200dd6f ff0000
ffff8e2303c4c540 2011021167 S Ii:2:008:1 -115:1 8 <
ffff8e2303c4c540 2011029142 C Ii:2:008:1 0:1 7 = 0200d85f ff0000
ffff8e2303c4c540 2011029166 S Ii:2:008:1 -115:1 8 <
ffff8e2303c4c540 2011037141 C Ii:2:008:1 0:1 7 = 0200d04f ff0000
ffff8e2303c4c540 2011037164 S Ii:2:008:1 -115:1 8 <
ffff8e2303c4c540 2011045114 C Ii:2:008:1 0:1 7 = 0200c82f ff0000
ffff8e2303c4c540 2011045137 S Ii:2:008:1 -115:1 8 <
ffff8e2303c4c540 2011053114 C Ii:2:008:1 0:1 7 = 0200be0f ff0000
ffff8e2303c4c540 2011053137 S Ii:2:008:1 -115:1 8 <
ffff8e2303c4c540 2011061141 C Ii:2:008:1 0:1 7 = 0200b3df fe0000
ffff8e2303c4c540 2011061163 S Ii:2:008:1 -115:1 8 <
ffff8e2303c4c540 2011069141 C Ii:2:008:1 0:1 7 = 0200abbf fe0000
ffff8e2303c4c540 2011069163 S Ii:2:008:1 -115:1 8 <
ffff8e2303c4c540 2011077140 C Ii:2:008:1 0:1 7 = 0200a39f fe0000
ffff8e2303c4c540 2011077165 S Ii:2:008:1 -115:1 8 <
ffff8e2303c4c540 2011085144 C Ii:2:008:1 0:1 7 = 02009faf fe0000
ffff8e2303c4c540 2011085168 S Ii:2:008:1 -115:1 8 <
ffff8e2303c4c540 2011093141 C Ii:2:008:1 0:1 7 = 02009f9f fe0000
ffff8e2303c4c540 2011093166 S Ii:2:008:1 -115:1 8 <
ffff8e2303c4c540 2011101118 C Ii:2:008:1 0:1 7 = 0200a2af fe0000
ffff8e2303c4c540 2011101147 S Ii:2:008:1 -115:1 8 <
ffff8e2303c4c540 2011109114 C Ii:2:008:1 0:1 7 = 0200a7bf fe0000
ffff8e2303c4c540 2011109134 S Ii:2:008:1 -115:1 8 <
ffff8e2303c4c540 2011117141 C Ii:2:008:1 0:1 7 = 0200accf fe0000
ffff8e2303c4c540 2011117166 S Ii:2:008:1 -115:1 8 <
ffff8e2303c4c540 2011125141 C Ii:2:008:1 0:1 7 = 0200b3ef fe0000
ffff8e2303c4c540 2011125166 S Ii:2:008:1 -115:1 8 <
ffff8e2303c4c540 2011133153 C Ii:2:008:1 0:1 7 = 0200b91f ff0000
ffff8e2303c4c540 2011133176 S Ii:2:008:1 -115:1 8 <
ffff8e2303c4c540 2011141143 C Ii:2:008:1 0:1 7 = 0200c01f ff0000
ffff8e2303c4c540 2011141168 S Ii:2:008:1 -115:1 8 <
ffff8e2303c4c540 2011149153 C Ii:2:008:1 0:1 7 = 0200c54f ff0000
ffff8e2303c4c540 2011149178 S Ii:2:008:1 -115:1 8 <
ffff8e2303c4c540 2011157143 C Ii:2:008:1 0:1 7 = 0200ca4f ff0000
ffff8e2303c4c540 2011157168 S Ii:2:008:1 -115:1 8 <
ffff8e2303c4c540 2011165142 C Ii:2:008:1 0:1 7 = 0200cd7f ff0000
ffff8e2303c4c540 2011165167 S Ii:2:008:1 -115:1 8 <
ffff8e2303c4c540 2011173143 C Ii:2:008:1 0:1 7 = 0200d19f ff0000
ffff8e2303c4c540 2011173169 S Ii:2:008:1 -115:1 8 <
ffff8e2303c4c540 2011181151 C Ii:2:008:1 0:1 7 = 0200d3af ff0000
ffff8e2303c4c540 2011181176 S Ii:2:008:1 -115:1 8 <
ffff8e2303c4c540 2011189141 C Ii:2:008:1 0:1 7 = 0200d7bf ff0000
ffff8e2303c4c540 2011189167 S Ii:2:008:1 -115:1 8 <
ffff8e2303c4c540 2011197141 C Ii:2:008:1 0:1 7 = 0200dadf ff0000
ffff8e2303c4c540 2011197167 S Ii:2:008:1 -115:1 8 <
ffff8e2303c4c540 2011205117 C Ii:2:008:1 0:1 7 = 0200dddf ff0000
ffff8e2303c4c540 2011205140 S Ii:2:008:1 -115:1 8 <
ffff8e2303c4c540 2011213156 C Ii:2:008:1 0:1 7 = 0200dfff ff0000
ffff8e2303c4c540 2011213182 S Ii:2:008:1 -115:1 8 <
ffff8e2303c4c540 2011221156 C Ii:2:008:1 0:1 7 = 0200e1ff ff0000
ffff8e2303c4c540 2011221182 S Ii:2:008:1 -115:1 8 <
ffff8e2303c4c540 2011229143 C Ii:2:008:1 0:1 7 = 0200e20f 000000
ffff8e2303c4c540 2011229169 S Ii:2:008:1 -115:1 8 <
ffff8e2303c4c540 2011237143 C Ii:2:008:1 0:1 7 = 0200e70f 000000
ffff8e2303c4c540 2011237167 S Ii:2:008:1 -115:1 8 <
ffff8e2303c4c540 2011245146 C Ii:2:008:1 0:1 7 = 0200ea0f 000000
ffff8e2303c4c540 2011245173 S Ii:2:008:1 -115:1 8 <
ffff8e2303c4c540 2011253144 C Ii:2:008:1 0:1 7 = 0200ed0f 000000
ffff8e2303c4c540 2011253170 S Ii:2:008:1 -115:1 8 <
ffff8e2303c4c540 2011261144 C Ii:2:008:1 0:1 7 = 0200ee1f 000000
ffff8e2303c4c540 2011261170 S Ii:2:008:1 -115:1 8 <
ffff8e2303c4c540 2011269153 C Ii:2:008:1 0:1 7 = 0200ee1f 000000
ffff8e2303c4c540 2011269179 S Ii:2:008:1 -115:1 8 <
ffff8e2303c4c540 2011277146 C Ii:2:008:1 0:1 7 = 0200ee0f 000000
ffff8e2303c4c540 2011277173 S Ii:2:008:1 -115:1 8 <
ffff8e2303c4c540 2011285146 C Ii:2:008:1 0:1 7 = 0200f01f 000000
ffff8e2303c4c540 2011285173 S Ii:2:008:1 -115:1 8 <
ffff8e2303c4c540 2011293146 C Ii:2:008:1 0:1 7 = 0200f10f 000000
ffff8e2303c4c540 2011293173 S Ii:2:008:1 -115:1 8 <
ffff8e2303c4c540 2011301146 C Ii:2:008:1 0:1 7 = 0200f10f 000000
ffff8e2303c4c540 2011301174 S Ii:2:008:1 -115:1 8 <
ffff8e2303c4c540 2011309146 C Ii:2:008:1 0:1 7 = 0200f10f 000000
ffff8e2303c4c540 2011309173 S Ii:2:008:1 -115:1 8 <
ffff8e2303c4c540 2011317145 C Ii:2:008:1 0:1 7 = 0200f20f 000000
ffff8e2303c4c540 2011317173 S Ii:2:008:1 -115:1 8 <
ffff8e2303c4c540 2011325152 C Ii:2:008:1 0:1 7 = 0200f10f 000000
ffff8e2303c4c540 2011325179 S Ii:2:008:1 -115:1 8 <
ffff8e2303c4c540 2011333147 C Ii:2:008:1 0:1 7 = 0200f40f 000000
ffff8e2303c4c540 2011333172 S Ii:2:008:1 -115:1 8 <
ffff8e2303c4c540 2011341145 C Ii:2:008:1 0:1 7 = 0200f30f 000000
ffff8e2303c4c540 2011341172 S Ii:2:008:1 -115:1 8 <
ffff8e2303c4c540 2011349158 C Ii:2:008:1 0:1 7 = 0200f30f 000000
ffff8e2303c4c540 2011349185 S Ii:2:008:1 -115:1 8 <
ffff8e2303c4c540 2011357145 C Ii:2:008:1 0:1 7 = 0200f31f 000000
ffff8e2303c4c540 2011357171 S Ii:2:008:1 -115:1 8 <
ffff8e2303c4c540 2011365145 C Ii:2:008:1 0:1 7 = 0200f61f 000000
ffff8e2303c4c540 2011365172 S Ii:2:008:1 -115:1 8 <
ffff8e2303c4c540 2011373144 C Ii:2:008:1 0:1 7 = 0200f71f 000000
ffff8e2303c4c540 2011373172 S Ii:2:008:1 -115:1 8 <
ffff8e2303c4c540 2011381145 C Ii:2:008:1 0:1 7 = 0200f82f 000000
ffff8e2303c4c540 2011381172 S Ii:2:008:1 -115:1 8 <
ffff8e2303c4c540 2011389145 C Ii:2:008:1 0:1 7 = 0200fa1f 000000
ffff8e2303c4c540 2011389172 S Ii:2:008:1 -115:1 8 <
ffff8e2303c4c540 2011397144 C Ii:2:008:1 0:1 7 = 0200f92f 000000
ffff8e2303c4c540 2011397170 S Ii:2:008:1 -115:1 8 <
ffff8e2303c4c540 2011405146 C Ii:2:008:1 0:1 7 = 0200fa0f 000000
ffff8e2303c4c540 2011405174 S Ii:2:008:1 -115:1 8 <
ffff8e2303c4c540 2011413146 C Ii:2:008:1 0:1 7 = 0200fa1f 000000
ffff8e2303c4c540 2011413173 S Ii:2:008:1 -115:1 8 <
ffff8e2303c4c540 2011421153 C Ii:2:008:1 0:1 7 = 0200fb0f 000000
ffff8e2303c4c540 2011421180 S Ii:2:008:1 -115:1 8 <
ffff8e2303c4c540 2011429145 C Ii:2:008:1 0:1 7 = 0200fa0f 000000
ffff8e2303c4c540 2011429172 S Ii:2:008:1 -115:1 8 <
ffff8e2303c4c540 2011437145 C Ii:2:008:1 0:1 7 = 0200fb0f 000000
ffff8e2303c4c540 2011437172 S Ii:2:008:1 -115:1 8 <
ffff8e2303c4c540 2011445145 C Ii:2:008:1 0:1 7 = 0200fb0f 000000
ffff8e2303c4c540 2011445172 S Ii:2:008:1 -115:1 8 <
ffff8e2303c4c540 2011453154 C Ii:2:008:1 0:1 7 = 0200fb0f 000000
ffff8e2303c4c540 2011453179 S Ii:2:008:1 -115:1 8 <
ffff8e2303c4c540 2011461145 C Ii:2:008:1 0:1 7 = 0200fb0f 000000
ffff8e2303c4c540 2011461171 S Ii:2:008:1 -115:1 8 <
ffff8e2303c4c540 2011469154 C Ii:2:008:1 0:1 7 = 0200fd0f 000000
ffff8e2303c4c540 2011469180 S Ii:2:008:1 -115:1 8 <
ffff8e2303c4c540 2011477145 C Ii:2:008:1 0:1 7 = 0200ff0f 000000
ffff8e2303c4c540 2011477172 S Ii:2:008:1 -115:1 8 <
ffff8e2303c4c540 2011541119 C Ii:2:008:1 0:1 7 = 0200ff1f 000000
ffff8e2303c4c540 2011541146 S Ii:2:008:1 -115:1 8 <
ffff8e2303c4c540 2011549119 C Ii:2:008:1 0:1 7 = 0200fe1f 000000
ffff8e2303c4c540 2011549145 S Ii:2:008:1 -115:1 8 <
ffff8e2303c4c540 2011557119 C Ii:2:008:1 0:1 7 = 0200fe0f 000000
ffff8e2303c4c540 2011557143 S Ii:2:008:1 -115:1 8 <
ffff8e2303c4c540 2011565119 C Ii:2:008:1 0:1 7 = 0200fc2f 000000
ffff8e2303c4c540 2011565145 S Ii:2:008:1 -115:1 8 <
ffff8e2303c4c540 2011573119 C Ii:2:008:1 0:1 7 = 0200fd1f 000000
ffff8e2303c4c540 2011573143 S Ii:2:008:1 -115:1 8 <
ffff8e2303c4c540 2011581119 C Ii:2:008:1 0:1 7 = 0200fd2f 000000
ffff8e2303c4c540 2011581144 S Ii:2:008:1 -115:1 8 <
ffff8e2303c4c540 2011589119 C Ii:2:008:1 0:1 7 = 0200fd4f 000000
ffff8e2303c4c540 2011589142 S Ii:2:008:1 -115:1 8 <
ffff8e2303c4c540 2011597125 C Ii:2:008:1 0:1 7 = 0200fe5f 000000
ffff8e2303c4c540 2011597150 S Ii:2:008:1 -115:1 8 <
ffff8e2303c4c540 2011605119 C Ii:2:008:1 0:1 7 = 0200ff7f 000000
ffff8e2303c4c540 2011605144 S Ii:2:008:1 -115:1 8 <
ffff8e2303c4c540 2011613119 C Ii:2:008:1 0:1 7 = 02000070 000000
ffff8e2303c4c540 2011613144 S Ii:2:008:1 -115:1 8 <
ffff8e2303c4c540 2011621120 C Ii:2:008:1 0:1 7 = 02000070 000000
ffff8e2303c4c540 2011621143 S Ii:2:008:1 -115:1 8 <
ffff8e2303c4c540 2011629122 C Ii:2:008:1 0:1 7 = 02000050 000000
ffff8e2303c4c540 2011629161 S Ii:2:008:1 -115:1 8 <
ffff8e2303c4c540 2011637120 C Ii:2:008:1 0:1 7 = 02000040 000000
ffff8e2303c4c540 2011637144 S Ii:2:008:1 -115:1 8 <
ffff8e2303c4c540 2011645119 C Ii:2:008:1 0:1 7 = 02000040 000000
ffff8e2303c4c540 2011645143 S Ii:2:008:1 -115:1 8 <
ffff8e2303c4c540 2011653120 C Ii:2:008:1 0:1 7 = 02000030 000000
ffff8e2303c4c540 2011653146 S Ii:2:008:1 -115:1 8 <
ffff8e2303c4c540 2011661119 C Ii:2:008:1 0:1 7 = 02000020 000000
ffff8e2303c4c540 2011661145 S Ii:2:008:1 -115:1 8 <
ffff8e2303c4c540 2011669118 C Ii:2:008:1 0:1 7 = 02000020 000000
ffff8e2303c4c540 2011669143 S Ii:2:008:1 -115:1 8 <
ffff8e2303c4c540 2011677119 C Ii:2:008:1 0:1 7 = 02000020 000000
ffff8e2303c4c540 2011677142 S Ii:2:008:1 -115:1 8 <
ffff8e2303c4c540 2011693119 C Ii:2:008:1 0:1 7 = 02000010 000000
ffff8e2303c4c540 2011693144 S Ii:2:008:1 -115:1 8 <
ffff8e2303c4c540 2011845124 C Ii:2:008:1 0:1 7 = 02000010 000000
ffff8e2303c4c540 2011845154 S Ii:2:008:1 -115:1 8 <
ffff8e2303c4c540 2011853122 C Ii:2:008:1 0:1 7 = 02000010 000000
ffff8e2303c4c540 2011853152 S Ii:2:008:1 -115:1 8 <
ffff8e2303c4c540 2011869120 C Ii:2:008:1 0:1 7 = 02000010 000000
ffff8e2303c4c540 2011869146 S Ii:2:008:1 -115:1 8 <
ffff8e2303c4c540 2011885119 C Ii:2:008:1 0:1 7 = 02010000 000000
ffff8e2303c4c540 2011885143 S Ii:2:008:1 -115:1 8 <
ffff8e2303c4c540 2011997119 C Ii:2:008:1 0:1 7 = 02000000 000000
ffff8e2303c4c540 2011997138 S Ii:2:008:1 -115:1 8 <
ffff8e2302151980 2013066173 S Bo:2:002:2 -115 31 = 55534243 37050000 00000000 00000600 00000000 00000000 00000000 000000
ffff8e2302151980 2013066205 C Bo:2:002:2 0 31 >
ffff8e2302151980 2013066215 S Bi:2:002:1 -115 13 <
ffff8e2302151980 2013066243 C Bi:2:002:1 0 13 = 55534253 37050000 00000000 00
ffff8e2315a10f00 2013375156 C Ii:2:005:1 0:16 8 = 00000600 00000000
ffff8e2315a10f00 2013375196 S Ii:2:005:1 -115:16 8 <
ffff8e2315a10f00 2013471129 C Ii:2:005:1 0:16 8 = 00000000 00000000
ffff8e2315a10f00 2013471157 S Ii:2:005:1 -115:16 8 <
ffff8e2315a10f00 2013503165 C Ii:2:005:1 0:16 8 = 00001200 00000000
ffff8e2315a10f00 2013503192 S Ii:2:005:1 -115:16 8 <
ffff8e2315a10f00 2013615155 C Ii:2:005:1 0:16 8 = 00001012 00000000
ffff8e2315a10f00 2013615188 S Ii:2:005:1 -115:16 8 <
ffff8e2315a10f00 2013647129 C Ii:2:005:1 0:16 8 = 00001000 00000000
ffff8e2315a10f00 2013647152 S Ii:2:005:1 -115:16 8 <
ffff8e2315a10f00 2013679129 C Ii:2:005:1 0:16 8 = 00000000 00000000
ffff8e2315a10f00 2013679156 S Ii:2:005:1 -115:16 8 <
ffff8e2315a10f00 2013759157 C Ii:2:005:1 0:16 8 = 00001300 00000000
ffff8e2315a10f00 2013759189 S Ii:2:005:1 -115:16 8 <
ffff8e2315a10f00 2013839174 C Ii:2:005:1 0:16 8 = 00000f13 00000000
ffff8e2315a10f00 2013839203 S Ii:2:005:1 -115:16 8 <
ffff8e2315a10f00 2013871134 C Ii:2:005:1 0:16 8 = 00000f00 00000000
ffff8e2315a10f00 2013871173 S Ii:2:005:1 -115:16 8 <
ffff8e2315a10f00 2013887166 C Ii:2:005:1 0:16 8 = 0000080f 00000000
ffff8e2315a10f00 2013887197 S Ii:2:005:1 -115:16 8 <
ffff8e2315a10f00 2013951169 C Ii:2:005:1 0:16 8 = 00000800 00000000
ffff8e2315a10f00 2013951196 S Ii:2:005:1 -115:16 8 <
ffff8e2315a10f00 2013999157 C Ii:2:005:1 0:16 8 = 00001700 00000000
ffff8e2315a10f00 2013999189 S Ii:2:005:1 -115:16 8 <
ffff8e2315a10f00 2014095130 C Ii:2:005:1 0:16 8 = 00000817 00000000
ffff8e2315a10f00 2014095160 S Ii:2:005:1 -115:16 8 <
ffff8e2315a10f00 2014111159 C Ii:2:005:1 0:16 8 = 00000800 00000000
ffff8e2315a10f00 2014111191 S Ii:2:005:1 -115:16 8 <
ffff8e2315a10f00 2014223160 C Ii:2:005:1 0:16 8 = 00000000 00000000
ffff8e2315a10f00 2014223191 S Ii:2:005:1 -115:16 8 <
ffff8e2315a10f00 2014495161 C Ii:2:005:1 0:16 8 = 00002800 00000000
ffff8e2315a10f00 2014495193 S Ii:2:005:1 -115:16 8 <
ffff8e2315a10f00 2014559164 C Ii:2:005:1 0:16 8 = 00000000 00000000
ffff8e2315a10f00 2014559203 S Ii:2:005:1 -115:16 8 <
ffff8e2302151980 2015114094 S Bo:2:002:2 -115 31 = 55534243 38050000 00000000 00000600 00000000 00000000 00000000 000000
ffff8e2302151980 2015114142 C Bo:2:002:2 0 31 >
ffff8e2302151980 2015114155 S Bi:2:002:1 -115 13 <
ffff8e2302151980 2015114181 C Bi:2:002:1 0 13 = 55534253 38050000 00000000 00
ffff8e2302151980 2017163126 S Bo:2:002:2 -115 31 = 55534243 39050000 00000000 00000600 00000000 00000000 00000000 000000
ffff8e2302151980 2017163173 C Bo:2:002:2 0 31 >
ffff8e2302151980 2017163184 S Bi:2:002:1 -115 13 <
ffff8e2302151980 2017163208 C Bi:2:002:1 0 13 = 55534253 39050000 00000000 00
ffff8e2302151980 2019210092 S Bo:2:002:2 -115 31 = 55534243 3a050000 00000000 00000600 00000000 00000000 00000000 000000
ffff8e2302151980 2019210128 C Bo:2:002:2 0 31 >
ffff8e2302151980 2019210138 S Bi:2:002:1 -115 13 <
ffff8e2302151980 2019210180 C Bi:2:002:1 0 13 = 55534253 3a050000 00000000 00
