# Decoded CH340 bulk USB addr 011 from usbmon-write-20261003-075558.user.log
# events=1369 out=27242 in=302
2002603561 HOST>RADIO   14 | 50 52 4F 47 52 41 4D 42 54 39 30 30 30 55 | PROGRAMBT9000U
2002692016 RADIO>HOST    1 | 06 | .
2002692481 HOST>RADIO    1 | 46 | F
2002696159 RADIO>HOST   16 | 01 36 01 74 04 00 05 20 02 00 02 60 01 03 30 04 | .6.t... ...`..0.
2002696690 HOST>RADIO    1 | 4D | M
2002699997 RADIO>HOST   12 | 52 54 2D 39 35 30 20 20 20 20 20 20 | RT-950      
2002700389 HOST>RADIO   25 | 53 45 4E 44 10 10 04 0B 04 05 01 0D 0A 0B 0F 00 01 05 04 0D 02 07 03 08 00 | SEND.....................
2002704720 RADIO>HOST    1 | 06 | .
2002708223 HOST>RADIO   32 | FF FF FF FF 00 3B 69 54 FF FF FF FF 00 00 00 00 00 00 00 52 FF FF FF FF 62 78 2E 6F 67 7B 30 66 | .....;iT...........R....bx.og{0f
2002708258 HOST>RADIO   32 | FF FF FF FF 00 CB 69 54 FF FF FF FF 00 00 00 00 00 00 00 52 FF FF FF FF 62 78 2E 6F 68 7B 30 66 | ......iT...........R....bx.oh{0f
2002711017 HOST>RADIO   32 | FF FF FF FF 00 4B 70 54 FF FF FF FF 00 00 00 00 00 00 00 52 FF FF FF FF 62 79 2E 66 60 7B 30 66 | .....KpT...........R....by.f`{0f
2002713801 HOST>RADIO    4 | FF FF FF FF | ....
2002727387 RADIO>HOST    1 | 06 | .
2002728010 HOST>RADIO   32 | FF FF FF FF 00 6B 70 54 FF FF FF FF 00 00 00 00 00 00 00 52 FF FF FF FF 62 79 2E 66 62 7B 30 66 | .....kpT...........R....by.fb{0f
2002728051 HOST>RADIO   32 | FF FF FF FF 00 7B 70 54 FF FF FF FF 00 00 00 00 00 00 00 52 FF FF FF FF 62 79 2E 66 63 7B 30 66 | .....{pT...........R....by.fc{0f
2002730885 HOST>RADIO   32 | FF FF FF FF 00 1B 70 54 FF FF FF FF 00 00 00 00 00 00 00 52 FF FF FF FF 62 79 2E 66 65 7B 30 66 | ......pT...........R....by.fe{0f
2002733645 HOST>RADIO    4 | FF FF FF FF | ....
2002741892 RADIO>HOST    1 | 06 | .
2002742340 HOST>RADIO   32 | FF FF FF FF 00 3B 70 54 FF FF FF FF 00 00 00 00 00 00 00 52 FF FF FF FF 62 79 2E 66 67 7B 30 66 | .....;pT...........R....by.fg{0f
2002742382 HOST>RADIO   32 | FF FF FF FF 00 CB 70 54 FF FF FF FF 00 00 00 00 00 00 00 52 FF FF FF FF 62 79 2E 66 68 7B 30 66 | ......pT...........R....by.fh{0f
2002745183 HOST>RADIO   32 | FF FF FF FF 00 4B 71 54 FF FF FF FF 00 00 00 00 00 00 00 52 FF FF FF FF 62 79 2E 67 60 7B 30 66 | .....KqT...........R....by.g`{0f
2002748047 HOST>RADIO    4 | FF FF FF FF | ....
2002756235 RADIO>HOST    1 | 06 | .
2002756733 HOST>RADIO   32 | FF FF FF FF 00 6B 71 54 FF FF FF FF 00 00 00 00 00 00 00 52 FF FF FF FF 62 79 2E 67 62 7B 30 66 | .....kqT...........R....by.gb{0f
2002756771 HOST>RADIO   32 | FF FF FF FF 00 7B 71 54 FF FF FF FF 00 00 00 00 00 00 00 52 FF FF FF FF 62 79 2E 67 63 7B 30 66 | .....{qT...........R....by.gc{0f
2002759552 HOST>RADIO   32 | FF FF FF FF 00 1B 71 54 FF FF FF FF 00 00 00 00 00 00 00 52 FF FF FF FF 62 79 2E 67 65 7B 30 66 | ......qT...........R....by.ge{0f
2002762343 HOST>RADIO    4 | FF FF FF FF | ....
2002770553 RADIO>HOST    1 | 06 | .
2002771042 HOST>RADIO   32 | FF FF FF FF 00 3B 71 54 FF FF FF FF 00 00 00 00 00 00 00 52 FF FF FF FF 62 79 2E 67 67 7B 30 66 | .....;qT...........R....by.gg{0f
2002771081 HOST>RADIO   32 | FF FF FF FF 00 CB 71 54 FF FF FF FF 00 00 00 00 00 00 00 52 FF FF FF FF 62 79 2E 67 68 7B 30 66 | ......qT...........R....by.gh{0f
2002773861 HOST>RADIO   32 | FF FF FF FF 00 4B 72 54 FF FF FF FF 00 00 00 00 00 00 00 52 FF FF FF FF 62 79 2E 64 60 7B 30 66 | .....KrT...........R....by.d`{0f
2002776690 HOST>RADIO    4 | FF FF FF FF | ....
2002784838 RADIO>HOST    1 | 06 | .
2002785284 HOST>RADIO   32 | FF FF FF FF 00 6B 72 54 FF FF FF FF 00 00 00 00 00 00 00 52 FF FF FF FF 62 79 2E 64 62 7B 30 66 | .....krT...........R....by.db{0f
2002785324 HOST>RADIO   32 | FF FF FF FF 00 1B 72 54 FF FF FF FF 00 00 00 00 00 00 00 52 FF FF FF FF 62 79 2E 64 65 7B 30 66 | ......rT...........R....by.de{0f
2002788118 HOST>RADIO   32 | FF FF FF FF 00 7B 72 54 FF FF FF FF 00 00 00 00 00 00 00 52 FF FF FF FF 62 79 2E 64 63 7B 30 66 | .....{rT...........R....by.dc{0f
2002790897 HOST>RADIO    4 | FF FF FF FF | ....
2002799160 RADIO>HOST    1 | 06 | .
2002799609 HOST>RADIO   32 | FF FF FF FF 00 2B 72 54 FF FF FF FF 00 00 00 00 00 00 00 52 FF FF FF FF 62 79 2E 64 66 7B 30 66 | .....+rT...........R....by.df{0f
2002799648 HOST>RADIO   32 | FF FF FF FF 00 3B 72 54 FF FF FF FF 00 00 00 00 00 00 00 52 FF FF FF FF 62 79 2E 64 67 7B 30 66 | .....;rT...........R....by.dg{0f
2002802403 HOST>RADIO   32 | FF FF FF FF 00 CB 72 54 FF FF FF FF 00 00 00 00 00 00 00 52 FF FF FF FF 62 79 2E 64 68 7B 30 66 | ......rT...........R....by.dh{0f
2002805182 HOST>RADIO    4 | FF FF FF FF | ....
2002813484 RADIO>HOST    1 | 06 | .
2002813910 HOST>RADIO   32 | FF FF FF FF 00 4B 73 54 FF FF FF FF 00 00 00 00 00 00 00 52 FF FF FF FF 62 79 2E 65 60 7B 30 66 | .....KsT...........R....by.e`{0f
2002813948 HOST>RADIO   32 | FF FF FF FF 00 5B 73 54 FF FF FF FF 00 00 00 00 00 00 00 52 FF FF FF FF 62 79 2E 65 61 7B 30 66 | .....[sT...........R....by.ea{0f
2002816720 HOST>RADIO   32 | FF FF FF FF 00 6B 73 54 FF FF FF FF 00 00 00 00 00 00 00 52 FF FF FF FF 62 79 2E 65 62 7B 30 66 | .....ksT...........R....by.eb{0f
2002819542 HOST>RADIO    4 | FF FF FF FF | ....
2002827664 RADIO>HOST    1 | 06 | .
2002828098 HOST>RADIO   32 | FF FF FF FF 00 0B 73 54 FF FF FF FF 00 00 00 00 00 00 00 52 FF FF FF FF 62 79 2E 65 64 7B 30 66 | ......sT...........R....by.ed{0f
2002828128 HOST>RADIO   32 | FF FF FF FF 00 1B 73 54 FF FF FF FF 00 00 00 00 00 00 00 52 FF FF FF FF 62 79 2E 65 65 7B 30 66 | ......sT...........R....by.ee{0f
2002830870 HOST>RADIO   32 | FF FF FF FF 00 2B 73 54 FF FF FF FF 00 00 00 00 00 00 00 52 FF FF FF FF 62 79 2E 65 66 7B 30 66 | .....+sT...........R....by.ef{0f
2002833681 HOST>RADIO    4 | FF FF FF FF | ....
2002842029 RADIO>HOST    1 | 06 | .
2002842460 HOST>RADIO   32 | FF FF FF FF 00 CB 73 54 FF FF FF FF 00 00 00 00 00 00 00 52 FF FF FF FF 62 79 2E 65 68 7B 30 66 | ......sT...........R....by.eh{0f
2002842500 HOST>RADIO   32 | FF FF FF FF 00 DB 73 54 FF FF FF FF 00 00 00 00 00 00 00 52 FF FF FF FF 62 79 2E 65 69 7B 30 66 | ......sT...........R....by.ei{0f
2002845326 HOST>RADIO   32 | FF FF FF FF 00 4B 74 54 FF FF FF FF 00 00 00 00 00 00 00 52 FF FF FF FF 62 79 2E 62 60 7B 30 66 | .....KtT...........R....by.b`{0f
2002848053 HOST>RADIO    4 | FF FF FF FF | ....
2002856283 RADIO>HOST    1 | 06 | .
2002856656 HOST>RADIO   32 | 60 FF FF FF 50 C9 25 10 FF FF FF FF 00 00 00 00 00 00 00 52 FF FF FF FF 64 78 32 78 65 76 37 63 | `...P.%............R....dx2xev7c
2002856694 HOST>RADIO   32 | 60 FF FF FF 50 5C 26 10 FF FF FF FF 00 00 00 00 00 00 00 52 FF FF FF FF 64 78 32 78 66 7F 32 63 | `...P\&............R....dx2xf.2c
2002859508 HOST>RADIO   32 | 60 FF FF FF 50 79 26 10 FF FF FF FF 00 00 00 00 00 00 00 52 FF FF FF FF 64 78 32 78 66 7D 37 63 | `...Py&............R....dx2xf}7c
2002862261 HOST>RADIO    4 | 60 FF FF FF | `...
2002870464 RADIO>HOST    1 | 06 | .
2002870845 HOST>RADIO   32 | 60 FF FF FF 50 C9 26 10 FF FF FF FF 00 00 00 00 00 00 00 52 FF FF FF FF 64 78 32 78 66 76 37 63 | `...P.&............R....dx2xfv7c
2002870886 HOST>RADIO   32 | 60 FF FF FF 50 5C 27 10 FF FF FF FF 00 00 00 00 00 00 00 52 FF FF FF FF 64 78 32 78 67 7F 32 63 | `...P\'............R....dx2xg.2c
2002873681 HOST>RADIO   32 | 60 FF FF FF 50 2C 75 10 FF FF FF FF 00 00 00 00 00 00 00 52 FF FF FF FF 64 78 37 78 65 78 32 63 | `...P,u............R....dx7xex2c
2002876471 HOST>RADIO    4 | 60 FF FF FF | `...
2002884599 RADIO>HOST    1 | 06 | .
2002885056 HOST>RADIO   32 | 60 FF FF FF 50 5C 76 10 FF FF FF FF 00 00 00 00 00 00 00 52 FF FF FF FF 64 78 37 78 66 7F 32 63 | `...P\v............R....dx7xf.2c
2002885103 HOST>RADIO   32 | 60 FF FF FF 50 79 76 10 FF FF FF FF 00 00 00 00 00 00 00 52 FF FF FF FF 64 78 37 78 66 7D 37 63 | `...Pyv............R....dx7xf}7c
2002887869 HOST>RADIO   32 | 60 FF FF FF 50 2C 76 10 FF FF FF FF 00 00 00 00 00 00 00 52 FF FF FF FF 64 78 37 78 66 78 32 63 | `...P,v............R....dx7xfx2c
2002890687 HOST>RADIO    4 | 60 FF FF FF | `...
2002898896 RADIO>HOST    1 | 06 | .
2002899269 HOST>RADIO   32 | 60 FF FF FF 50 5C 77 10 FF FF FF FF 00 00 00 00 00 00 00 52 FF FF FF FF 64 78 37 78 67 7F 32 63 | `...P\w............R....dx7xg.2c
2002899318 HOST>RADIO   32 | 60 FF FF FF 00 1E 25 10 FF FF FF FF 00 00 00 00 00 00 00 52 FF FF FF FF 64 78 32 78 65 7B 30 66 | `.....%............R....dx2xe{0f
2002902121 HOST>RADIO   32 | 60 FF FF FF 00 3B 25 10 FF FF FF FF 00 00 00 00 00 00 00 52 FF FF FF FF 64 78 32 78 65 79 35 66 | `....;%............R....dx2xey5f
2002904895 HOST>RADIO    4 | 60 FF FF FF | `...
2002913046 RADIO>HOST    1 | 06 | .
2002913469 HOST>RADIO   32 | 60 FF FF FF 00 6B 26 10 FF FF FF FF 00 00 00 00 00 00 00 52 FF FF FF FF 64 78 32 78 66 7C 35 66 | `....k&............R....dx2xf|5f
2002913508 HOST>RADIO   32 | 60 FF FF FF 00 1E 26 10 FF FF FF FF 00 00 00 00 00 00 00 52 FF FF FF FF 64 78 32 78 66 7B 30 66 | `.....&............R....dx2xf{0f
2002916326 HOST>RADIO   32 | 60 FF FF FF 00 3B 26 10 FF FF FF FF 00 00 00 00 00 00 00 52 FF FF FF FF 64 78 32 78 66 79 35 66 | `....;&............R....dx2xfy5f
2002919043 HOST>RADIO    4 | 60 FF FF FF | `...
2002927207 RADIO>HOST    1 | 06 | .
2002927633 HOST>RADIO   32 | 60 FF FF FF 00 6B 27 10 FF FF FF FF 00 00 00 00 00 00 00 52 FF FF FF FF 64 78 32 78 67 7C 35 66 | `....k'............R....dx2xg|5f
2002927672 HOST>RADIO   32 | 60 FF FF FF 00 CE 71 42 FF FF FF FF 00 00 00 00 00 00 00 52 FF FF FF FF 61 7A 37 78 61 76 30 66 | `.....qB...........R....az7xav0f
2002930478 HOST>RADIO   32 | 60 FF FF FF 00 6E 77 42 FF FF FF FF 00 00 00 00 00 00 00 52 FF FF FF FF 61 7A 37 78 61 7C 30 66 | `....nwB...........R....az7xa|0f
2002933257 HOST>RADIO    4 | 60 FF FF FF | `...
2002941531 RADIO>HOST    1 | 06 | .
2002941948 HOST>RADIO   32 | FF FF FF FF 00 1E 29 44 FF FF FF FF 00 00 00 00 00 00 00 53 FF FF FF FF 50 0F 45 76 05 4E 49 15 | ......)D...........S....P.Ev.NI.
2002942019 HOST>RADIO   32 | 1F 03 FF FF 00 00 30 44 FF FF FF FF 00 00 00 00 00 00 00 53 FF FF FF FF 18 0F 52 56 15 17 20 15 | ......0D...........S......RV.. .
2002944758 HOST>RADIO   32 | 11 1A 46 FF 00 00 18 44 FF FF FF FF 00 00 00 00 00 00 00 53 FF FF FF FF 50 0F 45 76 17 1C 4F 03 | ..F....D...........S....P.Ev..O.
2002947541 HOST>RADIO    4 | 1E 0A FF FF | ....
2002955849 RADIO>HOST    1 | 06 | .
2002956263 HOST>RADIO   32 | 63 7A 52 FF 00 1E 29 45 FF FF FF FF 00 00 00 00 00 00 00 53 FF FF FF FF 50 0F 45 76 61 78 52 79 | czR...)E...........S....P.EvaxRy
2002956301 HOST>RADIO   32 | 63 7A 4C FF FF FF FF FF FF FF FF FF FF FF FF FF FF FF FF FF FF FF FF FF FF FF FF FF FF FF FF FF | czL.............................
2002959085 HOST>RADIO   32 | FF FF FF FF FF FF FF FF FF FF FF FF FF FF FF FF FF FF FF FF FF FF FF FF FF FF FF FF FF FF FF FF | ................................
2002961832 HOST>RADIO    4 | FF FF FF FF | ....
2002970029 RADIO>HOST    1 | 06 | .
2002970428 HOST>RADIO   32 | FF FF FF FF FF FF FF FF FF FF FF FF FF FF FF FF FF FF FF FF FF FF FF FF FF FF FF FF FF FF FF FF | ................................
2002970466 HOST>RADIO   32 | FF FF FF FF FF FF FF FF FF FF FF FF FF FF FF FF FF FF FF FF FF FF FF FF FF FF FF FF FF FF FF FF | ................................
2002973280 HOST>RADIO   32 | FF FF FF FF FF FF FF FF FF FF FF FF FF FF FF FF FF FF FF FF FF FF FF FF FF FF FF FF FF FF FF FF | ................................
2002976042 HOST>RADIO    4 | FF FF FF FF | ....
2002984143 RADIO>HOST    1 | 06 | .
2002984536 HOST>RADIO   32 | FF FF FF FF FF FF FF FF FF FF FF FF FF FF FF FF FF FF FF FF FF FF FF FF FF FF FF FF FF FF FF FF | ................................
2002984574 HOST>RADIO   32 | FF FF FF FF FF FF FF FF FF FF FF FF FF FF FF FF FF FF FF FF FF FF FF FF FF FF FF FF FF FF FF FF | ................................
2002987396 HOST>RADIO   32 | FF FF FF FF FF FF FF FF FF FF FF FF FF FF FF FF FF FF FF FF FF FF FF FF FF FF FF FF FF FF FF FF | ................................
2002990113 HOST>RADIO    4 | FF FF FF FF | ....
2002998329 RADIO>HOST    1 | 06 | .
2002998721 HOST>RADIO   32 | FF FF FF FF FF FF FF FF FF FF FF FF FF FF FF FF FF FF FF FF FF FF FF FF FF FF FF FF FF FF FF FF | ................................
2002998761 HOST>RADIO   32 | FF FF FF FF FF FF FF FF FF FF FF FF FF FF FF FF FF FF FF FF FF FF FF FF FF FF FF FF FF FF FF FF | ................................
2003001541 HOST>RADIO   32 | FF FF FF FF FF FF FF FF FF FF FF FF FF FF FF FF FF FF FF FF FF FF FF FF FF FF FF FF FF FF FF FF | ................................
2003004327 HOST>RADIO    4 | FF FF FF FF | ....
2003012468 RADIO>HOST    1 | 06 | .
2003013025 HOST>RADIO   32 | FF FF FF FF FF FF FF FF FF FF FF FF FF FF FF FF FF FF FF FF FF FF FF FF FF FF FF FF FF FF FF FF | ................................
2003013067 HOST>RADIO   32 | FF FF FF FF FF FF FF FF FF FF FF FF FF FF FF FF FF FF FF FF FF FF FF FF FF FF FF FF FF FF FF FF | ................................
2003015932 HOST>RADIO   32 | FF FF FF FF FF FF FF FF FF FF FF FF FF FF FF FF FF FF FF FF FF FF FF FF FF FF FF FF FF FF FF FF | ................................
2003018681 HOST>RADIO    4 | FF FF FF FF | ....
2003026762 RADIO>HOST    1 | 06 | .
2003027165 HOST>RADIO   32 | FF FF FF FF FF FF FF FF FF FF FF FF FF FF FF FF FF FF FF FF FF FF FF FF FF FF FF FF FF FF FF FF | ................................
2003027209 HOST>RADIO   32 | FF FF FF FF FF FF FF FF FF FF FF FF FF FF FF FF FF FF FF FF FF FF FF FF FF FF FF FF FF FF FF FF | ................................
2003030020 HOST>RADIO   32 | FF FF FF FF FF FF FF FF FF FF FF FF FF FF FF FF FF FF FF FF FF FF FF FF FF FF FF FF FF FF FF FF | ................................
2003032826 HOST>RADIO    4 | FF FF FF FF | ....
2003041031 RADIO>HOST    1 | 06 | .
2003041420 HOST>RADIO   32 | FF FF FF FF FF FF FF FF FF FF FF FF FF FF FF FF FF FF FF FF FF FF FF FF FF FF FF FF FF FF FF FF | ................................
2003041473 HOST>RADIO   32 | FF FF FF FF FF FF FF FF FF FF FF FF FF FF FF FF FF FF FF FF FF FF FF FF FF FF FF FF FF FF FF FF | ................................
2003044236 HOST>RADIO   32 | FF FF FF FF FF FF FF FF FF FF FF FF FF FF FF FF FF FF FF FF FF FF FF FF FF FF FF FF FF FF FF FF | ................................
2003047043 HOST>RADIO    4 | FF FF FF FF | ....
2003055259 RADIO>HOST    1 | 06 | .
2003055636 HOST>RADIO   32 | FF FF FF FF FF FF FF FF FF FF FF FF FF FF FF FF FF FF FF FF FF FF FF FF FF FF FF FF FF FF FF FF | ................................
2003055681 HOST>RADIO   32 | FF FF FF FF FF FF FF FF FF FF FF FF FF FF FF FF FF FF FF FF FF FF FF FF FF FF FF FF FF FF FF FF | ................................
2003058477 HOST>RADIO   32 | FF FF FF FF FF FF FF FF FF FF FF FF FF FF FF FF FF FF FF FF FF FF FF FF FF FF FF FF FF FF FF FF | ................................
2003061257 HOST>RADIO    4 | FF FF FF FF | ....
2003069394 RADIO>HOST    1 | 06 | .
2003069763 HOST>RADIO   32 | FF FF FF FF FF FF FF FF FF FF FF FF FF FF FF FF FF FF FF FF FF FF FF FF FF FF FF FF FF FF FF FF | ................................
2003069810 HOST>RADIO   32 | FF FF FF FF FF FF FF FF FF FF FF FF FF FF FF FF FF FF FF FF FF FF FF FF FF FF FF FF FF FF FF FF | ................................
2003072615 HOST>RADIO   32 | FF FF FF FF FF FF FF FF FF FF FF FF FF FF FF FF FF FF FF FF FF FF FF FF FF FF FF FF FF FF FF FF | ................................
2003075396 HOST>RADIO    4 | FF FF FF FF | ....
2003083533 RADIO>HOST    1 | 06 | .
2003083937 HOST>RADIO   32 | FF FF FF FF FF FF FF FF FF FF FF FF FF FF FF FF FF FF FF FF FF FF FF FF FF FF FF FF FF FF FF FF | ................................
2003084020 HOST>RADIO   32 | FF FF FF FF FF FF FF FF FF FF FF FF FF FF FF FF FF FF FF FF FF FF FF FF FF FF FF FF FF FF FF FF | ................................
2003086732 HOST>RADIO   32 | FF FF FF FF FF FF FF FF FF FF FF FF FF FF FF FF FF FF FF FF FF FF FF FF FF FF FF FF FF FF FF FF | ................................
2003089546 HOST>RADIO    4 | FF FF FF FF | ....
2003097669 RADIO>HOST    1 | 06 | .
2003098046 HOST>RADIO   32 | FF FF FF FF FF FF FF FF FF FF FF FF FF FF FF FF FF FF FF FF FF FF FF FF FF FF FF FF FF FF FF FF | ................................
2003098085 HOST>RADIO   32 | FF FF FF FF FF FF FF FF FF FF FF FF FF FF FF FF FF FF FF FF FF FF FF FF FF FF FF FF FF FF FF FF | ................................
2003100897 HOST>RADIO   32 | FF FF FF FF FF FF FF FF FF FF FF FF FF FF FF FF FF FF FF FF FF FF FF FF FF FF FF FF FF FF FF FF | ................................
2003103667 HOST>RADIO    4 | FF FF FF FF | ....
2003111855 RADIO>HOST    1 | 06 | .
2003112270 HOST>RADIO   32 | FF FF FF FF FF FF FF FF FF FF FF FF FF FF FF FF FF FF FF FF FF FF FF FF FF FF FF FF FF FF FF FF | ................................
2003112316 HOST>RADIO   32 | FF FF FF FF FF FF FF FF FF FF FF FF FF FF FF FF FF FF FF FF FF FF FF FF FF FF FF FF FF FF FF FF | ................................
2003115114 HOST>RADIO   32 | FF FF FF FF FF FF FF FF FF FF FF FF FF FF FF FF FF FF FF FF FF FF FF FF FF FF FF FF FF FF FF FF | ................................
2003117907 HOST>RADIO    4 | FF FF FF FF | ....
2003126030 RADIO>HOST    1 | 06 | .
2003126413 HOST>RADIO   32 | FF FF FF FF FF FF FF FF FF FF FF FF FF FF FF FF FF FF FF FF FF FF FF FF FF FF FF FF FF FF FF FF | ................................
2003126457 HOST>RADIO   32 | FF FF FF FF FF FF FF FF FF FF FF FF FF FF FF FF FF FF FF FF FF FF FF FF FF FF FF FF FF FF FF FF | ................................
2003129279 HOST>RADIO   32 | FF FF FF FF FF FF FF FF FF FF FF FF FF FF FF FF FF FF FF FF FF FF FF FF FF FF FF FF FF FF FF FF | ................................
2003132043 HOST>RADIO    4 | FF FF FF FF | ....
2003140143 RADIO>HOST    1 | 06 | .
2003140521 HOST>RADIO   32 | FF FF FF FF FF FF FF FF FF FF FF FF FF FF FF FF FF FF FF FF FF FF FF FF FF FF FF FF FF FF FF FF | ................................
2003140568 HOST>RADIO   32 | FF FF FF FF FF FF FF FF FF FF FF FF FF FF FF FF FF FF FF FF FF FF FF FF FF FF FF FF FF FF FF FF | ................................
2003143386 HOST>RADIO   32 | FF FF FF FF FF FF FF FF FF FF FF FF FF FF FF FF FF FF FF FF FF FF FF FF FF FF FF FF FF FF FF FF | ................................
2003146157 HOST>RADIO    4 | FF FF FF FF | ....
2003154260 RADIO>HOST    1 | 06 | .
2003154763 HOST>RADIO   32 | FF FF FF FF FF FF FF FF FF FF FF FF FF FF FF FF FF FF FF FF FF FF FF FF FF FF FF FF FF FF FF FF | ................................
2003154805 HOST>RADIO   32 | FF FF FF FF FF FF FF FF FF FF FF FF FF FF FF FF FF FF FF FF FF FF FF FF FF FF FF FF FF FF FF FF | ................................
2003157616 HOST>RADIO   32 | FF FF FF FF FF FF FF FF FF FF FF FF FF FF FF FF FF FF FF FF FF FF FF FF FF FF FF FF FF FF FF FF | ................................
2003160397 HOST>RADIO    4 | FF FF FF FF | ....
2003168590 RADIO>HOST    1 | 06 | .
2003169024 HOST>RADIO   32 | FF FF FF FF FF FF FF FF FF FF FF FF FF FF FF FF FF FF FF FF FF FF FF FF FF FF FF FF FF FF FF FF | ................................
2003169069 HOST>RADIO   32 | FF FF FF FF FF FF FF FF FF FF FF FF FF FF FF FF FF FF FF FF FF FF FF FF FF FF FF FF FF FF FF FF | ................................
2003171896 HOST>RADIO   32 | FF FF FF FF 00 00 18 44 FF FF FF FF 00 00 00 00 00 00 00 53 FF FF FF FF 50 0F 45 76 17 1C 4F 03 | .......D...........S....P.Ev..O.
2003174685 HOST>RADIO    4 | 1E 0A FF FF | ....
2003188238 RADIO>HOST    1 | 06 | .
2003188655 HOST>RADIO   32 | FF FF FF FF FF FF FF FF FF FF FF FF FF FF FF FF FF FF FF FF FF FF FF FF FF FF FF FF FF FF FF FF | ................................
2003188695 HOST>RADIO   32 | FF FF FF FF FF FF FF FF FF FF FF FF FF FF FF FF FF FF FF FF FF FF FF FF FF FF FF FF FF FF FF FF | ................................
2003191477 HOST>RADIO   32 | FF FF FF FF FF FF FF FF FF FF FF FF FF FF FF FF FF FF FF FF FF FF FF FF FF FF FF FF FF FF FF FF | ................................
2003194259 HOST>RADIO    4 | FF FF FF FF | ....
2003202375 RADIO>HOST    1 | 06 | .
2003202800 HOST>RADIO   32 | FF FF FF FF FF FF FF FF FF FF FF FF FF FF FF FF FF FF FF FF FF FF FF FF FF FF FF FF FF FF FF FF | ................................
2003202840 HOST>RADIO   32 | FF FF FF FF FF FF FF FF FF FF FF FF FF FF FF FF FF FF FF FF FF FF FF FF FF FF FF FF FF FF FF FF | ................................
2003205614 HOST>RADIO   32 | FF FF FF FF FF FF FF FF FF FF FF FF FF FF FF FF FF FF FF FF FF FF FF FF FF FF FF FF FF FF FF FF | ................................
2003208397 HOST>RADIO    4 | FF FF FF FF | ....
2003216509 RADIO>HOST    1 | 06 | .
2003217038 HOST>RADIO   32 | FF FF FF FF FF FF FF FF FF FF FF FF FF FF FF FF FF FF FF FF FF FF FF FF FF FF FF FF FF FF FF FF | ................................
2003217067 HOST>RADIO   32 | FF FF FF FF 00 1B 05 C3 FF FF FF FF 00 00 00 00 00 00 00 52 FF FF FF FF 69 7B 30 78 65 7B 35 66 | ...................R....i{0xe{5f
2003219873 HOST>RADIO   32 | 60 FF FF FF FF FF FF FF FF FF FF FF FF FF FF FF FF FF FF FF FF FF FF FF FF FF FF FF FF FF FF FF | `...............................
2003222683 HOST>RADIO    4 | FF FF FF FF | ....
2003230853 RADIO>HOST    1 | 06 | .
2003231272 HOST>RADIO   32 | FF FF FF FF FF FF FF FF FF FF FF FF FF FF FF FF FF FF FF FF FF FF FF FF FF FF FF FF FF FF FF FF | ................................
2003231313 HOST>RADIO   32 | FF FF FF FF FF FF FF FF FF FF FF FF FF FF FF FF FF FF FF FF FF FF FF FF FF FF FF FF FF FF FF FF | ................................
2003234112 HOST>RADIO   32 | FF FF FF FF FF FF FF FF FF FF FF FF FF FF FF FF FF FF FF FF FF FF FF FF FF FF FF FF FF FF FF FF | ................................
2003236908 HOST>RADIO    4 | FF FF FF FF | ....
2003245030 RADIO>HOST    1 | 06 | .
2003245395 HOST>RADIO   32 | FF FF FF FF FF FF FF FF FF FF FF FF FF FF FF FF FF FF FF FF FF FF FF FF FF FF FF FF FF FF FF FF | ................................
2003245426 HOST>RADIO   32 | FF FF FF FF FF FF FF FF FF FF FF FF FF FF FF FF FF FF FF FF FF FF FF FF FF FF FF FF FF FF FF FF | ................................
2003248192 HOST>RADIO   32 | FF FF FF FF FF FF FF FF FF FF FF FF FF FF FF FF FF FF FF FF FF FF FF FF FF FF FF FF FF FF FF FF | ................................
2003251041 HOST>RADIO    4 | FF FF FF FF | ....
2003259120 RADIO>HOST    1 | 06 | .
2003259513 HOST>RADIO   32 | FF FF FF FF FF FF FF FF FF FF FF FF FF FF FF FF FF FF FF FF FF FF FF FF FF FF FF FF FF FF FF FF | ................................
2003259558 HOST>RADIO   32 | FF FF FF FF FF FF FF FF FF FF FF FF FF FF FF FF FF FF FF FF FF FF FF FF FF FF FF FF FF FF FF FF | ................................
2003262399 HOST>RADIO   32 | FF FF FF FF FF FF FF FF FF FF FF FF FF FF FF FF FF FF FF FF FF FF FF FF FF FF FF FF FF FF FF FF | ................................
2003265163 HOST>RADIO    4 | FF FF FF FF | ....
2003273233 RADIO>HOST    1 | 06 | .
2003273636 HOST>RADIO   32 | FF FF FF FF FF FF FF FF FF FF FF FF FF FF FF FF FF FF FF FF FF FF FF FF FF FF FF FF FF FF FF FF | ................................
2003273683 HOST>RADIO   32 | FF FF FF FF FF FF FF FF FF FF FF FF FF FF FF FF FF FF FF FF FF FF FF FF FF FF FF FF FF FF FF FF | ................................
2003276477 HOST>RADIO   32 | FF FF FF FF FF FF FF FF FF FF FF FF FF FF FF FF FF FF FF FF FF FF FF FF FF FF FF FF FF FF FF FF | ................................
2003279305 HOST>RADIO    4 | FF FF FF FF | ....
2003287442 RADIO>HOST    1 | 06 | .
2003287832 HOST>RADIO   32 | FF FF FF FF FF FF FF FF FF FF FF FF FF FF FF FF FF FF FF FF FF FF FF FF FF FF FF FF FF FF FF FF | ................................
2003287877 HOST>RADIO   32 | FF FF FF FF FF FF FF FF FF FF FF FF FF FF FF FF FF FF FF FF FF FF FF FF FF FF FF FF FF FF FF FF | ................................
2003290685 HOST>RADIO   32 | FF FF FF FF FF FF FF FF FF FF FF FF FF FF FF FF FF FF FF FF FF FF FF FF FF FF FF FF FF FF FF FF | ................................
2003293479 HOST>RADIO    4 | FF FF FF FF | ....
2003301583 RADIO>HOST    1 | 06 | .
2003302122 HOST>RADIO   32 | FF FF FF FF FF FF FF FF FF FF FF FF FF FF FF FF FF FF FF FF FF FF FF FF FF FF FF FF FF FF FF FF | ................................
2003302164 HOST>RADIO   32 | FF FF FF FF FF FF FF FF FF FF FF FF FF FF FF FF FF FF FF FF FF FF FF FF FF FF FF FF FF FF FF FF | ................................
2003305044 HOST>RADIO   32 | FF FF FF FF FF FF FF FF FF FF FF FF FF FF FF FF FF FF FF FF FF FF FF FF FF FF FF FF FF FF FF FF | ................................
2003307757 HOST>RADIO    4 | FF FF FF FF | ....
2003315896 RADIO>HOST    1 | 06 | .
2003316331 HOST>RADIO   32 | FF FF FF FF FF FF FF FF FF FF FF FF FF FF FF FF FF FF FF FF FF FF FF FF FF FF FF FF FF FF FF FF | ................................
2003316370 HOST>RADIO   32 | FF FF FF FF FF FF FF FF FF FF FF FF FF FF FF FF FF FF FF FF FF FF FF FF FF FF FF FF FF FF FF FF | ................................
2003319187 HOST>RADIO   32 | FF FF FF FF FF FF FF FF FF FF FF FF FF FF FF FF FF FF FF FF FF FF FF FF FF FF FF FF FF FF FF FF | ................................
2003322042 HOST>RADIO    4 | FF FF FF FF | ....
2003330032 RADIO>HOST    1 | 06 | .
2003330424 HOST>RADIO   32 | FF FF FF FF FF FF FF FF FF FF FF FF FF FF FF FF FF FF FF FF FF FF FF FF FF FF FF FF FF FF FF FF | ................................
2003330474 HOST>RADIO   32 | FF FF FF FF FF FF FF FF FF FF FF FF FF FF FF FF FF FF FF FF FF FF FF FF FF FF FF FF FF FF FF FF | ................................
2003333305 HOST>RADIO   32 | FF FF FF FF FF FF FF FF FF FF FF FF FF FF FF FF FF FF FF FF FF FF FF FF FF FF FF FF FF FF FF FF | ................................
2003336047 HOST>RADIO    4 | FF FF FF FF | ....
2003344141 RADIO>HOST    1 | 06 | .
2003344534 HOST>RADIO   32 | FF FF FF FF FF FF FF FF FF FF FF FF FF FF FF FF FF FF FF FF FF FF FF FF FF FF FF FF FF FF FF FF | ................................
2003344573 HOST>RADIO   32 | FF FF FF FF FF FF FF FF FF FF FF FF FF FF FF FF FF FF FF FF FF FF FF FF FF FF FF FF FF FF FF FF | ................................
2003347406 HOST>RADIO   32 | FF FF FF FF FF FF FF FF FF FF FF FF FF FF FF FF FF FF FF FF FF FF FF FF FF FF FF FF FF FF FF FF | ................................
2003350095 HOST>RADIO    4 | FF FF FF FF | ....
2003358329 RADIO>HOST    1 | 06 | .
2003358747 HOST>RADIO   32 | FF FF FF FF FF FF FF FF FF FF FF FF FF FF FF FF FF FF FF FF FF FF FF FF FF FF FF FF FF FF FF FF | ................................
2003358793 HOST>RADIO   32 | FF FF FF FF FF FF FF FF FF FF FF FF FF FF FF FF FF FF FF FF FF FF FF FF FF FF FF FF FF FF FF FF | ................................
2003361568 HOST>RADIO   32 | FF FF FF FF FF FF FF FF FF FF FF FF FF FF FF FF FF FF FF FF FF FF FF FF FF FF FF FF FF FF FF FF | ................................
2003364301 HOST>RADIO    4 | FF FF FF FF | ....
2003372466 RADIO>HOST    1 | 06 | .
2003372887 HOST>RADIO   32 | FF FF FF FF FF FF FF FF FF FF FF FF FF FF FF FF FF FF FF FF FF FF FF FF FF FF FF FF FF FF FF FF | ................................
2003372927 HOST>RADIO   32 | FF FF FF FF FF FF FF FF FF FF FF FF FF FF FF FF FF FF FF FF FF FF FF FF FF FF FF FF FF FF FF FF | ................................
2003375737 HOST>RADIO   32 | FF FF FF FF FF FF FF FF FF FF FF FF FF FF FF FF FF FF FF FF FF FF FF FF FF FF FF FF FF FF FF FF | ................................
2003378474 HOST>RADIO    4 | FF FF FF FF | ....
2003386645 RADIO>HOST    1 | 06 | .
2003387050 HOST>RADIO   32 | FF FF FF FF FF FF FF FF FF FF FF FF FF FF FF FF FF FF FF FF FF FF FF FF FF FF FF FF FF FF FF FF | ................................
2003387090 HOST>RADIO   32 | FF FF FF FF FF FF FF FF FF FF FF FF FF FF FF FF FF FF FF FF FF FF FF FF FF FF FF FF FF FF FF FF | ................................
2003389871 HOST>RADIO   32 | FF FF FF FF FF FF FF FF FF FF FF FF FF FF FF FF FF FF FF FF FF FF FF FF FF FF FF FF FF FF FF FF | ................................
2003392686 HOST>RADIO    4 | FF FF FF FF | ....
2003400763 RADIO>HOST    1 | 06 | .
2003401129 HOST>RADIO   32 | FF FF FF FF FF FF FF FF FF FF FF FF FF FF FF FF FF FF FF FF FF FF FF FF FF FF FF FF FF FF FF FF | ................................
2003401177 HOST>RADIO   32 | FF FF FF FF FF FF FF FF FF FF FF FF FF FF FF FF FF FF FF FF FF FF FF FF FF FF FF FF FF FF FF FF | ................................
2003404047 HOST>RADIO   32 | FF FF FF FF FF FF FF FF FF FF FF FF FF FF FF FF FF FF FF FF FF FF FF FF FF FF FF FF FF FF FF FF | ................................
2003406764 HOST>RADIO    4 | FF FF FF FF | ....
2003415032 RADIO>HOST    1 | 06 | .
2003415449 HOST>RADIO   32 | FF FF FF FF FF FF FF FF FF FF FF FF FF FF FF FF FF FF FF FF FF FF FF FF FF FF FF FF FF FF FF FF | ................................
2003415487 HOST>RADIO   32 | FF FF FF FF FF FF FF FF FF FF FF FF FF FF FF FF FF FF FF FF FF FF FF FF FF FF FF FF FF FF FF FF | ................................
2003418263 HOST>RADIO   32 | FF FF FF FF FF FF FF FF FF FF FF FF FF FF FF FF FF FF FF FF FF FF FF FF FF FF FF FF FF FF FF FF | ................................
2003421042 HOST>RADIO    4 | FF FF FF FF | ....
2003429262 RADIO>HOST    1 | 06 | .
2003429684 HOST>RADIO   32 | FF FF FF FF FF FF FF FF FF FF FF FF FF FF FF FF FF FF FF FF FF FF FF FF FF FF FF FF FF FF FF FF | ................................
2003429725 HOST>RADIO   32 | FF FF FF FF FF FF FF FF FF FF FF FF FF FF FF FF FF FF FF FF FF FF FF FF FF FF FF FF FF FF FF FF | ................................
2003432544 HOST>RADIO   32 | FF FF FF FF FF FF FF FF FF FF FF FF FF FF FF FF FF FF FF FF FF FF FF FF FF FF FF FF FF FF FF FF | ................................
2003435302 HOST>RADIO    4 | FF FF FF FF | ....
2003443401 RADIO>HOST    1 | 06 | .
2003443877 HOST>RADIO   32 | FF FF FF FF FF FF FF FF FF FF FF FF FF FF FF FF FF FF FF FF FF FF FF FF FF FF FF FF FF FF FF FF | ................................
2003443925 HOST>RADIO   32 | FF FF FF FF FF FF FF FF FF FF FF FF FF FF FF FF FF FF FF FF FF FF FF FF FF FF FF FF FF FF FF FF | ................................
2003446759 HOST>RADIO   32 | FF FF FF FF FF FF FF FF FF FF FF FF FF FF FF FF FF FF FF FF FF FF FF FF FF FF FF FF FF FF FF FF | ................................
2003449516 HOST>RADIO    4 | FF FF FF FF | ....
2003457716 RADIO>HOST    1 | 06 | .
2003458120 HOST>RADIO   32 | FF FF FF FF FF FF FF FF FF FF FF FF FF FF FF FF FF FF FF FF FF FF FF FF FF FF FF FF FF FF FF FF | ................................
2003458158 HOST>RADIO   32 | FF FF FF FF FF FF FF FF FF FF FF FF FF FF FF FF FF FF FF FF FF FF FF FF FF FF FF FF FF FF FF FF | ................................
2003461050 HOST>RADIO   32 | FF FF FF FF FF FF FF FF FF FF FF FF FF FF FF FF FF FF FF FF FF FF FF FF FF FF FF FF FF FF FF FF | ................................
2003463732 HOST>RADIO    4 | FF FF FF FF | ....
2003471899 RADIO>HOST    1 | 06 | .
2003472283 HOST>RADIO   32 | FF FF FF FF FF FF FF FF FF FF FF FF FF FF FF FF FF FF FF FF FF FF FF FF FF FF FF FF FF FF FF FF | ................................
2003472329 HOST>RADIO   32 | FF FF FF FF FF FF FF FF FF FF FF FF FF FF FF FF FF FF FF FF FF FF FF FF FF FF FF FF FF FF FF FF | ................................
2003475161 HOST>RADIO   32 | FF FF FF FF FF FF FF FF FF FF FF FF FF FF FF FF FF FF FF FF FF FF FF FF FF FF FF FF FF FF FF FF | ................................
2003477927 HOST>RADIO    4 | FF FF FF FF | ....
2003486040 RADIO>HOST    1 | 06 | .
2003486405 HOST>RADIO   32 | FF FF FF FF FF FF FF FF FF FF FF FF FF FF FF FF FF FF FF FF FF FF FF FF FF FF FF FF FF FF FF FF | ................................
2003486454 HOST>RADIO   32 | FF FF FF FF FF FF FF FF FF FF FF FF FF FF FF FF FF FF FF FF FF FF FF FF FF FF FF FF FF FF FF FF | ................................
2003489232 HOST>RADIO   32 | FF FF FF FF FF FF FF FF FF FF FF FF FF FF FF FF FF FF FF FF FF FF FF FF FF FF FF FF FF FF FF FF | ................................
2003492060 HOST>RADIO    4 | FF FF FF FF | ....
2003500163 RADIO>HOST    1 | 06 | .
2003500542 HOST>RADIO   32 | FF FF FF FF FF FF FF FF FF FF FF FF FF FF FF FF FF FF FF FF FF FF FF FF FF FF FF FF FF FF FF FF | ................................
2003500588 HOST>RADIO   32 | FF FF FF FF FF FF FF FF FF FF FF FF FF FF FF FF FF FF FF FF FF FF FF FF FF FF FF FF FF FF FF FF | ................................
2003503403 HOST>RADIO   32 | FF FF FF FF FF FF FF FF FF FF FF FF FF FF FF FF FF FF FF FF FF FF FF FF FF FF FF FF FF FF FF FF | ................................
2003506157 HOST>RADIO    4 | FF FF FF FF | ....
2003514308 RADIO>HOST    1 | 06 | .
2003514706 HOST>RADIO   32 | FF FF FF FF FF FF FF FF FF FF FF FF FF FF FF FF FF FF FF FF FF FF FF FF FF FF FF FF FF FF FF FF | ................................
2003514752 HOST>RADIO   32 | FF FF FF FF FF FF FF FF FF FF FF FF FF FF FF FF FF FF FF FF FF FF FF FF FF FF FF FF FF FF FF FF | ................................
2003517554 HOST>RADIO   32 | FF FF FF FF FF FF FF FF FF FF FF FF FF FF FF FF FF FF FF FF FF FF FF FF FF FF FF FF FF FF FF FF | ................................
2003520331 HOST>RADIO    4 | FF FF FF FF | ....
2003528469 RADIO>HOST    1 | 06 | .
2003528841 HOST>RADIO   32 | FF FF FF FF FF FF FF FF FF FF FF FF FF FF FF FF FF FF FF FF FF FF FF FF FF FF FF FF FF FF FF FF | ................................
2003528888 HOST>RADIO   32 | FF FF FF FF FF FF FF FF FF FF FF FF FF FF FF FF FF FF FF FF FF FF FF FF FF FF FF FF FF FF FF FF | ................................
2003531658 HOST>RADIO   32 | FF FF FF FF FF FF FF FF FF FF FF FF FF FF FF FF FF FF FF FF FF FF FF FF FF FF FF FF FF FF FF FF | ................................
2003534473 HOST>RADIO    4 | FF FF FF FF | ....
2003542646 RADIO>HOST    1 | 06 | .
2003543027 HOST>RADIO   32 | FF FF FF FF FF FF FF FF FF FF FF FF FF FF FF FF FF FF FF FF FF FF FF FF FF FF FF FF FF FF FF FF | ................................
2003543082 HOST>RADIO   32 | FF FF FF FF FF FF FF FF FF FF FF FF FF FF FF FF FF FF FF FF FF FF FF FF FF FF FF FF FF FF FF FF | ................................
2003545898 HOST>RADIO   32 | FF FF FF FF FF FF FF FF FF FF FF FF FF FF FF FF FF FF FF FF FF FF FF FF FF FF FF FF FF FF FF FF | ................................
2003548687 HOST>RADIO    4 | FF FF FF FF | ....
2003556763 RADIO>HOST    1 | 06 | .
2003557155 HOST>RADIO   32 | FF FF FF FF FF FF FF FF FF FF FF FF FF FF FF FF FF FF FF FF FF FF FF FF FF FF FF FF FF FF FF FF | ................................
2003557204 HOST>RADIO   32 | FF FF FF FF FF FF FF FF FF FF FF FF FF FF FF FF FF FF FF FF FF FF FF FF FF FF FF FF FF FF FF FF | ................................
2003560046 HOST>RADIO   32 | FF FF FF FF FF FF FF FF FF FF FF FF FF FF FF FF FF FF FF FF FF FF FF FF FF FF FF FF FF FF FF FF | ................................
2003562828 HOST>RADIO    4 | FF FF FF FF | ....
2003571031 RADIO>HOST    1 | 06 | .
2003571416 HOST>RADIO   32 | FF FF FF FF FF FF FF FF FF FF FF FF FF FF FF FF FF FF FF FF FF FF FF FF FF FF FF FF FF FF FF FF | ................................
2003571461 HOST>RADIO   32 | FF FF FF FF FF FF FF FF FF FF FF FF FF FF FF FF FF FF FF FF FF FF FF FF FF FF FF FF FF FF FF FF | ................................
2003574234 HOST>RADIO   32 | FF FF FF FF FF FF FF FF FF FF FF FF FF FF FF FF FF FF FF FF FF FF FF FF FF FF FF FF FF FF FF FF | ................................
2003577047 HOST>RADIO    4 | FF FF FF FF | ....
2003585233 RADIO>HOST    1 | 06 | .
2003585584 HOST>RADIO   32 | FF FF FF FF FF FF FF FF FF FF FF FF FF FF FF FF FF FF FF FF FF FF FF FF FF FF FF FF FF FF FF FF | ................................
2003585631 HOST>RADIO   32 | FF FF FF FF FF FF FF FF FF FF FF FF FF FF FF FF FF FF FF FF FF FF FF FF FF FF FF FF FF FF FF FF | ................................
2003588473 HOST>RADIO   32 | FF FF FF FF FF FF FF FF FF FF FF FF FF FF FF FF FF FF FF FF FF FF FF FF FF FF FF FF FF FF FF FF | ................................
2003591190 HOST>RADIO    4 | FF FF FF FF | ....
2003599397 RADIO>HOST    1 | 06 | .
2003599781 HOST>RADIO   32 | FF FF FF FF FF FF FF FF FF FF FF FF FF FF FF FF FF FF FF FF FF FF FF FF FF FF FF FF FF FF FF FF | ................................
2003599829 HOST>RADIO   32 | FF FF FF FF FF FF FF FF FF FF FF FF FF FF FF FF FF FF FF FF FF FF FF FF FF FF FF FF FF FF FF FF | ................................
2003602625 HOST>RADIO   32 | FF FF FF FF FF FF FF FF FF FF FF FF FF FF FF FF FF FF FF FF FF FF FF FF FF FF FF FF FF FF FF FF | ................................
2003605402 HOST>RADIO    4 | FF FF FF FF | ....
2003613534 RADIO>HOST    1 | 06 | .
2003613919 HOST>RADIO   32 | FF FF FF FF FF FF FF FF FF FF FF FF FF FF FF FF FF FF FF FF FF FF FF FF FF FF FF FF FF FF FF FF | ................................
2003614009 HOST>RADIO   32 | FF FF FF FF FF FF FF FF FF FF FF FF FF FF FF FF FF FF FF FF FF FF FF FF FF FF FF FF FF FF FF FF | ................................
2003616759 HOST>RADIO   32 | FF FF FF FF FF FF FF FF FF FF FF FF FF FF FF FF FF FF FF FF FF FF FF FF FF FF FF FF FF FF FF FF | ................................
2003619543 HOST>RADIO    4 | FF FF FF FF | ....
2003627714 RADIO>HOST    1 | 06 | .
2003628111 HOST>RADIO   32 | FF FF FF FF FF FF FF FF FF FF FF FF FF FF FF FF FF FF FF FF FF FF FF FF FF FF FF FF FF FF FF FF | ................................
2003628153 HOST>RADIO   32 | FF FF FF FF FF FF FF FF FF FF FF FF FF FF FF FF FF FF FF FF FF FF FF FF FF FF FF FF FF FF FF FF | ................................
2003631066 HOST>RADIO   32 | FF FF FF FF FF FF FF FF FF FF FF FF FF FF FF FF FF FF FF FF FF FF FF FF FF FF FF FF FF FF FF FF | ................................
2003633731 HOST>RADIO    4 | FF FF FF FF | ....
2003644047 RADIO>HOST    1 | 06 | .
2003644446 HOST>RADIO   32 | FF FF FF FF FF FF FF FF FF FF FF FF FF FF FF FF FF FF FF FF FF FF FF FF FF FF FF FF FF FF FF FF | ................................
2003644487 HOST>RADIO   32 | FF FF FF FF FF FF FF FF FF FF FF FF FF FF FF FF FF FF FF FF FF FF FF FF FF FF FF FF FF FF FF FF | ................................
2003647318 HOST>RADIO   32 | FF FF FF FF FF FF FF FF FF FF FF FF FF FF FF FF FF FF FF FF FF FF FF FF FF FF FF FF FF FF FF FF | ................................
2003650043 HOST>RADIO    4 | FF FF FF FF | ....
2003658238 RADIO>HOST    1 | 06 | .
2003658683 HOST>RADIO   32 | FF FF FF FF FF FF FF FF FF FF FF FF FF FF FF FF FF FF FF FF FF FF FF FF FF FF FF FF FF FF FF FF | ................................
2003658729 HOST>RADIO   32 | FF FF FF FF FF FF FF FF FF FF FF FF FF FF FF FF FF FF FF FF FF FF FF FF FF FF FF FF FF FF FF FF | ................................
2003661544 HOST>RADIO   32 | FF FF FF FF FF FF FF FF FF FF FF FF FF FF FF FF FF FF FF FF FF FF FF FF FF FF FF FF FF FF FF FF | ................................
2003664337 HOST>RADIO    4 | FF FF FF FF | ....
2003672564 RADIO>HOST    1 | 06 | .
2003673022 HOST>RADIO   32 | FF FF FF FF FF FF FF FF FF FF FF FF FF FF FF FF FF FF FF FF FF FF FF FF FF FF FF FF FF FF FF FF | ................................
2003673068 HOST>RADIO   32 | FF FF FF FF FF FF FF FF FF FF FF FF FF FF FF FF FF FF FF FF FF FF FF FF FF FF FF FF FF FF FF FF | ................................
2003675934 HOST>RADIO   32 | FF FF FF FF FF FF FF FF FF FF FF FF FF FF FF FF FF FF FF FF FF FF FF FF FF FF FF FF FF FF FF FF | ................................
2003678694 HOST>RADIO    4 | FF FF FF FF | ....
2003686887 RADIO>HOST    1 | 06 | .
2003687290 HOST>RADIO   32 | FF FF FF FF FF FF FF FF FF FF FF FF FF FF FF FF FF FF FF FF FF FF FF FF FF FF FF FF FF FF FF FF | ................................
2003687337 HOST>RADIO   32 | FF FF FF FF FF FF FF FF FF FF FF FF FF FF FF FF FF FF FF FF FF FF FF FF FF FF FF FF FF FF FF FF | ................................
2003690096 HOST>RADIO   32 | FF FF FF FF FF FF FF FF FF FF FF FF FF FF FF FF FF FF FF FF FF FF FF FF FF FF FF FF FF FF FF FF | ................................
2003692898 HOST>RADIO    4 | FF FF FF FF | ....
2003701023 RADIO>HOST    1 | 06 | .
2003701384 HOST>RADIO   32 | FF FF FF FF FF FF FF FF FF FF FF FF FF FF FF FF FF FF FF FF FF FF FF FF FF FF FF FF FF FF FF FF | ................................
2003701429 HOST>RADIO   32 | FF FF FF FF FF FF FF FF FF FF FF FF FF FF FF FF FF FF FF FF FF FF FF FF FF FF FF FF FF FF FF FF | ................................
2003704232 HOST>RADIO   32 | FF FF FF FF FF FF FF FF FF FF FF FF FF FF FF FF FF FF FF FF FF FF FF FF FF FF FF FF FF FF FF FF | ................................
2003707051 HOST>RADIO    4 | FF FF FF FF | ....
2003715168 RADIO>HOST    1 | 06 | .
2003715532 HOST>RADIO   32 | FF FF FF FF FF FF FF FF FF FF FF FF FF FF FF FF FF FF FF FF FF FF FF FF FF FF FF FF FF FF FF FF | ................................
2003715580 HOST>RADIO   32 | FF FF FF FF FF FF FF FF FF FF FF FF FF FF FF FF FF FF FF FF FF FF FF FF FF FF FF FF FF FF FF FF | ................................
2003718374 HOST>RADIO   32 | FF FF FF FF FF FF FF FF FF FF FF FF FF FF FF FF FF FF FF FF FF FF FF FF FF FF FF FF FF FF FF FF | ................................
2003721190 HOST>RADIO    4 | FF FF FF FF | ....
2003729352 RADIO>HOST    1 | 06 | .
2003729765 HOST>RADIO   32 | FF FF FF FF FF FF FF FF FF FF FF FF FF FF FF FF FF FF FF FF FF FF FF FF FF FF FF FF FF FF FF FF | ................................
2003729804 HOST>RADIO   32 | FF FF FF FF FF FF FF FF FF FF FF FF FF FF FF FF FF FF FF FF FF FF FF FF FF FF FF FF FF FF FF FF | ................................
2003732620 HOST>RADIO   32 | FF FF FF FF FF FF FF FF FF FF FF FF FF FF FF FF FF FF FF FF FF FF FF FF FF FF FF FF FF FF FF FF | ................................
2003735399 HOST>RADIO    4 | FF FF FF FF | ....
2003743490 RADIO>HOST    1 | 06 | .
2003743889 HOST>RADIO   32 | FF FF FF FF FF FF FF FF FF FF FF FF FF FF FF FF FF FF FF FF FF FF FF FF FF FF FF FF FF FF FF FF | ................................
2003743929 HOST>RADIO   32 | FF FF FF FF FF FF FF FF FF FF FF FF FF FF FF FF FF FF FF FF FF FF FF FF FF FF FF FF FF FF FF FF | ................................
2003746734 HOST>RADIO   32 | FF FF FF FF FF FF FF FF FF FF FF FF FF FF FF FF FF FF FF FF FF FF FF FF FF FF FF FF FF FF FF FF | ................................
2003749478 HOST>RADIO    4 | FF FF FF FF | ....
2003757632 RADIO>HOST    1 | 06 | .
2003758056 HOST>RADIO   32 | FF FF FF FF FF FF FF FF FF FF FF FF FF FF FF FF FF FF FF FF FF FF FF FF FF FF FF FF FF FF FF FF | ................................
2003758082 HOST>RADIO   32 | FF FF FF FF FF FF FF FF FF FF FF FF FF FF FF FF FF FF FF FF FF FF FF FF FF FF FF FF FF FF FF FF | ................................
2003760902 HOST>RADIO   32 | FF FF FF FF FF FF FF FF FF FF FF FF FF FF FF FF FF FF FF FF FF FF FF FF FF FF FF FF FF FF FF FF | ................................
2003763642 HOST>RADIO    4 | FF FF FF FF | ....
2003771809 RADIO>HOST    1 | 06 | .
2003772259 HOST>RADIO   32 | FF FF FF FF FF FF FF FF FF FF FF FF FF FF FF FF FF FF FF FF FF FF FF FF FF FF FF FF FF FF FF FF | ................................
2003772304 HOST>RADIO   32 | FF FF FF FF FF FF FF FF FF FF FF FF FF FF FF FF FF FF FF FF FF FF FF FF FF FF FF FF FF FF FF FF | ................................
2003775098 HOST>RADIO   32 | FF FF FF FF FF FF FF FF FF FF FF FF FF FF FF FF FF FF FF FF FF FF FF FF FF FF FF FF FF FF FF FF | ................................
2003777900 HOST>RADIO    4 | FF FF FF FF | ....
2003786099 RADIO>HOST    1 | 06 | .
2003786487 HOST>RADIO   32 | FF FF FF FF FF FF FF FF FF FF FF FF FF FF FF FF FF FF FF FF FF FF FF FF FF FF FF FF FF FF FF FF | ................................
2003786533 HOST>RADIO   32 | FF FF FF FF FF FF FF FF FF FF FF FF FF FF FF FF FF FF FF FF FF FF FF FF FF FF FF FF FF FF FF FF | ................................
2003789354 HOST>RADIO   32 | FF FF FF FF FF FF FF FF FF FF FF FF FF FF FF FF FF FF FF FF FF FF FF FF FF FF FF FF FF FF FF FF | ................................
2003792124 HOST>RADIO    4 | FF FF FF FF | ....
2003800288 RADIO>HOST    1 | 06 | .
2003800679 HOST>RADIO   32 | FF FF FF FF FF FF FF FF FF FF FF FF FF FF FF FF FF FF FF FF FF FF FF FF FF FF FF FF FF FF FF FF | ................................
2003800726 HOST>RADIO   32 | FF FF FF FF FF FF FF FF FF FF FF FF FF FF FF FF FF FF FF FF FF FF FF FF FF FF FF FF FF FF FF FF | ................................
2003803519 HOST>RADIO   32 | FF FF FF FF FF FF FF FF FF FF FF FF FF FF FF FF FF FF FF FF FF FF FF FF FF FF FF FF FF FF FF FF | ................................
2003806320 HOST>RADIO    4 | FF FF FF FF | ....
2003814424 RADIO>HOST    1 | 06 | .
2003814819 HOST>RADIO   32 | FF FF FF FF FF FF FF FF FF FF FF FF FF FF FF FF FF FF FF FF FF FF FF FF FF FF FF FF FF FF FF FF | ................................
2003814865 HOST>RADIO   32 | FF FF FF FF FF FF FF FF FF FF FF FF FF FF FF FF FF FF FF FF FF FF FF FF FF FF FF FF FF FF FF FF | ................................
2003817670 HOST>RADIO   32 | FF FF FF FF FF FF FF FF FF FF FF FF FF FF FF FF FF FF FF FF FF FF FF FF FF FF FF FF FF FF FF FF | ................................
2003820478 HOST>RADIO    4 | FF FF FF FF | ....
2003828531 RADIO>HOST    1 | 06 | .
2003829032 HOST>RADIO   32 | FF FF FF FF FF FF FF FF FF FF FF FF FF FF FF FF FF FF FF FF FF FF FF FF FF FF FF FF FF FF FF FF | ................................
2003829082 HOST>RADIO   32 | FF FF FF FF FF FF FF FF FF FF FF FF FF FF FF FF FF FF FF FF FF FF FF FF FF FF FF FF FF FF FF FF | ................................
2003831842 HOST>RADIO   32 | FF FF FF FF FF FF FF FF FF FF FF FF FF FF FF FF FF FF FF FF FF FF FF FF FF FF FF FF FF FF FF FF | ................................
2003834659 HOST>RADIO    4 | FF FF FF FF | ....
2003842904 RADIO>HOST    1 | 06 | .
2003843304 HOST>RADIO   32 | FF FF FF FF FF FF FF FF FF FF FF FF FF FF FF FF FF FF FF FF FF FF FF FF FF FF FF FF FF FF FF FF | ................................
2003843343 HOST>RADIO   32 | FF FF FF FF FF FF FF FF FF FF FF FF FF FF FF FF FF FF FF FF FF FF FF FF FF FF FF FF FF FF FF FF | ................................
2003846124 HOST>RADIO   32 | FF FF FF FF FF FF FF FF FF FF FF FF FF FF FF FF FF FF FF FF FF FF FF FF FF FF FF FF FF FF FF FF | ................................
2003848901 HOST>RADIO    4 | FF FF FF FF | ....
2003857032 RADIO>HOST    1 | 06 | .
2003857444 HOST>RADIO   32 | FF FF FF FF FF FF FF FF FF FF FF FF FF FF FF FF FF FF FF FF FF FF FF FF FF FF FF FF FF FF FF FF | ................................
2003857484 HOST>RADIO   32 | FF FF FF FF FF FF FF FF FF FF FF FF FF FF FF FF FF FF FF FF FF FF FF FF FF FF FF FF FF FF FF FF | ................................
2003860260 HOST>RADIO   32 | FF FF FF FF FF FF FF FF FF FF FF FF FF FF FF FF FF FF FF FF FF FF FF FF FF FF FF FF FF FF FF FF | ................................
2003863054 HOST>RADIO    4 | FF FF FF FF | ....
2003871166 RADIO>HOST    1 | 06 | .
2003871583 HOST>RADIO   32 | FF FF FF FF FF FF FF FF FF FF FF FF FF FF FF FF FF FF FF FF FF FF FF FF FF FF FF FF FF FF FF FF | ................................
2003871622 HOST>RADIO   32 | FF FF FF FF FF FF FF FF FF FF FF FF FF FF FF FF FF FF FF FF FF FF FF FF FF FF FF FF FF FF FF FF | ................................
2003874383 HOST>RADIO   32 | FF FF FF FF FF FF FF FF FF FF FF FF FF FF FF FF FF FF FF FF FF FF FF FF FF FF FF FF FF FF FF FF | ................................
2003877140 HOST>RADIO    4 | FF FF FF FF | ....
2003885354 RADIO>HOST    1 | 06 | .
2003885773 HOST>RADIO   32 | FF FF FF FF FF FF FF FF FF FF FF FF FF FF FF FF FF FF FF FF FF FF FF FF FF FF FF FF FF FF FF FF | ................................
2003885819 HOST>RADIO   32 | FF FF FF FF FF FF FF FF FF FF FF FF FF FF FF FF FF FF FF FF FF FF FF FF FF FF FF FF FF FF FF FF | ................................
2003888634 HOST>RADIO   32 | FF FF FF FF FF FF FF FF FF FF FF FF FF FF FF FF FF FF FF FF FF FF FF FF FF FF FF FF FF FF FF FF | ................................
2003891409 HOST>RADIO    4 | FF FF FF FF | ....
2003899637 RADIO>HOST    1 | 06 | .
2003900097 HOST>RADIO   32 | FF FF FF FF FF FF FF FF FF FF FF FF FF FF FF FF FF FF FF FF FF FF FF FF FF FF FF FF FF FF FF FF | ................................
2003900142 HOST>RADIO   32 | FF FF FF FF FF FF FF FF FF FF FF FF FF FF FF FF FF FF FF FF FF FF FF FF FF FF FF FF FF FF FF FF | ................................
2003903098 HOST>RADIO   32 | FF FF FF FF FF FF FF FF FF FF FF FF FF FF FF FF FF FF FF FF FF FF FF FF FF FF FF FF FF FF FF FF | ................................
2003905760 HOST>RADIO    4 | FF FF FF FF | ....
2003914034 RADIO>HOST    1 | 06 | .
2003914416 HOST>RADIO   32 | FF FF FF FF FF FF FF FF FF FF FF FF FF FF FF FF FF FF FF FF FF FF FF FF FF FF FF FF FF FF FF FF | ................................
2003914463 HOST>RADIO   32 | FF FF FF FF FF FF FF FF FF FF FF FF FF FF FF FF FF FF FF FF FF FF FF FF FF FF FF FF FF FF FF FF | ................................
2003917284 HOST>RADIO   32 | FF FF FF FF FF FF FF FF FF FF FF FF FF FF FF FF FF FF FF FF FF FF FF FF FF FF FF FF FF FF FF FF | ................................
2003920046 HOST>RADIO    4 | FF FF FF FF | ....
2003928289 RADIO>HOST    1 | 06 | .
2003928690 HOST>RADIO   32 | FF FF FF FF FF FF FF FF FF FF FF FF FF FF FF FF FF FF FF FF FF FF FF FF FF FF FF FF FF FF FF FF | ................................
2003928730 HOST>RADIO   32 | FF FF FF FF FF FF FF FF FF FF FF FF FF FF FF FF FF FF FF FF FF FF FF FF FF FF FF FF FF FF FF FF | ................................
2003931546 HOST>RADIO   32 | FF FF FF FF FF FF FF FF FF FF FF FF FF FF FF FF FF FF FF FF FF FF FF FF FF FF FF FF FF FF FF FF | ................................
2003934306 HOST>RADIO    4 | FF FF FF FF | ....
2003942468 RADIO>HOST    1 | 06 | .
2003942866 HOST>RADIO   32 | FF FF FF FF FF FF FF FF FF FF FF FF FF FF FF FF FF FF FF FF FF FF FF FF FF FF FF FF FF FF FF FF | ................................
2003942904 HOST>RADIO   32 | FF FF FF FF FF FF FF FF FF FF FF FF FF FF FF FF FF FF FF FF FF FF FF FF FF FF FF FF FF FF FF FF | ................................
2003945716 HOST>RADIO   32 | FF FF FF FF FF FF FF FF FF FF FF FF FF FF FF FF FF FF FF FF FF FF FF FF FF FF FF FF FF FF FF FF | ................................
2003948480 HOST>RADIO    4 | FF FF FF FF | ....
2003956604 RADIO>HOST    1 | 06 | .
2003957027 HOST>RADIO   32 | FF FF FF FF FF FF FF FF FF FF FF FF FF FF FF FF FF FF FF FF FF FF FF FF FF FF FF FF FF FF FF FF | ................................
2003957073 HOST>RADIO   32 | FF FF FF FF FF FF FF FF FF FF FF FF FF FF FF FF FF FF FF FF FF FF FF FF FF FF FF FF FF FF FF FF | ................................
2003959935 HOST>RADIO   32 | FF FF FF FF FF FF FF FF FF FF FF FF FF FF FF FF FF FF FF FF FF FF FF FF FF FF FF FF FF FF FF FF | ................................
2003962696 HOST>RADIO    4 | FF FF FF FF | ....
2003970744 RADIO>HOST    1 | 06 | .
2003971224 HOST>RADIO   32 | FF FF FF FF FF FF FF FF FF FF FF FF FF FF FF FF FF FF FF FF FF FF FF FF FF FF FF FF FF FF FF FF | ................................
2003971263 HOST>RADIO   32 | FF FF FF FF FF FF FF FF FF FF FF FF FF FF FF FF FF FF FF FF FF FF FF FF FF FF FF FF FF FF FF FF | ................................
2003974056 HOST>RADIO   32 | FF FF FF FF FF FF FF FF FF FF FF FF FF FF FF FF FF FF FF FF FF FF FF FF FF FF FF FF FF FF FF FF | ................................
2003976838 HOST>RADIO    4 | FF FF FF FF | ....
2003985079 RADIO>HOST    1 | 06 | .
2003985472 HOST>RADIO   32 | FF FF FF FF FF FF FF FF FF FF FF FF FF FF FF FF FF FF FF FF FF FF FF FF FF FF FF FF FF FF FF FF | ................................
2003985518 HOST>RADIO   32 | FF FF FF FF FF FF FF FF FF FF FF FF FF FF FF FF FF FF FF FF FF FF FF FF FF FF FF FF FF FF FF FF | ................................
2003988335 HOST>RADIO   32 | FF FF FF FF FF FF FF FF FF FF FF FF FF FF FF FF FF FF FF FF FF FF FF FF FF FF FF FF FF FF FF FF | ................................
2003991092 HOST>RADIO    4 | FF FF FF FF | ....
2003999187 RADIO>HOST    1 | 06 | .
2003999543 HOST>RADIO   32 | FF FF FF FF FF FF FF FF FF FF FF FF FF FF FF FF FF FF FF FF FF FF FF FF FF FF FF FF FF FF FF FF | ................................
2003999589 HOST>RADIO   32 | FF FF FF FF FF FF FF FF FF FF FF FF FF FF FF FF FF FF FF FF FF FF FF FF FF FF FF FF FF FF FF FF | ................................
2004002410 HOST>RADIO   32 | FF FF FF FF FF FF FF FF FF FF FF FF FF FF FF FF FF FF FF FF FF FF FF FF FF FF FF FF FF FF FF FF | ................................
2004005191 HOST>RADIO    4 | FF FF FF FF | ....
2004013371 RADIO>HOST    1 | 06 | .
2004013865 HOST>RADIO   32 | FF FF FF FF FF FF FF FF FF FF FF FF FF FF FF FF FF FF FF FF FF FF FF FF FF FF FF FF FF FF FF FF | ................................
2004013903 HOST>RADIO   32 | FF FF FF FF FF FF FF FF FF FF FF FF FF FF FF FF FF FF FF FF FF FF FF FF FF FF FF FF FF FF FF FF | ................................
2004016705 HOST>RADIO   32 | FF FF FF FF FF FF FF FF FF FF FF FF FF FF FF FF FF FF FF FF FF FF FF FF FF FF FF FF FF FF FF FF | ................................
2004019453 HOST>RADIO    4 | FF FF FF FF | ....
2004027715 RADIO>HOST    1 | 06 | .
2004028138 HOST>RADIO   32 | FF FF FF FF FF FF FF FF FF FF FF FF FF FF FF FF FF FF FF FF FF FF FF FF FF FF FF FF FF FF FF FF | ................................
2004028175 HOST>RADIO   32 | FF FF FF FF FF FF FF FF FF FF FF FF FF FF FF FF FF FF FF FF FF FF FF FF FF FF FF FF FF FF FF FF | ................................
2004031088 HOST>RADIO   32 | FF FF FF FF FF FF FF FF FF FF FF FF FF FF FF FF FF FF FF FF FF FF FF FF FF FF FF FF FF FF FF FF | ................................
2004033765 HOST>RADIO    4 | FF FF FF FF | ....
2004041854 RADIO>HOST    1 | 06 | .
2004042239 HOST>RADIO   32 | FF FF FF FF FF FF FF FF FF FF FF FF FF FF FF FF FF FF FF FF FF FF FF FF FF FF FF FF FF FF FF FF | ................................
2004042287 HOST>RADIO   32 | FF FF FF FF FF FF FF FF FF FF FF FF FF FF FF FF FF FF FF FF FF FF FF FF FF FF FF FF FF FF FF FF | ................................
2004045090 HOST>RADIO   32 | FF FF FF FF FF FF FF FF FF FF FF FF FF FF FF FF FF FF FF FF FF FF FF FF FF FF FF FF FF FF FF FF | ................................
2004047886 HOST>RADIO    4 | FF FF FF FF | ....
2004056048 RADIO>HOST    1 | 06 | .
2004056401 HOST>RADIO   32 | FF FF FF FF FF FF FF FF FF FF FF FF FF FF FF FF FF FF FF FF FF FF FF FF FF FF FF FF FF FF FF FF | ................................
2004056446 HOST>RADIO   32 | FF FF FF FF FF FF FF FF FF FF FF FF FF FF FF FF FF FF FF FF FF FF FF FF FF FF FF FF FF FF FF FF | ................................
2004059236 HOST>RADIO   32 | FF FF FF FF FF FF FF FF FF FF FF FF FF FF FF FF FF FF FF FF FF FF FF FF FF FF FF FF FF FF FF FF | ................................
2004062053 HOST>RADIO    4 | FF FF FF FF | ....
2004070142 RADIO>HOST    1 | 06 | .
2004070594 HOST>RADIO   32 | FF FF FF FF FF FF FF FF FF FF FF FF FF FF FF FF FF FF FF FF FF FF FF FF FF FF FF FF FF FF FF FF | ................................
2004070639 HOST>RADIO   32 | FF FF FF FF FF FF FF FF FF FF FF FF FF FF FF FF FF FF FF FF FF FF FF FF FF FF FF FF FF FF FF FF | ................................
2004073477 HOST>RADIO   32 | FF FF FF FF FF FF FF FF FF FF FF FF FF FF FF FF FF FF FF FF FF FF FF FF FF FF FF FF FF FF FF FF | ................................
2004076263 HOST>RADIO    4 | FF FF FF FF | ....
2004084468 RADIO>HOST    1 | 06 | .
2004084848 HOST>RADIO   32 | FF FF FF FF FF FF FF FF FF FF FF FF FF FF FF FF FF FF FF FF FF FF FF FF FF FF FF FF FF FF FF FF | ................................
2004084893 HOST>RADIO   32 | FF FF FF FF FF FF FF FF FF FF FF FF FF FF FF FF FF FF FF FF FF FF FF FF FF FF FF FF FF FF FF FF | ................................
2004087686 HOST>RADIO   32 | FF FF FF FF FF FF FF FF FF FF FF FF FF FF FF FF FF FF FF FF FF FF FF FF FF FF FF FF FF FF FF FF | ................................
2004090479 HOST>RADIO    4 | FF FF FF FF | ....
2004100856 RADIO>HOST    1 | 06 | .
2004101253 HOST>RADIO   32 | FF FF FF FF FF FF FF FF FF FF FF FF FF FF FF FF FF FF FF FF FF FF FF FF FF FF FF FF FF FF FF FF | ................................
2004101301 HOST>RADIO   32 | FF FF FF FF FF FF FF FF FF FF FF FF FF FF FF FF FF FF FF FF FF FF FF FF FF FF FF FF FF FF FF FF | ................................
2004104126 HOST>RADIO   32 | FF FF FF FF FF FF FF FF FF FF FF FF FF FF FF FF FF FF FF FF FF FF FF FF FF FF FF FF FF FF FF FF | ................................
2004106900 HOST>RADIO    4 | FF FF FF FF | ....
2004115043 RADIO>HOST    1 | 06 | .
2004115456 HOST>RADIO   32 | FF FF FF FF FF FF FF FF FF FF FF FF FF FF FF FF FF FF FF FF FF FF FF FF FF FF FF FF FF FF FF FF | ................................
2004115495 HOST>RADIO   32 | FF FF FF FF FF FF FF FF FF FF FF FF FF FF FF FF FF FF FF FF FF FF FF FF FF FF FF FF FF FF FF FF | ................................
2004118238 HOST>RADIO   32 | FF FF FF FF FF FF FF FF FF FF FF FF FF FF FF FF FF FF FF FF FF FF FF FF FF FF FF FF FF FF FF FF | ................................
2004121047 HOST>RADIO    4 | FF FF FF FF | ....
2004129285 RADIO>HOST    1 | 06 | .
2004129705 HOST>RADIO   32 | FF FF FF FF FF FF FF FF FF FF FF FF FF FF FF FF FF FF FF FF FF FF FF FF FF FF FF FF FF FF FF FF | ................................
2004129746 HOST>RADIO   32 | FF FF FF FF FF FF FF FF FF FF FF FF FF FF FF FF FF FF FF FF FF FF FF FF FF FF FF FF FF FF FF FF | ................................
2004132521 HOST>RADIO   32 | FF FF FF FF FF FF FF FF FF FF FF FF FF FF FF FF FF FF FF FF FF FF FF FF FF FF FF FF FF FF FF FF | ................................
2004135331 HOST>RADIO    4 | FF FF FF FF | ....
2004143448 RADIO>HOST    1 | 06 | .
2004143847 HOST>RADIO   32 | FF FF FF FF FF FF FF FF FF FF FF FF FF FF FF FF FF FF FF FF FF FF FF FF FF FF FF FF FF FF FF FF | ................................
2004143887 HOST>RADIO   32 | FF FF FF FF FF FF FF FF FF FF FF FF FF FF FF FF FF FF FF FF FF FF FF FF FF FF FF FF FF FF FF FF | ................................
2004146690 HOST>RADIO   32 | FF FF FF FF FF FF FF FF FF FF FF FF FF FF FF FF FF FF FF FF FF FF FF FF FF FF FF FF FF FF FF FF | ................................
2004149481 HOST>RADIO    4 | FF FF FF FF | ....
2004157581 RADIO>HOST    1 | 06 | .
2004158045 HOST>RADIO   32 | FF FF FF FF FF FF FF FF FF FF FF FF FF FF FF FF FF FF FF FF FF FF FF FF FF FF FF FF FF FF FF FF | ................................
2004158085 HOST>RADIO   32 | FF FF FF FF FF FF FF FF FF FF FF FF FF FF FF FF FF FF FF FF FF FF FF FF FF FF FF FF FF FF FF FF | ................................
2004160856 HOST>RADIO   32 | FF FF FF FF FF FF FF FF FF FF FF FF FF FF FF FF FF FF FF FF FF FF FF FF FF FF FF FF FF FF FF FF | ................................
2004163628 HOST>RADIO    4 | FF FF FF FF | ....
2004171766 RADIO>HOST    1 | 06 | .
2004172213 HOST>RADIO   32 | FF FF FF FF FF FF FF FF FF FF FF FF FF FF FF FF FF FF FF FF FF FF FF FF FF FF FF FF FF FF FF FF | ................................
2004172259 HOST>RADIO   32 | FF FF FF FF FF FF FF FF FF FF FF FF FF FF FF FF FF FF FF FF FF FF FF FF FF FF FF FF FF FF FF FF | ................................
2004175065 HOST>RADIO   32 | FF FF FF FF FF FF FF FF FF FF FF FF FF FF FF FF FF FF FF FF FF FF FF FF FF FF FF FF FF FF FF FF | ................................
2004177831 HOST>RADIO    4 | FF FF FF FF | ....
2004186035 RADIO>HOST    1 | 06 | .
2004186475 HOST>RADIO   32 | FF FF FF FF FF FF FF FF FF FF FF FF FF FF FF FF FF FF FF FF FF FF FF FF FF FF FF FF FF FF FF FF | ................................
2004186520 HOST>RADIO   32 | FF FF FF FF FF FF FF FF FF FF FF FF FF FF FF FF FF FF FF FF FF FF FF FF FF FF FF FF FF FF FF FF | ................................
2004189331 HOST>RADIO   32 | FF FF FF FF FF FF FF FF FF FF FF FF FF FF FF FF FF FF FF FF FF FF FF FF FF FF FF FF FF FF FF FF | ................................
2004192101 HOST>RADIO    4 | FF FF FF FF | ....
2004200208 RADIO>HOST    1 | 06 | .
2004200595 HOST>RADIO   32 | FF FF FF FF FF FF FF FF FF FF FF FF FF FF FF FF FF FF FF FF FF FF FF FF FF FF FF FF FF FF FF FF | ................................
2004200641 HOST>RADIO   32 | FF FF FF FF FF FF FF FF FF FF FF FF FF FF FF FF FF FF FF FF FF FF FF FF FF FF FF FF FF FF FF FF | ................................
2004203449 HOST>RADIO   32 | FF FF FF FF FF FF FF FF FF FF FF FF FF FF FF FF FF FF FF FF FF FF FF FF FF FF FF FF FF FF FF FF | ................................
2004206261 HOST>RADIO    4 | FF FF FF FF | ....
2004214379 RADIO>HOST    1 | 06 | .
2004214759 HOST>RADIO   32 | FF FF FF FF FF FF FF FF FF FF FF FF FF FF FF FF FF FF FF FF FF FF FF FF FF FF FF FF FF FF FF FF | ................................
2004214805 HOST>RADIO   32 | FF FF FF FF FF FF FF FF FF FF FF FF FF FF FF FF FF FF FF FF FF FF FF FF FF FF FF FF FF FF FF FF | ................................
2004217616 HOST>RADIO   32 | FF FF FF FF FF FF FF FF FF FF FF FF FF FF FF FF FF FF FF FF FF FF FF FF FF FF FF FF FF FF FF FF | ................................
2004220411 HOST>RADIO    4 | FF FF FF FF | ....
2004228524 RADIO>HOST    1 | 06 | .
2004228906 HOST>RADIO   32 | FF FF FF FF FF FF FF FF FF FF FF FF FF FF FF FF FF FF FF FF FF FF FF FF FF FF FF FF FF FF FF FF | ................................
2004229025 HOST>RADIO   32 | FF FF FF FF FF FF FF FF FF FF FF FF FF FF FF FF FF FF FF FF FF FF FF FF FF FF FF FF FF FF FF FF | ................................
2004231762 HOST>RADIO   32 | FF FF FF FF FF FF FF FF FF FF FF FF FF FF FF FF FF FF FF FF FF FF FF FF FF FF FF FF FF FF FF FF | ................................
2004234549 HOST>RADIO    4 | FF FF FF FF | ....
2004242650 RADIO>HOST    1 | 06 | .
2004243027 HOST>RADIO   32 | FF FF FF FF FF FF FF FF FF FF FF FF FF FF FF FF FF FF FF FF FF FF FF FF FF FF FF FF FF FF FF FF | ................................
2004243073 HOST>RADIO   32 | FF FF FF FF FF FF FF FF FF FF FF FF FF FF FF FF FF FF FF FF FF FF FF FF FF FF FF FF FF FF FF FF | ................................
2004245912 HOST>RADIO   32 | FF FF FF FF FF FF FF FF FF FF FF FF FF FF FF FF FF FF FF FF FF FF FF FF FF FF FF FF FF FF FF FF | ................................
2004248690 HOST>RADIO    4 | FF FF FF FF | ....
2004256800 RADIO>HOST    1 | 06 | .
2004257209 HOST>RADIO   32 | FF FF FF FF FF FF FF FF FF FF FF FF FF FF FF FF FF FF FF FF FF FF FF FF FF FF FF FF FF FF FF FF | ................................
2004257255 HOST>RADIO   32 | FF FF FF FF FF FF FF FF FF FF FF FF FF FF FF FF FF FF FF FF FF FF FF FF FF FF FF FF FF FF FF FF | ................................
2004260056 HOST>RADIO   32 | FF FF FF FF FF FF FF FF FF FF FF FF FF FF FF FF FF FF FF FF FF FF FF FF FF FF FF FF FF FF FF FF | ................................
2004262833 HOST>RADIO    4 | FF FF FF FF | ....
2004271078 RADIO>HOST    1 | 06 | .
2004271467 HOST>RADIO   32 | FF FF FF FF FF FF FF FF FF FF FF FF FF FF FF FF FF FF FF FF FF FF FF FF FF FF FF FF FF FF FF FF | ................................
2004271512 HOST>RADIO   32 | FF FF FF FF FF FF FF FF FF FF FF FF FF FF FF FF FF FF FF FF FF FF FF FF FF FF FF FF FF FF FF FF | ................................
2004274332 HOST>RADIO   32 | FF FF FF FF FF FF FF FF FF FF FF FF FF FF FF FF FF FF FF FF FF FF FF FF FF FF FF FF FF FF FF FF | ................................
2004277118 HOST>RADIO    4 | FF FF FF FF | ....
2004285307 RADIO>HOST    1 | 06 | .
2004285687 HOST>RADIO   32 | FF FF FF FF FF FF FF FF FF FF FF FF FF FF FF FF FF FF FF FF FF FF FF FF FF FF FF FF FF FF FF FF | ................................
2004285733 HOST>RADIO   32 | FF FF FF FF FF FF FF FF FF FF FF FF FF FF FF FF FF FF FF FF FF FF FF FF FF FF FF FF FF FF FF FF | ................................
2004288571 HOST>RADIO   32 | FF FF FF FF FF FF FF FF FF FF FF FF FF FF FF FF FF FF FF FF FF FF FF FF FF FF FF FF FF FF FF FF | ................................
2004291321 HOST>RADIO    4 | FF FF FF FF | ....
2004299447 RADIO>HOST    1 | 06 | .
2004299835 HOST>RADIO   32 | FF FF FF FF FF FF FF FF FF FF FF FF FF FF FF FF FF FF FF FF FF FF FF FF FF FF FF FF FF FF FF FF | ................................
2004299881 HOST>RADIO   32 | FF FF FF FF FF FF FF FF FF FF FF FF FF FF FF FF FF FF FF FF FF FF FF FF FF FF FF FF FF FF FF FF | ................................
2004302709 HOST>RADIO   32 | FF FF FF FF FF FF FF FF FF FF FF FF FF FF FF FF FF FF FF FF FF FF FF FF FF FF FF FF FF FF FF FF | ................................
2004305481 HOST>RADIO    4 | FF FF FF FF | ....
2004313585 RADIO>HOST    1 | 06 | .
2004314066 HOST>RADIO   32 | FF FF FF FF FF FF FF FF FF FF FF FF FF FF FF FF FF FF FF FF FF FF FF FF FF FF FF FF FF FF FF FF | ................................
2004314108 HOST>RADIO   32 | FF FF FF FF FF FF FF FF FF FF FF FF FF FF FF FF FF FF FF FF FF FF FF FF FF FF FF FF FF FF FF FF | ................................
2004316903 HOST>RADIO   32 | FF FF FF FF FF FF FF FF FF FF FF FF FF FF FF FF FF FF FF FF FF FF FF FF FF FF FF FF FF FF FF FF | ................................
2004319645 HOST>RADIO    4 | FF FF FF FF | ....
2004328036 RADIO>HOST    1 | 06 | .
2004328435 HOST>RADIO   32 | FF FF FF FF FF FF FF FF FF FF FF FF FF FF FF FF FF FF FF FF FF FF FF FF FF FF FF FF FF FF FF FF | ................................
2004328473 HOST>RADIO   32 | FF FF FF FF FF FF FF FF FF FF FF FF FF FF FF FF FF FF FF FF FF FF FF FF FF FF FF FF FF FF FF FF | ................................
2004331262 HOST>RADIO   32 | FF FF FF FF FF FF FF FF FF FF FF FF FF FF FF FF FF FF FF FF FF FF FF FF FF FF FF FF FF FF FF FF | ................................
2004334018 HOST>RADIO    4 | FF FF FF FF | ....
2004342242 RADIO>HOST    1 | 06 | .
2004342636 HOST>RADIO   32 | FF FF FF FF FF FF FF FF FF FF FF FF FF FF FF FF FF FF FF FF FF FF FF FF FF FF FF FF FF FF FF FF | ................................
2004342676 HOST>RADIO   32 | FF FF FF FF FF FF FF FF FF FF FF FF FF FF FF FF FF FF FF FF FF FF FF FF FF FF FF FF FF FF FF FF | ................................
2004345452 HOST>RADIO   32 | FF FF FF FF FF FF FF FF FF FF FF FF FF FF FF FF FF FF FF FF FF FF FF FF FF FF FF FF FF FF FF FF | ................................
2004348237 HOST>RADIO    4 | FF FF FF FF | ....
2004356425 RADIO>HOST    1 | 06 | .
2004356798 HOST>RADIO   32 | FF FF FF FF FF FF FF FF FF FF FF FF FF FF FF FF FF FF FF FF FF FF FF FF FF FF FF FF FF FF FF FF | ................................
2004356837 HOST>RADIO   32 | FF FF FF FF FF FF FF FF FF FF FF FF FF FF FF FF FF FF FF FF FF FF FF FF FF FF FF FF FF FF FF FF | ................................
2004359642 HOST>RADIO   32 | FF FF FF FF FF FF FF FF FF FF FF FF FF FF FF FF FF FF FF FF FF FF FF FF FF FF FF FF FF FF FF FF | ................................
2004362374 HOST>RADIO    4 | FF FF FF FF | ....
2004370559 RADIO>HOST    1 | 06 | .
2004370923 HOST>RADIO   32 | FF FF FF FF FF FF FF FF FF FF FF FF FF FF FF FF FF FF FF FF FF FF FF FF FF FF FF FF FF FF FF FF | ................................
2004371038 HOST>RADIO   32 | FF FF FF FF FF FF FF FF FF FF FF FF FF FF FF FF FF FF FF FF FF FF FF FF FF FF FF FF FF FF FF FF | ................................
2004373763 HOST>RADIO   32 | FF FF FF FF FF FF FF FF FF FF FF FF FF FF FF FF FF FF FF FF FF FF FF FF FF FF FF FF FF FF FF FF | ................................
2004376520 HOST>RADIO    4 | FF FF FF FF | ....
2004384669 RADIO>HOST    1 | 06 | .
2004385033 HOST>RADIO   32 | FF FF FF FF FF FF FF FF FF FF FF FF FF FF FF FF FF FF FF FF FF FF FF FF FF FF FF FF FF FF FF FF | ................................
2004385085 HOST>RADIO   32 | FF FF FF FF FF FF FF FF FF FF FF FF FF FF FF FF FF FF FF FF FF FF FF FF FF FF FF FF FF FF FF FF | ................................
2004387911 HOST>RADIO   32 | FF FF FF FF FF FF FF FF FF FF FF FF FF FF FF FF FF FF FF FF FF FF FF FF FF FF FF FF FF FF FF FF | ................................
2004390665 HOST>RADIO    4 | FF FF FF FF | ....
2004398865 RADIO>HOST    1 | 06 | .
2004399264 HOST>RADIO   32 | FF FF FF FF FF FF FF FF FF FF FF FF FF FF FF FF FF FF FF FF FF FF FF FF FF FF FF FF FF FF FF FF | ................................
2004399309 HOST>RADIO   32 | FF FF FF FF FF FF FF FF FF FF FF FF FF FF FF FF FF FF FF FF FF FF FF FF FF FF FF FF FF FF FF FF | ................................
2004402090 HOST>RADIO   32 | FF FF FF FF FF FF FF FF FF FF FF FF FF FF FF FF FF FF FF FF FF FF FF FF FF FF FF FF FF FF FF FF | ................................
2004404874 HOST>RADIO    4 | FF FF FF FF | ....
2004413042 RADIO>HOST    1 | 06 | .
2004413504 HOST>RADIO   32 | FF FF FF FF FF FF FF FF FF FF FF FF FF FF FF FF FF FF FF FF FF FF FF FF FF FF FF FF FF FF FF FF | ................................
2004413552 HOST>RADIO   32 | FF FF FF FF FF FF FF FF FF FF FF FF FF FF FF FF FF FF FF FF FF FF FF FF FF FF FF FF FF FF FF FF | ................................
2004416412 HOST>RADIO   32 | FF FF FF FF FF FF FF FF FF FF FF FF FF FF FF FF FF FF FF FF FF FF FF FF FF FF FF FF FF FF FF FF | ................................
2004419102 HOST>RADIO    4 | FF FF FF FF | ....
2004427357 RADIO>HOST    1 | 06 | .
2004427757 HOST>RADIO   32 | FF FF FF FF FF FF FF FF FF FF FF FF FF FF FF FF FF FF FF FF FF FF FF FF FF FF FF FF FF FF FF FF | ................................
2004427806 HOST>RADIO   32 | FF FF FF FF FF FF FF FF FF FF FF FF FF FF FF FF FF FF FF FF FF FF FF FF FF FF FF FF FF FF FF FF | ................................
2004430620 HOST>RADIO   32 | FF FF FF FF FF FF FF FF FF FF FF FF FF FF FF FF FF FF FF FF FF FF FF FF FF FF FF FF FF FF FF FF | ................................
2004433406 HOST>RADIO    4 | FF FF FF FF | ....
2004441490 RADIO>HOST    1 | 06 | .
2004441890 HOST>RADIO   32 | FF FF FF FF FF FF FF FF FF FF FF FF FF FF FF FF FF FF FF FF FF FF FF FF FF FF FF FF FF FF FF FF | ................................
2004441930 HOST>RADIO   32 | FF FF FF FF FF FF FF FF FF FF FF FF FF FF FF FF FF FF FF FF FF FF FF FF FF FF FF FF FF FF FF FF | ................................
2004444691 HOST>RADIO   32 | FF FF FF FF FF FF FF FF FF FF FF FF FF FF FF FF FF FF FF FF FF FF FF FF FF FF FF FF FF FF FF FF | ................................
2004447457 HOST>RADIO    4 | FF FF FF FF | ....
2004455632 RADIO>HOST    1 | 06 | .
2004456114 HOST>RADIO   32 | FF FF FF FF FF FF FF FF FF FF FF FF FF FF FF FF FF FF FF FF FF FF FF FF FF FF FF FF FF FF FF FF | ................................
2004456155 HOST>RADIO   32 | FF FF FF FF FF FF FF FF FF FF FF FF FF FF FF FF FF FF FF FF FF FF FF FF FF FF FF FF FF FF FF FF | ................................
2004459046 HOST>RADIO   32 | FF FF FF FF FF FF FF FF FF FF FF FF FF FF FF FF FF FF FF FF FF FF FF FF FF FF FF FF FF FF FF FF | ................................
2004461763 HOST>RADIO    4 | FF FF FF FF | ....
2004470036 RADIO>HOST    1 | 06 | .
2004470423 HOST>RADIO   32 | FF FF FF FF FF FF FF FF FF FF FF FF FF FF FF FF FF FF FF FF FF FF FF FF FF FF FF FF FF FF FF FF | ................................
2004470470 HOST>RADIO   32 | FF FF FF FF FF FF FF FF FF FF FF FF FF FF FF FF FF FF FF FF FF FF FF FF FF FF FF FF FF FF FF FF | ................................
2004473239 HOST>RADIO   32 | FF FF FF FF FF FF FF FF FF FF FF FF FF FF FF FF FF FF FF FF FF FF FF FF FF FF FF FF FF FF FF FF | ................................
2004476046 HOST>RADIO    4 | FF FF FF FF | ....
2004484266 RADIO>HOST    1 | 06 | .
2004484743 HOST>RADIO   32 | FF FF FF FF FF FF FF FF FF FF FF FF FF FF FF FF FF FF FF FF FF FF FF FF FF FF FF FF FF FF FF FF | ................................
2004484785 HOST>RADIO   32 | FF FF FF FF FF FF FF FF FF FF FF FF FF FF FF FF FF FF FF FF FF FF FF FF FF FF FF FF FF FF FF FF | ................................
2004487617 HOST>RADIO   32 | FF FF FF FF FF FF FF FF FF FF FF FF FF FF FF FF FF FF FF FF FF FF FF FF FF FF FF FF FF FF FF FF | ................................
2004490411 HOST>RADIO    4 | FF FF FF FF | ....
2004498604 RADIO>HOST    1 | 06 | .
2004499042 HOST>RADIO   32 | FF FF FF FF FF FF FF FF FF FF FF FF FF FF FF FF FF FF FF FF FF FF FF FF FF FF FF FF FF FF FF FF | ................................
2004499088 HOST>RADIO   32 | FF FF FF FF FF FF FF FF FF FF FF FF FF FF FF FF FF FF FF FF FF FF FF FF FF FF FF FF FF FF FF FF | ................................
2004501905 HOST>RADIO   32 | FF FF FF FF FF FF FF FF FF FF FF FF FF FF FF FF FF FF FF FF FF FF FF FF FF FF FF FF FF FF FF FF | ................................
2004504664 HOST>RADIO    4 | FF FF FF FF | ....
2004512937 RADIO>HOST    1 | 06 | .
2004513334 HOST>RADIO   32 | FF FF FF FF FF FF FF FF FF FF FF FF FF FF FF FF FF FF FF FF FF FF FF FF FF FF FF FF FF FF FF FF | ................................
2004513381 HOST>RADIO   32 | FF FF FF FF FF FF FF FF FF FF FF FF FF FF FF FF FF FF FF FF FF FF FF FF FF FF FF FF FF FF FF FF | ................................
2004516194 HOST>RADIO   32 | FF FF FF FF FF FF FF FF FF FF FF FF FF FF FF FF FF FF FF FF FF FF FF FF FF FF FF FF FF FF FF FF | ................................
2004519049 HOST>RADIO    4 | FF FF FF FF | ....
2004527080 RADIO>HOST    1 | 06 | .
2004527469 HOST>RADIO   32 | FF FF FF FF FF FF FF FF FF FF FF FF FF FF FF FF FF FF FF FF FF FF FF FF FF FF FF FF FF FF FF FF | ................................
2004527515 HOST>RADIO   32 | FF FF FF FF FF FF FF FF FF FF FF FF FF FF FF FF FF FF FF FF FF FF FF FF FF FF FF FF FF FF FF FF | ................................
2004530335 HOST>RADIO   32 | FF FF FF FF FF FF FF FF FF FF FF FF FF FF FF FF FF FF FF FF FF FF FF FF FF FF FF FF FF FF FF FF | ................................
2004533094 HOST>RADIO    4 | FF FF FF FF | ....
2004541190 RADIO>HOST    1 | 06 | .
2004541577 HOST>RADIO   32 | FF FF FF FF FF FF FF FF FF FF FF FF FF FF FF FF FF FF FF FF FF FF FF FF FF FF FF FF FF FF FF FF | ................................
2004541627 HOST>RADIO   32 | FF FF FF FF FF FF FF FF FF FF FF FF FF FF FF FF FF FF FF FF FF FF FF FF FF FF FF FF FF FF FF FF | ................................
2004544413 HOST>RADIO   32 | FF FF FF FF FF FF FF FF FF FF FF FF FF FF FF FF FF FF FF FF FF FF FF FF FF FF FF FF FF FF FF FF | ................................
2004547168 HOST>RADIO    4 | FF FF FF FF | ....
2004557585 RADIO>HOST    1 | 06 | .
2004558031 HOST>RADIO   32 | FF FF FF FF FF FF FF FF FF FF FF FF FF FF FF FF FF FF FF FF FF FF FF FF FF FF FF FF FF FF FF FF | ................................
2004558084 HOST>RADIO   32 | FF FF FF FF FF FF FF FF FF FF FF FF FF FF FF FF FF FF FF FF FF FF FF FF FF FF FF FF FF FF FF FF | ................................
2004560923 HOST>RADIO   32 | FF FF FF FF FF FF FF FF FF FF FF FF FF FF FF FF FF FF FF FF FF FF FF FF FF FF FF FF FF FF FF FF | ................................
2004563698 HOST>RADIO    4 | FF FF FF FF | ....
2004571901 RADIO>HOST    1 | 06 | .
2004572322 HOST>RADIO   32 | FF FF FF FF FF FF FF FF FF FF FF FF FF FF FF FF FF FF FF FF FF FF FF FF FF FF FF FF FF FF FF FF | ................................
2004572368 HOST>RADIO   32 | FF FF FF FF FF FF FF FF FF FF FF FF FF FF FF FF FF FF FF FF FF FF FF FF FF FF FF FF FF FF FF FF | ................................
2004575175 HOST>RADIO   32 | FF FF FF FF FF FF FF FF FF FF FF FF FF FF FF FF FF FF FF FF FF FF FF FF FF FF FF FF FF FF FF FF | ................................
2004577937 HOST>RADIO    4 | FF FF FF FF | ....
2004586060 RADIO>HOST    1 | 06 | .
2004586441 HOST>RADIO   32 | FF FF FF FF FF FF FF FF FF FF FF FF FF FF FF FF FF FF FF FF FF FF FF FF FF FF FF FF FF FF FF FF | ................................
2004586487 HOST>RADIO   32 | FF FF FF FF FF FF FF FF FF FF FF FF FF FF FF FF FF FF FF FF FF FF FF FF FF FF FF FF FF FF FF FF | ................................
2004589332 HOST>RADIO   32 | FF FF FF FF FF FF FF FF FF FF FF FF FF FF FF FF FF FF FF FF FF FF FF FF FF FF FF FF FF FF FF FF | ................................
2004592046 HOST>RADIO    4 | FF FF FF FF | ....
2004600167 RADIO>HOST    1 | 06 | .
2004600565 HOST>RADIO   32 | FF FF FF FF FF FF FF FF FF FF FF FF FF FF FF FF FF FF FF FF FF FF FF FF FF FF FF FF FF FF FF FF | ................................
2004600611 HOST>RADIO   32 | FF FF FF FF FF FF FF FF FF FF FF FF FF FF FF FF FF FF FF FF FF FF FF FF FF FF FF FF FF FF FF FF | ................................
2004603414 HOST>RADIO   32 | FF FF FF FF FF FF FF FF FF FF FF FF FF FF FF FF FF FF FF FF FF FF FF FF FF FF FF FF FF FF FF FF | ................................
2004606195 HOST>RADIO    4 | FF FF FF FF | ....
2004614336 RADIO>HOST    1 | 06 | .
2004614844 HOST>RADIO   32 | FF FF FF FF FF FF FF FF FF FF FF FF FF FF FF FF FF FF FF FF FF FF FF FF FF FF FF FF FF FF FF FF | ................................
2004614886 HOST>RADIO   32 | FF FF FF FF FF FF FF FF FF FF FF FF FF FF FF FF FF FF FF FF FF FF FF FF FF FF FF FF FF FF FF FF | ................................
2004617702 HOST>RADIO   32 | FF FF FF FF FF FF FF FF FF FF FF FF FF FF FF FF FF FF FF FF FF FF FF FF FF FF FF FF FF FF FF FF | ................................
2004620462 HOST>RADIO    4 | FF FF FF FF | ....
2004628651 RADIO>HOST    1 | 06 | .
2004629037 HOST>RADIO   32 | FF FF FF FF FF FF FF FF FF FF FF FF FF FF FF FF FF FF FF FF FF FF FF FF FF FF FF FF FF FF FF FF | ................................
2004629086 HOST>RADIO   32 | FF FF FF FF FF FF FF FF FF FF FF FF FF FF FF FF FF FF FF FF FF FF FF FF FF FF FF FF FF FF FF FF | ................................
2004631937 HOST>RADIO   32 | FF FF FF FF FF FF FF FF FF FF FF FF FF FF FF FF FF FF FF FF FF FF FF FF FF FF FF FF FF FF FF FF | ................................
2004634689 HOST>RADIO    4 | FF FF FF FF | ....
2004642814 RADIO>HOST    1 | 06 | .
2004643192 HOST>RADIO   32 | FF FF FF FF FF FF FF FF FF FF FF FF FF FF FF FF FF FF FF FF FF FF FF FF FF FF FF FF FF FF FF FF | ................................
2004643238 HOST>RADIO   32 | FF FF FF FF FF FF FF FF FF FF FF FF FF FF FF FF FF FF FF FF FF FF FF FF FF FF FF FF FF FF FF FF | ................................
2004646046 HOST>RADIO   32 | FF FF FF FF FF FF FF FF FF FF FF FF FF FF FF FF FF FF FF FF FF FF FF FF FF FF FF FF FF FF FF FF | ................................
2004648839 HOST>RADIO    4 | FF FF FF FF | ....
2004657035 RADIO>HOST    1 | 06 | .
2004657488 HOST>RADIO   32 | FF FF FF FF FF FF FF FF FF FF FF FF FF FF FF FF FF FF FF FF FF FF FF FF FF FF FF FF FF FF FF FF | ................................
2004657531 HOST>RADIO   32 | FF FF FF FF FF FF FF FF FF FF FF FF FF FF FF FF FF FF FF FF FF FF FF FF FF FF FF FF FF FF FF FF | ................................
2004660308 HOST>RADIO   32 | FF FF FF FF FF FF FF FF FF FF FF FF FF FF FF FF FF FF FF FF FF FF FF FF FF FF FF FF FF FF FF FF | ................................
2004663095 HOST>RADIO    4 | FF FF FF FF | ....
2004671238 RADIO>HOST    1 | 06 | .
2004671625 HOST>RADIO   32 | FF FF FF FF FF FF FF FF FF FF FF FF FF FF FF FF FF FF FF FF FF FF FF FF FF FF FF FF FF FF FF FF | ................................
2004671664 HOST>RADIO   32 | FF FF FF FF FF FF FF FF FF FF FF FF FF FF FF FF FF FF FF FF FF FF FF FF FF FF FF FF FF FF FF FF | ................................
2004674478 HOST>RADIO   32 | FF FF FF FF FF FF FF FF FF FF FF FF FF FF FF FF FF FF FF FF FF FF FF FF FF FF FF FF FF FF FF FF | ................................
2004677263 HOST>RADIO    4 | FF FF FF FF | ....
2004685448 RADIO>HOST    1 | 06 | .
2004685842 HOST>RADIO   32 | FF FF FF FF FF FF FF FF FF FF FF FF FF FF FF FF FF FF FF FF FF FF FF FF FF FF FF FF FF FF FF FF | ................................
2004685882 HOST>RADIO   32 | FF FF FF FF FF FF FF FF FF FF FF FF FF FF FF FF FF FF FF FF FF FF FF FF FF FF FF FF FF FF FF FF | ................................
2004688712 HOST>RADIO   32 | FF FF FF FF FF FF FF FF FF FF FF FF FF FF FF FF FF FF FF FF FF FF FF FF FF FF FF FF FF FF FF FF | ................................
2004691483 HOST>RADIO    4 | FF FF FF FF | ....
2004699586 RADIO>HOST    1 | 06 | .
2004700021 HOST>RADIO   32 | FF FF FF FF FF FF FF FF FF FF FF FF FF FF FF FF FF FF FF FF FF FF FF FF FF FF FF FF FF FF FF FF | ................................
2004700065 HOST>RADIO   32 | FF FF FF FF FF FF FF FF FF FF FF FF FF FF FF FF FF FF FF FF FF FF FF FF FF FF FF FF FF FF FF FF | ................................
2004702903 HOST>RADIO   32 | FF FF FF FF FF FF FF FF FF FF FF FF FF FF FF FF FF FF FF FF FF FF FF FF FF FF FF FF FF FF FF FF | ................................
2004705690 HOST>RADIO    4 | FF FF FF FF | ....
2004713903 RADIO>HOST    1 | 06 | .
2004714307 HOST>RADIO   32 | FF FF FF FF FF FF FF FF FF FF FF FF FF FF FF FF FF FF FF FF FF FF FF FF FF FF FF FF FF FF FF FF | ................................
2004714356 HOST>RADIO   32 | FF FF FF FF FF FF FF FF FF FF FF FF FF FF FF FF FF FF FF FF FF FF FF FF FF FF FF FF FF FF FF FF | ................................
2004717168 HOST>RADIO   32 | FF FF FF FF FF FF FF FF FF FF FF FF FF FF FF FF FF FF FF FF FF FF FF FF FF FF FF FF FF FF FF FF | ................................
2004719939 HOST>RADIO    4 | FF FF FF FF | ....
2004728030 RADIO>HOST    1 | 06 | .
2004728413 HOST>RADIO   32 | FF FF FF FF FF FF FF FF FF FF FF FF FF FF FF FF FF FF FF FF FF FF FF FF FF FF FF FF FF FF FF FF | ................................
2004728455 HOST>RADIO   32 | FF FF FF FF FF FF FF FF FF FF FF FF FF FF FF FF FF FF FF FF FF FF FF FF FF FF FF FF FF FF FF FF | ................................
2004731238 HOST>RADIO   32 | FF FF FF FF FF FF FF FF FF FF FF FF FF FF FF FF FF FF FF FF FF FF FF FF FF FF FF FF FF FF FF FF | ................................
2004734053 HOST>RADIO    4 | FF FF FF FF | ....
2004742195 RADIO>HOST    1 | 06 | .
2004742582 HOST>RADIO   32 | FF FF FF FF FF FF FF FF FF FF FF FF FF FF FF FF FF FF FF FF FF FF FF FF FF FF FF FF FF FF FF FF | ................................
2004742623 HOST>RADIO   32 | FF FF FF FF FF FF FF FF FF FF FF FF FF FF FF FF FF FF FF FF FF FF FF FF FF FF FF FF FF FF FF FF | ................................
2004745459 HOST>RADIO   32 | FF FF FF FF FF FF FF FF FF FF FF FF FF FF FF FF FF FF FF FF FF FF FF FF FF FF FF FF FF FF FF FF | ................................
2004748188 HOST>RADIO    4 | FF FF FF FF | ....
2004756337 RADIO>HOST    1 | 06 | .
2004756731 HOST>RADIO   32 | FF FF FF FF FF FF FF FF FF FF FF FF FF FF FF FF FF FF FF FF FF FF FF FF FF FF FF FF FF FF FF FF | ................................
2004756772 HOST>RADIO   32 | FF FF FF FF FF FF FF FF FF FF FF FF FF FF FF FF FF FF FF FF FF FF FF FF FF FF FF FF FF FF FF FF | ................................
2004759583 HOST>RADIO   32 | FF FF FF FF FF FF FF FF FF FF FF FF FF FF FF FF FF FF FF FF FF FF FF FF FF FF FF FF FF FF FF FF | ................................
2004762335 HOST>RADIO    4 | FF FF FF FF | ....
2004770472 RADIO>HOST    1 | 06 | .
2004770870 HOST>RADIO   32 | FF FF FF FF FF FF FF FF FF FF FF FF FF FF FF FF FF FF FF FF FF FF FF FF FF FF FF FF FF FF FF FF | ................................
2004770910 HOST>RADIO   32 | FF FF FF FF FF FF FF FF FF FF FF FF FF FF FF FF FF FF FF FF FF FF FF FF FF FF FF FF FF FF FF FF | ................................
2004773663 HOST>RADIO   32 | FF FF FF FF FF FF FF FF FF FF FF FF FF FF FF FF FF FF FF FF FF FF FF FF FF FF FF FF FF FF FF FF | ................................
2004776478 HOST>RADIO    4 | FF FF FF FF | ....
2004784607 RADIO>HOST    1 | 06 | .
2004785053 HOST>RADIO   32 | FF FF FF FF FF FF FF FF FF FF FF FF FF FF FF FF FF FF FF FF FF FF FF FF FF FF FF FF FF FF FF FF | ................................
2004785093 HOST>RADIO   32 | FF FF FF FF FF FF FF FF FF FF FF FF FF FF FF FF FF FF FF FF FF FF FF FF FF FF FF FF FF FF FF FF | ................................
2004787913 HOST>RADIO   32 | FF FF FF FF FF FF FF FF FF FF FF FF FF FF FF FF FF FF FF FF FF FF FF FF FF FF FF FF FF FF FF FF | ................................
2004790691 HOST>RADIO    4 | FF FF FF FF | ....
2004798743 RADIO>HOST    1 | 06 | .
2004799115 HOST>RADIO   32 | FF FF FF FF FF FF FF FF FF FF FF FF FF FF FF FF FF FF FF FF FF FF FF FF FF FF FF FF FF FF FF FF | ................................
2004799161 HOST>RADIO   32 | FF FF FF FF FF FF FF FF FF FF FF FF FF FF FF FF FF FF FF FF FF FF FF FF FF FF FF FF FF FF FF FF | ................................
2004802051 HOST>RADIO   32 | FF FF FF FF FF FF FF FF FF FF FF FF FF FF FF FF FF FF FF FF FF FF FF FF FF FF FF FF FF FF FF FF | ................................
2004804764 HOST>RADIO    4 | FF FF FF FF | ....
2004812904 RADIO>HOST    1 | 06 | .
2004813374 HOST>RADIO   32 | FF FF FF FF FF FF FF FF FF FF FF FF FF FF FF FF FF FF FF FF FF FF FF FF FF FF FF FF FF FF FF FF | ................................
2004813416 HOST>RADIO   32 | FF FF FF FF FF FF FF FF FF FF FF FF FF FF FF FF FF FF FF FF FF FF FF FF FF FF FF FF FF FF FF FF | ................................
2004816269 HOST>RADIO   32 | FF FF FF FF FF FF FF FF FF FF FF FF FF FF FF FF FF FF FF FF FF FF FF FF FF FF FF FF FF FF FF FF | ................................
2004819050 HOST>RADIO    4 | FF FF FF FF | ....
2004827218 RADIO>HOST    1 | 06 | .
2004827636 HOST>RADIO   32 | FF FF FF FF FF FF FF FF FF FF FF FF FF FF FF FF FF FF FF FF FF FF FF FF FF FF FF FF FF FF FF FF | ................................
2004827682 HOST>RADIO   32 | FF FF FF FF FF FF FF FF FF FF FF FF FF FF FF FF FF FF FF FF FF FF FF FF FF FF FF FF FF FF FF FF | ................................
2004830483 HOST>RADIO   32 | FF FF FF FF FF FF FF FF FF FF FF FF FF FF FF FF FF FF FF FF FF FF FF FF FF FF FF FF FF FF FF FF | ................................
2004833238 HOST>RADIO    4 | FF FF FF FF | ....
2004841375 RADIO>HOST    1 | 06 | .
2004841895 HOST>RADIO   32 | FF FF FF FF FF FF FF FF FF FF FF FF FF FF FF FF FF FF FF FF FF FF FF FF FF FF FF FF FF FF FF FF | ................................
2004842028 HOST>RADIO   32 | FF FF FF FF FF FF FF FF FF FF FF FF FF FF FF FF FF FF FF FF FF FF FF FF FF FF FF FF FF FF FF FF | ................................
2004844772 HOST>RADIO   32 | FF FF FF FF FF FF FF FF FF FF FF FF FF FF FF FF FF FF FF FF FF FF FF FF FF FF FF FF FF FF FF FF | ................................
2004847529 HOST>RADIO    4 | FF FF FF FF | ....
2004855719 RADIO>HOST    1 | 06 | .
2004856089 HOST>RADIO   32 | FF FF FF FF FF FF FF FF FF FF FF FF FF FF FF FF FF FF FF FF FF FF FF FF FF FF FF FF FF FF FF FF | ................................
2004856136 HOST>RADIO   32 | FF FF FF FF FF FF FF FF FF FF FF FF FF FF FF FF FF FF FF FF FF FF FF FF FF FF FF FF FF FF FF FF | ................................
2004858916 HOST>RADIO   32 | FF FF FF FF FF FF FF FF FF FF FF FF FF FF FF FF FF FF FF FF FF FF FF FF FF FF FF FF FF FF FF FF | ................................
2004861699 HOST>RADIO    4 | FF FF FF FF | ....
2004869858 RADIO>HOST    1 | 06 | .
2004870288 HOST>RADIO   32 | FF FF FF FF FF FF FF FF FF FF FF FF FF FF FF FF FF FF FF FF FF FF FF FF FF FF FF FF FF FF FF FF | ................................
2004870335 HOST>RADIO   32 | FF FF FF FF FF FF FF FF FF FF FF FF FF FF FF FF FF FF FF FF FF FF FF FF FF FF FF FF FF FF FF FF | ................................
2004873194 HOST>RADIO   32 | FF FF FF FF FF FF FF FF FF FF FF FF FF FF FF FF FF FF FF FF FF FF FF FF FF FF FF FF FF FF FF FF | ................................
2004875938 HOST>RADIO    4 | FF FF FF FF | ....
2004884149 RADIO>HOST    1 | 06 | .
2004884572 HOST>RADIO   32 | FF FF FF FF FF FF FF FF FF FF FF FF FF FF FF FF FF FF FF FF FF FF FF FF FF FF FF FF FF FF FF FF | ................................
2004884618 HOST>RADIO   32 | FF FF FF FF FF FF FF FF FF FF FF FF FF FF FF FF FF FF FF FF FF FF FF FF FF FF FF FF FF FF FF FF | ................................
2004887414 HOST>RADIO   32 | FF FF FF FF FF FF FF FF FF FF FF FF FF FF FF FF FF FF FF FF FF FF FF FF FF FF FF FF FF FF FF FF | ................................
2004890171 HOST>RADIO    4 | FF FF FF FF | ....
2004898322 RADIO>HOST    1 | 06 | .
2004898819 HOST>RADIO   32 | FF FF FF FF FF FF FF FF FF FF FF FF FF FF FF FF FF FF FF FF FF FF FF FF FF FF FF FF FF FF FF FF | ................................
2004898862 HOST>RADIO   32 | FF FF FF FF FF FF FF FF FF FF FF FF FF FF FF FF FF FF FF FF FF FF FF FF FF FF FF FF FF FF FF FF | ................................
2004901693 HOST>RADIO   32 | FF FF FF FF FF FF FF FF FF FF FF FF FF FF FF FF FF FF FF FF FF FF FF FF FF FF FF FF FF FF FF FF | ................................
2004904483 HOST>RADIO    4 | FF FF FF FF | ....
2004912656 RADIO>HOST    1 | 06 | .
2004913161 HOST>RADIO   32 | FF FF FF FF FF FF FF FF FF FF FF FF FF FF FF FF FF FF FF FF FF FF FF FF FF FF FF FF FF FF FF FF | ................................
2004913210 HOST>RADIO   32 | FF FF FF FF FF FF FF FF FF FF FF FF FF FF FF FF FF FF FF FF FF FF FF FF FF FF FF FF FF FF FF FF | ................................
2004916059 HOST>RADIO   32 | FF FF FF FF FF FF FF FF FF FF FF FF FF FF FF FF FF FF FF FF FF FF FF FF FF FF FF FF FF FF FF FF | ................................
2004918770 HOST>RADIO    4 | FF FF FF FF | ....
2004927081 RADIO>HOST    1 | 06 | .
2004927537 HOST>RADIO   32 | FF FF FF FF FF FF FF FF FF FF FF FF FF FF FF FF FF FF FF FF FF FF FF FF FF FF FF FF FF FF FF FF | ................................
2004927584 HOST>RADIO   32 | FF FF FF FF FF FF FF FF FF FF FF FF FF FF FF FF FF FF FF FF FF FF FF FF FF FF FF FF FF FF FF FF | ................................
2004930413 HOST>RADIO   32 | FF FF FF FF FF FF FF FF FF FF FF FF FF FF FF FF FF FF FF FF FF FF FF FF FF FF FF FF FF FF FF FF | ................................
2004933194 HOST>RADIO    4 | FF FF FF FF | ....
2004941266 RADIO>HOST    1 | 06 | .
2004941684 HOST>RADIO   32 | FF FF FF FF FF FF FF FF FF FF FF FF FF FF FF FF FF FF FF FF FF FF FF FF FF FF FF FF FF FF FF FF | ................................
2004941732 HOST>RADIO   32 | FF FF FF FF FF FF FF FF FF FF FF FF FF FF FF FF FF FF FF FF FF FF FF FF FF FF FF FF FF FF FF FF | ................................
2004944537 HOST>RADIO   32 | FF FF FF FF FF FF FF FF FF FF FF FF FF FF FF FF FF FF FF FF FF FF FF FF FF FF FF FF FF FF FF FF | ................................
2004947338 HOST>RADIO    4 | FF FF FF FF | ....
2004955447 RADIO>HOST    1 | 06 | .
2004955866 HOST>RADIO   32 | FF FF FF FF FF FF FF FF FF FF FF FF FF FF FF FF FF FF FF FF FF FF FF FF FF FF FF FF FF FF FF FF | ................................
2004955912 HOST>RADIO   32 | FF FF FF FF FF FF FF FF FF FF FF FF FF FF FF FF FF FF FF FF FF FF FF FF FF FF FF FF FF FF FF FF | ................................
2004958764 HOST>RADIO   32 | FF FF FF FF FF FF FF FF FF FF FF FF FF FF FF FF FF FF FF FF FF FF FF FF FF FF FF FF FF FF FF FF | ................................
2004961505 HOST>RADIO    4 | FF FF FF FF | ....
2004969584 RADIO>HOST    1 | 06 | .
2004970097 HOST>RADIO   32 | FF FF FF FF FF FF FF FF FF FF FF FF FF FF FF FF FF FF FF FF FF FF FF FF FF FF FF FF FF FF FF FF | ................................
2004970140 HOST>RADIO   32 | FF FF FF FF FF FF FF FF FF FF FF FF FF FF FF FF FF FF FF FF FF FF FF FF FF FF FF FF FF FF FF FF | ................................
2004973048 HOST>RADIO   32 | FF FF FF FF FF FF FF FF FF FF FF FF FF FF FF FF FF FF FF FF FF FF FF FF FF FF FF FF FF FF FF FF | ................................
2004975744 HOST>RADIO    4 | FF FF FF FF | ....
2004983919 RADIO>HOST    1 | 06 | .
2004984321 HOST>RADIO   32 | FF FF FF FF FF FF FF FF FF FF FF FF FF FF FF FF FF FF FF FF FF FF FF FF FF FF FF FF FF FF FF FF | ................................
2004984365 HOST>RADIO   32 | FF FF FF FF FF FF FF FF FF FF FF FF FF FF FF FF FF FF FF FF FF FF FF FF FF FF FF FF FF FF FF FF | ................................
2004987194 HOST>RADIO   32 | FF FF FF FF FF FF FF FF FF FF FF FF FF FF FF FF FF FF FF FF FF FF FF FF FF FF FF FF FF FF FF FF | ................................
2004989961 HOST>RADIO    4 | FF FF FF FF | ....
2004998038 RADIO>HOST    1 | 06 | .
2004998405 HOST>RADIO   32 | FF FF FF FF FF FF FF FF FF FF FF FF FF FF FF FF FF FF FF FF FF FF FF FF FF FF FF FF FF FF FF FF | ................................
2004998448 HOST>RADIO   32 | FF FF FF FF FF FF FF FF FF FF FF FF FF FF FF FF FF FF FF FF FF FF FF FF FF FF FF FF FF FF FF FF | ................................
2005001242 HOST>RADIO   32 | FF FF FF FF FF FF FF FF FF FF FF FF FF FF FF FF FF FF FF FF FF FF FF FF FF FF FF FF FF FF FF FF | ................................
2005004053 HOST>RADIO    4 | FF FF FF FF | ....
2005014428 RADIO>HOST    1 | 06 | .
2005014809 HOST>RADIO   32 | FF FF FF FF FF FF FF FF FF FF FF FF FF FF FF FF FF FF FF FF FF FF FF FF FF FF FF FF FF FF FF FF | ................................
2005014858 HOST>RADIO   32 | FF FF FF FF FF FF FF FF FF FF FF FF FF FF FF FF FF FF FF FF FF FF FF FF FF FF FF FF FF FF FF FF | ................................
2005017665 HOST>RADIO   32 | FF FF FF FF FF FF FF FF FF FF FF FF FF FF FF FF FF FF FF FF FF FF FF FF FF FF FF FF FF FF FF FF | ................................
2005020486 HOST>RADIO    4 | FF FF FF FF | ....
2005028563 RADIO>HOST    1 | 06 | .
2005029032 HOST>RADIO   32 | FF FF FF FF FF FF FF FF FF FF FF FF FF FF FF FF FF FF FF FF FF FF FF FF FF FF FF FF FF FF FF FF | ................................
2005029089 HOST>RADIO   32 | FF FF FF FF FF FF FF FF FF FF FF FF FF FF FF FF FF FF FF FF FF FF FF FF FF FF FF FF FF FF FF FF | ................................
2005031906 HOST>RADIO   32 | FF FF FF FF FF FF FF FF FF FF FF FF FF FF FF FF FF FF FF FF FF FF FF FF FF FF FF FF FF FF FF FF | ................................
2005034692 HOST>RADIO    4 | FF FF FF FF | ....
2005042906 RADIO>HOST    1 | 06 | .
2005043292 HOST>RADIO   32 | FF FF FF FF FF FF FF FF FF FF FF FF FF FF FF FF FF FF FF FF FF FF FF FF FF FF FF FF FF FF FF FF | ................................
2005043338 HOST>RADIO   32 | FF FF FF FF FF FF FF FF FF FF FF FF FF FF FF FF FF FF FF FF FF FF FF FF FF FF FF FF FF FF FF FF | ................................
2005046130 HOST>RADIO   32 | FF FF FF FF FF FF FF FF FF FF FF FF FF FF FF FF FF FF FF FF FF FF FF FF FF FF FF FF FF FF FF FF | ................................
2005048905 HOST>RADIO    4 | FF FF FF FF | ....
2005057040 RADIO>HOST    1 | 06 | .
2005057417 HOST>RADIO   32 | FF FF FF FF FF FF FF FF FF FF FF FF FF FF FF FF FF FF FF FF FF FF FF FF FF FF FF FF FF FF FF FF | ................................
2005057463 HOST>RADIO   32 | FF FF FF FF FF FF FF FF FF FF FF FF FF FF FF FF FF FF FF FF FF FF FF FF FF FF FF FF FF FF FF FF | ................................
2005060268 HOST>RADIO   32 | FF FF FF FF FF FF FF FF FF FF FF FF FF FF FF FF FF FF FF FF FF FF FF FF FF FF FF FF FF FF FF FF | ................................
2005063048 HOST>RADIO    4 | FF FF FF FF | ....
2005071174 RADIO>HOST    1 | 06 | .
2005071545 HOST>RADIO   32 | FF FF FF FF FF FF FF FF FF FF FF FF FF FF FF FF FF FF FF FF FF FF FF FF FF FF FF FF FF FF FF FF | ................................
2005071587 HOST>RADIO   32 | FF FF FF FF FF FF FF FF FF FF FF FF FF FF FF FF FF FF FF FF FF FF FF FF FF FF FF FF FF FF FF FF | ................................
2005074418 HOST>RADIO   32 | FF FF FF FF FF FF FF FF FF FF FF FF FF FF FF FF FF FF FF FF FF FF FF FF FF FF FF FF FF FF FF FF | ................................
2005077171 HOST>RADIO    4 | FF FF FF FF | ....
2005085289 RADIO>HOST    1 | 06 | .
2005085700 HOST>RADIO   32 | FF FF FF FF FF FF FF FF FF FF FF FF FF FF FF FF FF FF FF FF FF FF FF FF FF FF FF FF FF FF FF FF | ................................
2005085743 HOST>RADIO   32 | FF FF FF FF FF FF FF FF FF FF FF FF FF FF FF FF FF FF FF FF FF FF FF FF FF FF FF FF FF FF FF FF | ................................
2005088568 HOST>RADIO   32 | FF FF FF FF FF FF FF FF FF FF FF FF FF FF FF FF FF FF FF FF FF FF FF FF FF FF FF FF FF FF FF FF | ................................
2005091324 HOST>RADIO    4 | FF FF FF FF | ....
2005099499 RADIO>HOST    1 | 06 | .
2005100031 HOST>RADIO   32 | FF FF FF FF FF FF FF FF FF FF FF FF FF FF FF FF FF FF FF FF FF FF FF FF FF FF FF FF FF FF FF FF | ................................
2005100075 HOST>RADIO   32 | FF FF FF FF FF FF FF FF FF FF FF FF FF FF FF FF FF FF FF FF FF FF FF FF FF FF FF FF FF FF FF FF | ................................
2005102915 HOST>RADIO   32 | FF FF FF FF FF FF FF FF FF FF FF FF FF FF FF FF FF FF FF FF FF FF FF FF FF FF FF FF FF FF FF FF | ................................
2005105651 HOST>RADIO    4 | FF FF FF FF | ....
2005113816 RADIO>HOST    1 | 06 | .
2005114215 HOST>RADIO   32 | FF FF FF FF FF FF FF FF FF FF FF FF FF FF FF FF FF FF FF FF FF FF FF FF FF FF FF FF FF FF FF FF | ................................
2005114260 HOST>RADIO   32 | FF FF FF FF FF FF FF FF FF FF FF FF FF FF FF FF FF FF FF FF FF FF FF FF FF FF FF FF FF FF FF FF | ................................
2005117052 HOST>RADIO   32 | FF FF FF FF FF FF FF FF FF FF FF FF FF FF FF FF FF FF FF FF FF FF FF FF FF FF FF FF FF FF FF FF | ................................
2005119814 HOST>RADIO    4 | FF FF FF FF | ....
2005128038 RADIO>HOST    1 | 06 | .
2005128463 HOST>RADIO   32 | FF FF FF FF FF FF FF FF FF FF FF FF FF FF FF FF FF FF FF FF FF FF FF FF FF FF FF FF FF FF FF FF | ................................
2005128509 HOST>RADIO   32 | FF FF FF FF FF FF FF FF FF FF FF FF FF FF FF FF FF FF FF FF FF FF FF FF FF FF FF FF FF FF FF FF | ................................
2005131313 HOST>RADIO   32 | FF FF FF FF FF FF FF FF FF FF FF FF FF FF FF FF FF FF FF FF FF FF FF FF FF FF FF FF FF FF FF FF | ................................
2005134105 HOST>RADIO    4 | FF FF FF FF | ....
2005142268 RADIO>HOST    1 | 06 | .
2005142715 HOST>RADIO   32 | FF FF FF FF FF FF FF FF FF FF FF FF FF FF FF FF FF FF FF FF FF FF FF FF FF FF FF FF FF FF FF FF | ................................
2005142759 HOST>RADIO   32 | FF FF FF FF FF FF FF FF FF FF FF FF FF FF FF FF FF FF FF FF FF FF FF FF FF FF FF FF FF FF FF FF | ................................
2005145588 HOST>RADIO   32 | FF FF FF FF FF FF FF FF FF FF FF FF FF FF FF FF FF FF FF FF FF FF FF FF FF FF FF FF FF FF FF FF | ................................
2005148335 HOST>RADIO    4 | FF FF FF FF | ....
2005156607 RADIO>HOST    1 | 06 | .
2005157033 HOST>RADIO   32 | FF FF FF FF FF FF FF FF FF FF FF FF FF FF FF FF FF FF FF FF FF FF FF FF FF FF FF FF FF FF FF FF | ................................
2005157091 HOST>RADIO   32 | FF FF FF FF FF FF FF FF FF FF FF FF FF FF FF FF FF FF FF FF FF FF FF FF FF FF FF FF FF FF FF FF | ................................
2005159916 HOST>RADIO   32 | FF FF FF FF FF FF FF FF FF FF FF FF FF FF FF FF FF FF FF FF FF FF FF FF FF FF FF FF FF FF FF FF | ................................
2005162693 HOST>RADIO    4 | FF FF FF FF | ....
2005170745 RADIO>HOST    1 | 06 | .
2005171200 HOST>RADIO   32 | FF FF FF FF FF FF FF FF FF FF FF FF FF FF FF FF FF FF FF FF FF FF FF FF FF FF FF FF FF FF FF FF | ................................
2005171244 HOST>RADIO   32 | FF FF FF FF FF FF FF FF FF FF FF FF FF FF FF FF FF FF FF FF FF FF FF FF FF FF FF FF FF FF FF FF | ................................
2005174048 HOST>RADIO   32 | FF FF FF FF FF FF FF FF FF FF FF FF FF FF FF FF FF FF FF FF FF FF FF FF FF FF FF FF FF FF FF FF | ................................
2005176835 HOST>RADIO    4 | FF FF FF FF | ....
2005185077 RADIO>HOST    1 | 06 | .
2005185450 HOST>RADIO   32 | FF FF FF FF FF FF FF FF FF FF FF FF FF FF FF FF FF FF FF FF FF FF FF FF FF FF FF FF FF FF FF FF | ................................
2005185496 HOST>RADIO   32 | FF FF FF FF FF FF FF FF FF FF FF FF FF FF FF FF FF FF FF FF FF FF FF FF FF FF FF FF FF FF FF FF | ................................
2005188335 HOST>RADIO   32 | FF FF FF FF FF FF FF FF FF FF FF FF FF FF FF FF FF FF FF FF FF FF FF FF FF FF FF FF FF FF FF FF | ................................
2005191051 HOST>RADIO    4 | FF FF FF FF | ....
2005199218 RADIO>HOST    1 | 06 | .
2005199646 HOST>RADIO   32 | FF FF FF FF FF FF FF FF FF FF FF FF FF FF FF FF FF FF FF FF FF FF FF FF FF FF FF FF FF FF FF FF | ................................
2005199690 HOST>RADIO   32 | FF FF FF FF FF FF FF FF FF FF FF FF FF FF FF FF FF FF FF FF FF FF FF FF FF FF FF FF FF FF FF FF | ................................
2005202455 HOST>RADIO   32 | FF FF FF FF FF FF FF FF FF FF FF FF FF FF FF FF FF FF FF FF FF FF FF FF FF FF FF FF FF FF FF FF | ................................
2005205242 HOST>RADIO    4 | FF FF FF FF | ....
2005213402 RADIO>HOST    1 | 06 | .
2005213900 HOST>RADIO   32 | FF FF FF FF FF FF FF FF FF FF FF FF FF FF FF FF FF FF FF FF FF FF FF FF FF FF FF FF FF FF FF FF | ................................
2005214035 HOST>RADIO   32 | FF FF FF FF FF FF FF FF FF FF FF FF FF FF FF FF FF FF FF FF FF FF FF FF FF FF FF FF FF FF FF FF | ................................
2005216780 HOST>RADIO   32 | FF FF FF FF FF FF FF FF FF FF FF FF FF FF FF FF FF FF FF FF FF FF FF FF FF FF FF FF FF FF FF FF | ................................
2005219550 HOST>RADIO    4 | FF FF FF FF | ....
2005227722 RADIO>HOST    1 | 06 | .
2005228228 HOST>RADIO   32 | FF FF FF FF FF FF FF FF FF FF FF FF FF FF FF FF FF FF FF FF FF FF FF FF FF FF FF FF FF FF FF FF | ................................
2005228270 HOST>RADIO   32 | FF FF FF FF FF FF FF FF FF FF FF FF FF FF FF FF FF FF FF FF FF FF FF FF FF FF FF FF FF FF FF FF | ................................
2005231105 HOST>RADIO   32 | FF FF FF FF FF FF FF FF FF FF FF FF FF FF FF FF FF FF FF FF FF FF FF FF FF FF FF FF FF FF FF FF | ................................
2005233835 HOST>RADIO    4 | FF FF FF FF | ....
2005242043 RADIO>HOST    1 | 06 | .
2005242547 HOST>RADIO   32 | FF FF FF FF FF FF FF FF FF FF FF FF FF FF FF FF FF FF FF FF FF FF FF FF FF FF FF FF FF FF FF FF | ................................
2005242590 HOST>RADIO   32 | FF FF FF FF FF FF FF FF FF FF FF FF FF FF FF FF FF FF FF FF FF FF FF FF FF FF FF FF FF FF FF FF | ................................
2005245410 HOST>RADIO   32 | FF FF FF FF FF FF FF FF FF FF FF FF FF FF FF FF FF FF FF FF FF FF FF FF FF FF FF FF FF FF FF FF | ................................
2005248201 HOST>RADIO    4 | FF FF FF FF | ....
2005256337 RADIO>HOST    1 | 06 | .
2005256844 HOST>RADIO   32 | FF FF FF FF FF FF FF FF FF FF FF FF FF FF FF FF FF FF FF FF FF FF FF FF FF FF FF FF FF FF FF FF | ................................
2005256887 HOST>RADIO   32 | FF FF FF FF FF FF FF FF FF FF FF FF FF FF FF FF FF FF FF FF FF FF FF FF FF FF FF FF FF FF FF FF | ................................
2005259702 HOST>RADIO   32 | FF FF FF FF FF FF FF FF FF FF FF FF FF FF FF FF FF FF FF FF FF FF FF FF FF FF FF FF FF FF FF FF | ................................
2005262484 HOST>RADIO    4 | FF FF FF FF | ....
2005270652 RADIO>HOST    1 | 06 | .
2005271095 HOST>RADIO   32 | FF FF FF FF FF FF FF FF FF FF FF FF FF FF FF FF FF FF FF FF FF FF FF FF FF FF FF FF FF FF FF FF | ................................
2005271141 HOST>RADIO   32 | FF FF FF FF FF FF FF FF FF FF FF FF FF FF FF FF FF FF FF FF FF FF FF FF FF FF FF FF FF FF FF FF | ................................
2005274052 HOST>RADIO   32 | FF FF FF FF FF FF FF FF FF FF FF FF FF FF FF FF FF FF FF FF FF FF FF FF FF FF FF FF FF FF FF FF | ................................
2005276694 HOST>RADIO    4 | FF FF FF FF | ....
2005284819 RADIO>HOST    1 | 06 | .
2005285247 HOST>RADIO   32 | FF FF FF FF FF FF FF FF FF FF FF FF FF FF FF FF FF FF FF FF FF FF FF FF FF FF FF FF FF FF FF FF | ................................
2005285294 HOST>RADIO   32 | FF FF FF FF FF FF FF FF FF FF FF FF FF FF FF FF FF FF FF FF FF FF FF FF FF FF FF FF FF FF FF FF | ................................
2005288129 HOST>RADIO   32 | FF FF FF FF FF FF FF FF FF FF FF FF FF FF FF FF FF FF FF FF FF FF FF FF FF FF FF FF FF FF FF FF | ................................
2005290905 HOST>RADIO    4 | FF FF FF FF | ....
2005299041 RADIO>HOST    1 | 06 | .
2005299414 HOST>RADIO   32 | FF FF FF FF FF FF FF FF FF FF FF FF FF FF FF FF FF FF FF FF FF FF FF FF FF FF FF FF FF FF FF FF | ................................
2005299460 HOST>RADIO   32 | FF FF FF FF FF FF FF FF FF FF FF FF FF FF FF FF FF FF FF FF FF FF FF FF FF FF FF FF FF FF FF FF | ................................
2005302268 HOST>RADIO   32 | FF FF FF FF FF FF FF FF FF FF FF FF FF FF FF FF FF FF FF FF FF FF FF FF FF FF FF FF FF FF FF FF | ................................
2005305052 HOST>RADIO    4 | FF FF FF FF | ....
2005313313 RADIO>HOST    1 | 06 | .
2005313687 HOST>RADIO   32 | FF FF FF FF FF FF FF FF FF FF FF FF FF FF FF FF FF FF FF FF FF FF FF FF FF FF FF FF FF FF FF FF | ................................
2005313733 HOST>RADIO   32 | FF FF FF FF FF FF FF FF FF FF FF FF FF FF FF FF FF FF FF FF FF FF FF FF FF FF FF FF FF FF FF FF | ................................
2005316561 HOST>RADIO   32 | FF FF FF FF FF FF FF FF FF FF FF FF FF FF FF FF FF FF FF FF FF FF FF FF FF FF FF FF FF FF FF FF | ................................
2005319328 HOST>RADIO    4 | FF FF FF FF | ....
2005327429 RADIO>HOST    1 | 06 | .
2005327863 HOST>RADIO   32 | FF FF FF FF FF FF FF FF FF FF FF FF FF FF FF FF FF FF FF FF FF FF FF FF FF FF FF FF FF FF FF FF | ................................
2005327908 HOST>RADIO   32 | FF FF FF FF FF FF FF FF FF FF FF FF FF FF FF FF FF FF FF FF FF FF FF FF FF FF FF FF FF FF FF FF | ................................
2005330711 HOST>RADIO   32 | FF FF FF FF FF FF FF FF FF FF FF FF FF FF FF FF FF FF FF FF FF FF FF FF FF FF FF FF FF FF FF FF | ................................
2005333486 HOST>RADIO    4 | FF FF FF FF | ....
2005341592 RADIO>HOST    1 | 06 | .
2005342115 HOST>RADIO   32 | FF FF FF FF FF FF FF FF FF FF FF FF FF FF FF FF FF FF FF FF FF FF FF FF FF FF FF FF FF FF FF FF | ................................
2005342158 HOST>RADIO   32 | FF FF FF FF FF FF FF FF FF FF FF FF FF FF FF FF FF FF FF FF FF FF FF FF FF FF FF FF FF FF FF FF | ................................
2005345063 HOST>RADIO   32 | FF FF FF FF FF FF FF FF FF FF FF FF FF FF FF FF FF FF FF FF FF FF FF FF FF FF FF FF FF FF FF FF | ................................
2005347773 HOST>RADIO    4 | FF FF FF FF | ....
2005355905 RADIO>HOST    1 | 06 | .
2005356304 HOST>RADIO   32 | FF FF FF FF FF FF FF FF FF FF FF FF FF FF FF FF FF FF FF FF FF FF FF FF FF FF FF FF FF FF FF FF | ................................
2005356348 HOST>RADIO   32 | FF FF FF FF FF FF FF FF FF FF FF FF FF FF FF FF FF FF FF FF FF FF FF FF FF FF FF FF FF FF FF FF | ................................
2005359170 HOST>RADIO   32 | FF FF FF FF FF FF FF FF FF FF FF FF FF FF FF FF FF FF FF FF FF FF FF FF FF FF FF FF FF FF FF FF | ................................
2005361905 HOST>RADIO    4 | FF FF FF FF | ....
2005370062 RADIO>HOST    1 | 06 | .
2005370447 HOST>RADIO   32 | FF FF FF FF FF FF FF FF FF FF FF FF FF FF FF FF FF FF FF FF FF FF FF FF FF FF FF FF FF FF FF FF | ................................
2005370492 HOST>RADIO   32 | FF FF FF FF FF FF FF FF FF FF FF FF FF FF FF FF FF FF FF FF FF FF FF FF FF FF FF FF FF FF FF FF | ................................
2005373336 HOST>RADIO   32 | FF FF FF FF FF FF FF FF FF FF FF FF FF FF FF FF FF FF FF FF FF FF FF FF FF FF FF FF FF FF FF FF | ................................
2005376045 HOST>RADIO    4 | FF FF FF FF | ....
2005384171 RADIO>HOST    1 | 06 | .
2005384567 HOST>RADIO   32 | FF FF FF FF FF FF FF FF FF FF FF FF FF FF FF FF FF FF FF FF FF FF FF FF FF FF FF FF FF FF FF FF | ................................
2005384614 HOST>RADIO   32 | FF FF FF FF FF FF FF FF FF FF FF FF FF FF FF FF FF FF FF FF FF FF FF FF FF FF FF FF FF FF FF FF | ................................
2005387416 HOST>RADIO   32 | FF FF FF FF FF FF FF FF FF FF FF FF FF FF FF FF FF FF FF FF FF FF FF FF FF FF FF FF FF FF FF FF | ................................
2005390197 HOST>RADIO    4 | FF FF FF FF | ....
2005398386 RADIO>HOST    1 | 06 | .
2005398866 HOST>RADIO   32 | FF FF FF FF FF FF FF FF FF FF FF FF FF FF FF FF FF FF FF FF FF FF FF FF FF FF FF FF FF FF FF FF | ................................
2005398908 HOST>RADIO   32 | FF FF FF FF FF FF FF FF FF FF FF FF FF FF FF FF FF FF FF FF FF FF FF FF FF FF FF FF FF FF FF FF | ................................
2005401690 HOST>RADIO   32 | FF FF FF FF FF FF FF FF FF FF FF FF FF FF FF FF FF FF FF FF FF FF FF FF FF FF FF FF FF FF FF FF | ................................
2005404481 HOST>RADIO    4 | FF FF FF FF | ....
2005412699 RADIO>HOST    1 | 06 | .
2005413219 HOST>RADIO   32 | FF FF FF FF FF FF FF FF FF FF FF FF FF FF FF FF FF FF FF FF FF FF FF FF FF FF FF FF FF FF FF FF | ................................
2005413260 HOST>RADIO   32 | FF FF FF FF FF FF FF FF FF FF FF FF FF FF FF FF FF FF FF FF FF FF FF FF FF FF FF FF FF FF FF FF | ................................
2005416060 HOST>RADIO   32 | FF FF FF FF FF FF FF FF FF FF FF FF FF FF FF FF FF FF FF FF FF FF FF FF FF FF FF FF FF FF FF FF | ................................
2005418843 HOST>RADIO    4 | FF FF FF FF | ....
2005427039 RADIO>HOST    1 | 06 | .
2005427465 HOST>RADIO   32 | FF FF FF FF FF FF FF FF FF FF FF FF FF FF FF FF FF FF FF FF FF FF FF FF FF FF FF FF FF FF FF FF | ................................
2005427511 HOST>RADIO   32 | FF FF FF FF FF FF FF FF FF FF FF FF FF FF FF FF FF FF FF FF FF FF FF FF FF FF FF FF FF FF FF FF | ................................
2005430316 HOST>RADIO   32 | FF FF FF FF FF FF FF FF FF FF FF FF FF FF FF FF FF FF FF FF FF FF FF FF FF FF FF FF FF FF FF FF | ................................
2005433097 HOST>RADIO    4 | FF FF FF FF | ....
2005441361 RADIO>HOST    1 | 06 | .
2005441843 HOST>RADIO   32 | FF FF FF FF FF FF FF FF FF FF FF FF FF FF FF FF FF FF FF FF FF FF FF FF FF FF FF FF FF FF FF FF | ................................
2005441886 HOST>RADIO   32 | FF FF FF FF FF FF FF FF FF FF FF FF FF FF FF FF FF FF FF FF FF FF FF FF FF FF FF FF FF FF FF FF | ................................
2005444694 HOST>RADIO   32 | FF FF FF FF FF FF FF FF FF FF FF FF FF FF FF FF FF FF FF FF FF FF FF FF FF FF FF FF FF FF FF FF | ................................
2005447486 HOST>RADIO    4 | FF FF FF FF | ....
2005455680 RADIO>HOST    1 | 06 | .
2005456114 HOST>RADIO   32 | FF FF FF FF FF FF FF FF FF FF FF FF FF FF FF FF FF FF FF FF FF FF FF FF FF FF FF FF FF FF FF FF | ................................
2005456159 HOST>RADIO   32 | FF FF FF FF FF FF FF FF FF FF FF FF FF FF FF FF FF FF FF FF FF FF FF FF FF FF FF FF FF FF FF FF | ................................
2005459053 HOST>RADIO   32 | FF FF FF FF FF FF FF FF FF FF FF FF FF FF FF FF FF FF FF FF FF FF FF FF FF FF FF FF FF FF FF FF | ................................
2005461770 HOST>RADIO    4 | FF FF FF FF | ....
2005472028 RADIO>HOST    1 | 06 | .
2005472464 HOST>RADIO   32 | FF FF FF FF FF FF FF FF FF FF FF FF FF FF FF FF FF FF FF FF FF FF FF FF FF FF FF FF FF FF FF FF | ................................
2005472509 HOST>RADIO   32 | FF FF FF FF FF FF FF FF FF FF FF FF FF FF FF FF FF FF FF FF FF FF FF FF FF FF FF FF FF FF FF FF | ................................
2005475336 HOST>RADIO   32 | FF FF FF FF FF FF FF FF FF FF FF FF FF FF FF FF FF FF FF FF FF FF FF FF FF FF FF FF FF FF FF FF | ................................
2005478121 HOST>RADIO    4 | FF FF FF FF | ....
2005486198 RADIO>HOST    1 | 06 | .
2005486620 HOST>RADIO   32 | FF FF FF FF FF FF FF FF FF FF FF FF FF FF FF FF FF FF FF FF FF FF FF FF FF FF FF FF FF FF FF FF | ................................
2005486666 HOST>RADIO   32 | FF FF FF FF FF FF FF FF FF FF FF FF FF FF FF FF FF FF FF FF FF FF FF FF FF FF FF FF FF FF FF FF | ................................
2005489482 HOST>RADIO   32 | FF FF FF FF FF FF FF FF FF FF FF FF FF FF FF FF FF FF FF FF FF FF FF FF FF FF FF FF FF FF FF FF | ................................
2005492267 HOST>RADIO    4 | FF FF FF FF | ....
2005500339 RADIO>HOST    1 | 06 | .
2005500764 HOST>RADIO   32 | FF FF FF FF FF FF FF FF FF FF FF FF FF FF FF FF FF FF FF FF FF FF FF FF FF FF FF FF FF FF FF FF | ................................
2005500810 HOST>RADIO   32 | FF FF FF FF FF FF FF FF FF FF FF FF FF FF FF FF FF FF FF FF FF FF FF FF FF FF FF FF FF FF FF FF | ................................
2005503610 HOST>RADIO   32 | FF FF FF FF FF FF FF FF FF FF FF FF FF FF FF FF FF FF FF FF FF FF FF FF FF FF FF FF FF FF FF FF | ................................
2005506407 HOST>RADIO    4 | FF FF FF FF | ....
2005514473 RADIO>HOST    1 | 06 | .
2005514902 HOST>RADIO   32 | FF FF FF FF FF FF FF FF FF FF FF FF FF FF FF FF FF FF FF FF FF FF FF FF FF FF FF FF FF FF FF FF | ................................
2005515039 HOST>RADIO   32 | FF FF FF FF FF FF FF FF FF FF FF FF FF FF FF FF FF FF FF FF FF FF FF FF FF FF FF FF FF FF FF FF | ................................
2005517748 HOST>RADIO   32 | FF FF FF FF FF FF FF FF FF FF FF FF FF FF FF FF FF FF FF FF FF FF FF FF FF FF FF FF FF FF FF FF | ................................
2005520555 HOST>RADIO    4 | FF FF FF FF | ....
2005528654 RADIO>HOST    1 | 06 | .
2005529045 HOST>RADIO   32 | FF FF FF FF FF FF FF FF FF FF FF FF FF FF FF FF FF FF FF FF FF FF FF FF FF FF FF FF FF FF FF FF | ................................
2005529090 HOST>RADIO   32 | FF FF FF FF FF FF FF FF FF FF FF FF FF FF FF FF FF FF FF FF FF FF FF FF FF FF FF FF FF FF FF FF | ................................
2005531942 HOST>RADIO   32 | FF FF FF FF FF FF FF FF FF FF FF FF FF FF FF FF FF FF FF FF FF FF FF FF FF FF FF FF FF FF FF FF | ................................
2005534679 HOST>RADIO    4 | FF FF FF FF | ....
2005542817 RADIO>HOST    1 | 06 | .
2005543281 HOST>RADIO   32 | FF FF FF FF FF FF FF FF FF FF FF FF FF FF FF FF FF FF FF FF FF FF FF FF FF FF FF FF FF FF FF FF | ................................
2005543326 HOST>RADIO   32 | FF FF FF FF FF FF FF FF FF FF FF FF FF FF FF FF FF FF FF FF FF FF FF FF FF FF FF FF FF FF FF FF | ................................
2005546131 HOST>RADIO   32 | FF FF FF FF FF FF FF FF FF FF FF FF FF FF FF FF FF FF FF FF FF FF FF FF FF FF FF FF FF FF FF FF | ................................
2005548907 HOST>RADIO    4 | FF FF FF FF | ....
2005557130 RADIO>HOST    1 | 06 | .
2005557548 HOST>RADIO   32 | FF FF FF FF FF FF FF FF FF FF FF FF FF FF FF FF FF FF FF FF FF FF FF FF FF FF FF FF FF FF FF FF | ................................
2005557594 HOST>RADIO   32 | FF FF FF FF FF FF FF FF FF FF FF FF FF FF FF FF FF FF FF FF FF FF FF FF FF FF FF FF FF FF FF FF | ................................
2005560416 HOST>RADIO   32 | FF FF FF FF FF FF FF FF FF FF FF FF FF FF FF FF FF FF FF FF FF FF FF FF FF FF FF FF FF FF FF FF | ................................
2005563172 HOST>RADIO    4 | FF FF FF FF | ....
2005571243 RADIO>HOST    1 | 06 | .
2005571644 HOST>RADIO   32 | FF FF FF FF FF FF FF FF FF FF FF FF FF FF FF FF FF FF FF FF FF FF FF FF FF FF FF FF FF FF FF FF | ................................
2005571690 HOST>RADIO   32 | FF FF FF FF FF FF FF FF FF FF FF FF FF FF FF FF FF FF FF FF FF FF FF FF FF FF FF FF FF FF FF FF | ................................
2005574484 HOST>RADIO   32 | FF FF FF FF FF FF FF FF FF FF FF FF FF FF FF FF FF FF FF FF FF FF FF FF FF FF FF FF FF FF FF FF | ................................
2005577266 HOST>RADIO    4 | FF FF FF FF | ....
2005585378 RADIO>HOST    1 | 06 | .
2005586022 HOST>RADIO   32 | FF FF FF FF FF FF FF FF FF FF FF FF FF FF FF FF FF FF FF FF FF FF FF FF FF FF FF FF FF FF FF FF | ................................
2005586066 HOST>RADIO   32 | FF FF FF FF FF FF FF FF FF FF FF FF FF FF FF FF FF FF FF FF FF FF FF FF FF FF FF FF FF FF FF FF | ................................
2005588877 HOST>RADIO   32 | FF FF FF FF FF FF FF FF FF FF FF FF FF FF FF FF FF FF FF FF FF FF FF FF FF FF FF FF FF FF FF FF | ................................
2005591688 HOST>RADIO    4 | FF FF FF FF | ....
2005599696 RADIO>HOST    1 | 06 | .
2005600046 HOST>RADIO   32 | FF FF FF FF FF FF FF FF FF FF FF FF FF FF FF FF FF FF FF FF FF FF FF FF FF FF FF FF FF FF FF FF | ................................
2005600091 HOST>RADIO   32 | FF FF FF FF FF FF FF FF FF FF FF FF FF FF FF FF FF FF FF FF FF FF FF FF FF FF FF FF FF FF FF FF | ................................
2005602878 HOST>RADIO   32 | FF FF FF FF FF FF FF FF FF FF FF FF FF FF FF FF FF FF FF FF FF FF FF FF FF FF FF FF FF FF FF FF | ................................
2005605697 HOST>RADIO    4 | FF FF FF FF | ....
2005613902 RADIO>HOST    1 | 06 | .
2005614248 HOST>RADIO   32 | FF FF FF FF FF FF FF FF FF FF FF FF FF FF FF FF FF FF FF FF FF FF FF FF FF FF FF FF FF FF FF FF | ................................
2005614289 HOST>RADIO   32 | FF FF FF FF FF FF FF FF FF FF FF FF FF FF FF FF FF FF FF FF FF FF FF FF FF FF FF FF FF FF FF FF | ................................
2005617100 HOST>RADIO   32 | FF FF FF FF FF FF FF FF FF FF FF FF FF FF FF FF FF FF FF FF FF FF FF FF FF FF FF FF FF FF FF FF | ................................
2005619912 HOST>RADIO    4 | FF FF FF FF | ....
2005628040 RADIO>HOST    1 | 06 | .
2005628465 HOST>RADIO   32 | FF FF FF FF FF FF FF FF FF FF FF FF FF FF FF FF FF FF FF FF FF FF FF FF FF FF FF FF FF FF FF FF | ................................
2005628514 HOST>RADIO   32 | FF FF FF FF FF FF FF FF FF FF FF FF FF FF FF FF FF FF FF FF FF FF FF FF FF FF FF FF FF FF FF FF | ................................
2005631310 HOST>RADIO   32 | FF FF FF FF FF FF FF FF FF FF FF FF FF FF FF FF FF FF FF FF FF FF FF FF FF FF FF FF FF FF FF FF | ................................
2005634117 HOST>RADIO    4 | FF FF FF FF | ....
2005642197 RADIO>HOST    1 | 06 | .
2005642618 HOST>RADIO   32 | FF FF FF FF FF FF FF FF FF FF FF FF FF FF FF FF FF FF FF FF FF FF FF FF FF FF FF FF FF FF FF FF | ................................
2005642663 HOST>RADIO   32 | FF FF FF FF FF FF FF FF FF FF FF FF FF FF FF FF FF FF FF FF FF FF FF FF FF FF FF FF FF FF FF FF | ................................
2005645483 HOST>RADIO   32 | FF FF FF FF FF FF FF FF FF FF FF FF FF FF FF FF FF FF FF FF FF FF FF FF FF FF FF FF FF FF FF FF | ................................
2005648272 HOST>RADIO    4 | FF FF FF FF | ....
2005656340 RADIO>HOST    1 | 06 | .
2005656856 HOST>RADIO   32 | FF FF FF FF FF FF FF FF FF FF FF FF FF FF FF FF FF FF FF FF FF FF FF FF FF FF FF FF FF FF FF FF | ................................
2005656900 HOST>RADIO   32 | FF FF FF FF FF FF FF FF FF FF FF FF FF FF FF FF FF FF FF FF FF FF FF FF FF FF FF FF FF FF FF FF | ................................
2005659692 HOST>RADIO   32 | FF FF FF FF FF FF FF FF FF FF FF FF FF FF FF FF FF FF FF FF FF FF FF FF FF FF FF FF FF FF FF FF | ................................
2005662486 HOST>RADIO    4 | FF FF FF FF | ....
2005670698 RADIO>HOST    1 | 06 | .
2005671172 HOST>RADIO   32 | FF FF FF FF FF FF FF FF FF FF FF FF FF FF FF FF FF FF FF FF FF FF FF FF FF FF FF FF FF FF FF FF | ................................
2005671218 HOST>RADIO   32 | FF FF FF FF FF FF FF FF FF FF FF FF FF FF FF FF FF FF FF FF FF FF FF FF FF FF FF FF FF FF FF FF | ................................
2005674028 HOST>RADIO   32 | FF FF FF FF FF FF FF FF FF FF FF FF FF FF FF FF FF FF FF FF FF FF FF FF FF FF FF FF FF FF FF FF | ................................
2005676836 HOST>RADIO    4 | FF FF FF FF | ....
2005685047 RADIO>HOST    1 | 06 | .
2005685460 HOST>RADIO   32 | FF FF FF FF FF FF FF FF FF FF FF FF FF FF FF FF FF FF FF FF FF FF FF FF FF FF FF FF FF FF FF FF | ................................
2005685507 HOST>RADIO   32 | FF FF FF FF FF FF FF FF FF FF FF FF FF FF FF FF FF FF FF FF FF FF FF FF FF FF FF FF FF FF FF FF | ................................
2005688324 HOST>RADIO   32 | FF FF FF FF FF FF FF FF FF FF FF FF FF FF FF FF FF FF FF FF FF FF FF FF FF FF FF FF FF FF FF FF | ................................
2005691124 HOST>RADIO    4 | FF FF FF FF | ....
2005699316 RADIO>HOST    1 | 06 | .
2005699774 HOST>RADIO   32 | FF FF FF FF FF FF FF FF FF FF FF FF FF FF FF FF FF FF FF FF FF FF FF FF FF FF FF FF FF FF FF FF | ................................
2005699817 HOST>RADIO   32 | FF FF FF FF FF FF FF FF FF FF FF FF FF FF FF FF FF FF FF FF FF FF FF FF FF FF FF FF FF FF FF FF | ................................
2005702626 HOST>RADIO   32 | FF FF FF FF FF FF FF FF FF FF FF FF FF FF FF FF FF FF FF FF FF FF FF FF FF FF FF FF FF FF FF FF | ................................
2005705393 HOST>RADIO    4 | FF FF FF FF | ....
2005713635 RADIO>HOST    1 | 06 | .
2005714168 HOST>RADIO   32 | FF FF FF FF FF FF FF FF FF FF FF FF FF FF FF FF FF FF FF FF FF FF FF FF FF FF FF FF FF FF FF FF | ................................
2005714211 HOST>RADIO   32 | FF FF FF FF FF FF FF FF FF FF FF FF FF FF FF FF FF FF FF FF FF FF FF FF FF FF FF FF FF FF FF FF | ................................
2005717051 HOST>RADIO   32 | FF FF FF FF FF FF FF FF FF FF FF FF FF FF FF FF FF FF FF FF FF FF FF FF FF FF FF FF FF FF FF FF | ................................
2005719794 HOST>RADIO    4 | FF FF FF FF | ....
2005728041 RADIO>HOST    1 | 06 | .
2005728502 HOST>RADIO   32 | FF FF FF FF FF FF FF FF FF FF FF FF FF FF FF FF FF FF FF FF FF FF FF FF FF FF FF FF FF FF FF FF | ................................
2005728545 HOST>RADIO   32 | FF FF FF FF FF FF FF FF FF FF FF FF FF FF FF FF FF FF FF FF FF FF FF FF FF FF FF FF FF FF FF FF | ................................
2005731339 HOST>RADIO   32 | FF FF FF FF FF FF FF FF FF FF FF FF FF FF FF FF FF FF FF FF FF FF FF FF FF FF FF FF FF FF FF FF | ................................
2005734107 HOST>RADIO    4 | FF FF FF FF | ....
2005742299 RADIO>HOST    1 | 06 | .
2005742737 HOST>RADIO   32 | FF FF FF FF FF FF FF FF FF FF FF FF FF FF FF FF FF FF FF FF FF FF FF FF FF FF FF FF FF FF FF FF | ................................
2005742784 HOST>RADIO   32 | FF FF FF FF FF FF FF FF FF FF FF FF FF FF FF FF FF FF FF FF FF FF FF FF FF FF FF FF FF FF FF FF | ................................
2005745565 HOST>RADIO   32 | FF FF FF FF FF FF FF FF FF FF FF FF FF FF FF FF FF FF FF FF FF FF FF FF FF FF FF FF FF FF FF FF | ................................
2005748337 HOST>RADIO    4 | FF FF FF FF | ....
2005756611 RADIO>HOST    1 | 06 | .
2005757072 HOST>RADIO   32 | FF FF FF FF FF FF FF FF FF FF FF FF FF FF FF FF FF FF FF FF FF FF FF FF FF FF FF FF FF FF FF FF | ................................
2005757117 HOST>RADIO   32 | FF FF FF FF FF FF FF FF FF FF FF FF FF FF FF FF FF FF FF FF FF FF FF FF FF FF FF FF FF FF FF FF | ................................
2005759942 HOST>RADIO   32 | FF FF FF FF FF FF FF FF FF FF FF FF FF FF FF FF FF FF FF FF FF FF FF FF FF FF FF FF FF FF FF FF | ................................
2005762694 HOST>RADIO    4 | FF FF FF FF | ....
2005771040 RADIO>HOST    1 | 06 | .
2005771500 HOST>RADIO   32 | FF FF FF FF FF FF FF FF FF FF FF FF FF FF FF FF FF FF FF FF FF FF FF FF FF FF FF FF FF FF FF FF | ................................
2005771543 HOST>RADIO   32 | FF FF FF FF FF FF FF FF FF FF FF FF FF FF FF FF FF FF FF FF FF FF FF FF FF FF FF FF FF FF FF FF | ................................
2005774310 HOST>RADIO   32 | FF FF FF FF FF FF FF FF FF FF FF FF FF FF FF FF FF FF FF FF FF FF FF FF FF FF FF FF FF FF FF FF | ................................
2005777101 HOST>RADIO    4 | FF FF FF FF | ....
2005785237 RADIO>HOST    1 | 06 | .
2005785688 HOST>RADIO   32 | FF FF FF FF FF FF FF FF FF FF FF FF FF FF FF FF FF FF FF FF FF FF FF FF FF FF FF FF FF FF FF FF | ................................
2005785736 HOST>RADIO   32 | FF FF FF FF FF FF FF FF FF FF FF FF FF FF FF FF FF FF FF FF FF FF FF FF FF FF FF FF FF FF FF FF | ................................
2005788523 HOST>RADIO   32 | FF FF FF FF FF FF FF FF FF FF FF FF FF FF FF FF FF FF FF FF FF FF FF FF FF FF FF FF FF FF FF FF | ................................
2005791283 HOST>RADIO    4 | FF FF FF FF | ....
2005799553 RADIO>HOST    1 | 06 | .
2005800100 HOST>RADIO   32 | FF FF FF FF FF FF FF FF FF FF FF FF FF FF FF FF FF FF FF FF FF FF FF FF FF FF FF FF FF FF FF FF | ................................
2005800150 HOST>RADIO   32 | FF FF FF FF FF FF FF FF FF FF FF FF FF FF FF FF FF FF FF FF FF FF FF FF FF FF FF FF FF FF FF FF | ................................
2005803022 HOST>RADIO   32 | FF FF FF FF FF FF FF FF FF FF FF FF FF FF FF FF FF FF FF FF FF FF FF FF FF FF FF FF FF FF FF FF | ................................
2005805685 HOST>RADIO    4 | FF FF FF FF | ....
2005813873 RADIO>HOST    1 | 06 | .
2005814290 HOST>RADIO   32 | FF FF FF FF FF FF FF FF FF FF FF FF FF FF FF FF FF FF FF FF FF FF FF FF FF FF FF FF FF FF FF FF | ................................
2005814337 HOST>RADIO   32 | FF FF FF FF FF FF FF FF FF FF FF FF FF FF FF FF FF FF FF FF FF FF FF FF FF FF FF FF FF FF FF FF | ................................
2005817165 HOST>RADIO   32 | FF FF FF FF FF FF FF FF FF FF FF FF FF FF FF FF FF FF FF FF FF FF FF FF FF FF FF FF FF FF FF FF | ................................
2005819875 HOST>RADIO    4 | FF FF FF FF | ....
2005828008 RADIO>HOST    1 | 06 | .
2005828425 HOST>RADIO   32 | FF FF FF FF FF FF FF FF FF FF FF FF FF FF FF FF FF FF FF FF FF FF FF FF FF FF FF FF FF FF FF FF | ................................
2005828475 HOST>RADIO   32 | FF FF FF FF FF FF FF FF FF FF FF FF FF FF FF FF FF FF FF FF FF FF FF FF FF FF FF FF FF FF FF FF | ................................
2005831236 HOST>RADIO   32 | FF FF FF FF FF FF FF FF FF FF FF FF FF FF FF FF FF FF FF FF FF FF FF FF FF FF FF FF FF FF FF FF | ................................
2005834018 HOST>RADIO    4 | FF FF FF FF | ....
2005842164 RADIO>HOST    1 | 06 | .
2005842579 HOST>RADIO   32 | FF FF FF FF FF FF FF FF FF FF FF FF FF FF FF FF FF FF FF FF FF FF FF FF FF FF FF FF FF FF FF FF | ................................
2005842632 HOST>RADIO   32 | FF FF FF FF FF FF FF FF FF FF FF FF FF FF FF FF FF FF FF FF FF FF FF FF FF FF FF FF FF FF FF FF | ................................
2005845450 HOST>RADIO   32 | FF FF FF FF FF FF FF FF FF FF FF FF FF FF FF FF FF FF FF FF FF FF FF FF FF FF FF FF FF FF FF FF | ................................
2005848160 HOST>RADIO    4 | FF FF FF FF | ....
2005856315 RADIO>HOST    1 | 06 | .
2005856727 HOST>RADIO   32 | FF FF FF FF FF FF FF FF FF FF FF FF FF FF FF FF FF FF FF FF FF FF FF FF FF FF FF FF FF FF FF FF | ................................
2005856774 HOST>RADIO   32 | FF FF FF FF FF FF FF FF FF FF FF FF FF FF FF FF FF FF FF FF FF FF FF FF FF FF FF FF FF FF FF FF | ................................
2005859575 HOST>RADIO   32 | FF FF FF FF FF FF FF FF FF FF FF FF FF FF FF FF FF FF FF FF FF FF FF FF FF FF FF FF FF FF FF FF | ................................
2005862305 HOST>RADIO    4 | FF FF FF FF | ....
2005870440 RADIO>HOST    1 | 06 | .
2005870885 HOST>RADIO   32 | FF FF FF FF FF FF FF FF FF FF FF FF FF FF FF FF FF FF FF FF FF FF FF FF FF FF FF FF FF FF FF FF | ................................
2005870935 HOST>RADIO   32 | FF FF FF FF FF FF FF FF FF FF FF FF FF FF FF FF FF FF FF FF FF FF FF FF FF FF FF FF FF FF FF FF | ................................
2005873741 HOST>RADIO   32 | FF FF FF FF FF FF FF FF FF FF FF FF FF FF FF FF FF FF FF FF FF FF FF FF FF FF FF FF FF FF FF FF | ................................
2005876518 HOST>RADIO    4 | FF FF FF FF | ....
2005884619 RADIO>HOST    1 | 06 | .
2005885021 HOST>RADIO   32 | FF FF FF FF FF FF FF FF FF FF FF FF FF FF FF FF FF FF FF FF FF FF FF FF FF FF FF FF FF FF FF FF | ................................
2005885074 HOST>RADIO   32 | FF FF FF FF FF FF FF FF FF FF FF FF FF FF FF FF FF FF FF FF FF FF FF FF FF FF FF FF FF FF FF FF | ................................
2005887861 HOST>RADIO   32 | FF FF FF FF FF FF FF FF FF FF FF FF FF FF FF FF FF FF FF FF FF FF FF FF FF FF FF FF FF FF FF FF | ................................
2005890659 HOST>RADIO    4 | FF FF FF FF | ....
2005898783 RADIO>HOST    1 | 06 | .
2005899286 HOST>RADIO   32 | FF FF FF FF FF FF FF FF FF FF FF FF FF FF FF FF FF FF FF FF FF FF FF FF FF FF FF FF FF FF FF FF | ................................
2005899336 HOST>RADIO   32 | FF FF FF FF FF FF FF FF FF FF FF FF FF FF FF FF FF FF FF FF FF FF FF FF FF FF FF FF FF FF FF FF | ................................
2005902099 HOST>RADIO   32 | FF FF FF FF FF FF FF FF FF FF FF FF FF FF FF FF FF FF FF FF FF FF FF FF FF FF FF FF FF FF FF FF | ................................
2005904883 HOST>RADIO    4 | FF FF FF FF | ....
2005913096 RADIO>HOST    1 | 06 | .
2005913483 HOST>RADIO   32 | FF FF FF FF FF FF FF FF FF FF FF FF FF FF FF FF FF FF FF FF FF FF FF FF FF FF FF FF FF FF FF FF | ................................
2005913532 HOST>RADIO   32 | FF FF FF FF FF FF FF FF FF FF FF FF FF FF FF FF FF FF FF FF FF FF FF FF FF FF FF FF FF FF FF FF | ................................
2005916306 HOST>RADIO   32 | FF FF FF FF FF FF FF FF FF FF FF FF FF FF FF FF FF FF FF FF FF FF FF FF FF FF FF FF FF FF FF FF | ................................
2005919062 HOST>RADIO    4 | FF FF FF FF | ....
2005929462 RADIO>HOST    1 | 06 | .
2005929860 HOST>RADIO   32 | FF FF FF FF FF FF FF FF FF FF FF FF FF FF FF FF FF FF FF FF FF FF FF FF FF FF FF FF FF FF FF FF | ................................
2005929911 HOST>RADIO   32 | FF FF FF FF FF FF FF FF FF FF FF FF FF FF FF FF FF FF FF FF FF FF FF FF FF FF FF FF FF FF FF FF | ................................
2005932681 HOST>RADIO   32 | FF FF FF FF FF FF FF FF FF FF FF FF FF FF FF FF FF FF FF FF FF FF FF FF FF FF FF FF FF FF FF FF | ................................
2005935498 HOST>RADIO    4 | FF FF FF FF | ....
2005943597 RADIO>HOST    1 | 06 | .
2005944020 HOST>RADIO   32 | FF FF FF FF FF FF FF FF FF FF FF FF FF FF FF FF FF FF FF FF FF FF FF FF FF FF FF FF FF FF FF FF | ................................
2005944070 HOST>RADIO   32 | FF FF FF FF FF FF FF FF FF FF FF FF FF FF FF FF FF FF FF FF FF FF FF FF FF FF FF FF FF FF FF FF | ................................
2005946875 HOST>RADIO   32 | FF FF FF FF FF FF FF FF FF FF FF FF FF FF FF FF FF FF FF FF FF FF FF FF FF FF FF FF FF FF FF FF | ................................
2005949658 HOST>RADIO    4 | FF FF FF FF | ....
2005957782 RADIO>HOST    1 | 06 | .
2005958259 HOST>RADIO   32 | FF FF FF FF FF FF FF FF FF FF FF FF FF FF FF FF FF FF FF FF FF FF FF FF FF FF FF FF FF FF FF FF | ................................
2005958310 HOST>RADIO   32 | FF FF FF FF FF FF FF FF FF FF FF FF FF FF FF FF FF FF FF FF FF FF FF FF FF FF FF FF FF FF FF FF | ................................
2005961092 HOST>RADIO   32 | FF FF FF FF FF FF FF FF FF FF FF FF FF FF FF FF FF FF FF FF FF FF FF FF FF FF FF FF FF FF FF FF | ................................
2005963908 HOST>RADIO    4 | FF FF FF FF | ....
2005972074 RADIO>HOST    1 | 06 | .
2005972435 HOST>RADIO   32 | FF FF FF FF FF FF FF FF FF FF FF FF FF FF FF FF FF FF FF FF FF FF FF FF FF FF FF FF FF FF FF FF | ................................
2005972483 HOST>RADIO   32 | FF FF FF FF FF FF FF FF FF FF FF FF FF FF FF FF FF FF FF FF FF FF FF FF FF FF FF FF FF FF FF FF | ................................
2005975238 HOST>RADIO   32 | FF FF FF FF FF FF FF FF FF FF FF FF FF FF FF FF FF FF FF FF FF FF FF FF FF FF FF FF FF FF FF FF | ................................
2005978020 HOST>RADIO    4 | FF FF FF FF | ....
2005986261 RADIO>HOST    1 | 06 | .
2005986620 HOST>RADIO   32 | FF FF FF FF FF FF FF FF FF FF FF FF FF FF FF FF FF FF FF FF FF FF FF FF FF FF FF FF FF FF FF FF | ................................
2005986669 HOST>RADIO   32 | FF FF FF FF FF FF FF FF FF FF FF FF FF FF FF FF FF FF FF FF FF FF FF FF FF FF FF FF FF FF FF FF | ................................
2005989431 HOST>RADIO   32 | FF FF FF FF FF FF FF FF FF FF FF FF FF FF FF FF FF FF FF FF FF FF FF FF FF FF FF FF FF FF FF FF | ................................
2005992234 HOST>RADIO    4 | FF FF FF FF | ....
2006000395 RADIO>HOST    1 | 06 | .
2006000743 HOST>RADIO   32 | FF FF FF FF FF FF FF FF FF FF FF FF FF FF FF FF FF FF FF FF FF FF FF FF FF FF FF FF FF FF FF FF | ................................
2006000796 HOST>RADIO   32 | FF FF FF FF FF FF FF FF FF FF FF FF FF FF FF FF FF FF FF FF FF FF FF FF FF FF FF FF FF FF FF FF | ................................
2006003592 HOST>RADIO   32 | FF FF FF FF FF FF FF FF FF FF FF FF FF FF FF FF FF FF FF FF FF FF FF FF FF FF FF FF FF FF FF FF | ................................
2006006382 HOST>RADIO    4 | FF FF FF FF | ....
2006014531 RADIO>HOST    1 | 06 | .
2006014897 HOST>RADIO   32 | FF FF FF FF FF FF FF FF FF FF FF FF FF FF FF FF FF FF FF FF FF FF FF FF FF FF FF FF FF FF FF FF | ................................
2006015058 HOST>RADIO   32 | FF FF FF FF FF FF FF FF FF FF FF FF FF FF FF FF FF FF FF FF FF FF FF FF FF FF FF FF FF FF FF FF | ................................
2006017735 HOST>RADIO   32 | FF FF FF FF FF FF FF FF FF FF FF FF FF FF FF FF FF FF FF FF FF FF FF FF FF FF FF FF FF FF FF FF | ................................
2006020519 HOST>RADIO    4 | FF FF FF FF | ....
2006028714 RADIO>HOST    1 | 06 | .
2006029152 HOST>RADIO   32 | FF FF FF FF FF FF FF FF FF FF FF FF FF FF FF FF FF FF FF FF FF FF FF FF FF FF FF FF FF FF FF FF | ................................
2006029203 HOST>RADIO   32 | FF FF FF FF FF FF FF FF FF FF FF FF FF FF FF FF FF FF FF FF FF FF FF FF FF FF FF FF FF FF FF FF | ................................
2006032021 HOST>RADIO   32 | FF FF FF FF FF FF FF FF FF FF FF FF FF FF FF FF FF FF FF FF FF FF FF FF FF FF FF FF FF FF FF FF | ................................
2006034734 HOST>RADIO    4 | FF FF FF FF | ....
2006042829 RADIO>HOST    1 | 06 | .
2006043188 HOST>RADIO   32 | FF FF FF FF FF FF FF FF FF FF FF FF FF FF FF FF FF FF FF FF FF FF FF FF FF FF FF FF FF FF FF FF | ................................
2006043240 HOST>RADIO   32 | FF FF FF FF FF FF FF FF FF FF FF FF FF FF FF FF FF FF FF FF FF FF FF FF FF FF FF FF FF FF FF FF | ................................
2006046019 HOST>RADIO   32 | FF FF FF FF FF FF FF FF FF FF FF FF FF FF FF FF FF FF FF FF FF FF FF FF FF FF FF FF FF FF FF FF | ................................
2006048825 HOST>RADIO    4 | FF FF FF FF | ....
2006057011 RADIO>HOST    1 | 06 | .
2006057345 HOST>RADIO   32 | FF FF FF FF FF FF FF FF FF FF FF FF FF FF FF FF FF FF FF FF FF FF FF FF FF FF FF FF FF FF FF FF | ................................
2006057395 HOST>RADIO   32 | FF FF FF FF FF FF FF FF FF FF FF FF FF FF FF FF FF FF FF FF FF FF FF FF FF FF FF FF FF FF FF FF | ................................
2006060160 HOST>RADIO   32 | FF FF FF FF FF FF FF FF FF FF FF FF FF FF FF FF FF FF FF FF FF FF FF FF FF FF FF FF FF FF FF FF | ................................
2006063073 HOST>RADIO    4 | FF FF FF FF | ....
2006071141 RADIO>HOST    1 | 06 | .
2006071492 HOST>RADIO   32 | FF FF FF FF FF FF FF FF FF FF FF FF FF FF FF FF FF FF FF FF FF FF FF FF FF FF FF FF FF FF FF FF | ................................
2006071541 HOST>RADIO   32 | FF FF FF FF FF FF FF FF FF FF FF FF FF FF FF FF FF FF FF FF FF FF FF FF FF FF FF FF FF FF FF FF | ................................
2006074306 HOST>RADIO   32 | FF FF FF FF FF FF FF FF FF FF FF FF FF FF FF FF FF FF FF FF FF FF FF FF FF FF FF FF FF FF FF FF | ................................
2006077091 HOST>RADIO    4 | FF FF FF FF | ....
2006085281 RADIO>HOST    1 | 06 | .
2006085673 HOST>RADIO   32 | FF FF FF FF FF FF FF FF FF FF FF FF FF FF FF FF FF FF FF FF FF FF FF FF FF FF FF FF FF FF FF FF | ................................
2006085721 HOST>RADIO   32 | FF FF FF FF FF FF FF FF FF FF FF FF FF FF FF FF FF FF FF FF FF FF FF FF FF FF FF FF FF FF FF FF | ................................
2006088522 HOST>RADIO   32 | FF FF FF FF FF FF FF FF FF FF FF FF FF FF FF FF FF FF FF FF FF FF FF FF FF FF FF FF FF FF FF FF | ................................
2006091304 HOST>RADIO    4 | FF FF FF FF | ....
2006099463 RADIO>HOST    1 | 06 | .
2006099809 HOST>RADIO   32 | FF FF FF FF FF FF FF FF FF FF FF FF FF FF FF FF FF FF FF FF FF FF FF FF FF FF FF FF FF FF FF FF | ................................
2006099860 HOST>RADIO   32 | FF FF FF FF FF FF FF FF FF FF FF FF FF FF FF FF FF FF FF FF FF FF FF FF FF FF FF FF FF FF FF FF | ................................
2006102664 HOST>RADIO   32 | FF FF FF FF FF FF FF FF FF FF FF FF FF FF FF FF FF FF FF FF FF FF FF FF FF FF FF FF FF FF FF FF | ................................
2006105383 HOST>RADIO    4 | FF FF FF FF | ....
2006113599 RADIO>HOST    1 | 06 | .
2006114019 HOST>RADIO   32 | FF FF FF FF FF FF FF FF FF FF FF FF FF FF FF FF FF FF FF FF FF FF FF FF FF FF FF FF FF FF FF FF | ................................
2006114068 HOST>RADIO   32 | FF FF FF FF FF FF FF FF FF FF FF FF FF FF FF FF FF FF FF FF FF FF FF FF FF FF FF FF FF FF FF FF | ................................
2006116876 HOST>RADIO   32 | FF FF FF FF FF FF FF FF FF FF FF FF FF FF FF FF FF FF FF FF FF FF FF FF FF FF FF FF FF FF FF FF | ................................
2006119659 HOST>RADIO    4 | FF FF FF FF | ....
2006127763 RADIO>HOST    1 | 06 | .
2006128102 HOST>RADIO   32 | FF FF FF FF FF FF FF FF FF FF FF FF FF FF FF FF FF FF FF FF FF FF FF FF FF FF FF FF FF FF FF FF | ................................
2006128152 HOST>RADIO   32 | FF FF FF FF FF FF FF FF FF FF FF FF FF FF FF FF FF FF FF FF FF FF FF FF FF FF FF FF FF FF FF FF | ................................
2006131020 HOST>RADIO   32 | FF FF FF FF FF FF FF FF FF FF FF FF FF FF FF FF FF FF FF FF FF FF FF FF FF FF FF FF FF FF FF FF | ................................
2006133686 HOST>RADIO    4 | FF FF FF FF | ....
2006141917 RADIO>HOST    1 | 06 | .
2006142292 HOST>RADIO   32 | FF FF FF FF FF FF FF FF FF FF FF FF FF FF FF FF FF FF FF FF FF FF FF FF FF FF FF FF FF FF FF FF | ................................
2006142342 HOST>RADIO   32 | FF FF FF FF FF FF FF FF FF FF FF FF FF FF FF FF FF FF FF FF FF FF FF FF FF FF FF FF FF FF FF FF | ................................
2006145103 HOST>RADIO   32 | FF FF FF FF FF FF FF FF FF FF FF FF FF FF FF FF FF FF FF FF FF FF FF FF FF FF FF FF FF FF FF FF | ................................
2006147874 HOST>RADIO    4 | FF FF FF FF | ....
2006156074 RADIO>HOST    1 | 06 | .
2006156484 HOST>RADIO   32 | FF FF FF FF FF FF FF FF FF FF FF FF FF FF FF FF FF FF FF FF FF FF FF FF FF FF FF FF FF FF FF FF | ................................
2006156534 HOST>RADIO   32 | FF FF FF FF FF FF FF FF FF FF FF FF FF FF FF FF FF FF FF FF FF FF FF FF FF FF FF FF FF FF FF FF | ................................
2006159331 HOST>RADIO   32 | FF FF FF FF FF FF FF FF FF FF FF FF FF FF FF FF FF FF FF FF FF FF FF FF FF FF FF FF FF FF FF FF | ................................
2006162097 HOST>RADIO    4 | FF FF FF FF | ....
2006170214 RADIO>HOST    1 | 06 | .
2006170632 HOST>RADIO   32 | FF FF FF FF FF FF FF FF FF FF FF FF FF FF FF FF FF FF FF FF FF FF FF FF FF FF FF FF FF FF FF FF | ................................
2006170681 HOST>RADIO   32 | FF FF FF FF FF FF FF FF FF FF FF FF FF FF FF FF FF FF FF FF FF FF FF FF FF FF FF FF FF FF FF FF | ................................
2006173456 HOST>RADIO   32 | FF FF FF FF FF FF FF FF FF FF FF FF FF FF FF FF FF FF FF FF FF FF FF FF FF FF FF FF FF FF FF FF | ................................
2006176238 HOST>RADIO    4 | FF FF FF FF | ....
2006184351 RADIO>HOST    1 | 06 | .
2006184819 HOST>RADIO   32 | FF FF FF FF FF FF FF FF FF FF FF FF FF FF FF FF FF FF FF FF FF FF FF FF FF FF FF FF FF FF FF FF | ................................
2006184868 HOST>RADIO   32 | FF FF FF FF FF FF FF FF FF FF FF FF FF FF FF FF FF FF FF FF FF FF FF FF FF FF FF FF FF FF FF FF | ................................
2006187646 HOST>RADIO   32 | FF FF FF FF FF FF FF FF FF FF FF FF FF FF FF FF FF FF FF FF FF FF FF FF FF FF FF FF FF FF FF FF | ................................
2006190450 HOST>RADIO    4 | FF FF FF FF | ....
2006198534 RADIO>HOST    1 | 06 | .
2006199021 HOST>RADIO   32 | FF FF FF FF FF FF FF FF FF FF FF FF FF FF FF FF FF FF FF FF FF FF FF FF FF FF FF FF FF FF FF FF | ................................
2006199072 HOST>RADIO   32 | FF FF FF FF FF FF FF FF FF FF FF FF FF FF FF FF FF FF FF FF FF FF FF FF FF FF FF FF FF FF FF FF | ................................
2006201842 HOST>RADIO   32 | FF FF FF FF FF FF FF FF FF FF FF FF FF FF FF FF FF FF FF FF FF FF FF FF FF FF FF FF FF FF FF FF | ................................
2006204659 HOST>RADIO    4 | FF FF FF FF | ....
2006212830 RADIO>HOST    1 | 06 | .
2006213257 HOST>RADIO   32 | FF FF FF FF FF FF FF FF FF FF FF FF FF FF FF FF FF FF FF FF FF FF FF FF FF FF FF FF FF FF FF FF | ................................
2006213307 HOST>RADIO   32 | FF FF FF FF FF FF FF FF FF FF FF FF FF FF FF FF FF FF FF FF FF FF FF FF FF FF FF FF FF FF FF FF | ................................
2006216099 HOST>RADIO   32 | FF FF FF FF FF FF FF FF FF FF FF FF FF FF FF FF FF FF FF FF FF FF FF FF FF FF FF FF FF FF FF FF | ................................
2006218875 HOST>RADIO    4 | FF FF FF FF | ....
2006227010 RADIO>HOST    1 | 06 | .
2006227416 HOST>RADIO   32 | FF FF FF FF FF FF FF FF FF FF FF FF FF FF FF FF FF FF FF FF FF FF FF FF FF FF FF FF FF FF FF FF | ................................
2006227465 HOST>RADIO   32 | FF FF FF FF FF FF FF FF FF FF FF FF FF FF FF FF FF FF FF FF FF FF FF FF FF FF FF FF FF FF FF FF | ................................
2006230236 HOST>RADIO   32 | FF FF FF FF FF FF FF FF FF FF FF FF FF FF FF FF FF FF FF FF FF FF FF FF FF FF FF FF FF FF FF FF | ................................
2006233019 HOST>RADIO    4 | FF FF FF FF | ....
2006241143 RADIO>HOST    1 | 06 | .
2006241508 HOST>RADIO   32 | FF FF FF FF FF FF FF FF FF FF FF FF FF FF FF FF FF FF FF FF FF FF FF FF FF FF FF FF FF FF FF FF | ................................
2006241556 HOST>RADIO   32 | FF FF FF FF FF FF FF FF FF FF FF FF FF FF FF FF FF FF FF FF FF FF FF FF FF FF FF FF FF FF FF FF | ................................
2006244376 HOST>RADIO   32 | FF FF FF FF FF FF FF FF FF FF FF FF FF FF FF FF FF FF FF FF FF FF FF FF FF FF FF FF FF FF FF FF | ................................
2006247097 HOST>RADIO    4 | FF FF FF FF | ....
2006255281 RADIO>HOST    1 | 06 | .
2006255638 HOST>RADIO   32 | FF FF FF FF FF FF FF FF FF FF FF FF FF FF FF FF FF FF FF FF FF FF FF FF FF FF FF FF FF FF FF FF | ................................
2006255687 HOST>RADIO   32 | FF FF FF FF FF FF FF FF FF FF FF FF FF FF FF FF FF FF FF FF FF FF FF FF FF FF FF FF FF FF FF FF | ................................
2006258451 HOST>RADIO   32 | FF FF FF FF FF FF FF FF FF FF FF FF FF FF FF FF FF FF FF FF FF FF FF FF FF FF FF FF FF FF FF FF | ................................
2006261236 HOST>RADIO    4 | FF FF FF FF | ....
2006269464 RADIO>HOST    1 | 06 | .
2006269935 HOST>RADIO   32 | FF FF FF FF FF FF FF FF FF FF FF FF FF FF FF FF FF FF FF FF FF FF FF FF FF FF FF FF FF FF FF FF | ................................
2006270031 HOST>RADIO   32 | FF FF FF FF FF FF FF FF FF FF FF FF FF FF FF FF FF FF FF FF FF FF FF FF FF FF FF FF FF FF FF FF | ................................
2006272751 HOST>RADIO   32 | FF FF FF FF FF FF FF FF FF FF FF FF FF FF FF FF FF FF FF FF FF FF FF FF FF FF FF FF FF FF FF FF | ................................
2006275521 HOST>RADIO    4 | FF FF FF FF | ....
2006283783 RADIO>HOST    1 | 06 | .
2006284213 HOST>RADIO   32 | FF FF FF FF FF FF FF FF FF FF FF FF FF FF FF FF FF FF FF FF FF FF FF FF FF FF FF FF FF FF FF FF | ................................
2006284261 HOST>RADIO   32 | FF FF FF FF FF FF FF FF FF FF FF FF FF FF FF FF FF FF FF FF FF FF FF FF FF FF FF FF FF FF FF FF | ................................
2006287076 HOST>RADIO   32 | FF FF FF FF FF FF FF FF FF FF FF FF FF FF FF FF FF FF FF FF FF FF FF FF FF FF FF FF FF FF FF FF | ................................
2006289810 HOST>RADIO    4 | FF FF FF FF | ....
2006298009 RADIO>HOST    1 | 06 | .
2006298343 HOST>RADIO   32 | FF FF FF FF FF FF FF FF FF FF FF FF FF FF FF FF FF FF FF FF FF FF FF FF FF FF FF FF FF FF FF FF | ................................
2006298391 HOST>RADIO   32 | FF FF FF FF FF FF FF FF FF FF FF FF FF FF FF FF FF FF FF FF FF FF FF FF FF FF FF FF FF FF FF FF | ................................
2006301166 HOST>RADIO   32 | FF FF FF FF FF FF FF FF FF FF FF FF FF FF FF FF FF FF FF FF FF FF FF FF FF FF FF FF FF FF FF FF | ................................
2006304030 HOST>RADIO    4 | FF FF FF FF | ....
2006312076 RADIO>HOST    1 | 06 | .
2006312462 HOST>RADIO   32 | FF FF FF FF FF FF FF FF FF FF FF FF FF FF FF FF FF FF FF FF FF FF FF FF FF FF FF FF FF FF FF FF | ................................
2006312511 HOST>RADIO   32 | FF FF FF FF FF FF FF FF FF FF FF FF FF FF FF FF FF FF FF FF FF FF FF FF FF FF FF FF FF FF FF FF | ................................
2006315308 HOST>RADIO   32 | FF FF FF FF FF FF FF FF FF FF FF FF FF FF FF FF FF FF FF FF FF FF FF FF FF FF FF FF FF FF FF FF | ................................
2006318100 HOST>RADIO    4 | FF FF FF FF | ....
2006326263 RADIO>HOST    1 | 06 | .
2006326667 HOST>RADIO   32 | FF FF FF FF FF FF FF FF FF FF FF FF FF FF FF FF FF FF FF FF FF FF FF FF FF FF FF FF FF FF FF FF | ................................
2006326716 HOST>RADIO   32 | FF FF FF FF FF FF FF FF FF FF FF FF FF FF FF FF FF FF FF FF FF FF FF FF FF FF FF FF FF FF FF FF | ................................
2006329521 HOST>RADIO   32 | FF FF FF FF FF FF FF FF FF FF FF FF FF FF FF FF FF FF FF FF FF FF FF FF FF FF FF FF FF FF FF FF | ................................
2006332304 HOST>RADIO    4 | FF FF FF FF | ....
2006340396 RADIO>HOST    1 | 06 | .
2006340862 HOST>RADIO   32 | FF FF FF FF FF FF FF FF FF FF FF FF FF FF FF FF FF FF FF FF FF FF FF FF FF FF FF FF FF FF FF FF | ................................
2006340910 HOST>RADIO   32 | FF FF FF FF FF FF FF FF FF FF FF FF FF FF FF FF FF FF FF FF FF FF FF FF FF FF FF FF FF FF FF FF | ................................
2006343738 HOST>RADIO   32 | FF FF FF FF FF FF FF FF FF FF FF FF FF FF FF FF FF FF FF FF FF FF FF FF FF FF FF FF FF FF FF FF | ................................
2006346451 HOST>RADIO    4 | FF FF FF FF | ....
2006354716 RADIO>HOST    1 | 06 | .
2006355138 HOST>RADIO   32 | FF FF FF FF FF FF FF FF FF FF FF FF FF FF FF FF FF FF FF FF FF FF FF FF FF FF FF FF FF FF FF FF | ................................
2006355187 HOST>RADIO   32 | FF FF FF FF FF FF FF FF FF FF FF FF FF FF FF FF FF FF FF FF FF FF FF FF FF FF FF FF FF FF FF FF | ................................
2006358031 HOST>RADIO   32 | FF FF FF FF FF FF FF FF FF FF FF FF FF FF FF FF FF FF FF FF FF FF FF FF FF FF FF FF FF FF FF FF | ................................
2006360742 HOST>RADIO    4 | FF FF FF FF | ....
2006368875 RADIO>HOST    1 | 06 | .
2006370077 HOST>RADIO   32 | FF FF FF FF 51 4C 07 57 55 00 00 00 00 00 00 00 FF 00 00 FF 00 0E 01 57 00 00 00 00 00 00 00 FF | ....QL.WU..............W........
2006370135 HOST>RADIO   32 | FF FF FF FF 00 4C 06 5E 00 4B 00 00 00 00 00 00 FF 00 00 FF 00 00 00 00 00 00 00 00 00 00 00 FF | .....L.^.K......................
2006373021 HOST>RADIO   32 | FF FF FF FF FF FF FF FF FF FF FF FF FF FF FF FF FF FF FF FF FF FF FF FF FF FF FF FF FF FF FF FF | ................................
2006375701 HOST>RADIO    4 | FF FF FF FF | ....
2006384030 RADIO>HOST    1 | 06 | .
2006385145 HOST>RADIO   32 | 51 4F 02 FF 55 4F FF FF 00 00 00 00 51 49 01 00 55 00 00 57 FF FF FF FF FF FF FF FF FF 00 01 5D | QO..UO......QI..U..W...........]
2006385193 HOST>RADIO   32 | 44 4C 13 52 55 48 07 5E 51 4F 01 57 51 A9 03 B1 53 FF FF FF FF FF FF FF FF FF FF FF FF FF FF FF | DL.RUH.^QO.WQ...S...............
2006388031 HOST>RADIO   32 | FF FF FF FF FF FF FF FF FF FF FF FF FF FF FF FF FF FF FF FF FF FF FF FF FF FF FF FF FF FF FF FF | ................................
2006390742 HOST>RADIO    4 | FF FF FF FF | ....
2006399051 RADIO>HOST    1 | 06 | .
2006399786 HOST>RADIO   32 | FF FF FF FF 51 00 01 00 51 00 FF FF FF FF FF FF FF FF FF FF FF FF FF FF FF FF FF FF FF FF FF FF | ....Q...Q.......................
2006399839 HOST>RADIO   32 | FF FF FF FF FF FF FF FF FF FF FF FF FF FF FF FF FF FF FF FF FF FF FF FF FF FF FF FF FF FF FF FF | ................................
2006402602 HOST>RADIO   32 | FF FF FF FF FF FF FF FF FF FF FF FF FF FF FF FF FF FF FF FF FF FF FF FF FF FF FF FF FF FF FF FF | ................................
2006405375 HOST>RADIO    4 | FF FF FF FF | ....
2006418830 RADIO>HOST    1 | 06 | .
2006419249 HOST>RADIO   32 | FF FF FF FF FF FF FF FF FF FF FF FF FF FF FF FF FF FF FF FF FF FF FF FF FF FF FF FF FF FF FF FF | ................................
2006419299 HOST>RADIO   32 | FF FF FF FF FF FF FF FF FF FF FF FF FF FF FF FF FF FF FF FF FF FF FF FF FF FF FF FF FF FF FF FF | ................................
2006422092 HOST>RADIO   32 | FF FF FF FF FF FF FF FF FF FF FF FF FF FF FF FF FF FF FF FF FF FF FF FF FF FF FF FF FF FF FF FF | ................................
2006424875 HOST>RADIO    4 | FF FF FF FF | ....
2006433011 RADIO>HOST    1 | 06 | .
2006433419 HOST>RADIO   32 | FF FF FF FF FF FF FF FF FF FF FF FF FF FF FF FF FF FF FF FF FF FF FF FF FF FF FF FF FF FF FF FF | ................................
2006433468 HOST>RADIO   32 | FF FF FF FF FF FF FF FF FF FF FF FF FF FF FF FF FF FF FF FF FF FF FF FF FF FF FF FF FF FF FF FF | ................................
2006436238 HOST>RADIO   32 | FF FF FF FF FF FF FF FF FF FF FF FF FF FF FF FF FF FF FF FF FF FF FF FF FF FF FF FF FF FF FF FF | ................................
2006439020 HOST>RADIO    4 | FF FF FF FF | ....
2006447097 RADIO>HOST    1 | 06 | .
2006448091 HOST>RADIO   32 | 00 00 00 00 00 00 A7 7D 00 00 00 00 00 00 00 00 00 00 00 00 00 00 00 00 00 00 00 00 00 00 00 00 | .......}........................
2006448139 HOST>RADIO   32 | 00 00 00 00 00 00 00 55 00 E9 2B 55 9C 4F 00 00 54 00 00 00 00 4A 00 00 00 00 04 00 00 00 00 52 | .......U..+U.O..T....J.........R
2006451021 HOST>RADIO   32 | 00 00 00 00 54 00 00 00 00 4A 00 00 00 00 04 00 00 00 00 52 00 00 00 00 54 00 00 00 00 4A 00 00 | ....T....J.........R....T....J..
2006453661 HOST>RADIO    4 | 00 00 04 00 | ....
2006461599 RADIO>HOST    1 | 06 | .
2006462113 HOST>RADIO   32 | FF FF FF FF FF FF FF FF FF FF FF FF FF FF FF FF FF FF FF FF FF FF FF FF FF FF FF FF FF FF FF FF | ................................
2006462163 HOST>RADIO   32 | FF FF FF FF FF FF FF FF FF FF FF FF FF FF FF FF FF FF FF FF FF FF FF FF FF FF FF FF FF FF FF FF | ................................
2006465021 HOST>RADIO   32 | FF FF FF FF FF FF FF FF FF FF FF FF FF FF FF FF FF FF FF FF FF FF FF FF FF FF FF FF FF FF FF FF | ................................
2006467741 HOST>RADIO    4 | FF FF FF FF | ....
2006476120 RADIO>HOST    1 | 06 | .
2006476763 HOST>RADIO   32 | FF FF FF FF FF FF FF FF FF FF FF FF FF FF FF FF FF FF FF FF FF FF FF FF FF FF FF FF FF FF FF FF | ................................
2006476812 HOST>RADIO   32 | FF FF FF FF FF FF FF FF FF FF FF FF FF FF FF FF FF FF FF FF FF FF FF FF FF FF FF FF FF FF FF FF | ................................
2006479618 HOST>RADIO   32 | FF FF FF FF FF FF FF FF FF FF FF FF FF FF FF FF FF FF FF FF FF FF FF FF FF FF FF FF FF FF FF FF | ................................
2006482384 HOST>RADIO    4 | FF FF FF FF | ....
2006494352 RADIO>HOST    1 | 06 | .
2006494698 HOST>RADIO   32 | FF FF FF FF FF FF FF FF FF FF FF FF FF FF FF FF FF FF FF FF FF FF FF FF FF FF FF FF FF FF FF FF | ................................
2006494748 HOST>RADIO   32 | FF FF FF FF FF FF FF FF FF FF FF FF FF FF FF FF FF FF FF FF FF FF FF FF FF FF FF FF FF FF FF FF | ................................
2006497549 HOST>RADIO   32 | FF FF FF FF FF FF FF FF FF FF FF FF FF FF FF FF FF FF FF FF FF FF FF FF FF FF FF FF FF FF FF FF | ................................
2006500306 HOST>RADIO    4 | FF FF FF FF | ....
2006508487 RADIO>HOST    1 | 06 | .
2006509261 HOST>RADIO   32 | FF FF FF FF FF FF FF FF FF FF FF FF FF FF FF FF FF FF FF FF FF FF FF FF FF FF FF FF FF FF FF FF | ................................
2006509309 HOST>RADIO   32 | FF FF FF FF FF FF FF FF FF FF FF FF FF FF FF FF FF FF FF FF FF FF FF FF FF FF FF FF FF FF FF FF | ................................
2006512102 HOST>RADIO   32 | FF FF FF FF FF FF FF FF FF FF FF FF FF FF FF FF FF FF FF FF FF FF FF FF FF FF FF FF FF FF FF FF | ................................
2006514876 HOST>RADIO    4 | FF FF FF FF | ....
2006526740 RADIO>HOST    1 | 06 | .
2006527151 HOST>RADIO   32 | FF FF FF FF FF FF FF FF FF FF FF FF FF FF FF FF FF FF FF FF FF FF FF FF FF FF FF FF FF FF FF FF | ................................
2006527199 HOST>RADIO   32 | FF FF FF FF FF FF FF FF FF FF FF FF FF FF FF FF FF FF FF FF FF FF FF FF FF FF FF FF FF FF FF FF | ................................
2006530032 HOST>RADIO   32 | FF FF FF FF FF FF FF FF FF FF FF FF FF FF FF FF FF FF FF FF FF FF FF FF FF FF FF FF FF FF FF FF | ................................
2006532742 HOST>RADIO    4 | FF FF FF FF | ....
2006540876 RADIO>HOST    1 | 06 | .
2006541281 HOST>RADIO   32 | FF FF FF FF FF FF FF FF FF FF FF FF FF FF FF FF FF FF FF FF FF FF FF FF FF FF FF FF FF FF FF FF | ................................
2006541330 HOST>RADIO   32 | FF FF FF FF FF FF FF FF FF FF FF FF FF FF FF FF FF FF FF FF FF FF FF FF FF FF FF FF FF FF FF FF | ................................
2006544102 HOST>RADIO   32 | FF FF FF FF FF FF FF FF FF FF FF FF FF FF FF FF FF FF FF FF FF FF FF FF FF FF FF FF FF FF FF FF | ................................
2006546876 HOST>RADIO    4 | FF FF FF FF | ....
2006555052 RADIO>HOST    1 | 06 | .
2006555412 HOST>RADIO   32 | FF FF FF FF FF FF FF FF FF FF FF FF FF FF FF FF FF FF FF FF FF FF FF FF FF FF FF FF FF FF FF FF | ................................
2006555465 HOST>RADIO   32 | FF FF FF FF FF FF FF FF FF FF FF FF FF FF FF FF FF FF FF FF FF FF FF FF FF FF FF FF FF FF FF FF | ................................
2006558242 HOST>RADIO   32 | FF FF FF FF FF FF FF FF FF FF FF FF FF FF FF FF FF FF FF FF FF FF FF FF FF FF FF FF FF FF FF FF | ................................
2006561033 HOST>RADIO    4 | FF FF FF FF | ....
2006569188 RADIO>HOST    1 | 06 | .
2006569572 HOST>RADIO   32 | FF FF FF FF FF FF FF FF FF FF FF FF FF FF FF FF FF FF FF FF FF FF FF FF FF FF FF FF FF FF FF FF | ................................
2006569622 HOST>RADIO   32 | FF FF FF FF FF FF FF FF FF FF FF FF FF FF FF FF FF FF FF FF FF FF FF FF FF FF FF FF FF FF FF FF | ................................
2006572385 HOST>RADIO   32 | FF FF FF FF FF FF FF FF FF FF FF FF FF FF FF FF FF FF FF FF FF FF FF FF FF FF FF FF FF FF FF FF | ................................
2006575148 HOST>RADIO    4 | FF FF FF FF | ....
2006583328 RADIO>HOST    1 | 06 | .
2006583700 HOST>RADIO   32 | FF FF FF FF FF FF FF FF FF FF FF FF FF FF FF FF FF FF FF FF FF FF FF FF FF FF FF FF FF FF FF FF | ................................
2006583749 HOST>RADIO   32 | FF FF FF FF FF FF FF FF FF FF FF FF FF FF FF FF FF FF FF FF FF FF FF FF FF FF FF FF FF FF FF FF | ................................
2006586534 HOST>RADIO   32 | FF FF FF FF FF FF FF FF FF FF FF FF FF FF FF FF FF FF FF FF FF FF FF FF FF FF FF FF FF FF FF FF | ................................
2006589307 HOST>RADIO    4 | FF FF FF FF | ....
2006597509 RADIO>HOST    1 | 06 | .
2006599469 HOST>RADIO   32 | 00 00 07 00 00 4F 00 FF 00 FF 00 00 00 00 00 01 19 0A 45 67 FF 4F 57 1F 14 0B 32 FF 51 FF FF FF | .....O............Eg.OW...2.Q...
2006599517 HOST>RADIO   32 | FF FF FF FF FF FF FF FF FF FF FF FF FF FF FF FF FF FF 01 1E 35 22 6C 39 70 39 6F 24 3C 2A 21 FF | ....................5"l9p9o$<*!.
2006602312 HOST>RADIO   32 | FF FF FF FF FF FF FF FF FF FF FF FF FF FF FF FF FF FF FF FF FF FF FF FF FF FF FF 00 51 FF FF FF | ............................Q...
2006605094 HOST>RADIO    4 | FF FF FF FF | ....
2006613510 RADIO>HOST    1 | 06 | .
2006613893 HOST>RADIO    1 | 45 | E
