ffff8e2303c4c540 2300240838 C Ii:2:008:1 0:1 7 = 0200ff0f 000000
ffff8e2303c4c540 2300240880 S Ii:2:008:1 -115:1 8 <
ffff8e2303c4c540 2300248821 C Ii:2:008:1 0:1 7 = 0200fd2f 000000
ffff8e2303c4c540 2300248839 S Ii:2:008:1 -115:1 8 <
ffff8e2303c4c540 2300256829 C Ii:2:008:1 0:1 7 = 0200fc2f 000000
ffff8e2303c4c540 2300256845 S Ii:2:008:1 -115:1 8 <
ffff8e2303c4c540 2300264795 C Ii:2:008:1 0:1 7 = 0200fc2f 000000
ffff8e2303c4c540 2300264811 S Ii:2:008:1 -115:1 8 <
ffff8e2303c4c540 2300272822 C Ii:2:008:1 0:1 7 = 0200fe2f 000000
ffff8e2303c4c540 2300272838 S Ii:2:008:1 -115:1 8 <
ffff8e2303c4c540 2300280800 C Ii:2:008:1 0:1 7 = 0200ff1f 000000
ffff8e2303c4c540 2300280823 S Ii:2:008:1 -115:1 8 <
ffff8e2303c4c540 2300448821 C Ii:2:008:1 0:1 7 = 0200ff0f 000000
ffff8e2303c4c540 2300448839 S Ii:2:008:1 -115:1 8 <
ffff8e2303c4c540 2300456831 C Ii:2:008:1 0:1 7 = 0200fd0f 000000
ffff8e2303c4c540 2300456847 S Ii:2:008:1 -115:1 8 <
ffff8e2303c4c540 2300464830 C Ii:2:008:1 0:1 7 = 0200fdff ff0000
ffff8e2303c4c540 2300464846 S Ii:2:008:1 -115:1 8 <
ffff8e2303c4c540 2300472797 C Ii:2:008:1 0:1 7 = 0200faef ff0000
ffff8e2303c4c540 2300472814 S Ii:2:008:1 -115:1 8 <
ffff8e2303c4c540 2300480828 C Ii:2:008:1 0:1 7 = 0200faff ff0000
ffff8e2303c4c540 2300480844 S Ii:2:008:1 -115:1 8 <
ffff8e2303c4c540 2300488822 C Ii:2:008:1 0:1 7 = 0200f7ef ff0000
ffff8e2303c4c540 2300488838 S Ii:2:008:1 -115:1 8 <
ffff8e2303c4c540 2300496821 C Ii:2:008:1 0:1 7 = 0200f7ff ff0000
ffff8e2303c4c540 2300496839 S Ii:2:008:1 -115:1 8 <
ffff8e2303c4c540 2300504829 C Ii:2:008:1 0:1 7 = 0200f4ff ff0000
ffff8e2303c4c540 2300504845 S Ii:2:008:1 -115:1 8 <
ffff8e2303c4c540 2300512832 C Ii:2:008:1 0:1 7 = 0200f5ff ff0000
ffff8e2303c4c540 2300512848 S Ii:2:008:1 -115:1 8 <
ffff8e2303c4c540 2300520801 C Ii:2:008:1 0:1 7 = 0200f60f 000000
ffff8e2303c4c540 2300520824 S Ii:2:008:1 -115:1 8 <
ffff8e2303c4c540 2300528823 C Ii:2:008:1 0:1 7 = 0200f70f 000000
ffff8e2303c4c540 2300528839 S Ii:2:008:1 -115:1 8 <
ffff8e2303c4c540 2300536821 C Ii:2:008:1 0:1 7 = 0200f80f 000000
ffff8e2303c4c540 2300536837 S Ii:2:008:1 -115:1 8 <
ffff8e2303c4c540 2300544823 C Ii:2:008:1 0:1 7 = 0200fb0f 000000
ffff8e2303c4c540 2300544839 S Ii:2:008:1 -115:1 8 <
ffff8e2303c4c540 2300552800 C Ii:2:008:1 0:1 7 = 0200fc0f 000000
ffff8e2303c4c540 2300552823 S Ii:2:008:1 -115:1 8 <
ffff8e2303c4c540 2300560823 C Ii:2:008:1 0:1 7 = 0200fd0f 000000
ffff8e2303c4c540 2300560839 S Ii:2:008:1 -115:1 8 <
ffff8e2303c4c540 2300568828 C Ii:2:008:1 0:1 7 = 0200ff0f 000000
ffff8e2303c4c540 2300568845 S Ii:2:008:1 -115:1 8 <
ffff8e2303c4c540 2300576829 C Ii:2:008:1 0:1 7 = 0200ff0f 000000
ffff8e2303c4c540 2300576845 S Ii:2:008:1 -115:1 8 <
ffff8e2303c4c540 2300584802 C Ii:2:008:1 0:1 7 = 0200ff0f 000000
ffff8e2303c4c540 2300584825 S Ii:2:008:1 -115:1 8 <
ffff8e2303c4c540 2300640822 C Ii:2:008:1 0:1 7 = 0200ff0f 000000
ffff8e2303c4c540 2300640850 S Ii:2:008:1 -115:1 8 <
ffff8e2303c4c540 2300648822 C Ii:2:008:1 0:1 7 = 0200fe3f 000000
ffff8e2303c4c540 2300648848 S Ii:2:008:1 -115:1 8 <
ffff8e2303c4c540 2300656829 C Ii:2:008:1 0:1 7 = 0200fe9f 000000
ffff8e2303c4c540 2300656855 S Ii:2:008:1 -115:1 8 <
ffff8e2303c4c540 2300664829 C Ii:2:008:1 0:1 7 = 0200feff 000000
ffff8e2303c4c540 2300664856 S Ii:2:008:1 -115:1 8 <
ffff8e2303c4c540 2300672824 C Ii:2:008:1 0:1 7 = 0200ff5f 010000
ffff8e2303c4c540 2300672851 S Ii:2:008:1 -115:1 8 <
ffff8e2303c4c540 2300680824 C Ii:2:008:1 0:1 7 = 0200ffbf 010000
ffff8e2303c4c540 2300680850 S Ii:2:008:1 -115:1 8 <
ffff8e2303c4c540 2300688797 C Ii:2:008:1 0:1 7 = 020000e0 010000
ffff8e2303c4c540 2300688833 S Ii:2:008:1 -115:1 8 <
ffff8e2303c4c540 2300696800 C Ii:2:008:1 0:1 7 = 020000e0 010000
ffff8e2303c4c540 2300696834 S Ii:2:008:1 -115:1 8 <
ffff8e2303c4c540 2300704802 C Ii:2:008:1 0:1 7 = 020000e0 010000
ffff8e2303c4c540 2300704836 S Ii:2:008:1 -115:1 8 <
ffff8e2303c4c540 2300712823 C Ii:2:008:1 0:1 7 = 02000010 020000
ffff8e2303c4c540 2300712850 S Ii:2:008:1 -115:1 8 <
ffff8e2303c4c540 2300720824 C Ii:2:008:1 0:1 7 = 02000000 020000
ffff8e2303c4c540 2300720851 S Ii:2:008:1 -115:1 8 <
ffff8e2303c4c540 2300728801 C Ii:2:008:1 0:1 7 = 02000020 020000
ffff8e2303c4c540 2300728836 S Ii:2:008:1 -115:1 8 <
ffff8e2303c4c540 2300736834 C Ii:2:008:1 0:1 7 = 02000010 020000
ffff8e2303c4c540 2300736859 S Ii:2:008:1 -115:1 8 <
ffff8e2303c4c540 2300744815 C Ii:2:008:1 0:1 7 = 02000010 020000
ffff8e2303c4c540 2300744841 S Ii:2:008:1 -115:1 8 <
ffff8e2303c4c540 2300752801 C Ii:2:008:1 0:1 7 = 02000000 020000
ffff8e2303c4c540 2300752834 S Ii:2:008:1 -115:1 8 <
ffff8e2303c4c540 2300760802 C Ii:2:008:1 0:1 7 = 020000d0 010000
ffff8e2303c4c540 2300760838 S Ii:2:008:1 -115:1 8 <
ffff8e2303c4c540 2300768832 C Ii:2:008:1 0:1 7 = 020000c0 010000
ffff8e2303c4c540 2300768858 S Ii:2:008:1 -115:1 8 <
ffff8e2303c4c540 2300776833 C Ii:2:008:1 0:1 7 = 0200ffaf 010000
ffff8e2303c4c540 2300776859 S Ii:2:008:1 -115:1 8 <
ffff8e2303c4c540 2300784824 C Ii:2:008:1 0:1 7 = 0200fd8f 010000
ffff8e2303c4c540 2300784851 S Ii:2:008:1 -115:1 8 <
ffff8e2303c4c540 2300792801 C Ii:2:008:1 0:1 7 = 0200fb7f 010000
ffff8e2303c4c540 2300792836 S Ii:2:008:1 -115:1 8 <
ffff8e2303c4c540 2300800833 C Ii:2:008:1 0:1 7 = 0200f94f 010000
ffff8e2303c4c540 2300800859 S Ii:2:008:1 -115:1 8 <
ffff8e2303c4c540 2300808834 C Ii:2:008:1 0:1 7 = 0200f9ef 000000
ffff8e2303c4c540 2300808861 S Ii:2:008:1 -115:1 8 <
ffff8e2303c4c540 2300816832 C Ii:2:008:1 0:1 7 = 0200fbaf 000000
ffff8e2303c4c540 2300816858 S Ii:2:008:1 -115:1 8 <
ffff8e2303c4c540 2300824802 C Ii:2:008:1 0:1 7 = 0200fd7f 000000
ffff8e2303c4c540 2300824837 S Ii:2:008:1 -115:1 8 <
ffff8e2303c4c540 2300832824 C Ii:2:008:1 0:1 7 = 02000020 000000
ffff8e2303c4c540 2300832851 S Ii:2:008:1 -115:1 8 <
ffff8e2303c4c540 2300840834 C Ii:2:008:1 0:1 7 = 02000040 000000
ffff8e2303c4c540 2300840860 S Ii:2:008:1 -115:1 8 <
ffff8e2303c4c540 2300848830 C Ii:2:008:1 0:1 7 = 02000130 000000
ffff8e2303c4c540 2300848857 S Ii:2:008:1 -115:1 8 <
ffff8e2303c4c540 2300856830 C Ii:2:008:1 0:1 7 = 02000510 000000
ffff8e2303c4c540 2300856856 S Ii:2:008:1 -115:1 8 <
ffff8e2303c4c540 2300864825 C Ii:2:008:1 0:1 7 = 02000720 000000
ffff8e2303c4c540 2300864852 S Ii:2:008:1 -115:1 8 <
ffff8e2303c4c540 2300872825 C Ii:2:008:1 0:1 7 = 02000a00 000000
ffff8e2303c4c540 2300872851 S Ii:2:008:1 -115:1 8 <
ffff8e2303c4c540 2300880834 C Ii:2:008:1 0:1 7 = 02000c00 000000
ffff8e2303c4c540 2300880862 S Ii:2:008:1 -115:1 8 <
ffff8e2303c4c540 2300888832 C Ii:2:008:1 0:1 7 = 02000df0 ff0000
ffff8e2303c4c540 2300888859 S Ii:2:008:1 -115:1 8 <
ffff8e2303c4c540 2300896800 C Ii:2:008:1 0:1 7 = 02000fe0 ff0000
ffff8e2303c4c540 2300896827 S Ii:2:008:1 -115:1 8 <
ffff8e2303c4c540 2300904823 C Ii:2:008:1 0:1 7 = 02000bd0 ff0000
ffff8e2303c4c540 2300904850 S Ii:2:008:1 -115:1 8 <
ffff8e2303c4c540 2300912834 C Ii:2:008:1 0:1 7 = 020007d0 ff0000
ffff8e2303c4c540 2300912861 S Ii:2:008:1 -115:1 8 <
ffff8e2303c4c540 2300920830 C Ii:2:008:1 0:1 7 = 020004d0 ff0000
ffff8e2303c4c540 2300920857 S Ii:2:008:1 -115:1 8 <
ffff8e2303c4c540 2301080833 C Ii:2:008:1 0:1 7 = 02000100 000000
ffff8e2303c4c540 2301080875 S Ii:2:008:1 -115:1 8 <
ffff8e2303c4c540 2301088836 C Ii:2:008:1 0:1 7 = 02000100 000000
ffff8e2303c4c540 2301088861 S Ii:2:008:1 -115:1 8 <
ffff8e2303c4c540 2301096831 C Ii:2:008:1 0:1 7 = 02000400 000000
ffff8e2303c4c540 2301096857 S Ii:2:008:1 -115:1 8 <
ffff8e2303c4c540 2301104825 C Ii:2:008:1 0:1 7 = 02000520 000000
ffff8e2303c4c540 2301104851 S Ii:2:008:1 -115:1 8 <
ffff8e2303c4c540 2301112842 C Ii:2:008:1 0:1 7 = 02000310 000000
ffff8e2303c4c540 2301112869 S Ii:2:008:1 -115:1 8 <
ffff8e2303c4c540 2301120833 C Ii:2:008:1 0:1 7 = 02000320 000000
ffff8e2303c4c540 2301120857 S Ii:2:008:1 -115:1 8 <
ffff8e2303c4c540 2301128834 C Ii:2:008:1 0:1 7 = 02000110 000000
ffff8e2303c4c540 2301128860 S Ii:2:008:1 -115:1 8 <
ffff8e2303c4c540 2301136824 C Ii:2:008:1 0:1 7 = 02000200 000000
ffff8e2303c4c540 2301136851 S Ii:2:008:1 -115:1 8 <
ffff8e2303c4c540 2301144826 C Ii:2:008:1 0:1 7 = 020001f0 ff0000
ffff8e2303c4c540 2301144853 S Ii:2:008:1 -115:1 8 <
ffff8e2303c4c540 2301152831 C Ii:2:008:1 0:1 7 = 020002f0 ff0000
ffff8e2303c4c540 2301152857 S Ii:2:008:1 -115:1 8 <
ffff8e2303c4c540 2301160834 C Ii:2:008:1 0:1 7 = 0200feef ff0000
ffff8e2303c4c540 2301160861 S Ii:2:008:1 -115:1 8 <
ffff8e2303c4c540 2301168803 C Ii:2:008:1 0:1 7 = 0200f9ef ff0000
ffff8e2303c4c540 2301168837 S Ii:2:008:1 -115:1 8 <
ffff8e2303c4c540 2301176835 C Ii:2:008:1 0:1 7 = 0200faef ff0000
ffff8e2303c4c540 2301176862 S Ii:2:008:1 -115:1 8 <
ffff8e2303c4c540 2301184825 C Ii:2:008:1 0:1 7 = 0200f6ef ff0000
ffff8e2303c4c540 2301184853 S Ii:2:008:1 -115:1 8 <
ffff8e2303c4c540 2301192837 C Ii:2:008:1 0:1 7 = 0200f8ef ff0000
ffff8e2303c4c540 2301192863 S Ii:2:008:1 -115:1 8 <
ffff8e2303c4c540 2301200826 C Ii:2:008:1 0:1 7 = 0200f9bf ff0000
ffff8e2303c4c540 2301200853 S Ii:2:008:1 -115:1 8 <
ffff8e2303c4c540 2301208831 C Ii:2:008:1 0:1 7 = 0200f9cf ff0000
ffff8e2303c4c540 2301208858 S Ii:2:008:1 -115:1 8 <
ffff8e2303c4c540 2301216826 C Ii:2:008:1 0:1 7 = 0200fcaf ff0000
ffff8e2303c4c540 2301216852 S Ii:2:008:1 -115:1 8 <
ffff8e2303c4c540 2301224837 C Ii:2:008:1 0:1 7 = 0200fcaf ff0000
ffff8e2303c4c540 2301224864 S Ii:2:008:1 -115:1 8 <
ffff8e2303c4c540 2301232840 C Ii:2:008:1 0:1 7 = 0200fedf ff0000
ffff8e2303c4c540 2301232866 S Ii:2:008:1 -115:1 8 <
ffff8e2303c4c540 2301240800 C Ii:2:008:1 0:1 7 = 0200ffcf ff0000
ffff8e2303c4c540 2301240827 S Ii:2:008:1 -115:1 8 <
ffff8e2303c4c540 2301248833 C Ii:2:008:1 0:1 7 = 0200ffef ff0000
ffff8e2303c4c540 2301248861 S Ii:2:008:1 -115:1 8 <
ffff8e2303c4c540 2301256825 C Ii:2:008:1 0:1 7 = 020000e0 ff0000
ffff8e2303c4c540 2301256852 S Ii:2:008:1 -115:1 8 <
ffff8e2302151980 2301258100 S Bo:2:002:2 -115 31 = 55534243 c50d0000 00000000 00000600 00000000 00000000 00000000 000000
ffff8e2302151980 2301258131 C Bo:2:002:2 0 31 >
ffff8e2302151980 2301258141 S Bi:2:002:1 -115 13 <
ffff8e2302151980 2301258173 C Bi:2:002:1 0 13 = 55534253 c50d0000 00000000 00
ffff8e2303c4c540 2301264798 C Ii:2:008:1 0:1 7 = 020000f0 ff0000
ffff8e2303c4c540 2301264822 S Ii:2:008:1 -115:1 8 <
ffff8e2303c4c540 2301759841 C Ii:2:008:1 0:1 7 = 0200ffef ff0000
ffff8e2303c4c540 2301759873 S Ii:2:008:1 -115:1 8 <
ffff8e2303c4c540 2301767828 C Ii:2:008:1 0:1 7 = 020000f0 ff0000
ffff8e2303c4c540 2301767855 S Ii:2:008:1 -115:1 8 <
ffff8e2303c4c540 2301775838 C Ii:2:008:1 0:1 7 = 0200fedf ff0000
ffff8e2303c4c540 2301775864 S Ii:2:008:1 -115:1 8 <
ffff8e2303c4c540 2301783827 C Ii:2:008:1 0:1 7 = 0200ffef ff0000
ffff8e2303c4c540 2301783853 S Ii:2:008:1 -115:1 8 <
ffff8e2303c4c540 2301791830 C Ii:2:008:1 0:1 7 = 0200ffff ff0000
ffff8e2303c4c540 2301791856 S Ii:2:008:1 -115:1 8 <
ffff8e2303c4c540 2301799837 C Ii:2:008:1 0:1 7 = 0200ffff ff0000
ffff8e2303c4c540 2301799865 S Ii:2:008:1 -115:1 8 <
ffff8e2303c4c540 2301807837 C Ii:2:008:1 0:1 7 = 020000f0 ff0000
ffff8e2303c4c540 2301807863 S Ii:2:008:1 -115:1 8 <
ffff8e2303c4c540 2301815828 C Ii:2:008:1 0:1 7 = 0200ffff ff0000
ffff8e2303c4c540 2301815855 S Ii:2:008:1 -115:1 8 <
ffff8e2303c4c540 2301823828 C Ii:2:008:1 0:1 7 = 020000e0 ff0000
ffff8e2303c4c540 2301823855 S Ii:2:008:1 -115:1 8 <
ffff8e2303c4c540 2301831829 C Ii:2:008:1 0:1 7 = 0200ffff ff0000
ffff8e2303c4c540 2301831857 S Ii:2:008:1 -115:1 8 <
ffff8e2303c4c540 2301839801 C Ii:2:008:1 0:1 7 = 0200ff0f 000000
ffff8e2303c4c540 2301839825 S Ii:2:008:1 -115:1 8 <
ffff8e2303c4c540 2301975838 C Ii:2:008:1 0:1 7 = 0200ff0f 000000
ffff8e2303c4c540 2301975866 S Ii:2:008:1 -115:1 8 <
ffff8e2303c4c540 2301991807 C Ii:2:008:1 0:1 7 = 0200ff0f 000000
ffff8e2303c4c540 2301991841 S Ii:2:008:1 -115:1 8 <
ffff8e2303c4c540 2301999835 C Ii:2:008:1 0:1 7 = 0200ff0f 000000
ffff8e2303c4c540 2301999862 S Ii:2:008:1 -115:1 8 <
ffff8e2303c4c540 2302007803 C Ii:2:008:1 0:1 7 = 0200ff0f 000000
ffff8e2303c4c540 2302007828 S Ii:2:008:1 -115:1 8 <
ffff8e2303c4c540 2302023828 C Ii:2:008:1 0:1 7 = 0200ff0f 000000
ffff8e2303c4c540 2302023854 S Ii:2:008:1 -115:1 8 <
ffff8e2303c4c540 2302031838 C Ii:2:008:1 0:1 7 = 0200fe0f 000000
ffff8e2303c4c540 2302031866 S Ii:2:008:1 -115:1 8 <
ffff8e2303c4c540 2302047838 C Ii:2:008:1 0:1 7 = 0200ff0f 000000
ffff8e2303c4c540 2302047864 S Ii:2:008:1 -115:1 8 <
ffff8e2303c4c540 2302055828 C Ii:2:008:1 0:1 7 = 0200ff0f 000000
ffff8e2303c4c540 2302055855 S Ii:2:008:1 -115:1 8 <
ffff8e2302151980 2303306136 S Bo:2:002:2 -115 31 = 55534243 c60d0000 00000000 00000600 00000000 00000000 00000000 000000
ffff8e2302151980 2303306201 C Bo:2:002:2 0 31 >
ffff8e2302151980 2303306212 S Bi:2:002:1 -115 13 <
ffff8e2302151980 2303306238 C Bi:2:002:1 0 13 = 55534253 c60d0000 00000000 00
ffff8e2302151980 2305354092 S Bo:2:002:2 -115 31 = 55534243 c70d0000 00000000 00000600 00000000 00000000 00000000 000000
ffff8e2302151980 2305354120 C Bo:2:002:2 0 31 >
ffff8e2302151980 2305354129 S Bi:2:002:1 -115 13 <
ffff8e2302151980 2305354164 C Bi:2:002:1 0 13 = 55534253 c70d0000 00000000 00
ffff8e2303c4c540 2305958847 C Ii:2:008:1 0:1 7 = 0200ff0f 000000
ffff8e2303c4c540 2305958881 S Ii:2:008:1 -115:1 8 <
ffff8e2303c4c540 2305966854 C Ii:2:008:1 0:1 7 = 02000100 000000
ffff8e2303c4c540 2305966881 S Ii:2:008:1 -115:1 8 <
ffff8e2303c4c540 2305974862 C Ii:2:008:1 0:1 7 = 02000400 000000
ffff8e2303c4c540 2305974889 S Ii:2:008:1 -115:1 8 <
ffff8e2303c4c540 2305982847 C Ii:2:008:1 0:1 7 = 02000610 000000
ffff8e2303c4c540 2305982874 S Ii:2:008:1 -115:1 8 <
ffff8e2303c4c540 2305990844 C Ii:2:008:1 0:1 7 = 02000a10 000000
ffff8e2303c4c540 2305990871 S Ii:2:008:1 -115:1 8 <
ffff8e2303c4c540 2305998854 C Ii:2:008:1 0:1 7 = 02000c10 000000
ffff8e2303c4c540 2305998880 S Ii:2:008:1 -115:1 8 <
ffff8e2303c4c540 2306006856 C Ii:2:008:1 0:1 7 = 02000d20 000000
ffff8e2303c4c540 2306006882 S Ii:2:008:1 -115:1 8 <
ffff8e2303c4c540 2306014819 C Ii:2:008:1 0:1 7 = 02001020 000000
ffff8e2303c4c540 2306014846 S Ii:2:008:1 -115:1 8 <
ffff8e2303c4c540 2306022854 C Ii:2:008:1 0:1 7 = 02001220 000000
ffff8e2303c4c540 2306022881 S Ii:2:008:1 -115:1 8 <
ffff8e2303c4c540 2306030818 C Ii:2:008:1 0:1 7 = 02001330 000000
ffff8e2303c4c540 2306030842 S Ii:2:008:1 -115:1 8 <
ffff8e2303c4c540 2306038819 C Ii:2:008:1 0:1 7 = 02001430 000000
ffff8e2303c4c540 2306038845 S Ii:2:008:1 -115:1 8 <
ffff8e2303c4c540 2306046845 C Ii:2:008:1 0:1 7 = 02001430 000000
ffff8e2303c4c540 2306046872 S Ii:2:008:1 -115:1 8 <
ffff8e2303c4c540 2306054852 C Ii:2:008:1 0:1 7 = 02001460 000000
ffff8e2303c4c540 2306054881 S Ii:2:008:1 -115:1 8 <
ffff8e2303c4c540 2306062856 C Ii:2:008:1 0:1 7 = 02001270 000000
ffff8e2303c4c540 2306062882 S Ii:2:008:1 -115:1 8 <
ffff8e2303c4c540 2306070846 C Ii:2:008:1 0:1 7 = 02000e60 000000
ffff8e2303c4c540 2306070874 S Ii:2:008:1 -115:1 8 <
ffff8e2303c4c540 2306078852 C Ii:2:008:1 0:1 7 = 02000950 000000
ffff8e2303c4c540 2306078879 S Ii:2:008:1 -115:1 8 <
ffff8e2303c4c540 2306086846 C Ii:2:008:1 0:1 7 = 02000430 000000
ffff8e2303c4c540 2306086872 S Ii:2:008:1 -115:1 8 <
ffff8e2303c4c540 2306094822 C Ii:2:008:1 0:1 7 = 02000100 000000
ffff8e2303c4c540 2306094856 S Ii:2:008:1 -115:1 8 <
ffff8e2303c4c540 2306150844 C Ii:2:008:1 0:1 7 = 02000100 000000
ffff8e2303c4c540 2306150870 S Ii:2:008:1 -115:1 8 <
ffff8e2303c4c540 2306157823 C Ii:2:008:1 0:1 7 = 02000100 000000
ffff8e2303c4c540 2306157858 S Ii:2:008:1 -115:1 8 <
ffff8e2303c4c540 2306173854 C Ii:2:008:1 0:1 7 = 02000100 000000
ffff8e2303c4c540 2306173880 S Ii:2:008:1 -115:1 8 <
ffff8e2303c4c540 2306189847 C Ii:2:008:1 0:1 7 = 02000200 000000
ffff8e2303c4c540 2306189873 S Ii:2:008:1 -115:1 8 <
ffff8e2303c4c540 2306197845 C Ii:2:008:1 0:1 7 = 02000110 000000
ffff8e2303c4c540 2306197871 S Ii:2:008:1 -115:1 8 <
ffff8e2303c4c540 2306205819 C Ii:2:008:1 0:1 7 = 02000220 000000
ffff8e2303c4c540 2306205837 S Ii:2:008:1 -115:1 8 <
ffff8e2303c4c540 2306213846 C Ii:2:008:1 0:1 7 = 02000310 000000
ffff8e2303c4c540 2306213864 S Ii:2:008:1 -115:1 8 <
ffff8e2303c4c540 2306221852 C Ii:2:008:1 0:1 7 = 02000020 000000
ffff8e2303c4c540 2306221868 S Ii:2:008:1 -115:1 8 <
ffff8e2303c4c540 2306229818 C Ii:2:008:1 0:1 7 = 02000110 000000
ffff8e2303c4c540 2306229833 S Ii:2:008:1 -115:1 8 <
ffff8e2303c4c540 2306237855 C Ii:2:008:1 0:1 7 = 02000010 000000
ffff8e2303c4c540 2306237871 S Ii:2:008:1 -115:1 8 <
ffff8e2303c4c540 2306245847 C Ii:2:008:1 0:1 7 = 02000010 000000
ffff8e2303c4c540 2306245863 S Ii:2:008:1 -115:1 8 <
ffff8e2303c4c540 2306253845 C Ii:2:008:1 0:1 7 = 02000010 000000
ffff8e2303c4c540 2306253860 S Ii:2:008:1 -115:1 8 <
ffff8e2303c4c540 2306261820 C Ii:2:008:1 0:1 7 = 02000020 000000
ffff8e2303c4c540 2306261836 S Ii:2:008:1 -115:1 8 <
ffff8e2303c4c540 2306269846 C Ii:2:008:1 0:1 7 = 02000010 000000
ffff8e2303c4c540 2306269862 S Ii:2:008:1 -115:1 8 <
ffff8e2303c4c540 2306277847 C Ii:2:008:1 0:1 7 = 02000010 000000
ffff8e2303c4c540 2306277877 S Ii:2:008:1 -115:1 8 <
ffff8e2303c4c540 2306285818 C Ii:2:008:1 0:1 7 = 02000010 000000
ffff8e2303c4c540 2306285839 S Ii:2:008:1 -115:1 8 <
ffff8e2303c4c540 2306293837 C Ii:2:008:1 0:1 7 = 0200ff0f 000000
ffff8e2303c4c540 2306293855 S Ii:2:008:1 -115:1 8 <
ffff8e2303c4c540 2306301847 C Ii:2:008:1 0:1 7 = 02000010 000000
ffff8e2303c4c540 2306301873 S Ii:2:008:1 -115:1 8 <
ffff8e2303c4c540 2306309843 C Ii:2:008:1 0:1 7 = 0200fe1f 000000
ffff8e2303c4c540 2306309865 S Ii:2:008:1 -115:1 8 <
ffff8e2303c4c540 2306317836 C Ii:2:008:1 0:1 7 = 0200fe1f 000000
ffff8e2303c4c540 2306317856 S Ii:2:008:1 -115:1 8 <
ffff8e2303c4c540 2306325818 C Ii:2:008:1 0:1 7 = 0200fe0f 000000
ffff8e2303c4c540 2306325843 S Ii:2:008:1 -115:1 8 <
ffff8e2303c4c540 2306333821 C Ii:2:008:1 0:1 7 = 0200fd0f 000000
ffff8e2303c4c540 2306333845 S Ii:2:008:1 -115:1 8 <
ffff8e2303c4c540 2306341816 C Ii:2:008:1 0:1 7 = 0200fd0f 000000
ffff8e2303c4c540 2306341830 S Ii:2:008:1 -115:1 8 <
ffff8e2303c4c540 2306349850 C Ii:2:008:1 0:1 7 = 0200fd0f 000000
ffff8e2303c4c540 2306349870 S Ii:2:008:1 -115:1 8 <
ffff8e2303c4c540 2306357856 C Ii:2:008:1 0:1 7 = 0200fe0f 000000
ffff8e2303c4c540 2306357881 S Ii:2:008:1 -115:1 8 <
ffff8e2303c4c540 2306365818 C Ii:2:008:1 0:1 7 = 0200ff0f 000000
ffff8e2303c4c540 2306365839 S Ii:2:008:1 -115:1 8 <
ffff8e2303c4c540 2306373856 C Ii:2:008:1 0:1 7 = 0200fdff ff0000
ffff8e2303c4c540 2306373881 S Ii:2:008:1 -115:1 8 <
ffff8e2303c4c540 2306381847 C Ii:2:008:1 0:1 7 = 020000f0 ff0000
ffff8e2303c4c540 2306381867 S Ii:2:008:1 -115:1 8 <
ffff8e2303c4c540 2306389820 C Ii:2:008:1 0:1 7 = 0200ffff ff0000
ffff8e2303c4c540 2306389844 S Ii:2:008:1 -115:1 8 <
ffff8e2303c4c540 2306397847 C Ii:2:008:1 0:1 7 = 0200ff0f 000000
ffff8e2303c4c540 2306397874 S Ii:2:008:1 -115:1 8 <
ffff8e2303c4c540 2306509854 C Ii:2:008:1 0:1 7 = 02000200 000000
ffff8e2303c4c540 2306509881 S Ii:2:008:1 -115:1 8 <
ffff8e2303c4c540 2306517847 C Ii:2:008:1 0:1 7 = 02000330 000000
ffff8e2303c4c540 2306517874 S Ii:2:008:1 -115:1 8 <
ffff8e2303c4c540 2306525821 C Ii:2:008:1 0:1 7 = 02000920 000000
ffff8e2303c4c540 2306525847 S Ii:2:008:1 -115:1 8 <
ffff8e2303c4c540 2306533857 C Ii:2:008:1 0:1 7 = 02000940 000000
ffff8e2303c4c540 2306533882 S Ii:2:008:1 -115:1 8 <
ffff8e2303c4c540 2306541847 C Ii:2:008:1 0:1 7 = 02000930 000000
ffff8e2303c4c540 2306541873 S Ii:2:008:1 -115:1 8 <
ffff8e2303c4c540 2306549853 C Ii:2:008:1 0:1 7 = 02000c30 000000
ffff8e2303c4c540 2306549879 S Ii:2:008:1 -115:1 8 <
ffff8e2303c4c540 2306557854 C Ii:2:008:1 0:1 7 = 02000740 000000
ffff8e2303c4c540 2306557880 S Ii:2:008:1 -115:1 8 <
ffff8e2303c4c540 2306565853 C Ii:2:008:1 0:1 7 = 02000920 000000
ffff8e2303c4c540 2306565880 S Ii:2:008:1 -115:1 8 <
ffff8e2303c4c540 2306573824 C Ii:2:008:1 0:1 7 = 02000a20 000000
ffff8e2303c4c540 2306573860 S Ii:2:008:1 -115:1 8 <
ffff8e2303c4c540 2306581846 C Ii:2:008:1 0:1 7 = 02000a10 000000
ffff8e2303c4c540 2306581870 S Ii:2:008:1 -115:1 8 <
ffff8e2303c4c540 2306589846 C Ii:2:008:1 0:1 7 = 02000d00 000000
ffff8e2303c4c540 2306589874 S Ii:2:008:1 -115:1 8 <
ffff8e2303c4c540 2306597857 C Ii:2:008:1 0:1 7 = 02001100 000000
ffff8e2303c4c540 2306597882 S Ii:2:008:1 -115:1 8 <
ffff8e2303c4c540 2306605823 C Ii:2:008:1 0:1 7 = 02001230 000000
ffff8e2303c4c540 2306605853 S Ii:2:008:1 -115:1 8 <
ffff8e2303c4c540 2306613854 C Ii:2:008:1 0:1 7 = 02001530 000000
ffff8e2303c4c540 2306613881 S Ii:2:008:1 -115:1 8 <
ffff8e2303c4c540 2306621853 C Ii:2:008:1 0:1 7 = 02001350 000000
ffff8e2303c4c540 2306621879 S Ii:2:008:1 -115:1 8 <
ffff8e2303c4c540 2306629854 C Ii:2:008:1 0:1 7 = 02000f40 000000
ffff8e2303c4c540 2306629880 S Ii:2:008:1 -115:1 8 <
ffff8e2303c4c540 2306637847 C Ii:2:008:1 0:1 7 = 02000a20 000000
ffff8e2303c4c540 2306637874 S Ii:2:008:1 -115:1 8 <
ffff8e2303c4c540 2306645822 C Ii:2:008:1 0:1 7 = 02000410 000000
ffff8e2303c4c540 2306645845 S Ii:2:008:1 -115:1 8 <
ffff8e2303c4c540 2306653846 C Ii:2:008:1 0:1 7 = 02000100 000000
ffff8e2303c4c540 2306653872 S Ii:2:008:1 -115:1 8 <
ffff8e2303c4c540 2306957853 C Ii:2:008:1 0:1 7 = 020000f0 ff0000
ffff8e2303c4c540 2306957885 S Ii:2:008:1 -115:1 8 <
ffff8e2303c4c540 2306965823 C Ii:2:008:1 0:1 7 = 020000e0 ff0000
ffff8e2303c4c540 2306965845 S Ii:2:008:1 -115:1 8 <
ffff8e2303c4c540 2306973853 C Ii:2:008:1 0:1 7 = 0200ffdf ff0000
ffff8e2303c4c540 2306973869 S Ii:2:008:1 -115:1 8 <
ffff8e2303c4c540 2306981855 C Ii:2:008:1 0:1 7 = 020000d0 ff0000
ffff8e2303c4c540 2306981873 S Ii:2:008:1 -115:1 8 <
ffff8e2303c4c540 2306989860 C Ii:2:008:1 0:1 7 = 0200fecf ff0000
ffff8e2303c4c540 2306989877 S Ii:2:008:1 -115:1 8 <
ffff8e2303c4c540 2306997827 C Ii:2:008:1 0:1 7 = 0200ff9f ff0000
ffff8e2303c4c540 2306997850 S Ii:2:008:1 -115:1 8 <
ffff8e2303c4c540 2307005822 C Ii:2:008:1 0:1 7 = 0200fe9f ff0000
ffff8e2303c4c540 2307005838 S Ii:2:008:1 -115:1 8 <
ffff8e2303c4c540 2307013857 C Ii:2:008:1 0:1 7 = 0200fc8f ff0000
ffff8e2303c4c540 2307013890 S Ii:2:008:1 -115:1 8 <
ffff8e2303c4c540 2307021858 C Ii:2:008:1 0:1 7 = 0200fa9f ff0000
ffff8e2303c4c540 2307021876 S Ii:2:008:1 -115:1 8 <
ffff8e2303c4c540 2307029828 C Ii:2:008:1 0:1 7 = 0200f7cf ff0000
ffff8e2303c4c540 2307029850 S Ii:2:008:1 -115:1 8 <
ffff8e2303c4c540 2307037852 C Ii:2:008:1 0:1 7 = 0200f6df ff0000
ffff8e2303c4c540 2307037869 S Ii:2:008:1 -115:1 8 <
ffff8e2303c4c540 2307045862 C Ii:2:008:1 0:1 7 = 0200f5ef ff0000
ffff8e2303c4c540 2307045879 S Ii:2:008:1 -115:1 8 <
ffff8e2303c4c540 2307053850 C Ii:2:008:1 0:1 7 = 0200f4df ff0000
ffff8e2303c4c540 2307053867 S Ii:2:008:1 -115:1 8 <
ffff8e2303c4c540 2307061848 C Ii:2:008:1 0:1 7 = 0200f4df ff0000
ffff8e2303c4c540 2307061876 S Ii:2:008:1 -115:1 8 <
ffff8e2303c4c540 2307069850 C Ii:2:008:1 0:1 7 = 0200f4df ff0000
ffff8e2303c4c540 2307069876 S Ii:2:008:1 -115:1 8 <
ffff8e2303c4c540 2307077858 C Ii:2:008:1 0:1 7 = 0200f2bf ff0000
ffff8e2303c4c540 2307077885 S Ii:2:008:1 -115:1 8 <
ffff8e2303c4c540 2307085822 C Ii:2:008:1 0:1 7 = 0200f5cf ff0000
ffff8e2303c4c540 2307085846 S Ii:2:008:1 -115:1 8 <
ffff8e2303c4c540 2307093857 C Ii:2:008:1 0:1 7 = 0200f5af ff0000
ffff8e2303c4c540 2307093883 S Ii:2:008:1 -115:1 8 <
ffff8e2303c4c540 2307101849 C Ii:2:008:1 0:1 7 = 0200f8af ff0000
ffff8e2303c4c540 2307101875 S Ii:2:008:1 -115:1 8 <
ffff8e2303c4c540 2307109850 C Ii:2:008:1 0:1 7 = 0200f9af ff0000
ffff8e2303c4c540 2307109877 S Ii:2:008:1 -115:1 8 <
ffff8e2303c4c540 2307117849 C Ii:2:008:1 0:1 7 = 0200faaf ff0000
ffff8e2303c4c540 2307117874 S Ii:2:008:1 -115:1 8 <
ffff8e2303c4c540 2307125848 C Ii:2:008:1 0:1 7 = 0200fcdf ff0000
ffff8e2303c4c540 2307125873 S Ii:2:008:1 -115:1 8 <
ffff8e2303c4c540 2307133827 C Ii:2:008:1 0:1 7 = 0200fbcf ff0000
ffff8e2303c4c540 2307133863 S Ii:2:008:1 -115:1 8 <
ffff8e2303c4c540 2307141848 C Ii:2:008:1 0:1 7 = 0200feef ff0000
ffff8e2303c4c540 2307141875 S Ii:2:008:1 -115:1 8 <
ffff8e2303c4c540 2307149850 C Ii:2:008:1 0:1 7 = 0200fddf ff0000
ffff8e2303c4c540 2307149876 S Ii:2:008:1 -115:1 8 <
ffff8e2303c4c540 2307157849 C Ii:2:008:1 0:1 7 = 0200fddf ff0000
ffff8e2303c4c540 2307157875 S Ii:2:008:1 -115:1 8 <
ffff8e2303c4c540 2307165825 C Ii:2:008:1 0:1 7 = 0200fdef ff0000
ffff8e2303c4c540 2307165855 S Ii:2:008:1 -115:1 8 <
ffff8e2303c4c540 2307173849 C Ii:2:008:1 0:1 7 = 0200fdef ff0000
ffff8e2303c4c540 2307173875 S Ii:2:008:1 -115:1 8 <
ffff8e2303c4c540 2307181851 C Ii:2:008:1 0:1 7 = 0200feef ff0000
ffff8e2303c4c540 2307181878 S Ii:2:008:1 -115:1 8 <
ffff8e2303c4c540 2307189851 C Ii:2:008:1 0:1 7 = 0200ff0f 000000
ffff8e2303c4c540 2307189878 S Ii:2:008:1 -115:1 8 <
ffff8e2302151980 2307402127 S Bo:2:002:2 -115 31 = 55534243 c80d0000 00000000 00000600 00000000 00000000 00000000 000000
ffff8e2302151980 2307402185 C Bo:2:002:2 0 31 >
ffff8e2302151980 2307402194 S Bi:2:002:1 -115 13 <
ffff8e2302151980 2307402223 C Bi:2:002:1 0 13 = 55534253 c80d0000 00000000 00
ffff8e2303c4c540 2308085855 C Ii:2:008:1 0:1 7 = 0200fe0f 000000
ffff8e2303c4c540 2308085885 S Ii:2:008:1 -115:1 8 <
ffff8e2303c4c540 2308093853 C Ii:2:008:1 0:1 7 = 0200fa0f 000000
ffff8e2303c4c540 2308093878 S Ii:2:008:1 -115:1 8 <
ffff8e2303c4c540 2308101863 C Ii:2:008:1 0:1 7 = 0200f2ff ff0000
ffff8e2303c4c540 2308101889 S Ii:2:008:1 -115:1 8 <
ffff8e2303c4c540 2308109854 C Ii:2:008:1 0:1 7 = 0200e8ef ff0000
ffff8e2303c4c540 2308109882 S Ii:2:008:1 -115:1 8 <
ffff8e2303c4c540 2308117853 C Ii:2:008:1 0:1 7 = 0200ddef ff0000
ffff8e2303c4c540 2308117880 S Ii:2:008:1 -115:1 8 <
ffff8e2303c4c540 2308125853 C Ii:2:008:1 0:1 7 = 0200d0ef ff0000
ffff8e2303c4c540 2308125879 S Ii:2:008:1 -115:1 8 <
ffff8e2303c4c540 2308133866 C Ii:2:008:1 0:1 7 = 0200c8ef ff0000
ffff8e2303c4c540 2308133907 S Ii:2:008:1 -115:1 8 <
ffff8e2303c4c540 2308141856 C Ii:2:008:1 0:1 7 = 0200c50f 000000
ffff8e2303c4c540 2308141883 S Ii:2:008:1 -115:1 8 <
ffff8e2303c4c540 2308149867 C Ii:2:008:1 0:1 7 = 0200ca0f 000000
ffff8e2303c4c540 2308149893 S Ii:2:008:1 -115:1 8 <
ffff8e2303c4c540 2308157853 C Ii:2:008:1 0:1 7 = 0200d23f 000000
ffff8e2303c4c540 2308157878 S Ii:2:008:1 -115:1 8 <
ffff8e2303c4c540 2308165853 C Ii:2:008:1 0:1 7 = 0200dd3f 000000
ffff8e2303c4c540 2308165879 S Ii:2:008:1 -115:1 8 <
ffff8e2303c4c540 2308173854 C Ii:2:008:1 0:1 7 = 0200e96f 000000
ffff8e2303c4c540 2308173880 S Ii:2:008:1 -115:1 8 <
ffff8e2303c4c540 2308181868 C Ii:2:008:1 0:1 7 = 0200f07f 000000
ffff8e2303c4c540 2308181895 S Ii:2:008:1 -115:1 8 <
ffff8e2303c4c540 2308189860 C Ii:2:008:1 0:1 7 = 0200f38f 000000
ffff8e2303c4c540 2308189886 S Ii:2:008:1 -115:1 8 <
ffff8e2303c4c540 2308197854 C Ii:2:008:1 0:1 7 = 0200f67f 000000
ffff8e2303c4c540 2308197880 S Ii:2:008:1 -115:1 8 <
ffff8e2303c4c540 2308205853 C Ii:2:008:1 0:1 7 = 0200f36f 000000
ffff8e2303c4c540 2308205880 S Ii:2:008:1 -115:1 8 <
ffff8e2303c4c540 2308213862 C Ii:2:008:1 0:1 7 = 0200f44f 000000
ffff8e2303c4c540 2308213888 S Ii:2:008:1 -115:1 8 <
ffff8e2303c4c540 2308221862 C Ii:2:008:1 0:1 7 = 0200f42f 000000
ffff8e2303c4c540 2308221889 S Ii:2:008:1 -115:1 8 <
ffff8e2303c4c540 2308229861 C Ii:2:008:1 0:1 7 = 0200ee1f 000000
ffff8e2303c4c540 2308229887 S Ii:2:008:1 -115:1 8 <
ffff8e2303c4c540 2308237854 C Ii:2:008:1 0:1 7 = 0200ed1f 000000
ffff8e2303c4c540 2308237881 S Ii:2:008:1 -115:1 8 <
ffff8e2303c4c540 2308245853 C Ii:2:008:1 0:1 7 = 0200e80f 000000
ffff8e2303c4c540 2308245878 S Ii:2:008:1 -115:1 8 <
ffff8e2303c4c540 2308253860 C Ii:2:008:1 0:1 7 = 0200e60f 000000
ffff8e2303c4c540 2308253887 S Ii:2:008:1 -115:1 8 <
ffff8e2303c4c540 2308261859 C Ii:2:008:1 0:1 7 = 0200e60f 000000
ffff8e2303c4c540 2308261886 S Ii:2:008:1 -115:1 8 <
ffff8e2303c4c540 2308269855 C Ii:2:008:1 0:1 7 = 0200ec2f 000000
ffff8e2303c4c540 2308269882 S Ii:2:008:1 -115:1 8 <
ffff8e2303c4c540 2308277860 C Ii:2:008:1 0:1 7 = 0200f24f 000000
ffff8e2303c4c540 2308277887 S Ii:2:008:1 -115:1 8 <
ffff8e2303c4c540 2308285860 C Ii:2:008:1 0:1 7 = 0200fa9f 000000
ffff8e2303c4c540 2308285886 S Ii:2:008:1 -115:1 8 <
ffff8e2303c4c540 2308293854 C Ii:2:008:1 0:1 7 = 0200fe9f 000000
ffff8e2303c4c540 2308293880 S Ii:2:008:1 -115:1 8 <
ffff8e2303c4c540 2308301856 C Ii:2:008:1 0:1 7 = 020002c0 000000
ffff8e2303c4c540 2308301890 S Ii:2:008:1 -115:1 8 <
ffff8e2303c4c540 2308309853 C Ii:2:008:1 0:1 7 = 020007b0 000000
ffff8e2303c4c540 2308309877 S Ii:2:008:1 -115:1 8 <
ffff8e2303c4c540 2308317855 C Ii:2:008:1 0:1 7 = 02000a70 000000
ffff8e2303c4c540 2308317881 S Ii:2:008:1 -115:1 8 <
ffff8e2303c4c540 2308325853 C Ii:2:008:1 0:1 7 = 02000d70 000000
ffff8e2303c4c540 2308325881 S Ii:2:008:1 -115:1 8 <
ffff8e2303c4c540 2308333860 C Ii:2:008:1 0:1 7 = 02001250 000000
ffff8e2303c4c540 2308333887 S Ii:2:008:1 -115:1 8 <
ffff8e2303c4c540 2308341855 C Ii:2:008:1 0:1 7 = 02001260 000000
ffff8e2303c4c540 2308341884 S Ii:2:008:1 -115:1 8 <
ffff8e2303c4c540 2308349855 C Ii:2:008:1 0:1 7 = 02001650 000000
ffff8e2303c4c540 2308349887 S Ii:2:008:1 -115:1 8 <
ffff8e2303c4c540 2308357854 C Ii:2:008:1 0:1 7 = 02001240 000000
ffff8e2303c4c540 2308357880 S Ii:2:008:1 -115:1 8 <
ffff8e2303c4c540 2308365833 C Ii:2:008:1 0:1 7 = 02000c20 000000
ffff8e2303c4c540 2308365867 S Ii:2:008:1 -115:1 8 <
ffff8e2303c4c540 2308373829 C Ii:2:008:1 0:1 7 = 02000610 000000
ffff8e2303c4c540 2308373852 S Ii:2:008:1 -115:1 8 <
ffff8e2303c4c540 2308756859 C Ii:2:008:1 0:1 7 = 020000e0 ff0000
ffff8e2303c4c540 2308756881 S Ii:2:008:1 -115:1 8 <
ffff8e2303c4c540 2308764857 C Ii:2:008:1 0:1 7 = 020000e0 ff0000
ffff8e2303c4c540 2308764872 S Ii:2:008:1 -115:1 8 <
ffff8e2303c4c540 2308772854 C Ii:2:008:1 0:1 7 = 020000e0 ff0000
ffff8e2303c4c540 2308772871 S Ii:2:008:1 -115:1 8 <
ffff8e2303c4c540 2308780855 C Ii:2:008:1 0:1 7 = 020000d0 ff0000
ffff8e2303c4c540 2308780870 S Ii:2:008:1 -115:1 8 <
ffff8e2303c4c540 2308796854 C Ii:2:008:1 0:1 7 = 020000f0 ff0000
ffff8e2303c4c540 2308796869 S Ii:2:008:1 -115:1 8 <
ffff8e2303c4c540 2308804858 C Ii:2:008:1 0:1 7 = 020000e0 ff0000
ffff8e2303c4c540 2308804874 S Ii:2:008:1 -115:1 8 <
ffff8e2303c4c540 2308812854 C Ii:2:008:1 0:1 7 = 020001d0 ff0000
ffff8e2303c4c540 2308812869 S Ii:2:008:1 -115:1 8 <
ffff8e2303c4c540 2308820861 C Ii:2:008:1 0:1 7 = 020001d0 ff0000
ffff8e2303c4c540 2308820879 S Ii:2:008:1 -115:1 8 <
ffff8e2303c4c540 2308828864 C Ii:2:008:1 0:1 7 = 020000c0 ff0000
ffff8e2303c4c540 2308828879 S Ii:2:008:1 -115:1 8 <
ffff8e2303c4c540 2308836855 C Ii:2:008:1 0:1 7 = 020001c0 ff0000
ffff8e2303c4c540 2308836870 S Ii:2:008:1 -115:1 8 <
ffff8e2303c4c540 2308844854 C Ii:2:008:1 0:1 7 = 020000c0 ff0000
ffff8e2303c4c540 2308844871 S Ii:2:008:1 -115:1 8 <
ffff8e2303c4c540 2308852862 C Ii:2:008:1 0:1 7 = 020000d0 ff0000
ffff8e2303c4c540 2308852878 S Ii:2:008:1 -115:1 8 <
ffff8e2303c4c540 2308860865 C Ii:2:008:1 0:1 7 = 020000b0 ff0000
ffff8e2303c4c540 2308860881 S Ii:2:008:1 -115:1 8 <
ffff8e2303c4c540 2308868855 C Ii:2:008:1 0:1 7 = 020000b0 ff0000
ffff8e2303c4c540 2308868870 S Ii:2:008:1 -115:1 8 <
ffff8e2303c4c540 2308876833 C Ii:2:008:1 0:1 7 = 020000a0 ff0000
ffff8e2303c4c540 2308876854 S Ii:2:008:1 -115:1 8 <
ffff8e2303c4c540 2308884855 C Ii:2:008:1 0:1 7 = 02000090 ff0000
ffff8e2303c4c540 2308884872 S Ii:2:008:1 -115:1 8 <
ffff8e2303c4c540 2308892879 C Ii:2:008:1 0:1 7 = 0200ffaf ff0000
ffff8e2303c4c540 2308892894 S Ii:2:008:1 -115:1 8 <
ffff8e2303c4c540 2308900859 C Ii:2:008:1 0:1 7 = 0200ffaf ff0000
ffff8e2303c4c540 2308900875 S Ii:2:008:1 -115:1 8 <
ffff8e2303c4c540 2308908835 C Ii:2:008:1 0:1 7 = 0200fecf ff0000
ffff8e2303c4c540 2308908858 S Ii:2:008:1 -115:1 8 <
ffff8e2303c4c540 2308916863 C Ii:2:008:1 0:1 7 = 0200ffef ff0000
ffff8e2303c4c540 2308916881 S Ii:2:008:1 -115:1 8 <
ffff8e2303c4c540 2308924857 C Ii:2:008:1 0:1 7 = 0200fedf ff0000
ffff8e2303c4c540 2308924874 S Ii:2:008:1 -115:1 8 <
ffff8e2303c4c540 2308932858 C Ii:2:008:1 0:1 7 = 0200fdcf ff0000
ffff8e2303c4c540 2308932875 S Ii:2:008:1 -115:1 8 <
ffff8e2303c4c540 2308940859 C Ii:2:008:1 0:1 7 = 0200fedf ff0000
ffff8e2303c4c540 2308940876 S Ii:2:008:1 -115:1 8 <
ffff8e2303c4c540 2308948856 C Ii:2:008:1 0:1 7 = 0200febf ff0000
ffff8e2303c4c540 2308948873 S Ii:2:008:1 -115:1 8 <
ffff8e2303c4c540 2308956864 C Ii:2:008:1 0:1 7 = 0200ffcf ff0000
ffff8e2303c4c540 2308956880 S Ii:2:008:1 -115:1 8 <
ffff8e2303c4c540 2308964864 C Ii:2:008:1 0:1 7 = 020000e0 ff0000
ffff8e2303c4c540 2308964881 S Ii:2:008:1 -115:1 8 <
ffff8e2303c4c540 2308972862 C Ii:2:008:1 0:1 7 = 020000d0 ff0000
ffff8e2303c4c540 2308972879 S Ii:2:008:1 -115:1 8 <
ffff8e2303c4c540 2308980856 C Ii:2:008:1 0:1 7 = 020000e0 ff0000
ffff8e2303c4c540 2308980872 S Ii:2:008:1 -115:1 8 <
ffff8e2303c4c540 2308988858 C Ii:2:008:1 0:1 7 = 020000e0 ff0000
ffff8e2303c4c540 2308988875 S Ii:2:008:1 -115:1 8 <
ffff8e2303c4c540 2309036859 C Ii:2:008:1 0:1 7 = 020000e0 ff0000
ffff8e2303c4c540 2309036880 S Ii:2:008:1 -115:1 8 <
ffff8e2303c4c540 2309044835 C Ii:2:008:1 0:1 7 = 020000f0 ff0000
ffff8e2303c4c540 2309044856 S Ii:2:008:1 -115:1 8 <
ffff8e2303c4c540 2309052867 C Ii:2:008:1 0:1 7 = 020000e0 ff0000
ffff8e2303c4c540 2309052883 S Ii:2:008:1 -115:1 8 <
ffff8e2303c4c540 2309060857 C Ii:2:008:1 0:1 7 = 020000f0 ff0000
ffff8e2303c4c540 2309060875 S Ii:2:008:1 -115:1 8 <
ffff8e2302151980 2309450067 S Bo:2:002:2 -115 31 = 55534243 c90d0000 00000000 00000600 00000000 00000000 00000000 000000
ffff8e2302151980 2309450100 C Bo:2:002:2 0 31 >
ffff8e2302151980 2309450111 S Bi:2:002:1 -115 13 <
ffff8e2302151980 2309450152 C Bi:2:002:1 0 13 = 55534253 c90d0000 00000000 00
ffff8e2303c4c540 2310819845 C Ii:2:008:1 0:1 7 = 02000110 000000
ffff8e2303c4c540 2310819867 S Ii:2:008:1 -115:1 8 <
ffff8e2303c4c540 2310827873 C Ii:2:008:1 0:1 7 = 02000250 000000
ffff8e2303c4c540 2310827889 S Ii:2:008:1 -115:1 8 <
ffff8e2303c4c540 2310835866 C Ii:2:008:1 0:1 7 = 02000460 000000
ffff8e2303c4c540 2310835884 S Ii:2:008:1 -115:1 8 <
ffff8e2303c4c540 2310843839 C Ii:2:008:1 0:1 7 = 02000570 000000
ffff8e2303c4c540 2310843855 S Ii:2:008:1 -115:1 8 <
ffff8e2303c4c540 2310851872 C Ii:2:008:1 0:1 7 = 02000560 000000
ffff8e2303c4c540 2310851889 S Ii:2:008:1 -115:1 8 <
ffff8e2303c4c540 2310859864 C Ii:2:008:1 0:1 7 = 02000340 000000
ffff8e2303c4c540 2310859880 S Ii:2:008:1 -115:1 8 <
ffff8e2303c4c540 2310867837 C Ii:2:008:1 0:1 7 = 02000230 000000
ffff8e2303c4c540 2310867853 S Ii:2:008:1 -115:1 8 <
ffff8e2303c4c540 2310875872 C Ii:2:008:1 0:1 7 = 02000120 000000
ffff8e2303c4c540 2310875891 S Ii:2:008:1 -115:1 8 <
ffff8e2303c4c540 2310883865 C Ii:2:008:1 0:1 7 = 02000330 000000
ffff8e2303c4c540 2310883883 S Ii:2:008:1 -115:1 8 <
ffff8e2303c4c540 2310891842 C Ii:2:008:1 0:1 7 = 02000220 000000
ffff8e2303c4c540 2310891864 S Ii:2:008:1 -115:1 8 <
ffff8e2303c4c540 2310899865 C Ii:2:008:1 0:1 7 = 02000130 000000
ffff8e2303c4c540 2310899882 S Ii:2:008:1 -115:1 8 <
ffff8e2303c4c540 2310907876 C Ii:2:008:1 0:1 7 = 02000110 000000
ffff8e2303c4c540 2310907894 S Ii:2:008:1 -115:1 8 <
ffff8e2303c4c540 2310915872 C Ii:2:008:1 0:1 7 = 02000010 000000
ffff8e2303c4c540 2310915887 S Ii:2:008:1 -115:1 8 <
ffff8e2303c4c540 2310923843 C Ii:2:008:1 0:1 7 = 02000010 000000
ffff8e2303c4c540 2310923863 S Ii:2:008:1 -115:1 8 <
ffff8e2302151980 2311498144 S Bo:2:002:2 -115 31 = 55534243 ca0d0000 00000000 00000600 00000000 00000000 00000000 000000
ffff8e2302151980 2311498204 C Bo:2:002:2 0 31 >
ffff8e2302151980 2311498214 S Bi:2:002:1 -115 13 <
ffff8e2302151980 2311498243 C Bi:2:002:1 0 13 = 55534253 ca0d0000 00000000 00
ffff8e2303c4c540 2313186856 C Ii:2:008:1 0:1 7 = 0200f90f 000000
ffff8e2303c4c540 2313186888 S Ii:2:008:1 -115:1 8 <
ffff8e2303c4c540 2313194848 C Ii:2:008:1 0:1 7 = 0200ee0f 000000
ffff8e2303c4c540 2313194865 S Ii:2:008:1 -115:1 8 <
ffff8e2303c4c540 2313202881 C Ii:2:008:1 0:1 7 = 0200e1ff ff0000
ffff8e2303c4c540 2313202897 S Ii:2:008:1 -115:1 8 <
ffff8e2303c4c540 2313210874 C Ii:2:008:1 0:1 7 = 0200d0ef ff0000
ffff8e2303c4c540 2313210891 S Ii:2:008:1 -115:1 8 <
ffff8e2303c4c540 2313218882 C Ii:2:008:1 0:1 7 = 0200c9ff ff0000
ffff8e2303c4c540 2313218898 S Ii:2:008:1 -115:1 8 <
ffff8e2303c4c540 2313226881 C Ii:2:008:1 0:1 7 = 0200c7ef ff0000
ffff8e2303c4c540 2313226898 S Ii:2:008:1 -115:1 8 <
ffff8e2303c4c540 2313234881 C Ii:2:008:1 0:1 7 = 0200cc0f 000000
ffff8e2303c4c540 2313234897 S Ii:2:008:1 -115:1 8 <
ffff8e2303c4c540 2313242874 C Ii:2:008:1 0:1 7 = 0200d70f 000000
ffff8e2303c4c540 2313242890 S Ii:2:008:1 -115:1 8 <
ffff8e2303c4c540 2313250877 C Ii:2:008:1 0:1 7 = 0200e40f 000000
ffff8e2303c4c540 2313250894 S Ii:2:008:1 -115:1 8 <
ffff8e2303c4c540 2313258881 C Ii:2:008:1 0:1 7 = 0200ee0f 000000
ffff8e2303c4c540 2313258897 S Ii:2:008:1 -115:1 8 <
ffff8e2303c4c540 2313266893 C Ii:2:008:1 0:1 7 = 0200f70f 000000
ffff8e2303c4c540 2313266912 S Ii:2:008:1 -115:1 8 <
ffff8e2303c4c540 2313274882 C Ii:2:008:1 0:1 7 = 0200fb0f 000000
ffff8e2303c4c540 2313274898 S Ii:2:008:1 -115:1 8 <
ffff8e2303c4c540 2313282876 C Ii:2:008:1 0:1 7 = 0200fa0f 000000
ffff8e2303c4c540 2313282892 S Ii:2:008:1 -115:1 8 <
ffff8e2303c4c540 2313290852 C Ii:2:008:1 0:1 7 = 0200f7ff ff0000
ffff8e2303c4c540 2313290875 S Ii:2:008:1 -115:1 8 <
ffff8e2303c4c540 2313298881 C Ii:2:008:1 0:1 7 = 0200f4ef ff0000
ffff8e2303c4c540 2313298899 S Ii:2:008:1 -115:1 8 <
ffff8e2303c4c540 2313306882 C Ii:2:008:1 0:1 7 = 0200f4ef ff0000
ffff8e2303c4c540 2313306899 S Ii:2:008:1 -115:1 8 <
ffff8e2303c4c540 2313314882 C Ii:2:008:1 0:1 7 = 0200f3df ff0000
ffff8e2303c4c540 2313314898 S Ii:2:008:1 -115:1 8 <
ffff8e2303c4c540 2313322874 C Ii:2:008:1 0:1 7 = 0200f1df ff0000
ffff8e2303c4c540 2313322892 S Ii:2:008:1 -115:1 8 <
ffff8e2303c4c540 2313330849 C Ii:2:008:1 0:1 7 = 0200f1df ff0000
ffff8e2303c4c540 2313330865 S Ii:2:008:1 -115:1 8 <
ffff8e2303c4c540 2313338881 C Ii:2:008:1 0:1 7 = 0200eedf ff0000
ffff8e2303c4c540 2313338899 S Ii:2:008:1 -115:1 8 <
ffff8e2303c4c540 2313346883 C Ii:2:008:1 0:1 7 = 0200ebdf ff0000
ffff8e2303c4c540 2313346900 S Ii:2:008:1 -115:1 8 <
ffff8e2303c4c540 2313354888 C Ii:2:008:1 0:1 7 = 0200ebcf ff0000
ffff8e2303c4c540 2313354905 S Ii:2:008:1 -115:1 8 <
ffff8e2303c4c540 2313362847 C Ii:2:008:1 0:1 7 = 0200e8cf ff0000
ffff8e2303c4c540 2313362863 S Ii:2:008:1 -115:1 8 <
ffff8e2303c4c540 2313370885 C Ii:2:008:1 0:1 7 = 0200e7bf ff0000
ffff8e2303c4c540 2313370902 S Ii:2:008:1 -115:1 8 <
ffff8e2303c4c540 2313378885 C Ii:2:008:1 0:1 7 = 0200e6cf ff0000
ffff8e2303c4c540 2313378902 S Ii:2:008:1 -115:1 8 <
ffff8e2303c4c540 2313386885 C Ii:2:008:1 0:1 7 = 0200e5cf ff0000
ffff8e2303c4c540 2313386902 S Ii:2:008:1 -115:1 8 <
ffff8e2303c4c540 2313394854 C Ii:2:008:1 0:1 7 = 0200e7ef ff0000
ffff8e2303c4c540 2313394876 S Ii:2:008:1 -115:1 8 <
ffff8e2303c4c540 2313402875 C Ii:2:008:1 0:1 7 = 0200e6ef ff0000
ffff8e2303c4c540 2313402892 S Ii:2:008:1 -115:1 8 <
ffff8e2303c4c540 2313410875 C Ii:2:008:1 0:1 7 = 0200e8ef ff0000
ffff8e2303c4c540 2313410891 S Ii:2:008:1 -115:1 8 <
ffff8e2303c4c540 2313418885 C Ii:2:008:1 0:1 7 = 0200e8ef ff0000
ffff8e2303c4c540 2313418902 S Ii:2:008:1 -115:1 8 <
ffff8e2303c4c540 2313426851 C Ii:2:008:1 0:1 7 = 0200e9df ff0000
ffff8e2303c4c540 2313426873 S Ii:2:008:1 -115:1 8 <
ffff8e2303c4c540 2313434875 C Ii:2:008:1 0:1 7 = 0200edcf ff0000
ffff8e2303c4c540 2313434891 S Ii:2:008:1 -115:1 8 <
ffff8e2303c4c540 2313442875 C Ii:2:008:1 0:1 7 = 0200eedf ff0000
ffff8e2303c4c540 2313442893 S Ii:2:008:1 -115:1 8 <
ffff8e2303c4c540 2313450876 C Ii:2:008:1 0:1 7 = 0200eedf ff0000
ffff8e2303c4c540 2313450893 S Ii:2:008:1 -115:1 8 <
ffff8e2303c4c540 2313458882 C Ii:2:008:1 0:1 7 = 0200efcf ff0000
ffff8e2303c4c540 2313458899 S Ii:2:008:1 -115:1 8 <
ffff8e2303c4c540 2313466851 C Ii:2:008:1 0:1 7 = 0200eecf ff0000
ffff8e2303c4c540 2313466868 S Ii:2:008:1 -115:1 8 <
ffff8e2303c4c540 2313474886 C Ii:2:008:1 0:1 7 = 0200edbf ff0000
ffff8e2303c4c540 2313474903 S Ii:2:008:1 -115:1 8 <
ffff8e2303c4c540 2313482875 C Ii:2:008:1 0:1 7 = 0200ecaf ff0000
ffff8e2303c4c540 2313482893 S Ii:2:008:1 -115:1 8 <
ffff8e2303c4c540 2313490847 C Ii:2:008:1 0:1 7 = 0200eaaf ff0000
ffff8e2303c4c540 2313490863 S Ii:2:008:1 -115:1 8 <
ffff8e2303c4c540 2313498852 C Ii:2:008:1 0:1 7 = 0200e99f ff0000
ffff8e2303c4c540 2313498868 S Ii:2:008:1 -115:1 8 <
ffff8e2303c4c540 2313506886 C Ii:2:008:1 0:1 7 = 0200e89f ff0000
ffff8e2303c4c540 2313506903 S Ii:2:008:1 -115:1 8 <
ffff8e2303c4c540 2313514852 C Ii:2:008:1 0:1 7 = 0200e89f ff0000
ffff8e2303c4c540 2313514875 S Ii:2:008:1 -115:1 8 <
ffff8e2303c4c540 2313522877 C Ii:2:008:1 0:1 7 = 0200e8af ff0000
ffff8e2303c4c540 2313522893 S Ii:2:008:1 -115:1 8 <
ffff8e2303c4c540 2313530884 C Ii:2:008:1 0:1 7 = 0200e7af ff0000
ffff8e2303c4c540 2313530901 S Ii:2:008:1 -115:1 8 <
ffff8e2303c4c540 2313538886 C Ii:2:008:1 0:1 7 = 0200e8af ff0000
ffff8e2303c4c540 2313538903 S Ii:2:008:1 -115:1 8 <
ffff8e2302151980 2313546131 S Bo:2:002:2 -115 31 = 55534243 cb0d0000 00000000 00000600 00000000 00000000 00000000 000000
ffff8e2302151980 2313546186 C Bo:2:002:2 0 31 >
ffff8e2302151980 2313546197 S Bi:2:002:1 -115 13 <
ffff8e2302151980 2313546225 C Bi:2:002:1 0 13 = 55534253 cb0d0000 00000000 00
ffff8e2303c4c540 2313546882 C Ii:2:008:1 0:1 7 = 0200e9af ff0000
ffff8e2303c4c540 2313546900 S Ii:2:008:1 -115:1 8 <
ffff8e2303c4c540 2313554885 C Ii:2:008:1 0:1 7 = 0200eacf ff0000
ffff8e2303c4c540 2313554901 S Ii:2:008:1 -115:1 8 <
ffff8e2303c4c540 2313562876 C Ii:2:008:1 0:1 7 = 0200f0df ff0000
ffff8e2303c4c540 2313562892 S Ii:2:008:1 -115:1 8 <
ffff8e2303c4c540 2313570888 C Ii:2:008:1 0:1 7 = 0200f3ef ff0000
ffff8e2303c4c540 2313570905 S Ii:2:008:1 -115:1 8 <
ffff8e2303c4c540 2313578883 C Ii:2:008:1 0:1 7 = 0200f8ef ff0000
ffff8e2303c4c540 2313578899 S Ii:2:008:1 -115:1 8 <
ffff8e2303c4c540 2313586850 C Ii:2:008:1 0:1 7 = 0200fcff ff0000
ffff8e2303c4c540 2313586867 S Ii:2:008:1 -115:1 8 <
ffff8e2303c4c540 2313594886 C Ii:2:008:1 0:1 7 = 0200fcff ff0000
ffff8e2303c4c540 2313594902 S Ii:2:008:1 -115:1 8 <
ffff8e2303c4c540 2313602876 C Ii:2:008:1 0:1 7 = 0200fdff ff0000
ffff8e2303c4c540 2313602892 S Ii:2:008:1 -115:1 8 <
ffff8e2303c4c540 2313610886 C Ii:2:008:1 0:1 7 = 0200fdff ff0000
ffff8e2303c4c540 2313610903 S Ii:2:008:1 -115:1 8 <
ffff8e2303c4c540 2313618883 C Ii:2:008:1 0:1 7 = 0200faff ff0000
ffff8e2303c4c540 2313618899 S Ii:2:008:1 -115:1 8 <
ffff8e2303c4c540 2313626877 C Ii:2:008:1 0:1 7 = 0200fbff ff0000
ffff8e2303c4c540 2313626893 S Ii:2:008:1 -115:1 8 <
ffff8e2303c4c540 2313634876 C Ii:2:008:1 0:1 7 = 0200fcff ff0000
ffff8e2303c4c540 2313634894 S Ii:2:008:1 -115:1 8 <
ffff8e2303c4c540 2313642876 C Ii:2:008:1 0:1 7 = 0200faff ff0000
ffff8e2303c4c540 2313642892 S Ii:2:008:1 -115:1 8 <
ffff8e2303c4c540 2313650877 C Ii:2:008:1 0:1 7 = 0200fdff ff0000
ffff8e2303c4c540 2313650895 S Ii:2:008:1 -115:1 8 <
ffff8e2303c4c540 2313658886 C Ii:2:008:1 0:1 7 = 0200fbff ff0000
ffff8e2303c4c540 2313658902 S Ii:2:008:1 -115:1 8 <
ffff8e2303c4c540 2313666883 C Ii:2:008:1 0:1 7 = 0200fcff ff0000
ffff8e2303c4c540 2313666899 S Ii:2:008:1 -115:1 8 <
ffff8e2303c4c540 2313674885 C Ii:2:008:1 0:1 7 = 0200fbff ff0000
ffff8e2303c4c540 2313674903 S Ii:2:008:1 -115:1 8 <
ffff8e2303c4c540 2313682876 C Ii:2:008:1 0:1 7 = 0200fbff ff0000
ffff8e2303c4c540 2313682892 S Ii:2:008:1 -115:1 8 <
ffff8e2303c4c540 2313690883 C Ii:2:008:1 0:1 7 = 0200faff ff0000
ffff8e2303c4c540 2313690899 S Ii:2:008:1 -115:1 8 <
ffff8e2303c4c540 2313698877 C Ii:2:008:1 0:1 7 = 0200f9ff ff0000
ffff8e2303c4c540 2313698895 S Ii:2:008:1 -115:1 8 <
ffff8e2303c4c540 2313706855 C Ii:2:008:1 0:1 7 = 0200fbff ff0000
ffff8e2303c4c540 2313706876 S Ii:2:008:1 -115:1 8 <
ffff8e2303c4c540 2313714876 C Ii:2:008:1 0:1 7 = 0200fbff ff0000
ffff8e2303c4c540 2313714893 S Ii:2:008:1 -115:1 8 <
ffff8e2303c4c540 2313722877 C Ii:2:008:1 0:1 7 = 0200fdff ff0000
ffff8e2303c4c540 2313722894 S Ii:2:008:1 -115:1 8 <
ffff8e2303c4c540 2313730876 C Ii:2:008:1 0:1 7 = 0200ffff ff0000
ffff8e2303c4c540 2313730893 S Ii:2:008:1 -115:1 8 <
ffff8e2303c4c540 2313738886 C Ii:2:008:1 0:1 7 = 0200fe0f 000000
ffff8e2303c4c540 2313738904 S Ii:2:008:1 -115:1 8 <
ffff8e2303c4c540 2313746886 C Ii:2:008:1 0:1 7 = 0200fd0f 000000
ffff8e2303c4c540 2313746902 S Ii:2:008:1 -115:1 8 <
ffff8e2303c4c540 2313754877 C Ii:2:008:1 0:1 7 = 0200fd0f 000000
ffff8e2303c4c540 2313754893 S Ii:2:008:1 -115:1 8 <
ffff8e2303c4c540 2313762876 C Ii:2:008:1 0:1 7 = 0200fd0f 000000
ffff8e2303c4c540 2313762892 S Ii:2:008:1 -115:1 8 <
ffff8e2303c4c540 2313770889 C Ii:2:008:1 0:1 7 = 0200fe0f 000000
ffff8e2303c4c540 2313770905 S Ii:2:008:1 -115:1 8 <
ffff8e2303c4c540 2313954879 C Ii:2:008:1 0:1 7 = 0200ff0f 000000
ffff8e2303c4c540 2313954896 S Ii:2:008:1 -115:1 8 <
ffff8e2303c4c540 2313962883 C Ii:2:008:1 0:1 7 = 0200fa0f 000000
ffff8e2303c4c540 2313962899 S Ii:2:008:1 -115:1 8 <
ffff8e2303c4c540 2313970884 C Ii:2:008:1 0:1 7 = 0200f70f 000000
ffff8e2303c4c540 2313970900 S Ii:2:008:1 -115:1 8 <
ffff8e2303c4c540 2313978855 C Ii:2:008:1 0:1 7 = 0200f10f 000000
ffff8e2303c4c540 2313978872 S Ii:2:008:1 -115:1 8 <
ffff8e2303c4c540 2313986878 C Ii:2:008:1 0:1 7 = 0200ec0f 000000
ffff8e2303c4c540 2313986895 S Ii:2:008:1 -115:1 8 <
ffff8e2303c4c540 2313994877 C Ii:2:008:1 0:1 7 = 0200e80f 000000
ffff8e2303c4c540 2313994895 S Ii:2:008:1 -115:1 8 <
ffff8e2303c4c540 2314002884 C Ii:2:008:1 0:1 7 = 0200e40f 000000
ffff8e2303c4c540 2314002900 S Ii:2:008:1 -115:1 8 <
ffff8e2303c4c540 2314010856 C Ii:2:008:1 0:1 7 = 0200e50f 000000
ffff8e2303c4c540 2314010879 S Ii:2:008:1 -115:1 8 <
ffff8e2303c4c540 2314018889 C Ii:2:008:1 0:1 7 = 0200e80f 000000
ffff8e2303c4c540 2314018905 S Ii:2:008:1 -115:1 8 <
ffff8e2303c4c540 2314026879 C Ii:2:008:1 0:1 7 = 0200ef0f 000000
ffff8e2303c4c540 2314026895 S Ii:2:008:1 -115:1 8 <
ffff8e2303c4c540 2314034880 C Ii:2:008:1 0:1 7 = 0200f60f 000000
ffff8e2303c4c540 2314034897 S Ii:2:008:1 -115:1 8 <
ffff8e2303c4c540 2314042856 C Ii:2:008:1 0:1 7 = 0200fc0f 000000
ffff8e2303c4c540 2314042878 S Ii:2:008:1 -115:1 8 <
ffff8e2303c4c540 2314050880 C Ii:2:008:1 0:1 7 = 0200fe0f 000000
ffff8e2303c4c540 2314050896 S Ii:2:008:1 -115:1 8 <
ffff8e2303c4c540 2314066852 C Ii:2:008:1 0:1 7 = 0200ff0f 000000
ffff8e2303c4c540 2314066868 S Ii:2:008:1 -115:1 8 <
ffff8e2303c4c540 2314074878 C Ii:2:008:1 0:1 7 = 0200fe0f 000000
ffff8e2303c4c540 2314074895 S Ii:2:008:1 -115:1 8 <
ffff8e2303c4c540 2314082877 C Ii:2:008:1 0:1 7 = 0200fcff ff0000
ffff8e2303c4c540 2314082894 S Ii:2:008:1 -115:1 8 <
ffff8e2303c4c540 2314090886 C Ii:2:008:1 0:1 7 = 0200fcff ff0000
ffff8e2303c4c540 2314090902 S Ii:2:008:1 -115:1 8 <
ffff8e2303c4c540 2314098883 C Ii:2:008:1 0:1 7 = 0200fcff ff0000
ffff8e2303c4c540 2314098901 S Ii:2:008:1 -115:1 8 <
ffff8e2303c4c540 2314106885 C Ii:2:008:1 0:1 7 = 0200fe0f 000000
ffff8e2303c4c540 2314106902 S Ii:2:008:1 -115:1 8 <
ffff8e2303c4c540 2314242890 C Ii:2:008:1 0:1 7 = 0200ff0f 000000
ffff8e2303c4c540 2314242906 S Ii:2:008:1 -115:1 8 <
ffff8e2303c4c540 2314258881 C Ii:2:008:1 0:1 7 = 0200ff0f 000000
ffff8e2303c4c540 2314258898 S Ii:2:008:1 -115:1 8 <
ffff8e2303c4c540 2314266885 C Ii:2:008:1 0:1 7 = 0200ff0f 000000
ffff8e2303c4c540 2314266901 S Ii:2:008:1 -115:1 8 <
ffff8e2303c4c540 2314306887 C Ii:2:008:1 0:1 7 = 0200ff0f 000000
ffff8e2303c4c540 2314306903 S Ii:2:008:1 -115:1 8 <
ffff8e2303c4c540 2314322885 C Ii:2:008:1 0:1 7 = 0200fe0f 000000
ffff8e2303c4c540 2314322901 S Ii:2:008:1 -115:1 8 <
ffff8e2303c4c540 2314330880 C Ii:2:008:1 0:1 7 = 0200fe0f 000000
ffff8e2303c4c540 2314330896 S Ii:2:008:1 -115:1 8 <
ffff8e2303c4c540 2314338855 C Ii:2:008:1 0:1 7 = 0200fe0f 000000
ffff8e2303c4c540 2314338872 S Ii:2:008:1 -115:1 8 <
ffff8e2303c4c540 2314346885 C Ii:2:008:1 0:1 7 = 0200fd0f 000000
ffff8e2303c4c540 2314346902 S Ii:2:008:1 -115:1 8 <
ffff8e2303c4c540 2314354880 C Ii:2:008:1 0:1 7 = 0200fd0f 000000
ffff8e2303c4c540 2314354896 S Ii:2:008:1 -115:1 8 <
ffff8e2303c4c540 2314362880 C Ii:2:008:1 0:1 7 = 0200fd0f 000000
ffff8e2303c4c540 2314362896 S Ii:2:008:1 -115:1 8 <
ffff8e2303c4c540 2314370879 C Ii:2:008:1 0:1 7 = 0200fe0f 000000
ffff8e2303c4c540 2314370896 S Ii:2:008:1 -115:1 8 <
ffff8e2303c4c540 2314378879 C Ii:2:008:1 0:1 7 = 0200fd0f 000000
ffff8e2303c4c540 2314378896 S Ii:2:008:1 -115:1 8 <
ffff8e2303c4c540 2314386855 C Ii:2:008:1 0:1 7 = 0200fc0f 000000
ffff8e2303c4c540 2314386877 S Ii:2:008:1 -115:1 8 <
ffff8e2303c4c540 2314394879 C Ii:2:008:1 0:1 7 = 0200fd2f 000000
ffff8e2303c4c540 2314394895 S Ii:2:008:1 -115:1 8 <
ffff8e2303c4c540 2314402889 C Ii:2:008:1 0:1 7 = 0200fd1f 000000
ffff8e2303c4c540 2314402906 S Ii:2:008:1 -115:1 8 <
ffff8e2303c4c540 2314410880 C Ii:2:008:1 0:1 7 = 0200ff2f 000000
ffff8e2303c4c540 2314410897 S Ii:2:008:1 -115:1 8 <
ffff8e2303c4c540 2314418882 C Ii:2:008:1 0:1 7 = 0200ff1f 000000
ffff8e2303c4c540 2314418898 S Ii:2:008:1 -115:1 8 <
ffff8e2303c4c540 2314650882 C Ii:2:008:1 0:1 7 = 0200ff0f 000000
ffff8e2303c4c540 2314650900 S Ii:2:008:1 -115:1 8 <
ffff8e2303c4c540 2314658858 C Ii:2:008:1 0:1 7 = 0200fbff ff0000
ffff8e2303c4c540 2314658881 S Ii:2:008:1 -115:1 8 <
ffff8e2303c4c540 2314666893 C Ii:2:008:1 0:1 7 = 0200faff ff0000
ffff8e2303c4c540 2314666909 S Ii:2:008:1 -115:1 8 <
ffff8e2303c4c540 2314674892 C Ii:2:008:1 0:1 7 = 0200f8ff ff0000
ffff8e2303c4c540 2314674909 S Ii:2:008:1 -115:1 8 <
ffff8e2303c4c540 2314682859 C Ii:2:008:1 0:1 7 = 0200f6df ff0000
ffff8e2303c4c540 2314682880 S Ii:2:008:1 -115:1 8 <
ffff8e2303c4c540 2314690880 C Ii:2:008:1 0:1 7 = 0200f6df ff0000
ffff8e2303c4c540 2314690896 S Ii:2:008:1 -115:1 8 <
ffff8e2303c4c540 2314698858 C Ii:2:008:1 0:1 7 = 0200f3df ff0000
ffff8e2303c4c540 2314698882 S Ii:2:008:1 -115:1 8 <
ffff8e2303c4c540 2314706887 C Ii:2:008:1 0:1 7 = 0200f2cf ff0000
ffff8e2303c4c540 2314706903 S Ii:2:008:1 -115:1 8 <
ffff8e2303c4c540 2314714880 C Ii:2:008:1 0:1 7 = 0200f1cf ff0000
ffff8e2303c4c540 2314714897 S Ii:2:008:1 -115:1 8 <
ffff8e2303c4c540 2314722881 C Ii:2:008:1 0:1 7 = 0200f1df ff0000
ffff8e2303c4c540 2314722897 S Ii:2:008:1 -115:1 8 <
ffff8e2303c4c540 2314730881 C Ii:2:008:1 0:1 7 = 0200f2df ff0000
ffff8e2303c4c540 2314730897 S Ii:2:008:1 -115:1 8 <
ffff8e2303c4c540 2314738889 C Ii:2:008:1 0:1 7 = 0200f1cf ff0000
ffff8e2303c4c540 2314738906 S Ii:2:008:1 -115:1 8 <
ffff8e2303c4c540 2314746880 C Ii:2:008:1 0:1 7 = 0200f3df ff0000
ffff8e2303c4c540 2314746896 S Ii:2:008:1 -115:1 8 <
ffff8e2303c4c540 2314754887 C Ii:2:008:1 0:1 7 = 0200f4af ff0000
ffff8e2303c4c540 2314754904 S Ii:2:008:1 -115:1 8 <
ffff8e2303c4c540 2314762891 C Ii:2:008:1 0:1 7 = 0200f78f ff0000
ffff8e2303c4c540 2314762909 S Ii:2:008:1 -115:1 8 <
ffff8e2303c4c540 2314770881 C Ii:2:008:1 0:1 7 = 0200fa8f ff0000
ffff8e2303c4c540 2314770898 S Ii:2:008:1 -115:1 8 <
ffff8e2303c4c540 2314778887 C Ii:2:008:1 0:1 7 = 0200fa7f ff0000
ffff8e2303c4c540 2314778904 S Ii:2:008:1 -115:1 8 <
ffff8e2303c4c540 2314786890 C Ii:2:008:1 0:1 7 = 0200fa9f ff0000
ffff8e2303c4c540 2314786906 S Ii:2:008:1 -115:1 8 <
ffff8e2303c4c540 2314794882 C Ii:2:008:1 0:1 7 = 0200fbbf ff0000
ffff8e2303c4c540 2314794899 S Ii:2:008:1 -115:1 8 <
ffff8e2303c4c540 2314802881 C Ii:2:008:1 0:1 7 = 0200fbbf ff0000
ffff8e2303c4c540 2314802899 S Ii:2:008:1 -115:1 8 <
ffff8e2303c4c540 2314810887 C Ii:2:008:1 0:1 7 = 0200fcdf ff0000
ffff8e2303c4c540 2314810903 S Ii:2:008:1 -115:1 8 <
ffff8e2303c4c540 2314818856 C Ii:2:008:1 0:1 7 = 0200fddf ff0000
ffff8e2303c4c540 2314818873 S Ii:2:008:1 -115:1 8 <
ffff8e2303c4c540 2314826889 C Ii:2:008:1 0:1 7 = 0200fedf ff0000
ffff8e2303c4c540 2314826905 S Ii:2:008:1 -115:1 8 <
ffff8e2303c4c540 2314834858 C Ii:2:008:1 0:1 7 = 0200ff0f 000000
ffff8e2303c4c540 2314834879 S Ii:2:008:1 -115:1 8 <
ffff8e2303c4c540 2314914892 C Ii:2:008:1 0:1 7 = 02000000 00ff00
ffff8e2303c4c540 2314914911 S Ii:2:008:1 -115:1 8 <
ffff8e2303c4c540 2314962881 C Ii:2:008:1 0:1 7 = 02000000 00ff00
ffff8e2303c4c540 2314962898 S Ii:2:008:1 -115:1 8 <
ffff8e2303c4c540 2314994891 C Ii:2:008:1 0:1 7 = 02000000 00ff00
ffff8e2303c4c540 2314994909 S Ii:2:008:1 -115:1 8 <
ffff8e2302151980 2315594065 S Bo:2:002:2 -115 31 = 55534243 cc0d0000 00000000 00000600 00000000 00000000 00000000 000000
ffff8e2302151980 2315594099 C Bo:2:002:2 0 31 >
ffff8e2302151980 2315594112 S Bi:2:002:1 -115 13 <
ffff8e2302151980 2315594152 C Bi:2:002:1 0 13 = 55534253 cc0d0000 00000000 00
ffff8e2303c4c540 2316289902 C Ii:2:008:1 0:1 7 = 0200ffff ff0000
ffff8e2303c4c540 2316289926 S Ii:2:008:1 -115:1 8 <
ffff8e2303c4c540 2316297896 C Ii:2:008:1 0:1 7 = 0200ffff ff0000
ffff8e2303c4c540 2316297913 S Ii:2:008:1 -115:1 8 <
ffff8e2303c4c540 2316305862 C Ii:2:008:1 0:1 7 = 0200feff ff0000
ffff8e2303c4c540 2316305878 S Ii:2:008:1 -115:1 8 <
ffff8e2303c4c540 2316313887 C Ii:2:008:1 0:1 7 = 0200fdef ff0000
ffff8e2303c4c540 2316313905 S Ii:2:008:1 -115:1 8 <
ffff8e2303c4c540 2316321897 C Ii:2:008:1 0:1 7 = 0200ffff ff0000
ffff8e2303c4c540 2316321914 S Ii:2:008:1 -115:1 8 <
ffff8e2303c4c540 2316329897 C Ii:2:008:1 0:1 7 = 0200ff0f 000000
ffff8e2303c4c540 2316329914 S Ii:2:008:1 -115:1 8 <
ffff8e2303c4c540 2316345861 C Ii:2:008:1 0:1 7 = 0200ff0f 000000
ffff8e2303c4c540 2316345876 S Ii:2:008:1 -115:1 8 <
ffff8e2303c4c540 2316361888 C Ii:2:008:1 0:1 7 = 0200fdff ff0000
ffff8e2303c4c540 2316361905 S Ii:2:008:1 -115:1 8 <
ffff8e2303c4c540 2316369894 C Ii:2:008:1 0:1 7 = 0200f9ff ff0000
ffff8e2303c4c540 2316369910 S Ii:2:008:1 -115:1 8 <
ffff8e2303c4c540 2316377895 C Ii:2:008:1 0:1 7 = 0200f5ff ff0000
ffff8e2303c4c540 2316377913 S Ii:2:008:1 -115:1 8 <
ffff8e2303c4c540 2316385861 C Ii:2:008:1 0:1 7 = 0200f2df ff0000
ffff8e2303c4c540 2316385882 S Ii:2:008:1 -115:1 8 <
ffff8e2303c4c540 2316393889 C Ii:2:008:1 0:1 7 = 0200f0df ff0000
ffff8e2303c4c540 2316393907 S Ii:2:008:1 -115:1 8 <
ffff8e2303c4c540 2316401862 C Ii:2:008:1 0:1 7 = 0200f1bf ff0000
ffff8e2303c4c540 2316401879 S Ii:2:008:1 -115:1 8 <
ffff8e2303c4c540 2316409887 C Ii:2:008:1 0:1 7 = 0200f4cf ff0000
ffff8e2303c4c540 2316409904 S Ii:2:008:1 -115:1 8 <
ffff8e2303c4c540 2316417895 C Ii:2:008:1 0:1 7 = 0200f5cf ff0000
ffff8e2303c4c540 2316417913 S Ii:2:008:1 -115:1 8 <
ffff8e2303c4c540 2316425894 C Ii:2:008:1 0:1 7 = 0200f9cf ff0000
ffff8e2303c4c540 2316425911 S Ii:2:008:1 -115:1 8 <
ffff8e2303c4c540 2316433889 C Ii:2:008:1 0:1 7 = 0200fbdf ff0000
ffff8e2303c4c540 2316433905 S Ii:2:008:1 -115:1 8 <
ffff8e2303c4c540 2316441865 C Ii:2:008:1 0:1 7 = 0200fcdf ff0000
ffff8e2303c4c540 2316441890 S Ii:2:008:1 -115:1 8 <
ffff8e2303c4c540 2316449890 C Ii:2:008:1 0:1 7 = 0200fdef ff0000
ffff8e2303c4c540 2316449907 S Ii:2:008:1 -115:1 8 <
ffff8e2303c4c540 2316457897 C Ii:2:008:1 0:1 7 = 0200ffef ff0000
ffff8e2303c4c540 2316457914 S Ii:2:008:1 -115:1 8 <
ffff8e2303c4c540 2316465895 C Ii:2:008:1 0:1 7 = 0200feff ff0000
ffff8e2303c4c540 2316465912 S Ii:2:008:1 -115:1 8 <
ffff8e2303c4c540 2316473889 C Ii:2:008:1 0:1 7 = 020000f0 ff0000
ffff8e2303c4c540 2316473906 S Ii:2:008:1 -115:1 8 <
ffff8e2303c4c540 2316481894 C Ii:2:008:1 0:1 7 = 0200feef ff0000
ffff8e2303c4c540 2316481911 S Ii:2:008:1 -115:1 8 <
ffff8e2303c4c540 2316489895 C Ii:2:008:1 0:1 7 = 0200fcdf ff0000
ffff8e2303c4c540 2316489912 S Ii:2:008:1 -115:1 8 <
ffff8e2303c4c540 2316497894 C Ii:2:008:1 0:1 7 = 0200fddf ff0000
ffff8e2303c4c540 2316497910 S Ii:2:008:1 -115:1 8 <
ffff8e2303c4c540 2316505887 C Ii:2:008:1 0:1 7 = 0200fbbf ff0000
ffff8e2303c4c540 2316505904 S Ii:2:008:1 -115:1 8 <
ffff8e2303c4c540 2316513888 C Ii:2:008:1 0:1 7 = 0200fbaf ff0000
ffff8e2303c4c540 2316513904 S Ii:2:008:1 -115:1 8 <
ffff8e2303c4c540 2316521862 C Ii:2:008:1 0:1 7 = 0200fc9f ff0000
ffff8e2303c4c540 2316521879 S Ii:2:008:1 -115:1 8 <
ffff8e2303c4c540 2316529887 C Ii:2:008:1 0:1 7 = 0200fc8f ff0000
ffff8e2303c4c540 2316529904 S Ii:2:008:1 -115:1 8 <
ffff8e2303c4c540 2316537898 C Ii:2:008:1 0:1 7 = 0200fb7f ff0000
ffff8e2303c4c540 2316537915 S Ii:2:008:1 -115:1 8 <
ffff8e2303c4c540 2316545863 C Ii:2:008:1 0:1 7 = 0200fcaf ff0000
ffff8e2303c4c540 2316545879 S Ii:2:008:1 -115:1 8 <
ffff8e2303c4c540 2316553896 C Ii:2:008:1 0:1 7 = 0200fdaf ff0000
ffff8e2303c4c540 2316553913 S Ii:2:008:1 -115:1 8 <
ffff8e2303c4c540 2316561895 C Ii:2:008:1 0:1 7 = 0200fdaf ff0000
ffff8e2303c4c540 2316561912 S Ii:2:008:1 -115:1 8 <
ffff8e2303c4c540 2316569889 C Ii:2:008:1 0:1 7 = 0200fecf ff0000
ffff8e2303c4c540 2316569908 S Ii:2:008:1 -115:1 8 <
ffff8e2303c4c540 2316577868 C Ii:2:008:1 0:1 7 = 0200febf ff0000
ffff8e2303c4c540 2316577890 S Ii:2:008:1 -115:1 8 <
ffff8e2303c4c540 2316585889 C Ii:2:008:1 0:1 7 = 0200fecf ff0000
ffff8e2303c4c540 2316585905 S Ii:2:008:1 -115:1 8 <
ffff8e2303c4c540 2316593894 C Ii:2:008:1 0:1 7 = 0200fdbf ff0000
ffff8e2303c4c540 2316593911 S Ii:2:008:1 -115:1 8 <
ffff8e2303c4c540 2316601891 C Ii:2:008:1 0:1 7 = 0200fc9f ff0000
ffff8e2303c4c540 2316601908 S Ii:2:008:1 -115:1 8 <
ffff8e2303c4c540 2316609896 C Ii:2:008:1 0:1 7 = 0200fbaf ff0000
ffff8e2303c4c540 2316609913 S Ii:2:008:1 -115:1 8 <
ffff8e2303c4c540 2316617888 C Ii:2:008:1 0:1 7 = 0200fb8f ff0000
ffff8e2303c4c540 2316617905 S Ii:2:008:1 -115:1 8 <
ffff8e2303c4c540 2316625861 C Ii:2:008:1 0:1 7 = 0200fc9f ff0000
ffff8e2303c4c540 2316625877 S Ii:2:008:1 -115:1 8 <
ffff8e2303c4c540 2316633888 C Ii:2:008:1 0:1 7 = 0200fd9f ff0000
ffff8e2303c4c540 2316633905 S Ii:2:008:1 -115:1 8 <
ffff8e2303c4c540 2316641888 C Ii:2:008:1 0:1 7 = 0200fd9f ff0000
ffff8e2303c4c540 2316641904 S Ii:2:008:1 -115:1 8 <
ffff8e2303c4c540 2316649889 C Ii:2:008:1 0:1 7 = 0200fdaf ff0000
ffff8e2303c4c540 2316649906 S Ii:2:008:1 -115:1 8 <
ffff8e2303c4c540 2316657891 C Ii:2:008:1 0:1 7 = 0200fdaf ff0000
ffff8e2303c4c540 2316657907 S Ii:2:008:1 -115:1 8 <
ffff8e2303c4c540 2316665861 C Ii:2:008:1 0:1 7 = 0200ffcf ff0000
ffff8e2303c4c540 2316665876 S Ii:2:008:1 -115:1 8 <
ffff8e2303c4c540 2316673898 C Ii:2:008:1 0:1 7 = 0200ffef ff0000
ffff8e2303c4c540 2316673915 S Ii:2:008:1 -115:1 8 <
ffff8e2303c4c540 2316713867 C Ii:2:008:1 0:1 7 = 0200ff0f 000000
ffff8e2303c4c540 2316713889 S Ii:2:008:1 -115:1 8 <
ffff8e2303c4c540 2316721888 C Ii:2:008:1 0:1 7 = 02000010 000000
ffff8e2303c4c540 2316721916 S Ii:2:008:1 -115:1 8 <
ffff8e2303c4c540 2316729897 C Ii:2:008:1 0:1 7 = 0200fe2f 000000
ffff8e2303c4c540 2316729924 S Ii:2:008:1 -115:1 8 <
ffff8e2303c4c540 2316737891 C Ii:2:008:1 0:1 7 = 0200ff3f 000000
ffff8e2303c4c540 2316737919 S Ii:2:008:1 -115:1 8 <
ffff8e2303c4c540 2316745891 C Ii:2:008:1 0:1 7 = 0200ff3f 000000
ffff8e2303c4c540 2316745918 S Ii:2:008:1 -115:1 8 <
ffff8e2303c4c540 2316753899 C Ii:2:008:1 0:1 7 = 0200ff4f 000000
ffff8e2303c4c540 2316753925 S Ii:2:008:1 -115:1 8 <
ffff8e2303c4c540 2316761889 C Ii:2:008:1 0:1 7 = 02000080 000000
ffff8e2303c4c540 2316761917 S Ii:2:008:1 -115:1 8 <
ffff8e2303c4c540 2316769896 C Ii:2:008:1 0:1 7 = 02000070 000000
ffff8e2303c4c540 2316769922 S Ii:2:008:1 -115:1 8 <
ffff8e2303c4c540 2316777890 C Ii:2:008:1 0:1 7 = 0200ffbf 000000
ffff8e2303c4c540 2316777917 S Ii:2:008:1 -115:1 8 <
ffff8e2303c4c540 2316785891 C Ii:2:008:1 0:1 7 = 02000090 000000
ffff8e2303c4c540 2316785918 S Ii:2:008:1 -115:1 8 <
ffff8e2303c4c540 2316793889 C Ii:2:008:1 0:1 7 = 0200ff8f 000000
ffff8e2303c4c540 2316793916 S Ii:2:008:1 -115:1 8 <
ffff8e2303c4c540 2316801903 C Ii:2:008:1 0:1 7 = 0200ff8f 000000
ffff8e2303c4c540 2316801929 S Ii:2:008:1 -115:1 8 <
ffff8e2303c4c540 2316809889 C Ii:2:008:1 0:1 7 = 02000060 000000
ffff8e2303c4c540 2316809915 S Ii:2:008:1 -115:1 8 <
ffff8e2303c4c540 2316817892 C Ii:2:008:1 0:1 7 = 02000080 000000
ffff8e2303c4c540 2316817919 S Ii:2:008:1 -115:1 8 <
ffff8e2303c4c540 2316825889 C Ii:2:008:1 0:1 7 = 02000080 000000
ffff8e2303c4c540 2316825915 S Ii:2:008:1 -115:1 8 <
ffff8e2303c4c540 2316833889 C Ii:2:008:1 0:1 7 = 02000070 000000
ffff8e2303c4c540 2316833915 S Ii:2:008:1 -115:1 8 <
ffff8e2303c4c540 2316841894 C Ii:2:008:1 0:1 7 = 02000070 000000
ffff8e2303c4c540 2316841919 S Ii:2:008:1 -115:1 8 <
ffff8e2303c4c540 2316849867 C Ii:2:008:1 0:1 7 = 02000050 000000
ffff8e2303c4c540 2316849902 S Ii:2:008:1 -115:1 8 <
ffff8e2303c4c540 2316857890 C Ii:2:008:1 0:1 7 = 02000030 000000
ffff8e2303c4c540 2316857917 S Ii:2:008:1 -115:1 8 <
ffff8e2303c4c540 2316865888 C Ii:2:008:1 0:1 7 = 02000030 000000
ffff8e2303c4c540 2316865912 S Ii:2:008:1 -115:1 8 <
ffff8e2303c4c540 2316873899 C Ii:2:008:1 0:1 7 = 02000010 000000
ffff8e2303c4c540 2316873925 S Ii:2:008:1 -115:1 8 <
ffff8e2303c4c540 2316881890 C Ii:2:008:1 0:1 7 = 02000010 000000
ffff8e2303c4c540 2316881917 S Ii:2:008:1 -115:1 8 <
ffff8e2303c4c540 2316889890 C Ii:2:008:1 0:1 7 = 02000010 000000
ffff8e2303c4c540 2316889916 S Ii:2:008:1 -115:1 8 <
ffff8e2303c4c540 2316945889 C Ii:2:008:1 0:1 7 = 02000010 000000
ffff8e2303c4c540 2316945913 S Ii:2:008:1 -115:1 8 <
ffff8e2303c4c540 2316953897 C Ii:2:008:1 0:1 7 = 02000010 000000
ffff8e2303c4c540 2316953923 S Ii:2:008:1 -115:1 8 <
ffff8e2303c4c540 2316961891 C Ii:2:008:1 0:1 7 = 0200ff2f 000000
ffff8e2303c4c540 2316961919 S Ii:2:008:1 -115:1 8 <
ffff8e2303c4c540 2316969897 C Ii:2:008:1 0:1 7 = 02000020 000000
ffff8e2303c4c540 2316969923 S Ii:2:008:1 -115:1 8 <
ffff8e2303c4c540 2316977897 C Ii:2:008:1 0:1 7 = 0200ff1f 000000
ffff8e2303c4c540 2316977924 S Ii:2:008:1 -115:1 8 <
ffff8e2303c4c540 2316985867 C Ii:2:008:1 0:1 7 = 0200ff2f 000000
ffff8e2303c4c540 2316985896 S Ii:2:008:1 -115:1 8 <
ffff8e2303c4c540 2317033891 C Ii:2:008:1 0:1 7 = 0200ff1f 000000
ffff8e2303c4c540 2317033919 S Ii:2:008:1 -115:1 8 <
ffff8e2303c4c540 2317041892 C Ii:2:008:1 0:1 7 = 02000020 000000
ffff8e2303c4c540 2317041920 S Ii:2:008:1 -115:1 8 <
ffff8e2303c4c540 2317049907 C Ii:2:008:1 0:1 7 = 0200ff1f 000000
ffff8e2303c4c540 2317049933 S Ii:2:008:1 -115:1 8 <
ffff8e2303c4c540 2317057890 C Ii:2:008:1 0:1 7 = 0200ff2f 000000
ffff8e2303c4c540 2317057916 S Ii:2:008:1 -115:1 8 <
ffff8e2303c4c540 2317225904 C Ii:2:008:1 0:1 7 = 02010000 000000
ffff8e2303c4c540 2317225929 S Ii:2:008:1 -115:1 8 <
ffff8e2303c4c540 2317257890 C Ii:2:008:1 0:1 7 = 0201ff0f 000000
ffff8e2303c4c540 2317257917 S Ii:2:008:1 -115:1 8 <
ffff8e2303c4c540 2317265865 C Ii:2:008:1 0:1 7 = 02010010 000000
ffff8e2303c4c540 2317265885 S Ii:2:008:1 -115:1 8 <
ffff8e2303c4c540 2317273892 C Ii:2:008:1 0:1 7 = 0201ff1f 000000
ffff8e2303c4c540 2317273920 S Ii:2:008:1 -115:1 8 <
ffff8e2303c4c540 2317281892 C Ii:2:008:1 0:1 7 = 0201ff1f 000000
ffff8e2303c4c540 2317281919 S Ii:2:008:1 -115:1 8 <
ffff8e2303c4c540 2317305864 C Ii:2:008:1 0:1 7 = 02000000 000000
ffff8e2303c4c540 2317305888 S Ii:2:008:1 -115:1 8 <
ffff8e2303c4c540 2317473874 C Ii:2:008:1 0:1 7 = 02000200 000000
ffff8e2303c4c540 2317473904 S Ii:2:008:1 -115:1 8 <
ffff8e2303c4c540 2317481890 C Ii:2:008:1 0:1 7 = 020006f0 ff0000
ffff8e2303c4c540 2317481907 S Ii:2:008:1 -115:1 8 <
ffff8e2303c4c540 2317489869 C Ii:2:008:1 0:1 7 = 020009e0 ff0000
ffff8e2303c4c540 2317489891 S Ii:2:008:1 -115:1 8 <
ffff8e2303c4c540 2317497891 C Ii:2:008:1 0:1 7 = 020010e0 ff0000
ffff8e2303c4c540 2317497906 S Ii:2:008:1 -115:1 8 <
ffff8e2303c4c540 2317505869 C Ii:2:008:1 0:1 7 = 020014d0 ff0000
ffff8e2303c4c540 2317505891 S Ii:2:008:1 -115:1 8 <
ffff8e2303c4c540 2317513891 C Ii:2:008:1 0:1 7 = 020018d0 ff0000
ffff8e2303c4c540 2317513917 S Ii:2:008:1 -115:1 8 <
ffff8e2303c4c540 2317521893 C Ii:2:008:1 0:1 7 = 02001ad0 ff0000
ffff8e2303c4c540 2317521922 S Ii:2:008:1 -115:1 8 <
ffff8e2303c4c540 2317529869 C Ii:2:008:1 0:1 7 = 02001ad0 ff0000
ffff8e2303c4c540 2317529901 S Ii:2:008:1 -115:1 8 <
ffff8e2303c4c540 2317537889 C Ii:2:008:1 0:1 7 = 02001ad0 ff0000
ffff8e2303c4c540 2317537913 S Ii:2:008:1 -115:1 8 <
ffff8e2303c4c540 2317545869 C Ii:2:008:1 0:1 7 = 02001be0 ff0000
ffff8e2303c4c540 2317545901 S Ii:2:008:1 -115:1 8 <
ffff8e2303c4c540 2317553890 C Ii:2:008:1 0:1 7 = 02001ee0 ff0000
ffff8e2303c4c540 2317553914 S Ii:2:008:1 -115:1 8 <
ffff8e2303c4c540 2317561889 C Ii:2:008:1 0:1 7 = 02002100 000000
ffff8e2303c4c540 2317561913 S Ii:2:008:1 -115:1 8 <
ffff8e2303c4c540 2317569901 C Ii:2:008:1 0:1 7 = 02002400 000000
ffff8e2303c4c540 2317569924 S Ii:2:008:1 -115:1 8 <
ffff8e2303c4c540 2317577889 C Ii:2:008:1 0:1 7 = 02002b00 000000
ffff8e2303c4c540 2317577917 S Ii:2:008:1 -115:1 8 <
ffff8e2303c4c540 2317585897 C Ii:2:008:1 0:1 7 = 02003200 000000
ffff8e2303c4c540 2317585920 S Ii:2:008:1 -115:1 8 <
ffff8e2303c4c540 2317593890 C Ii:2:008:1 0:1 7 = 02003830 000000
ffff8e2303c4c540 2317593914 S Ii:2:008:1 -115:1 8 <
ffff8e2303c4c540 2317601900 C Ii:2:008:1 0:1 7 = 02003e30 000000
ffff8e2303c4c540 2317601925 S Ii:2:008:1 -115:1 8 <
ffff8e2303c4c540 2317609893 C Ii:2:008:1 0:1 7 = 02004160 000000
ffff8e2303c4c540 2317609916 S Ii:2:008:1 -115:1 8 <
ffff8e2303c4c540 2317617891 C Ii:2:008:1 0:1 7 = 02004160 000000
ffff8e2303c4c540 2317617917 S Ii:2:008:1 -115:1 8 <
ffff8e2303c4c540 2317625891 C Ii:2:008:1 0:1 7 = 02003f90 000000
ffff8e2303c4c540 2317625914 S Ii:2:008:1 -115:1 8 <
ffff8e2303c4c540 2317633890 C Ii:2:008:1 0:1 7 = 02003b90 000000
ffff8e2303c4c540 2317633915 S Ii:2:008:1 -115:1 8 <
ffff8e2303c4c540 2317641901 C Ii:2:008:1 0:1 7 = 02003890 000000
ffff8e2303c4c540 2317641931 S Ii:2:008:1 -115:1 8 <
ffff8e2302151980 2317642083 S Bo:2:002:2 -115 31 = 55534243 cd0d0000 00000000 00000600 00000000 00000000 00000000 000000
ffff8e2302151980 2317642116 C Bo:2:002:2 0 31 >
ffff8e2302151980 2317642125 S Bi:2:002:1 -115 13 <
ffff8e2302151980 2317642162 C Bi:2:002:1 0 13 = 55534253 cd0d0000 00000000 00
ffff8e2303c4c540 2317649903 C Ii:2:008:1 0:1 7 = 02003490 000000
ffff8e2303c4c540 2317649927 S Ii:2:008:1 -115:1 8 <
ffff8e2303c4c540 2317657902 C Ii:2:008:1 0:1 7 = 02003270 000000
ffff8e2303c4c540 2317657927 S Ii:2:008:1 -115:1 8 <
ffff8e2303c4c540 2317665891 C Ii:2:008:1 0:1 7 = 02002f50 000000
ffff8e2303c4c540 2317665915 S Ii:2:008:1 -115:1 8 <
ffff8e2303c4c540 2317673892 C Ii:2:008:1 0:1 7 = 02002d50 000000
ffff8e2303c4c540 2317673917 S Ii:2:008:1 -115:1 8 <
ffff8e2303c4c540 2317681870 C Ii:2:008:1 0:1 7 = 02002b40 000000
ffff8e2303c4c540 2317681903 S Ii:2:008:1 -115:1 8 <
ffff8e2303c4c540 2317689906 C Ii:2:008:1 0:1 7 = 02002860 000000
ffff8e2303c4c540 2317689931 S Ii:2:008:1 -115:1 8 <
ffff8e2303c4c540 2317697893 C Ii:2:008:1 0:1 7 = 02002680 000000
ffff8e2303c4c540 2317697919 S Ii:2:008:1 -115:1 8 <
ffff8e2303c4c540 2317705892 C Ii:2:008:1 0:1 7 = 02002370 000000
ffff8e2303c4c540 2317705918 S Ii:2:008:1 -115:1 8 <
ffff8e2303c4c540 2317713902 C Ii:2:008:1 0:1 7 = 02002180 000000
ffff8e2303c4c540 2317713927 S Ii:2:008:1 -115:1 8 <
ffff8e2303c4c540 2317721902 C Ii:2:008:1 0:1 7 = 02001e70 000000
ffff8e2303c4c540 2317721929 S Ii:2:008:1 -115:1 8 <
ffff8e2303c4c540 2317729893 C Ii:2:008:1 0:1 7 = 02001950 000000
ffff8e2303c4c540 2317729920 S Ii:2:008:1 -115:1 8 <
ffff8e2303c4c540 2317737893 C Ii:2:008:1 0:1 7 = 02001340 000000
ffff8e2303c4c540 2317737919 S Ii:2:008:1 -115:1 8 <
ffff8e2303c4c540 2317745893 C Ii:2:008:1 0:1 7 = 02000c40 000000
ffff8e2303c4c540 2317745920 S Ii:2:008:1 -115:1 8 <
ffff8e2303c4c540 2317753894 C Ii:2:008:1 0:1 7 = 02000830 000000
ffff8e2303c4c540 2317753921 S Ii:2:008:1 -115:1 8 <
ffff8e2303c4c540 2317761894 C Ii:2:008:1 0:1 7 = 02000630 000000
ffff8e2303c4c540 2317761921 S Ii:2:008:1 -115:1 8 <
ffff8e2303c4c540 2317769902 C Ii:2:008:1 0:1 7 = 02000640 000000
ffff8e2303c4c540 2317769929 S Ii:2:008:1 -115:1 8 <
ffff8e2303c4c540 2317777902 C Ii:2:008:1 0:1 7 = 02000950 000000
ffff8e2303c4c540 2317777928 S Ii:2:008:1 -115:1 8 <
ffff8e2303c4c540 2317784892 C Ii:2:008:1 0:1 7 = 02000960 000000
ffff8e2303c4c540 2317784919 S Ii:2:008:1 -115:1 8 <
ffff8e2303c4c540 2317792904 C Ii:2:008:1 0:1 7 = 02000a60 000000
ffff8e2303c4c540 2317792929 S Ii:2:008:1 -115:1 8 <
ffff8e2303c4c540 2317800893 C Ii:2:008:1 0:1 7 = 02000b60 000000
ffff8e2303c4c540 2317800921 S Ii:2:008:1 -115:1 8 <
ffff8e2303c4c540 2317808872 C Ii:2:008:1 0:1 7 = 02000b50 000000
ffff8e2303c4c540 2317808906 S Ii:2:008:1 -115:1 8 <
ffff8e2303c4c540 2317816903 C Ii:2:008:1 0:1 7 = 02000b60 000000
ffff8e2303c4c540 2317816929 S Ii:2:008:1 -115:1 8 <
ffff8e2303c4c540 2317824893 C Ii:2:008:1 0:1 7 = 02000d60 000000
ffff8e2303c4c540 2317824919 S Ii:2:008:1 -115:1 8 <
ffff8e2303c4c540 2317832893 C Ii:2:008:1 0:1 7 = 02000d60 000000
ffff8e2303c4c540 2317832921 S Ii:2:008:1 -115:1 8 <
ffff8e2303c4c540 2317840893 C Ii:2:008:1 0:1 7 = 02000d60 000000
ffff8e2303c4c540 2317840919 S Ii:2:008:1 -115:1 8 <
ffff8e2303c4c540 2317848901 C Ii:2:008:1 0:1 7 = 02000e70 000000
ffff8e2303c4c540 2317848927 S Ii:2:008:1 -115:1 8 <
ffff8e2303c4c540 2317856899 C Ii:2:008:1 0:1 7 = 02000f70 000000
ffff8e2303c4c540 2317856925 S Ii:2:008:1 -115:1 8 <
ffff8e2303c4c540 2317864893 C Ii:2:008:1 0:1 7 = 02001170 000000
ffff8e2303c4c540 2317864919 S Ii:2:008:1 -115:1 8 <
ffff8e2303c4c540 2317872892 C Ii:2:008:1 0:1 7 = 02001260 000000
ffff8e2303c4c540 2317872919 S Ii:2:008:1 -115:1 8 <
ffff8e2303c4c540 2317880902 C Ii:2:008:1 0:1 7 = 02001360 000000
ffff8e2303c4c540 2317880928 S Ii:2:008:1 -115:1 8 <
ffff8e2303c4c540 2317888894 C Ii:2:008:1 0:1 7 = 02001550 000000
ffff8e2303c4c540 2317888921 S Ii:2:008:1 -115:1 8 <
ffff8e2303c4c540 2317896894 C Ii:2:008:1 0:1 7 = 02001740 000000
ffff8e2303c4c540 2317896922 S Ii:2:008:1 -115:1 8 <
ffff8e2303c4c540 2317904900 C Ii:2:008:1 0:1 7 = 02001750 000000
ffff8e2303c4c540 2317904926 S Ii:2:008:1 -115:1 8 <
ffff8e2303c4c540 2317912902 C Ii:2:008:1 0:1 7 = 02001840 000000
ffff8e2303c4c540 2317912929 S Ii:2:008:1 -115:1 8 <
ffff8e2303c4c540 2317920895 C Ii:2:008:1 0:1 7 = 02001730 000000
ffff8e2303c4c540 2317920922 S Ii:2:008:1 -115:1 8 <
ffff8e2303c4c540 2317928903 C Ii:2:008:1 0:1 7 = 02001740 000000
ffff8e2303c4c540 2317928929 S Ii:2:008:1 -115:1 8 <
ffff8e2303c4c540 2317936903 C Ii:2:008:1 0:1 7 = 02001620 000000
ffff8e2303c4c540 2317936929 S Ii:2:008:1 -115:1 8 <
ffff8e2303c4c540 2317944870 C Ii:2:008:1 0:1 7 = 02001520 000000
ffff8e2303c4c540 2317944903 S Ii:2:008:1 -115:1 8 <
ffff8e2303c4c540 2317952901 C Ii:2:008:1 0:1 7 = 02001710 000000
ffff8e2303c4c540 2317952927 S Ii:2:008:1 -115:1 8 <
ffff8e2303c4c540 2317960900 C Ii:2:008:1 0:1 7 = 02001800 000000
ffff8e2303c4c540 2317960927 S Ii:2:008:1 -115:1 8 <
ffff8e2303c4c540 2317968895 C Ii:2:008:1 0:1 7 = 02001900 000000
ffff8e2303c4c540 2317968922 S Ii:2:008:1 -115:1 8 <
ffff8e2303c4c540 2317976894 C Ii:2:008:1 0:1 7 = 02001800 000000
ffff8e2303c4c540 2317976921 S Ii:2:008:1 -115:1 8 <
ffff8e2303c4c540 2317984901 C Ii:2:008:1 0:1 7 = 02001800 000000
ffff8e2303c4c540 2317984923 S Ii:2:008:1 -115:1 8 <
ffff8e2303c4c540 2317992895 C Ii:2:008:1 0:1 7 = 02001600 000000
ffff8e2303c4c540 2317992922 S Ii:2:008:1 -115:1 8 <
ffff8e2303c4c540 2318000877 C Ii:2:008:1 0:1 7 = 02001400 000000
ffff8e2303c4c540 2318000899 S Ii:2:008:1 -115:1 8 <
ffff8e2303c4c540 2318008904 C Ii:2:008:1 0:1 7 = 02001300 000000
ffff8e2303c4c540 2318008930 S Ii:2:008:1 -115:1 8 <
ffff8e2303c4c540 2318016894 C Ii:2:008:1 0:1 7 = 020012f0 ff0000
ffff8e2303c4c540 2318016921 S Ii:2:008:1 -115:1 8 <
ffff8e2303c4c540 2318024866 C Ii:2:008:1 0:1 7 = 020014f0 ff0000
ffff8e2303c4c540 2318024885 S Ii:2:008:1 -115:1 8 <
ffff8e2303c4c540 2318032902 C Ii:2:008:1 0:1 7 = 020015f0 ff0000
ffff8e2303c4c540 2318032929 S Ii:2:008:1 -115:1 8 <
ffff8e2303c4c540 2318040895 C Ii:2:008:1 0:1 7 = 020019d0 ff0000
ffff8e2303c4c540 2318040922 S Ii:2:008:1 -115:1 8 <
ffff8e2303c4c540 2318048872 C Ii:2:008:1 0:1 7 = 02001ce0 ff0000
ffff8e2303c4c540 2318048907 S Ii:2:008:1 -115:1 8 <
ffff8e2303c4c540 2318056903 C Ii:2:008:1 0:1 7 = 02001ed0 ff0000
ffff8e2303c4c540 2318056929 S Ii:2:008:1 -115:1 8 <
ffff8e2303c4c540 2318064909 C Ii:2:008:1 0:1 7 = 02001fe0 ff0000
ffff8e2303c4c540 2318064929 S Ii:2:008:1 -115:1 8 <
ffff8e2303c4c540 2318072905 C Ii:2:008:1 0:1 7 = 020021e0 ff0000
ffff8e2303c4c540 2318072922 S Ii:2:008:1 -115:1 8 <
ffff8e2303c4c540 2318080872 C Ii:2:008:1 0:1 7 = 02002100 000000
ffff8e2303c4c540 2318080894 S Ii:2:008:1 -115:1 8 <
ffff8e2303c4c540 2318088894 C Ii:2:008:1 0:1 7 = 02002100 000000
ffff8e2303c4c540 2318088911 S Ii:2:008:1 -115:1 8 <
ffff8e2303c4c540 2318096895 C Ii:2:008:1 0:1 7 = 02002200 000000
ffff8e2303c4c540 2318096911 S Ii:2:008:1 -115:1 8 <
ffff8e2303c4c540 2318104906 C Ii:2:008:1 0:1 7 = 02002500 000000
ffff8e2303c4c540 2318104922 S Ii:2:008:1 -115:1 8 <
ffff8e2303c4c540 2318112904 C Ii:2:008:1 0:1 7 = 02002700 000000
ffff8e2303c4c540 2318112921 S Ii:2:008:1 -115:1 8 <
ffff8e2303c4c540 2318120905 C Ii:2:008:1 0:1 7 = 02002800 000000
ffff8e2303c4c540 2318120922 S Ii:2:008:1 -115:1 8 <
ffff8e2303c4c540 2318128903 C Ii:2:008:1 0:1 7 = 02002700 000000
ffff8e2303c4c540 2318128920 S Ii:2:008:1 -115:1 8 <
ffff8e2303c4c540 2318136896 C Ii:2:008:1 0:1 7 = 02002400 000000
ffff8e2303c4c540 2318136912 S Ii:2:008:1 -115:1 8 <
ffff8e2303c4c540 2318144903 C Ii:2:008:1 0:1 7 = 02002200 000000
ffff8e2303c4c540 2318144920 S Ii:2:008:1 -115:1 8 <
ffff8e2303c4c540 2318152901 C Ii:2:008:1 0:1 7 = 02002000 000000
ffff8e2303c4c540 2318152918 S Ii:2:008:1 -115:1 8 <
ffff8e2303c4c540 2318160894 C Ii:2:008:1 0:1 7 = 02001cf0 ff0000
ffff8e2303c4c540 2318160912 S Ii:2:008:1 -115:1 8 <
ffff8e2303c4c540 2318168896 C Ii:2:008:1 0:1 7 = 020016f0 ff0000
ffff8e2303c4c540 2318168912 S Ii:2:008:1 -115:1 8 <
ffff8e2303c4c540 2318176868 C Ii:2:008:1 0:1 7 = 020011f0 ff0000
ffff8e2303c4c540 2318176885 S Ii:2:008:1 -115:1 8 <
ffff8e2303c4c540 2318184894 C Ii:2:008:1 0:1 7 = 02000be0 ff0000
ffff8e2303c4c540 2318184912 S Ii:2:008:1 -115:1 8 <
ffff8e2303c4c540 2318192904 C Ii:2:008:1 0:1 7 = 020004f0 ff0000
ffff8e2303c4c540 2318192921 S Ii:2:008:1 -115:1 8 <
ffff8e2303c4c540 2318200910 C Ii:2:008:1 0:1 7 = 02000300 000000
ffff8e2303c4c540 2318200926 S Ii:2:008:1 -115:1 8 <
ffff8e2303c4c540 2318264903 C Ii:2:008:1 0:1 7 = 020001f0 ff0000
ffff8e2303c4c540 2318264920 S Ii:2:008:1 -115:1 8 <
ffff8e2303c4c540 2318272904 C Ii:2:008:1 0:1 7 = 020001f0 ff0000
ffff8e2303c4c540 2318272921 S Ii:2:008:1 -115:1 8 <
ffff8e2303c4c540 2318280903 C Ii:2:008:1 0:1 7 = 020001f0 ff0000
ffff8e2303c4c540 2318280938 S Ii:2:008:1 -115:1 8 <
ffff8e2303c4c540 2318288896 C Ii:2:008:1 0:1 7 = 020002d0 ff0000
ffff8e2303c4c540 2318288913 S Ii:2:008:1 -115:1 8 <
ffff8e2303c4c540 2318296906 C Ii:2:008:1 0:1 7 = 020000f0 ff0000
ffff8e2303c4c540 2318296922 S Ii:2:008:1 -115:1 8 <
ffff8e2303c4c540 2318304902 C Ii:2:008:1 0:1 7 = 020003e0 ff0000
ffff8e2303c4c540 2318304931 S Ii:2:008:1 -115:1 8 <
ffff8e2303c4c540 2318312903 C Ii:2:008:1 0:1 7 = 020001e0 ff0000
ffff8e2303c4c540 2318312928 S Ii:2:008:1 -115:1 8 <
ffff8e2303c4c540 2318320897 C Ii:2:008:1 0:1 7 = 020002f0 ff0000
ffff8e2303c4c540 2318320924 S Ii:2:008:1 -115:1 8 <
ffff8e2303c4c540 2318328906 C Ii:2:008:1 0:1 7 = 02000100 000000
ffff8e2303c4c540 2318328932 S Ii:2:008:1 -115:1 8 <
ffff8e2303c4c540 2318368904 C Ii:2:008:1 0:1 7 = 02000100 000000
ffff8e2303c4c540 2318368929 S Ii:2:008:1 -115:1 8 <
ffff8e2303c4c540 2318376906 C Ii:2:008:1 0:1 7 = 02000100 000000
ffff8e2303c4c540 2318376931 S Ii:2:008:1 -115:1 8 <
ffff8e2303c4c540 2318384898 C Ii:2:008:1 0:1 7 = 02000030 000000
ffff8e2303c4c540 2318384924 S Ii:2:008:1 -115:1 8 <
ffff8e2303c4c540 2318392902 C Ii:2:008:1 0:1 7 = 02000130 000000
ffff8e2303c4c540 2318392929 S Ii:2:008:1 -115:1 8 <
ffff8e2303c4c540 2318400868 C Ii:2:008:1 0:1 7 = 02000050 000000
ffff8e2303c4c540 2318400889 S Ii:2:008:1 -115:1 8 <
ffff8e2303c4c540 2318408895 C Ii:2:008:1 0:1 7 = 02000070 000000
ffff8e2303c4c540 2318408920 S Ii:2:008:1 -115:1 8 <
ffff8e2303c4c540 2318416906 C Ii:2:008:1 0:1 7 = 02000070 000000
ffff8e2303c4c540 2318416931 S Ii:2:008:1 -115:1 8 <
ffff8e2303c4c540 2318424902 C Ii:2:008:1 0:1 7 = 0200ffaf 000000
ffff8e2303c4c540 2318424928 S Ii:2:008:1 -115:1 8 <
ffff8e2303c4c540 2318432906 C Ii:2:008:1 0:1 7 = 0200fdbf 000000
ffff8e2303c4c540 2318432933 S Ii:2:008:1 -115:1 8 <
ffff8e2303c4c540 2318440897 C Ii:2:008:1 0:1 7 = 0200fcdf 000000
ffff8e2303c4c540 2318440924 S Ii:2:008:1 -115:1 8 <
ffff8e2303c4c540 2318448895 C Ii:2:008:1 0:1 7 = 0200fbff 000000
ffff8e2303c4c540 2318448923 S Ii:2:008:1 -115:1 8 <
ffff8e2303c4c540 2318456896 C Ii:2:008:1 0:1 7 = 0200fc0f 010000
ffff8e2303c4c540 2318456922 S Ii:2:008:1 -115:1 8 <
ffff8e2303c4c540 2318464896 C Ii:2:008:1 0:1 7 = 0200fdff 000000
ffff8e2303c4c540 2318464922 S Ii:2:008:1 -115:1 8 <
ffff8e2303c4c540 2318472896 C Ii:2:008:1 0:1 7 = 0200fc0f 010000
ffff8e2303c4c540 2318472924 S Ii:2:008:1 -115:1 8 <
ffff8e2303c4c540 2318480896 C Ii:2:008:1 0:1 7 = 0200fe0f 010000
ffff8e2303c4c540 2318480922 S Ii:2:008:1 -115:1 8 <
ffff8e2303c4c540 2318488903 C Ii:2:008:1 0:1 7 = 0200feff 000000
ffff8e2303c4c540 2318488928 S Ii:2:008:1 -115:1 8 <
ffff8e2303c4c540 2318496871 C Ii:2:008:1 0:1 7 = 0200fdff 000000
ffff8e2303c4c540 2318496895 S Ii:2:008:1 -115:1 8 <
ffff8e2303c4c540 2318504896 C Ii:2:008:1 0:1 7 = 0200fedf 000000
ffff8e2303c4c540 2318504922 S Ii:2:008:1 -115:1 8 <
ffff8e2303c4c540 2318512896 C Ii:2:008:1 0:1 7 = 0200ffaf 000000
ffff8e2303c4c540 2318512923 S Ii:2:008:1 -115:1 8 <
ffff8e2303c4c540 2318520903 C Ii:2:008:1 0:1 7 = 0200fe9f 000000
ffff8e2303c4c540 2318520928 S Ii:2:008:1 -115:1 8 <
ffff8e2303c4c540 2318528903 C Ii:2:008:1 0:1 7 = 0200ff9f 000000
ffff8e2303c4c540 2318528929 S Ii:2:008:1 -115:1 8 <
ffff8e2303c4c540 2318536910 C Ii:2:008:1 0:1 7 = 0200fe8f 000000
ffff8e2303c4c540 2318536937 S Ii:2:008:1 -115:1 8 <
ffff8e2303c4c540 2318544897 C Ii:2:008:1 0:1 7 = 0200ff7f 000000
ffff8e2303c4c540 2318544924 S Ii:2:008:1 -115:1 8 <
ffff8e2303c4c540 2318552910 C Ii:2:008:1 0:1 7 = 0200fe8f 000000
ffff8e2303c4c540 2318552936 S Ii:2:008:1 -115:1 8 <
ffff8e2303c4c540 2318560907 C Ii:2:008:1 0:1 7 = 02000060 000000
ffff8e2303c4c540 2318560934 S Ii:2:008:1 -115:1 8 <
ffff8e2303c4c540 2318568908 C Ii:2:008:1 0:1 7 = 02000060 000000
ffff8e2303c4c540 2318568933 S Ii:2:008:1 -115:1 8 <
ffff8e2303c4c540 2318576897 C Ii:2:008:1 0:1 7 = 02000030 000000
ffff8e2303c4c540 2318576924 S Ii:2:008:1 -115:1 8 <
ffff8e2303c4c540 2318584903 C Ii:2:008:1 0:1 7 = 02000020 000000
ffff8e2303c4c540 2318584928 S Ii:2:008:1 -115:1 8 <
ffff8e2303c4c540 2318592896 C Ii:2:008:1 0:1 7 = 02000010 000000
ffff8e2303c4c540 2318592924 S Ii:2:008:1 -115:1 8 <
ffff8e2303c4c540 2318600897 C Ii:2:008:1 0:1 7 = 02000020 000000
ffff8e2303c4c540 2318600924 S Ii:2:008:1 -115:1 8 <
ffff8e2303c4c540 2318608903 C Ii:2:008:1 0:1 7 = 02000030 000000
ffff8e2303c4c540 2318608929 S Ii:2:008:1 -115:1 8 <
ffff8e2303c4c540 2318616898 C Ii:2:008:1 0:1 7 = 02000030 000000
ffff8e2303c4c540 2318616924 S Ii:2:008:1 -115:1 8 <
ffff8e2303c4c540 2318624898 C Ii:2:008:1 0:1 7 = 02000040 000000
ffff8e2303c4c540 2318624924 S Ii:2:008:1 -115:1 8 <
ffff8e2303c4c540 2318632897 C Ii:2:008:1 0:1 7 = 02000030 000000
ffff8e2303c4c540 2318632923 S Ii:2:008:1 -115:1 8 <
ffff8e2303c4c540 2318640907 C Ii:2:008:1 0:1 7 = 0200ff2f 000000
ffff8e2303c4c540 2318640933 S Ii:2:008:1 -115:1 8 <
ffff8e2303c4c540 2318648898 C Ii:2:008:1 0:1 7 = 02000040 000000
ffff8e2303c4c540 2318648923 S Ii:2:008:1 -115:1 8 <
ffff8e2303c4c540 2318656906 C Ii:2:008:1 0:1 7 = 0200ff3f 000000
ffff8e2303c4c540 2318656932 S Ii:2:008:1 -115:1 8 <
ffff8e2303c4c540 2318664903 C Ii:2:008:1 0:1 7 = 0200ff3f 000000
ffff8e2303c4c540 2318664929 S Ii:2:008:1 -115:1 8 <
ffff8e2303c4c540 2318672907 C Ii:2:008:1 0:1 7 = 02000040 000000
ffff8e2303c4c540 2318672933 S Ii:2:008:1 -115:1 8 <
ffff8e2303c4c540 2318680907 C Ii:2:008:1 0:1 7 = 02000050 000000
ffff8e2303c4c540 2318680933 S Ii:2:008:1 -115:1 8 <
ffff8e2303c4c540 2318688897 C Ii:2:008:1 0:1 7 = 02000030 000000
ffff8e2303c4c540 2318688923 S Ii:2:008:1 -115:1 8 <
ffff8e2303c4c540 2318696901 C Ii:2:008:1 0:1 7 = 0200ff5f 000000
ffff8e2303c4c540 2318696927 S Ii:2:008:1 -115:1 8 <
ffff8e2303c4c540 2318704906 C Ii:2:008:1 0:1 7 = 02000050 000000
ffff8e2303c4c540 2318704932 S Ii:2:008:1 -115:1 8 <
ffff8e2303c4c540 2318712906 C Ii:2:008:1 0:1 7 = 0200ff3f 000000
ffff8e2303c4c540 2318712934 S Ii:2:008:1 -115:1 8 <
ffff8e2303c4c540 2318720898 C Ii:2:008:1 0:1 7 = 0200ff5f 000000
ffff8e2303c4c540 2318720925 S Ii:2:008:1 -115:1 8 <
ffff8e2303c4c540 2318728868 C Ii:2:008:1 0:1 7 = 02000030 000000
ffff8e2303c4c540 2318728888 S Ii:2:008:1 -115:1 8 <
ffff8e2303c4c540 2318736904 C Ii:2:008:1 0:1 7 = 02000010 000000
ffff8e2303c4c540 2318736931 S Ii:2:008:1 -115:1 8 <
ffff8e2303c4c540 2318744898 C Ii:2:008:1 0:1 7 = 02000020 000000
ffff8e2303c4c540 2318744924 S Ii:2:008:1 -115:1 8 <
ffff8e2303c4c540 2318752904 C Ii:2:008:1 0:1 7 = 02000010 000000
ffff8e2303c4c540 2318752929 S Ii:2:008:1 -115:1 8 <
ffff8e2303c4c540 2318760908 C Ii:2:008:1 0:1 7 = 02000020 000000
ffff8e2303c4c540 2318760934 S Ii:2:008:1 -115:1 8 <
ffff8e2303c4c540 2318768876 C Ii:2:008:1 0:1 7 = 02000010 000000
ffff8e2303c4c540 2318768904 S Ii:2:008:1 -115:1 8 <
ffff8e2303c4c540 2318776898 C Ii:2:008:1 0:1 7 = 02000010 000000
ffff8e2303c4c540 2318776914 S Ii:2:008:1 -115:1 8 <
ffff8e2303c4c540 2318784897 C Ii:2:008:1 0:1 7 = 02000010 000000
ffff8e2303c4c540 2318784913 S Ii:2:008:1 -115:1 8 <
ffff8e2302151980 2319691166 S Bo:2:002:2 -115 31 = 55534243 ce0d0000 00000000 00000600 00000000 00000000 00000000 000000
ffff8e2302151980 2319691223 C Bo:2:002:2 0 31 >
ffff8e2302151980 2319691233 S Bi:2:002:1 -115 13 <
ffff8e2302151980 2319691261 C Bi:2:002:1 0 13 = 55534253 ce0d0000 00000000 00
ffff8e2303c4c540 2319704903 C Ii:2:008:1 0:1 7 = 020000f0 ff0000
ffff8e2303c4c540 2319704922 S Ii:2:008:1 -115:1 8 <
ffff8e2303c4c540 2319712908 C Ii:2:008:1 0:1 7 = 020000d0 ff0000
ffff8e2303c4c540 2319712925 S Ii:2:008:1 -115:1 8 <
ffff8e2303c4c540 2319720910 C Ii:2:008:1 0:1 7 = 0200ff9f ff0000
ffff8e2303c4c540 2319720928 S Ii:2:008:1 -115:1 8 <
ffff8e2303c4c540 2319728877 C Ii:2:008:1 0:1 7 = 0200fe6f ff0000
ffff8e2303c4c540 2319728893 S Ii:2:008:1 -115:1 8 <
ffff8e2303c4c540 2319736875 C Ii:2:008:1 0:1 7 = 0200ff5f ff0000
ffff8e2303c4c540 2319736892 S Ii:2:008:1 -115:1 8 <
ffff8e2303c4c540 2319744908 C Ii:2:008:1 0:1 7 = 0200fe3f ff0000
ffff8e2303c4c540 2319744926 S Ii:2:008:1 -115:1 8 <
ffff8e2303c4c540 2319752910 C Ii:2:008:1 0:1 7 = 0200ff5f ff0000
ffff8e2303c4c540 2319752927 S Ii:2:008:1 -115:1 8 <
ffff8e2303c4c540 2319760902 C Ii:2:008:1 0:1 7 = 02000040 ff0000
ffff8e2303c4c540 2319760918 S Ii:2:008:1 -115:1 8 <
ffff8e2303c4c540 2319768901 C Ii:2:008:1 0:1 7 = 0200ff2f ff0000
ffff8e2303c4c540 2319768919 S Ii:2:008:1 -115:1 8 <
ffff8e2303c4c540 2319776902 C Ii:2:008:1 0:1 7 = 0200ff3f ff0000
ffff8e2303c4c540 2319776919 S Ii:2:008:1 -115:1 8 <
ffff8e2303c4c540 2319784902 C Ii:2:008:1 0:1 7 = 02000020 ff0000
ffff8e2303c4c540 2319784918 S Ii:2:008:1 -115:1 8 <
ffff8e2303c4c540 2319792902 C Ii:2:008:1 0:1 7 = 02000020 ff0000
ffff8e2303c4c540 2319792918 S Ii:2:008:1 -115:1 8 <
ffff8e2303c4c540 2319800915 C Ii:2:008:1 0:1 7 = 02000030 ff0000
ffff8e2303c4c540 2319800932 S Ii:2:008:1 -115:1 8 <
ffff8e2303c4c540 2319808903 C Ii:2:008:1 0:1 7 = 02000020 ff0000
ffff8e2303c4c540 2319808920 S Ii:2:008:1 -115:1 8 <
ffff8e2303c4c540 2319816876 C Ii:2:008:1 0:1 7 = 02000120 ff0000
ffff8e2303c4c540 2319816892 S Ii:2:008:1 -115:1 8 <
ffff8e2303c4c540 2319824902 C Ii:2:008:1 0:1 7 = 02000130 ff0000
ffff8e2303c4c540 2319824919 S Ii:2:008:1 -115:1 8 <
ffff8e2303c4c540 2319832904 C Ii:2:008:1 0:1 7 = 02000340 ff0000
ffff8e2303c4c540 2319832921 S Ii:2:008:1 -115:1 8 <
ffff8e2303c4c540 2319840903 C Ii:2:008:1 0:1 7 = 02000260 ff0000
ffff8e2303c4c540 2319840919 S Ii:2:008:1 -115:1 8 <
ffff8e2303c4c540 2319848911 C Ii:2:008:1 0:1 7 = 02000250 ff0000
ffff8e2303c4c540 2319848928 S Ii:2:008:1 -115:1 8 <
ffff8e2303c4c540 2319856903 C Ii:2:008:1 0:1 7 = 02000250 ff0000
ffff8e2303c4c540 2319856919 S Ii:2:008:1 -115:1 8 <
ffff8e2303c4c540 2319864879 C Ii:2:008:1 0:1 7 = 02000150 ff0000
ffff8e2303c4c540 2319864901 S Ii:2:008:1 -115:1 8 <
ffff8e2303c4c540 2319872915 C Ii:2:008:1 0:1 7 = 02000240 ff0000
ffff8e2303c4c540 2319872933 S Ii:2:008:1 -115:1 8 <
ffff8e2303c4c540 2319880904 C Ii:2:008:1 0:1 7 = 02000150 ff0000
ffff8e2303c4c540 2319880921 S Ii:2:008:1 -115:1 8 <
ffff8e2303c4c540 2319888901 C Ii:2:008:1 0:1 7 = 02000370 ff0000
ffff8e2303c4c540 2319888935 S Ii:2:008:1 -115:1 8 <
ffff8e2303c4c540 2319896902 C Ii:2:008:1 0:1 7 = 02000470 ff0000
ffff8e2303c4c540 2319896919 S Ii:2:008:1 -115:1 8 <
ffff8e2303c4c540 2319904901 C Ii:2:008:1 0:1 7 = 02000470 ff0000
ffff8e2303c4c540 2319904918 S Ii:2:008:1 -115:1 8 <
ffff8e2303c4c540 2319912902 C Ii:2:008:1 0:1 7 = 02000370 ff0000
ffff8e2303c4c540 2319912920 S Ii:2:008:1 -115:1 8 <
ffff8e2303c4c540 2319920902 C Ii:2:008:1 0:1 7 = 02000480 ff0000
ffff8e2303c4c540 2319920919 S Ii:2:008:1 -115:1 8 <
ffff8e2303c4c540 2319928914 C Ii:2:008:1 0:1 7 = 02000380 ff0000
ffff8e2303c4c540 2319928931 S Ii:2:008:1 -115:1 8 <
ffff8e2303c4c540 2319936915 C Ii:2:008:1 0:1 7 = 02000450 ff0000
ffff8e2303c4c540 2319936932 S Ii:2:008:1 -115:1 8 <
ffff8e2303c4c540 2319944908 C Ii:2:008:1 0:1 7 = 02000370 ff0000
ffff8e2303c4c540 2319944924 S Ii:2:008:1 -115:1 8 <
ffff8e2303c4c540 2319952879 C Ii:2:008:1 0:1 7 = 02000160 ff0000
ffff8e2303c4c540 2319952895 S Ii:2:008:1 -115:1 8 <
ffff8e2303c4c540 2319960903 C Ii:2:008:1 0:1 7 = 02000460 ff0000
ffff8e2303c4c540 2319960920 S Ii:2:008:1 -115:1 8 <
ffff8e2303c4c540 2319968911 C Ii:2:008:1 0:1 7 = 02000390 ff0000
ffff8e2303c4c540 2319968927 S Ii:2:008:1 -115:1 8 <
ffff8e2303c4c540 2319976909 C Ii:2:008:1 0:1 7 = 02000390 ff0000
ffff8e2303c4c540 2319976926 S Ii:2:008:1 -115:1 8 <
ffff8e2303c4c540 2319984903 C Ii:2:008:1 0:1 7 = 020003a0 ff0000
ffff8e2303c4c540 2319984920 S Ii:2:008:1 -115:1 8 <
ffff8e2303c4c540 2319992910 C Ii:2:008:1 0:1 7 = 020001b0 ff0000
ffff8e2303c4c540 2319992926 S Ii:2:008:1 -115:1 8 <
ffff8e2303c4c540 2320000880 C Ii:2:008:1 0:1 7 = 020001d0 ff0000
ffff8e2303c4c540 2320000903 S Ii:2:008:1 -115:1 8 <
ffff8e2303c4c540 2320008903 C Ii:2:008:1 0:1 7 = 020000d0 ff0000
ffff8e2303c4c540 2320008921 S Ii:2:008:1 -115:1 8 <
ffff8e2303c4c540 2320016912 C Ii:2:008:1 0:1 7 = 020001c0 ff0000
ffff8e2303c4c540 2320016928 S Ii:2:008:1 -115:1 8 <
ffff8e2303c4c540 2320024902 C Ii:2:008:1 0:1 7 = 020000e0 ff0000
ffff8e2303c4c540 2320024920 S Ii:2:008:1 -115:1 8 <
ffff8e2303c4c540 2320032902 C Ii:2:008:1 0:1 7 = 020000d0 ff0000
ffff8e2303c4c540 2320032919 S Ii:2:008:1 -115:1 8 <
ffff8e2303c4c540 2320040903 C Ii:2:008:1 0:1 7 = 020000e0 ff0000
ffff8e2303c4c540 2320040920 S Ii:2:008:1 -115:1 8 <
ffff8e2303c4c540 2320048912 C Ii:2:008:1 0:1 7 = 020000f0 ff0000
ffff8e2303c4c540 2320048928 S Ii:2:008:1 -115:1 8 <
ffff8e2303c4c540 2320559907 C Ii:2:008:1 0:1 7 = 0200ff3f 000000
ffff8e2303c4c540 2320559924 S Ii:2:008:1 -115:1 8 <
ffff8e2303c4c540 2320567905 C Ii:2:008:1 0:1 7 = 0200fd6f 000000
ffff8e2303c4c540 2320567922 S Ii:2:008:1 -115:1 8 <
ffff8e2303c4c540 2320575914 C Ii:2:008:1 0:1 7 = 0200fdaf 000000
ffff8e2303c4c540 2320575931 S Ii:2:008:1 -115:1 8 <
ffff8e2303c4c540 2320583904 C Ii:2:008:1 0:1 7 = 0200fd1f 010000
ffff8e2303c4c540 2320583921 S Ii:2:008:1 -115:1 8 <
ffff8e2303c4c540 2320591904 C Ii:2:008:1 0:1 7 = 0200fc4f 010000
ffff8e2303c4c540 2320591921 S Ii:2:008:1 -115:1 8 <
ffff8e2303c4c540 2320599915 C Ii:2:008:1 0:1 7 = 0200fc8f 010000
ffff8e2303c4c540 2320599931 S Ii:2:008:1 -115:1 8 <
ffff8e2303c4c540 2320607915 C Ii:2:008:1 0:1 7 = 0200fcbf 010000
ffff8e2303c4c540 2320607931 S Ii:2:008:1 -115:1 8 <
ffff8e2303c4c540 2320615918 C Ii:2:008:1 0:1 7 = 0200fddf 010000
ffff8e2303c4c540 2320615935 S Ii:2:008:1 -115:1 8 <
ffff8e2303c4c540 2320623905 C Ii:2:008:1 0:1 7 = 0200fcdf 010000
ffff8e2303c4c540 2320623921 S Ii:2:008:1 -115:1 8 <
ffff8e2303c4c540 2320631905 C Ii:2:008:1 0:1 7 = 0200fcbf 010000
ffff8e2303c4c540 2320631922 S Ii:2:008:1 -115:1 8 <
ffff8e2303c4c540 2320639904 C Ii:2:008:1 0:1 7 = 0200fd9f 010000
ffff8e2303c4c540 2320639921 S Ii:2:008:1 -115:1 8 <
ffff8e2303c4c540 2320647905 C Ii:2:008:1 0:1 7 = 0200fe7f 010000
ffff8e2303c4c540 2320647922 S Ii:2:008:1 -115:1 8 <
ffff8e2303c4c540 2320655877 C Ii:2:008:1 0:1 7 = 0200ff7f 010000
ffff8e2303c4c540 2320655893 S Ii:2:008:1 -115:1 8 <
ffff8e2303c4c540 2320663914 C Ii:2:008:1 0:1 7 = 02000060 010000
ffff8e2303c4c540 2320663931 S Ii:2:008:1 -115:1 8 <
ffff8e2303c4c540 2320671912 C Ii:2:008:1 0:1 7 = 02000250 010000
ffff8e2303c4c540 2320671929 S Ii:2:008:1 -115:1 8 <
ffff8e2303c4c540 2320679877 C Ii:2:008:1 0:1 7 = 020008f0 000000
ffff8e2303c4c540 2320679893 S Ii:2:008:1 -115:1 8 <
ffff8e2303c4c540 2320687881 C Ii:2:008:1 0:1 7 = 02000ab0 000000
ffff8e2303c4c540 2320687904 S Ii:2:008:1 -115:1 8 <
ffff8e2303c4c540 2320695918 C Ii:2:008:1 0:1 7 = 02000b70 000000
ffff8e2303c4c540 2320695934 S Ii:2:008:1 -115:1 8 <
ffff8e2303c4c540 2320703917 C Ii:2:008:1 0:1 7 = 02000830 000000
ffff8e2303c4c540 2320703934 S Ii:2:008:1 -115:1 8 <
ffff8e2303c4c540 2320711921 C Ii:2:008:1 0:1 7 = 02000330 000000
ffff8e2303c4c540 2320711937 S Ii:2:008:1 -115:1 8 <
ffff8e2303c4c540 2320719921 C Ii:2:008:1 0:1 7 = 02000030 000000
ffff8e2303c4c540 2320719936 S Ii:2:008:1 -115:1 8 <
ffff8e2303c4c540 2320727916 C Ii:2:008:1 0:1 7 = 02000030 000000
ffff8e2303c4c540 2320727932 S Ii:2:008:1 -115:1 8 <
ffff8e2303c4c540 2320735905 C Ii:2:008:1 0:1 7 = 02000010 000000
ffff8e2303c4c540 2320735922 S Ii:2:008:1 -115:1 8 <
ffff8e2303c4c540 2320743912 C Ii:2:008:1 0:1 7 = 02000020 000000
ffff8e2303c4c540 2320743928 S Ii:2:008:1 -115:1 8 <
ffff8e2303c4c540 2321031882 C Ii:2:008:1 0:1 7 = 02010000 000000
ffff8e2303c4c540 2321031899 S Ii:2:008:1 -115:1 8 <
ffff8e2303c4c540 2321111907 C Ii:2:008:1 0:1 7 = 02000000 000000
ffff8e2303c4c540 2321111926 S Ii:2:008:1 -115:1 8 <
ffff8e230371c480 2321117420 S Co:2:011:0 s 40 9a 1312 cc83 0000 0
ffff8e230371c480 2321117524 C Co:2:011:0 0 0
ffff8e230371c480 2321117539 S Co:2:011:0 s 40 9a 2518 00c3 0000 0
ffff8e230371c480 2321117603 C Co:2:011:0 0 0
ffff8e230371c480 2321117619 S Co:2:011:0 s 40 a4 ff9f 0000 0000 0
ffff8e230371c480 2321117682 C Co:2:011:0 0 0
ffff8e230371c480 2321117691 S Co:2:011:0 s 40 9a 2727 0000 0000 0
ffff8e230371c480 2321117798 C Co:2:011:0 0 0
ffff8e2301f33b00 2321117808 S Ii:2:011:1 -115:1 8 <
ffff8e230371c480 2321117817 S Ci:2:011:0 s c0 95 0706 0000 0002 2 <
ffff8e230371c480 2321117911 C Ci:2:011:0 0 2 = 9fee
ffff8e2301f326c0 2321117921 S Bi:2:011:2 -115 32 <
ffff8e2301f32e40 2321117925 S Bi:2:011:2 -115 32 <
ffff8e230371c480 2321117930 S Co:2:011:0 s 40 a4 ff9f 0000 0000 0
ffff8e230371c480 2321117999 C Co:2:011:0 0 0
ffff8e230ee8b200 2321118188 S Co:2:011:0 s 40 9a 1312 cc83 0000 0
ffff8e230ee8b200 2321118316 C Co:2:011:0 0 0
ffff8e230ee8b200 2321118334 S Co:2:011:0 s 40 9a 2518 00c3 0000 0
ffff8e230ee8b200 2321118399 C Co:2:011:0 0 0
ffff8e230ee8b200 2321118409 S Co:2:011:0 s 40 a4 ff9f 0000 0000 0
ffff8e230ee8b200 2321118472 C Co:2:011:0 0 0
ffff8e230ee8b200 2321118482 S Co:2:011:0 s 40 9a 2727 0000 0000 0
ffff8e230ee8b200 2321118551 C Co:2:011:0 0 0
ffff8e230ee8b200 2321118575 S Co:2:011:0 s 40 a4 ffbf 0000 0000 0
ffff8e230ee8b200 2321118650 C Co:2:011:0 0 0
ffff8e230ee8b200 2321118663 S Co:2:011:0 s 40 a4 ffbf 0000 0000 0
ffff8e230ee8b200 2321118794 C Co:2:011:0 0 0
ffff8e230ee8b200 2321118829 S Co:2:011:0 s 40 a4 ffbf 0000 0000 0
ffff8e230ee8b200 2321118903 C Co:2:011:0 0 0
ffff8e230ee8b200 2321118917 S Co:2:011:0 s 40 a4 ffbf 0000 0000 0
ffff8e230ee8b200 2321118981 C Co:2:011:0 0 0
ffff8e230ee8b200 2321119012 S Co:2:011:0 s 40 a4 ffbf 0000 0000 0
ffff8e230ee8b200 2321119076 C Co:2:011:0 0 0
ffff8e230ee8b200 2321119103 S Co:2:011:0 s 40 a4 ffbf 0000 0000 0
ffff8e230ee8b200 2321119171 C Co:2:011:0 0 0
ffff8e230ee8b200 2321119185 S Co:2:011:0 s 40 a4 ffff 0000 0000 0
ffff8e230ee8b200 2321119250 C Co:2:011:0 0 0
ffff8e230ee8b200 2321119272 S Co:2:011:0 s 40 a4 ffff 0000 0000 0
ffff8e230ee8b200 2321119336 C Co:2:011:0 0 0
ffff8e2301f32240 2321186447 S Bo:2:011:2 -115 14 = 50524f47 52414d42 54393030 3055
ffff8e2301f32240 2321186518 C Bo:2:011:2 0 14 >
ffff8e2301f326c0 2321274915 C Bi:2:011:2 0 1 = 06
ffff8e2301f326c0 2321274931 S Bi:2:011:2 -115 32 <
ffff8e2301f32240 2321275615 S Bo:2:011:2 -115 1 = 44
ffff8e2301f32240 2321275659 C Bo:2:011:2 0 1 >
ffff8e230c5fc9c0 2321275788 S Co:2:011:0 s 40 a4 ffff 0000 0000 0
ffff8e230c5fc9c0 2321275855 C Co:2:011:0 0 0
ffff8e2301f326c0 2321282645 C Bi:2:011:2 -2 0
ffff8e2301f32e40 2321284661 C Bi:2:011:2 -2 0
ffff8e2301f33b00 2321286670 C Ii:2:011:1 -2:1 0
ffff8e2302151980 2321738090 S Bo:2:002:2 -115 31 = 55534243 cf0d0000 00000000 00000600 00000000 00000000 00000000 000000
ffff8e2302151980 2321738137 C Bo:2:002:2 0 31 >
ffff8e2302151980 2321738146 S Bi:2:002:1 -115 13 <
ffff8e2302151980 2321738176 C Bi:2:002:1 0 13 = 55534253 cf0d0000 00000000 00
ffff8e230371c480 2322287239 S Co:2:011:0 s 40 9a 1312 cc83 0000 0
ffff8e230371c480 2322287318 C Co:2:011:0 0 0
ffff8e230371c480 2322287342 S Co:2:011:0 s 40 9a 2518 00c3 0000 0
ffff8e230371c480 2322287407 C Co:2:011:0 0 0
ffff8e230371c480 2322287419 S Co:2:011:0 s 40 a4 ffff 0000 0000 0
ffff8e230371c480 2322287484 C Co:2:011:0 0 0
ffff8e230371c480 2322287492 S Co:2:011:0 s 40 9a 2727 0000 0000 0
ffff8e230371c480 2322287556 C Co:2:011:0 0 0
ffff8e2301f33b00 2322287564 S Ii:2:011:1 -115:1 8 <
ffff8e230371c480 2322287574 S Ci:2:011:0 s c0 95 0706 0000 0002 2 <
ffff8e230371c480 2322287675 C Ci:2:011:0 0 2 = ffee
ffff8e2301f326c0 2322287687 S Bi:2:011:2 -115 32 <
ffff8e2301f32e40 2322287691 S Bi:2:011:2 -115 32 <
ffff8e230371c480 2322287696 S Co:2:011:0 s 40 a4 ff9f 0000 0000 0
ffff8e230371c480 2322287828 C Co:2:011:0 0 0
ffff8e230c5fc9c0 2322288126 S Co:2:011:0 s 40 a4 ffbf 0000 0000 0
ffff8e230c5fc9c0 2322288194 C Co:2:011:0 0 0
ffff8e230c5fc9c0 2322288205 S Co:2:011:0 s 40 a4 ffbf 0000 0000 0
ffff8e230c5fc9c0 2322288274 C Co:2:011:0 0 0
ffff8e230c5fc9c0 2322288291 S Co:2:011:0 s 40 a4 ffbf 0000 0000 0
ffff8e230c5fc9c0 2322288354 C Co:2:011:0 0 0
ffff8e230c5fc9c0 2322288362 S Co:2:011:0 s 40 a4 ffbf 0000 0000 0
ffff8e230c5fc9c0 2322288427 C Co:2:011:0 0 0
ffff8e230c5fc9c0 2322288439 S Co:2:011:0 s 40 a4 ffbf 0000 0000 0
ffff8e230c5fc9c0 2322288504 C Co:2:011:0 0 0
ffff8e230c5fc9c0 2322288522 S Co:2:011:0 s 40 a4 ffbf 0000 0000 0
ffff8e230c5fc9c0 2322288588 C Co:2:011:0 0 0
ffff8e230c5fc9c0 2322288599 S Co:2:011:0 s 40 a4 ffff 0000 0000 0
ffff8e230c5fc9c0 2322288663 C Co:2:011:0 0 0
ffff8e230c5fc9c0 2322288673 S Co:2:011:0 s 40 a4 ffff 0000 0000 0
ffff8e230c5fc9c0 2322288868 C Co:2:011:0 0 0
ffff8e2301f32240 2322294251 S Bo:2:011:2 -115 15 = a5020000 00075052 4f475241 4d0cab
ffff8e2301f32240 2322294341 C Bo:2:011:2 0 15 >
ffff8e2303c4c540 2322295912 C Ii:2:008:1 0:1 7 = 0200ff0f 000000
ffff8e2303c4c540 2322295933 S Ii:2:008:1 -115:1 8 <
ffff8e2301f326c0 2322302833 C Bi:2:011:2 0 9 = a5020000 00015973 ad
ffff8e2301f326c0 2322302840 S Bi:2:011:2 -115 32 <
ffff8e2301f32240 2322305139 S Bo:2:011:2 -115 12 = a5030000 00040000 09001eda
ffff8e2301f32240 2322305189 C Bo:2:011:2 0 12 >
ffff8e2303c4c540 2322311901 C Ii:2:008:1 0:1 7 = 0200fe0f 000000
ffff8e2303c4c540 2322311911 S Ii:2:008:1 -115:1 8 <
ffff8e2301f32e40 2322313731 C Bi:2:011:2 0 9 = a5030000 00015936 0d
ffff8e2301f32e40 2322313736 S Bi:2:011:2 -115 32 <
ffff8e2301f32240 2322315037 S Bo:2:011:2 -115 14 = a5044504 00060000 09000003 1ff3
ffff8e2301f32240 2322315103 C Bo:2:011:2 0 14 >
ffff8e2303c4c540 2322319896 C Ii:2:008:1 0:1 7 = 0200ffef ff0000
ffff8e2303c4c540 2322319906 S Ii:2:008:1 -115:1 8 <
ffff8e2303c4c540 2322327913 C Ii:2:008:1 0:1 7 = 0200ffff ff0000
ffff8e2303c4c540 2322327930 S Ii:2:008:1 -115:1 8 <
ffff8e2303c4c540 2322335901 C Ii:2:008:1 0:1 7 = 0200ff0f 000000
ffff8e2303c4c540 2322335911 S Ii:2:008:1 -115:1 8 <
ffff8e2303c4c540 2322359902 C Ii:2:008:1 0:1 7 = 0200ff0f 000000
ffff8e2303c4c540 2322359912 S Ii:2:008:1 -115:1 8 <
ffff8e2303c4c540 2322367881 C Ii:2:008:1 0:1 7 = 02000010 000000
ffff8e2303c4c540 2322367890 S Ii:2:008:1 -115:1 8 <
ffff8e2303c4c540 2322375901 C Ii:2:008:1 0:1 7 = 0200fe1f 000000
ffff8e2303c4c540 2322375913 S Ii:2:008:1 -115:1 8 <
ffff8e2303c4c540 2322383912 C Ii:2:008:1 0:1 7 = 0200ff1f 000000
ffff8e2303c4c540 2322383928 S Ii:2:008:1 -115:1 8 <
ffff8e2303c4c540 2322391884 C Ii:2:008:1 0:1 7 = 0200fe0f 000000
ffff8e2303c4c540 2322391899 S Ii:2:008:1 -115:1 8 <
ffff8e2303c4c540 2322399902 C Ii:2:008:1 0:1 7 = 0200ff0f 000000
ffff8e2303c4c540 2322399912 S Ii:2:008:1 -115:1 8 <
ffff8e2303c4c540 2322407920 C Ii:2:008:1 0:1 7 = 0200ff0f 000000
ffff8e2303c4c540 2322407937 S Ii:2:008:1 -115:1 8 <
ffff8e2303c4c540 2322415880 C Ii:2:008:1 0:1 7 = 0200ff0f 000000
ffff8e2303c4c540 2322415890 S Ii:2:008:1 -115:1 8 <
ffff8e2303c4c540 2322494914 C Ii:2:008:1 0:1 7 = 0200ff0f 000000
ffff8e2303c4c540 2322494944 S Ii:2:008:1 -115:1 8 <
ffff8e2303c4c540 2322502884 C Ii:2:008:1 0:1 7 = 0200fe1f 000000
ffff8e2303c4c540 2322502900 S Ii:2:008:1 -115:1 8 <
ffff8e2303c4c540 2322510912 C Ii:2:008:1 0:1 7 = 0200fd2f 000000
ffff8e2303c4c540 2322510930 S Ii:2:008:1 -115:1 8 <
ffff8e2303c4c540 2322518913 C Ii:2:008:1 0:1 7 = 0200fd1f 000000
ffff8e2303c4c540 2322518930 S Ii:2:008:1 -115:1 8 <
ffff8e2303c4c540 2322526884 C Ii:2:008:1 0:1 7 = 0200fe1f 000000
ffff8e2303c4c540 2322526901 S Ii:2:008:1 -115:1 8 <
ffff8e2303c4c540 2322534914 C Ii:2:008:1 0:1 7 = 0200ff1f 000000
ffff8e2303c4c540 2322534931 S Ii:2:008:1 -115:1 8 <
ffff8e2301f326c0 2322586539 C Bi:2:011:2 0 9 = a5044504 00015906 82
ffff8e2301f326c0 2322586546 S Bi:2:011:2 -115 32 <
ffff8e2301f32240 2323317983 S Bo:2:011:2 -115 32 = a5570000 04000000 00000000 00000000 00000000 00000000 00000000 00000000
ffff8e2301f33740 2323317997 S Bo:2:011:2 -115 32 = 00000000 00000000 00000000 00000000 00000000 00000000 00000000 00000000
ffff8e2301f32240 2323318075 C Bo:2:011:2 0 32 >
ffff8e2301f32240 2323318080 S Bo:2:011:2 -115 32 = 00000000 00000000 00000000 00000000 00000000 00000000 00000000 00000000
ffff8e2301f33740 2323318107 C Bo:2:011:2 0 32 >
ffff8e2301f33740 2323318108 S Bo:2:011:2 -115 32 = 00000000 00002000 20002000 20002000 00000000 00000000 00000000 00000000
ffff8e2301f32240 2323320927 C Bo:2:011:2 0 32 >
ffff8e2301f32240 2323320933 S Bo:2:011:2 -115 32 = 00000000 00000000 00000000 00000000 00000000 00000000 00002000 20002000
ffff8e2301f33740 2323323715 C Bo:2:011:2 0 32 >
ffff8e2301f33740 2323323721 S Bo:2:011:2 -115 32 = 20000000 00000000 00000000 00000000 00000000 00000000 00000000 00000000
ffff8e2301f32240 2323326491 C Bo:2:011:2 0 32 >
ffff8e2301f32240 2323326497 S Bo:2:011:2 -115 32 = 00000000 00000000 00000000 00000000 00000000 00000000 00000000 00000000
ffff8e2301f33740 2323329235 C Bo:2:011:2 0 32 >
ffff8e2301f33740 2323329240 S Bo:2:011:2 -115 32 = 00000000 00000000 00000000 00000000 00000000 00000000 00000000 00000000
ffff8e2301f32240 2323331997 C Bo:2:011:2 0 32 >
ffff8e2301f32240 2323332002 S Bo:2:011:2 -115 32 = 00000000 00000000 00000000 00000000 00000000 00000000 00000000 00000000
ffff8e2301f33740 2323334849 C Bo:2:011:2 0 32 >
ffff8e2301f33740 2323334854 S Bo:2:011:2 -115 32 = 00000000 00000000 00000000 00000000 00000000 00000000 00000000 00000000
ffff8e2301f32240 2323337529 C Bo:2:011:2 0 32 >
ffff8e2301f32240 2323337535 S Bo:2:011:2 -115 32 = 00000000 00000000 00000000 00000000 00000000 00000000 00000000 00000000
ffff8e2301f33740 2323340336 C Bo:2:011:2 0 32 >
ffff8e2301f33740 2323340342 S Bo:2:011:2 -115 32 = 00000000 00000000 00000000 00000000 00000000 00000000 00000000 00000000
ffff8e2301f32240 2323343060 C Bo:2:011:2 0 32 >
ffff8e2301f32240 2323343067 S Bo:2:011:2 -115 32 = 00000000 00000000 00000000 00000000 00000000 00000000 00000000 00000000
ffff8e2301f33740 2323345858 C Bo:2:011:2 0 32 >
ffff8e2301f33740 2323345865 S Bo:2:011:2 -115 32 = 00000000 00000000 00000000 00000000 00000000 00000000 00000000 00000000
ffff8e2301f32240 2323348640 C Bo:2:011:2 0 32 >
ffff8e2301f32240 2323348647 S Bo:2:011:2 -115 32 = 00000000 00000000 00000000 00000000 00000000 00000000 00000000 00000000
ffff8e2301f33740 2323351440 C Bo:2:011:2 0 32 >
ffff8e2301f33740 2323351446 S Bo:2:011:2 -115 32 = 00000000 00000000 00000000 00000000 00000000 00000000 00002000 20002000
ffff8e2301f32240 2323354179 C Bo:2:011:2 0 32 >
ffff8e2301f32240 2323354184 S Bo:2:011:2 -115 32 = 00000000 00000000 00000000 00000000 00000000 00000000 00000000 20002000
ffff8e2301f33740 2323356926 C Bo:2:011:2 0 32 >
ffff8e2301f33740 2323356931 S Bo:2:011:2 -115 32 = 20002000 00000000 00000000 00000000 00000000 00000000 00000000 00000000
ffff8e2301f32240 2323359714 C Bo:2:011:2 0 32 >
ffff8e2301f32240 2323359720 S Bo:2:011:2 -115 32 = 20004100 41086208 62086208 62086208 62084108 41002000 00000000 00000000
ffff8e2301f33740 2323362501 C Bo:2:011:2 0 32 >
ffff8e2301f33740 2323362507 S Bo:2:011:2 -115 32 = 00000000 00000000 00000000 00000000 00000000 20004100 41086208 62086208
ffff8e2301f32240 2323365253 C Bo:2:011:2 0 32 >
ffff8e2301f32240 2323365258 S Bo:2:011:2 -115 32 = 62084108 41002000 00000000 00000000 00000000 00000000 00000000 00000000
ffff8e2301f33740 2323368057 C Bo:2:011:2 0 32 >
ffff8e2301f33740 2323368063 S Bo:2:011:2 -115 32 = 00000000 00000000 00000000 00000000 00002000 20002000 20002000 00000000
ffff8e2301f32240 2323370847 C Bo:2:011:2 0 32 >
ffff8e2301f32240 2323370854 S Bo:2:011:2 -115 32 = 00000000 00000000 00000000 00000000 00000000 00000000 00000000 00000000
ffff8e2301f33740 2323373600 C Bo:2:011:2 0 32 >
ffff8e2301f33740 2323373606 S Bo:2:011:2 -115 32 = 00002000 20002000 20002000 20002000 20002000 20002000 20002000 20000000
ffff8e2301f32240 2323376328 C Bo:2:011:2 0 32 >
ffff8e2301f32240 2323376334 S Bo:2:011:2 -115 32 = 00000000 00000000 00000000 00000000 00000000 00000000 00000000 00000000
ffff8e2301f33740 2323379069 C Bo:2:011:2 0 32 >
ffff8e2301f33740 2323379075 S Bo:2:011:2 -115 32 = 00000000 00000000 00000000 00000000 00000000 00000000 00000000 00000000
ffff8e2301f32240 2323381859 C Bo:2:011:2 0 32 >
ffff8e2301f32240 2323381865 S Bo:2:011:2 -115 32 = 00000000 00000000 00000000 00000000 00000000 00000000 00000000 00000000
ffff8e2301f33740 2323384655 C Bo:2:011:2 0 32 >
ffff8e2301f33740 2323384660 S Bo:2:011:2 -115 32 = 00000000 00000000 00000000 00000000 00000000 00000000 00000000 00000000
ffff8e2301f32240 2323387419 C Bo:2:011:2 0 32 >
ffff8e2301f32240 2323387425 S Bo:2:011:2 -115 32 = 00000000 00000000 00000000 00000000 00000000 00000000 00000000 00000000
ffff8e2301f33740 2323390187 C Bo:2:011:2 0 32 >
ffff8e2301f33740 2323390192 S Bo:2:011:2 -115 32 = 00000000 00000000 00000000 00000000 00000000 00000000 00000000 00000000
ffff8e2301f32240 2323392967 C Bo:2:011:2 0 32 >
ffff8e2301f32240 2323392973 S Bo:2:011:2 -115 32 = 00000000 00000000 00000000 00000000 00000000 20004108 82088310 a3108208
ffff8e2301f33740 2323395715 C Bo:2:011:2 0 32 >
ffff8e2301f33740 2323395720 S Bo:2:011:2 -115 32 = 62082100 00000000 00000000 00000000 00000000 00002000 41086208 8310a310
ffff8e2301f32240 2323398492 C Bo:2:011:2 0 32 >
ffff8e2301f32240 2323398497 S Bo:2:011:2 -115 8 = 83108208 61087d88
ffff8e2301f33740 2323401258 C Bo:2:011:2 0 32 >
ffff8e2301f32240 2323403986 C Bo:2:011:2 0 8 >
ffff8e2301f32e40 2323417904 C Bi:2:011:2 0 9 = a5570000 00015940 38
ffff8e2301f32e40 2323417911 S Bi:2:011:2 -115 32 <
ffff8e2301f32240 2323419124 S Bo:2:011:2 -115 32 = a5570001 04002100 00000000 00000000 00000000 00000000 00002000 41086208
ffff8e2301f33740 2323419130 S Bo:2:011:2 -115 32 = a3102521 093a0d5b 6f6bd073 d0736f63 ed52e931 0519a310 62084108 20000000
ffff8e2301f32240 2323419199 C Bo:2:011:2 0 32 >
ffff8e2301f32240 2323419202 S Bo:2:011:2 -115 32 = 00000000 00000000 00000000 00000000 20004108 8208e418 2a3a0d5b b06bd073
ffff8e2301f33740 2323419247 C Bo:2:011:2 0 32 >
ffff8e2301f33740 2323419249 S Bo:2:011:2 -115 32 = 4e632a42 05198208 41082000 00000000 00000000 00000000 00000000 00000000
ffff8e2301f32240 2323422047 C Bo:2:011:2 0 32 >
ffff8e2301f32240 2323422054 S Bo:2:011:2 -115 32 = 00000000 00000000 00000000 20006108 8208a310 a310a310 a3108208 62082100
ffff8e2301f33740 2323424891 C Bo:2:011:2 0 32 >
ffff8e2301f33740 2323424897 S Bo:2:011:2 -115 32 = 00000000 00000000 00000000 00000000 00000000 00000000 00000000 20004108
ffff8e2301f32240 2323427539 C Bo:2:011:2 0 32 >
ffff8e2301f32240 2323427543 S Bo:2:011:2 -115 32 = 82088310 a310a310 a310a310 a310a310 a310a310 a310a310 a310a310 83108208
ffff8e2301f33740 2323430324 C Bo:2:011:2 0 32 >
ffff8e2301f33740 2323430329 S Bo:2:011:2 -115 32 = 41082000 00000000 00000000 00000000 00000000 00000000 00000000 00000000
ffff8e2301f32240 2323433107 C Bo:2:011:2 0 32 >
ffff8e2301f32240 2323433112 S Bo:2:011:2 -115 32 = 00000000 00000000 00000000 00000000 00000000 00000000 00000000 00000000
ffff8e2301f33740 2323435918 C Bo:2:011:2 0 32 >
ffff8e2301f33740 2323435923 S Bo:2:011:2 -115 32 = 00000000 00000000 00000000 00000000 00000000 00000000 00000000 00000000
ffff8e2301f32240 2323438703 C Bo:2:011:2 0 32 >
ffff8e2301f32240 2323438708 S Bo:2:011:2 -115 32 = 00000000 00000000 00000000 00000000 00000000 00000000 00000000 00000000
ffff8e2301f33740 2323441447 C Bo:2:011:2 0 32 >
ffff8e2301f33740 2323441452 S Bo:2:011:2 -115 32 = 00000000 00000000 00000000 00000000 00000000 00000000 00000000 00000000
ffff8e2301f32240 2323444178 C Bo:2:011:2 0 32 >
ffff8e2301f32240 2323444183 S Bo:2:011:2 -115 32 = 00000000 00000000 00000000 00000000 00000000 00000000 00000000 00000000
ffff8e2301f33740 2323446991 C Bo:2:011:2 0 32 >
ffff8e2301f33740 2323446996 S Bo:2:011:2 -115 32 = 00000000 00000000 00000000 00000000 00002000 8210ffff ffffffff ffffffff
ffff8e2301f32240 2323449738 C Bo:2:011:2 0 32 >
ffff8e2301f32240 2323449743 S Bo:2:011:2 -115 32 = ffff117c 21000000 00000000 00000000 00000000 21008208 b394ffff ffffffff
ffff8e2301f33740 2323452508 C Bo:2:011:2 0 32 >
ffff8e2301f33740 2323452513 S Bo:2:011:2 -115 32 = ffffffff ffff14a5 20000000 00000000 00000000 00002000 4108a310 a731327c
ffff8e2301f32240 2323455253 C Bo:2:011:2 0 32 >
ffff8e2301f32240 2323455258 S Bo:2:011:2 -115 32 = 9aceffff ffffffff ffffffff ffffffff ffffffff ffff7ace 3284e839 62082000
ffff8e2301f33740 2323458063 C Bo:2:011:2 0 32 >
ffff8e2301f33740 2323458069 S Bo:2:011:2 -115 32 = 00000000 00000000 00000000 00004100 8210c831 56a5bef7 ffffffff ffffffff
ffff8e2301f32240 2323460847 C Bo:2:011:2 0 32 >
ffff8e2301f32240 2323460852 S Bo:2:011:2 -115 32 = ffffffff bff756a5 e9398310 41080000 00000000 00000000 00000000 00000000
ffff8e2301f33740 2323463598 C Bo:2:011:2 0 32 >
ffff8e2301f33740 2323463603 S Bo:2:011:2 -115 32 = 00000000 00000000 00002000 c418dfff ffffffff ffffffff ffffffff ffffab52
ffff8e2301f32240 2323466326 C Bo:2:011:2 0 32 >
ffff8e2301f32240 2323466331 S Bo:2:011:2 -115 32 = 41000000 00000000 00000000 00000000 00000000 00000000 00002000 8210ffff
ffff8e2301f33740 2323469108 C Bo:2:011:2 0 32 >
ffff8e2301f33740 2323469113 S Bo:2:011:2 -115 32 = ffffffff ffffffff ffffffff ffffffff ffffffff ffffffff ffffffff ffffffff
ffff8e2301f32240 2323471918 C Bo:2:011:2 0 32 >
ffff8e2301f32240 2323471923 S Bo:2:011:2 -115 32 = ffff8210 20000000 00000000 00000000 00000000 00000000 00000000 00000000
ffff8e2301f33740 2323474713 C Bo:2:011:2 0 32 >
ffff8e2301f33740 2323474718 S Bo:2:011:2 -115 32 = 00000000 00000000 00000000 00000000 00000000 00000000 00000000 00000000
ffff8e2301f32240 2323477419 C Bo:2:011:2 0 32 >
ffff8e2301f32240 2323477424 S Bo:2:011:2 -115 32 = 00000000 00000000 00000000 00000000 00000000 00000000 00000000 00000000
ffff8e2301f33740 2323480178 C Bo:2:011:2 0 32 >
ffff8e2301f33740 2323480183 S Bo:2:011:2 -115 32 = 00000000 00000000 00000000 00000000 00000000 00000000 00000000 00000000
ffff8e2301f32240 2323482964 C Bo:2:011:2 0 32 >
ffff8e2301f32240 2323482968 S Bo:2:011:2 -115 32 = 00000000 00000000 00000000 00000000 00000000 00000000 00000000 00000000
ffff8e2301f33740 2323485738 C Bo:2:011:2 0 32 >
ffff8e2301f33740 2323485743 S Bo:2:011:2 -115 32 = 00000000 00000000 00000000 00000000 00000000 00000000 00000000 00000000
ffff8e2301f32240 2323488567 C Bo:2:011:2 0 32 >
ffff8e2301f32240 2323488572 S Bo:2:011:2 -115 32 = 00000000 00000000 00000000 00000000 00002100 e418ffff ffffffff ffffffff
ffff8e2301f33740 2323491253 C Bo:2:011:2 0 32 >
ffff8e2301f33740 2323491258 S Bo:2:011:2 -115 32 = ffff728c 41080000 00000000 00000000 00002000 82084e63 ffffffff ffffffff
ffff8e2301f32240 2323494049 C Bo:2:011:2 0 32 >
ffff8e2301f32240 2323494055 S Bo:2:011:2 -115 32 = ffffffff 1cdfc310 20000000 00000000 00000000 41008208 c831b7ad ffffffff
ffff8e2301f33740 2323496870 C Bo:2:011:2 0 32 >
ffff8e2301f33740 2323496875 S Bo:2:011:2 -115 32 = ffffffff ffffffff ffffffff ffffffff ffffffff ffffffff ffffffff 9acec310
ffff8e2301f32240 2323499601 C Bo:2:011:2 0 32 >
ffff8e2301f32240 2323499606 S Bo:2:011:2 -115 8 = 00000000 00003f86
ffff8e2301f33740 2323502333 C Bo:2:011:2 0 32 >
ffff8e2301f32240 2323505090 C Bo:2:011:2 0 8 >
ffff8e2301f326c0 2323518809 C Bi:2:011:2 0 9 = a5570001 00015936 8c
ffff8e2301f326c0 2323518815 S Bi:2:011:2 -115 32 <
ffff8e2301f32240 2323520354 S Bo:2:011:2 -115 32 = a5570002 04000000 00000000 4108c410 938cffff ffffffff ffffffff ffffffff
ffff8e2301f33740 2323520359 S Bo:2:011:2 -115 32 = ffffffff ffffffff ffffd494 e4184108 20000000 00000000 00000000 00000000
ffff8e2301f32240 2323520450 C Bo:2:011:2 0 32 >
ffff8e2301f32240 2323520454 S Bo:2:011:2 -115 32 = 00000000 00000000 00006208 2e63ffff ffffffff ffffffff ffffffff ffffd8b5
ffff8e2301f33740 2323520489 C Bo:2:011:2 0 32 >
ffff8e2301f33740 2323520490 S Bo:2:011:2 -115 32 = 82082000 00000000 00000000 00000000 00000000 00000000 00002100 e418ffff
ffff8e2301f32240 2323523288 C Bo:2:011:2 0 32 >
ffff8e2301f32240 2323523292 S Bo:2:011:2 -115 32 = ffffffff ffffffff ffffffff ffffffff ffffffff ffffffff ffffffff ffffffff
ffff8e2301f33740 2323526050 C Bo:2:011:2 0 32 >
ffff8e2301f33740 2323526056 S Bo:2:011:2 -115 32 = ffffe418 21000000 00000000 00000000 00000000 00000000 00000000 00000000
ffff8e2301f32240 2323528849 C Bo:2:011:2 0 32 >
ffff8e2301f32240 2323528854 S Bo:2:011:2 -115 32 = 00000000 00000000 00000000 00000000 00000000 00000000 00000000 00000000
ffff8e2301f33740 2323531633 C Bo:2:011:2 0 32 >
ffff8e2301f33740 2323531638 S Bo:2:011:2 -115 32 = 00000000 00000000 00000000 00000000 00000000 00000000 00000000 00000000
ffff8e2301f32240 2323534326 C Bo:2:011:2 0 32 >
ffff8e2301f32240 2323534330 S Bo:2:011:2 -115 32 = 00000000 00000000 00000000 00000000 00000000 00000000 00000000 00000000
ffff8e2301f33740 2323537092 C Bo:2:011:2 0 32 >
ffff8e2301f33740 2323537097 S Bo:2:011:2 -115 32 = 00000000 00000000 00000000 00000000 00000000 00000000 00000000 00000000
ffff8e2301f32240 2323539927 C Bo:2:011:2 0 32 >
ffff8e2301f32240 2323539932 S Bo:2:011:2 -115 32 = 00000000 00000000 00000000 00000000 00000000 00000000 00000000 00000000
ffff8e2301f33740 2323542713 C Bo:2:011:2 0 32 >
ffff8e2301f33740 2323542718 S Bo:2:011:2 -115 32 = 00000000 00000000 00000000 00000000 00004108 2521ffff ffffffff ffffffff
ffff8e2301f32240 2323545417 C Bo:2:011:2 0 32 >
ffff8e2301f32240 2323545422 S Bo:2:011:2 -115 32 = ffffb494 62080000 00000000 00000000 20006208 093adfff ffffffff ffffffff
ffff8e2301f33740 2323548177 C Bo:2:011:2 0 32 >
ffff8e2301f33740 2323548182 S Bo:2:011:2 -115 32 = ffffdfff 093a6108 00000000 00000000 20004108 c410317c dfffffff ffffffff
ffff8e2301f32240 2323550992 C Bo:2:011:2 0 32 >
ffff8e2301f32240 2323550997 S Bo:2:011:2 -115 32 = ffffffff ffffffff ffffffff ffffffff ffffffff ffffffff ffffffff bbd68208
ffff8e2301f33740 2323553759 C Bo:2:011:2 0 32 >
ffff8e2301f33740 2323553764 S Bo:2:011:2 -115 32 = 20000000 00000000 00004100 c410d8b5 ffffffff ffffffff ffffffff ffffffff
ffff8e2301f32240 2323556563 C Bo:2:011:2 0 32 >
ffff8e2301f32240 2323556568 S Bo:2:011:2 -115 32 = ffffffff ffffffff ffffffff 39c60519 41080000 00000000 00000000 00000000
ffff8e2301f33740 2323559253 C Bo:2:011:2 0 32 >
ffff8e2301f33740 2323559258 S Bo:2:011:2 -115 32 = 00000000 00000000 2000a310 39c6ffff ffffffff ffffffff ffffffff ffffffff
ffff8e2301f32240 2323562044 C Bo:2:011:2 0 32 >
ffff8e2301f32240 2323562050 S Bo:2:011:2 -115 32 = 46214108 00000000 00000000 00000000 00000000 00000000 00004108 2521ffff
ffff8e2301f33740 2323564856 C Bo:2:011:2 0 32 >
ffff8e2301f33740 2323564860 S Bo:2:011:2 -115 32 = ffffffff ffffffff ffffffff ffffffff ffffffff ffffffff ffffffff ffffffff
ffff8e2301f32240 2323567571 C Bo:2:011:2 0 32 >
ffff8e2301f32240 2323567575 S Bo:2:011:2 -115 32 = ffff0519 41000000 00000000 00000000 00000000 00000000 00000000 00000000
ffff8e2301f33740 2323570334 C Bo:2:011:2 0 32 >
ffff8e2301f33740 2323570339 S Bo:2:011:2 -115 32 = 00000000 00000000 00000000 00000000 00000000 00000000 00000000 00000000
ffff8e2301f32240 2323573108 C Bo:2:011:2 0 32 >
ffff8e2301f32240 2323573113 S Bo:2:011:2 -115 32 = 00000000 00000000 00000000 00000000 00000000 00000000 00000000 00000000
ffff8e2301f33740 2323575918 C Bo:2:011:2 0 32 >
ffff8e2301f33740 2323575923 S Bo:2:011:2 -115 32 = 00000000 00000000 00000000 00000000 00000000 00000000 00000000 00000000
ffff8e2301f32240 2323578724 C Bo:2:011:2 0 32 >
ffff8e2301f32240 2323578729 S Bo:2:011:2 -115 32 = 00000000 00000000 00000000 00000000 00000000 00000000 00000000 00000000
ffff8e2301f33740 2323581487 C Bo:2:011:2 0 32 >
ffff8e2301f33740 2323581492 S Bo:2:011:2 -115 32 = 00000000 00000000 00000000 00000000 00000000 00000000 00000000 00000000
ffff8e2301f32240 2323584186 C Bo:2:011:2 0 32 >
ffff8e2301f32240 2323584190 S Bo:2:011:2 -115 32 = 00000000 00000000 00000000 00000000 00004108 4621ffff ffffffff ffffffff
ffff8e2301f33740 2323586995 C Bo:2:011:2 0 32 >
ffff8e2301f33740 2323586999 S Bo:2:011:2 -115 32 = ffffd494 82080000 00000000 00000000 62084621 1cdfffff ffffffff ffffffff
ffff8e2301f32240 2323589851 C Bo:2:011:2 0 32 >
ffff8e2301f32240 2323589856 S Bo:2:011:2 -115 32 = ffffd073 83102100 00000000 00000000 41080519 97adffff ffffffff ffffffff
ffff8e2301f33740 2323592565 C Bo:2:011:2 0 32 >
ffff8e2301f33740 2323592570 S Bo:2:011:2 -115 32 = ffffffff ffffffff ffffffff ffffffff ffffffff ffffffff ffffffff 6f636208
ffff8e2301f32240 2323595323 C Bo:2:011:2 0 32 >
ffff8e2301f32240 2323595328 S Bo:2:011:2 -115 32 = 00000000 00000000 20008208 938cffff ffffffff ffffffff ffffffff ffffffff
ffff8e2301f33740 2323598046 C Bo:2:011:2 0 32 >
ffff8e2301f33740 2323598052 S Bo:2:011:2 -115 32 = ffffffff ffffffff ffffffff ffffb7b5 c3104100 00000000 00000000 00000000
ffff8e2301f32240 2323600894 C Bo:2:011:2 0 32 >
ffff8e2301f32240 2323600898 S Bo:2:011:2 -115 8 = 00000000 00005c38
ffff8e2301f33740 2323603642 C Bo:2:011:2 0 32 >
ffff8e2301f32240 2323606336 C Bo:2:011:2 0 8 >
ffff8e2301f32e40 2323619835 C Bi:2:011:2 0 9 = a5570002 000159ad 50
ffff8e2301f32e40 2323619841 S Bi:2:011:2 -115 32 <
ffff8e2301f32240 2323621438 S Bo:2:011:2 -115 32 = a5570003 04000000 41088729 ffffffff ffffffff ffffffff ffffffff ffffffff
ffff8e2301f33740 2323621443 S Bo:2:011:2 -115 32 = b06b6208 00000000 00000000 00000000 00000000 00000000 00004108 4621ffff
ffff8e2301f32240 2323621541 C Bo:2:011:2 0 32 >
ffff8e2301f32240 2323621545 S Bo:2:011:2 -115 32 = ffffffff ffffffff ffffffff ffffffff ffffffff ffffffff ffffffff ffffffff
ffff8e2301f33740 2323621581 C Bo:2:011:2 0 32 >
ffff8e2301f33740 2323621582 S Bo:2:011:2 -115 32 = ffff0519 41000000 00000000 00000000 00000000 00000000 00000000 00000000
ffff8e2301f32240 2323624359 C Bo:2:011:2 0 32 >
ffff8e2301f32240 2323624364 S Bo:2:011:2 -115 32 = 00000000 00000000 00000000 00000000 00000000 00000000 00000000 00000000
ffff8e2301f33740 2323627107 C Bo:2:011:2 0 32 >
ffff8e2301f33740 2323627112 S Bo:2:011:2 -115 32 = 00000000 00000000 00000000 00000000 00000000 00000000 00000000 00000000
ffff8e2301f32240 2323629918 C Bo:2:011:2 0 32 >
ffff8e2301f32240 2323629923 S Bo:2:011:2 -115 32 = 00000000 00000000 00000000 00000000 00000000 00000000 00000000 00000000
ffff8e2301f33740 2323632704 C Bo:2:011:2 0 32 >
ffff8e2301f33740 2323632709 S Bo:2:011:2 -115 32 = 00000000 00000000 00000000 00000000 00000000 00000000 00000000 00000000
ffff8e2301f32240 2323635420 C Bo:2:011:2 0 32 >
ffff8e2301f32240 2323635425 S Bo:2:011:2 -115 32 = 00000000 00000000 00000000 00000000 00000000 00000000 00000000 00000000
ffff8e2301f33740 2323638203 C Bo:2:011:2 0 32 >
ffff8e2301f33740 2323638207 S Bo:2:011:2 -115 32 = 00000000 00000000 00000000 00000000 00004108 4621ffff ffffffff ffffffff
ffff8e2301f32240 2323640998 C Bo:2:011:2 0 32 >
ffff8e2301f32240 2323641003 S Bo:2:011:2 -115 32 = ffffd494 82080000 00000000 00004108 c410d8b5 ffffffff ffffffff ffffffff
ffff8e2301f33740 2323643739 C Bo:2:011:2 0 32 >
ffff8e2301f33740 2323643743 S Bo:2:011:2 -115 32 = 97adc410 41080000 00000000 00004100 c41097ad ffffffff ffffffff ffffffff
ffff8e2301f32240 2323646563 C Bo:2:011:2 0 32 >
ffff8e2301f32240 2323646568 S Bo:2:011:2 -115 32 = ffffffff ffffffff dfff5def 7eefffff ffffffff ffffffff ffff9ef7 05194100
ffff8e2301f33740 2323649332 C Bo:2:011:2 0 32 >
ffff8e2301f33740 2323649336 S Bo:2:011:2 -115 32 = 00000000 00000000 4108e939 ffffffff ffffffff ffffffff ffffffff bff79ef7
ffff8e2301f32240 2323652049 C Bo:2:011:2 0 32 >
ffff8e2301f32240 2323652055 S Bo:2:011:2 -115 32 = ffffffff ffffffff ffffffff ffffffff 6f638208 20000000 00000000 00000000
ffff8e2301f33740 2323654851 C Bo:2:011:2 0 32 >
ffff8e2301f33740 2323654855 S Bo:2:011:2 -115 32 = 00000000 00000000 6208d073 ffffffff ffffffff ffffffff ffffffff ffffffff
ffff8e2301f32240 2323657598 C Bo:2:011:2 0 32 >
ffff8e2301f32240 2323657603 S Bo:2:011:2 -115 32 = 5ac6a310 21000000 00000000 00000000 00000000 00000000 00004108 4621ffff
ffff8e2301f33740 2323660335 C Bo:2:011:2 0 32 >
ffff8e2301f33740 2323660340 S Bo:2:011:2 -115 32 = ffffffff ffffffff ffffffff ffffffff ffffffff ffffffff ffffffff ffffffff
ffff8e2301f32240 2323663109 C Bo:2:011:2 0 32 >
ffff8e2301f32240 2323663114 S Bo:2:011:2 -115 32 = ffffc410 21000000 00000000 00000000 00000000 00000000 00000000 00000000
ffff8e2301f33740 2323665929 C Bo:2:011:2 0 32 >
ffff8e2301f33740 2323665934 S Bo:2:011:2 -115 32 = 00000000 00000000 00000000 00000000 00000000 00000000 00000000 00000000
ffff8e2301f32240 2323668716 C Bo:2:011:2 0 32 >
ffff8e2301f32240 2323668721 S Bo:2:011:2 -115 32 = 00000000 00000000 00000000 00000000 00000000 00000000 00000000 00000000
ffff8e2301f33740 2323671490 C Bo:2:011:2 0 32 >
ffff8e2301f33740 2323671495 S Bo:2:011:2 -115 32 = 00000000 00000000 00000000 00000000 00000000 00000000 00000000 00000000
ffff8e2301f32240 2323674252 C Bo:2:011:2 0 32 >
ffff8e2301f32240 2323674256 S Bo:2:011:2 -115 32 = 00000000 00000000 00000000 00000000 00000000 00000000 00000000 00000000
ffff8e2301f33740 2323676999 C Bo:2:011:2 0 32 >
ffff8e2301f33740 2323677004 S Bo:2:011:2 -115 32 = 00000000 00000000 00000000 00000000 00000000 00000000 00000000 00000000
ffff8e2301f32240 2323679849 C Bo:2:011:2 0 32 >
ffff8e2301f32240 2323679854 S Bo:2:011:2 -115 32 = 00000000 00000000 00000000 00000000 00004108 4621ffff ffffffff ffffffff
ffff8e2301f33740 2323682530 C Bo:2:011:2 0 32 >
ffff8e2301f33740 2323682535 S Bo:2:011:2 -115 32 = ffffd494 82082000 00000000 2100a310 117cffff ffffffff ffffffff ffff1cdf
ffff8e2301f32240 2323685313 C Bo:2:011:2 0 32 >
ffff8e2301f32240 2323685317 S Bo:2:011:2 -115 32 = 46216108 00000000 00000000 20008210 327cffff ffffffff ffffffff ffffffff
ffff8e2301f33740 2323688047 C Bo:2:011:2 0 32 >
ffff8e2301f33740 2323688053 S Bo:2:011:2 -115 32 = ffff3de7 327c093a 0519e418 e4180519 c8312e5b 36a59ef7 ffff738c 62082000
ffff8e2301f32240 2323690847 C Bo:2:011:2 0 32 >
ffff8e2301f32240 2323690852 S Bo:2:011:2 -115 32 = 00000000 00002000 821097ad ffffffff ffffffff ffffffff 7aceac4a 46212519
ffff8e2301f33740 2323693638 C Bo:2:011:2 0 32 >
ffff8e2301f33740 2323693643 S Bo:2:011:2 -115 32 = c831f594 ffffffff ffffffff ffffffff 7def0519 41000000 00000000 00000000
ffff8e2301f32240 2323696421 C Bo:2:011:2 0 32 >
ffff8e2301f32240 2323696426 S Bo:2:011:2 -115 32 = 00000000 00002100 a3107ace ffffffff ffffffff ffff1ddf ffffffff ffffffff
ffff8e2301f33740 2323699142 C Bo:2:011:2 0 32 >
ffff8e2301f33740 2323699146 S Bo:2:011:2 -115 32 = ffff8729 41080000 00000000 00000000 00000000 00000000 00004108 4621ffff
ffff8e2301f32240 2323701918 C Bo:2:011:2 0 32 >
ffff8e2301f32240 2323701923 S Bo:2:011:2 -115 8 = ffffffff ffff6f14
ffff8e2301f33740 2323704702 C Bo:2:011:2 0 32 >
ffff8e2301f32240 2323707462 C Bo:2:011:2 0 8 >
ffff8e2301f326c0 2323720703 C Bi:2:011:2 0 9 = a5570003 000159db e4
ffff8e2301f326c0 2323720710 S Bi:2:011:2 -115 32 <
ffff8e2301f32240 2323721778 S Bo:2:011:2 -115 32 = a5570004 0400ffff ffff9bce 1274906b 4f634e63 4e634e63 4e634e63 2e5b0d5b
ffff8e2301f33740 2323721783 S Bo:2:011:2 -115 32 = ab4a6108 00000000 00000000 00000000 00000000 00000000 00000000 00000000
ffff8e2301f32240 2323721876 C Bo:2:011:2 0 32 >
ffff8e2301f32240 2323721880 S Bo:2:011:2 -115 32 = 00000000 00000000 00000000 00000000 00000000 00000000 00000000 00000000
ffff8e2301f33740 2323721916 C Bo:2:011:2 0 32 >
ffff8e2301f33740 2323721918 S Bo:2:011:2 -115 32 = 00000000 00000000 00000000 00000000 00000000 00000000 00000000 00000000
ffff8e2301f32240 2323724703 C Bo:2:011:2 0 32 >
ffff8e2301f32240 2323724707 S Bo:2:011:2 -115 32 = 00000000 00000000 00000000 00000000 00000000 00000000 00000000 00000000
ffff8e2301f33740 2323727453 C Bo:2:011:2 0 32 >
ffff8e2301f33740 2323727457 S Bo:2:011:2 -115 32 = 00000000 00000000 00000000 00000000 00000000 00000000 00000000 00000000
ffff8e2301f32240 2323730213 C Bo:2:011:2 0 32 >
ffff8e2301f32240 2323730218 S Bo:2:011:2 -115 32 = 00000000 00000000 00000000 00000000 00000000 00000000 00000000 00000000
ffff8e2301f33740 2323732993 C Bo:2:011:2 0 32 >
ffff8e2301f33740 2323732998 S Bo:2:011:2 -115 32 = 00000000 00000000 00000000 00000000 00004108 4621ffff ffffffff ffffffff
ffff8e2301f32240 2323735846 C Bo:2:011:2 0 32 >
ffff8e2301f32240 2323735851 S Bo:2:011:2 -115 32 = ffffd494 82082000 00002000 82086b4a ffffffff ffffffff ffffffff dfff093a
ffff8e2301f33740 2323738572 C Bo:2:011:2 0 32 >
ffff8e2301f33740 2323738576 S Bo:2:011:2 -115 32 = 62082000 00000000 00000000 4108c831 dfffffff ffffffff ffffffff ffffffff
ffff8e2301f32240 2323741348 C Bo:2:011:2 0 32 >
ffff8e2301f32240 2323741353 S Bo:2:011:2 -115 32 = 73842521 a3106208 41084100 41004108 61086208 a310e418 0d5b2521 21000000
ffff8e2301f33740 2323744109 C Bo:2:011:2 0 32 >
ffff8e2301f33740 2323744114 S Bo:2:011:2 -115 32 = 00000000 00004100 0519dfff ffffffff ffffffff ffff9bce 6729a310 62086208
ffff8e2301f32240 2323746849 C Bo:2:011:2 0 32 >
ffff8e2301f32240 2323746854 S Bo:2:011:2 -115 32 = 82080519 327cffff ffffffff ffffffff ffff4e63 62080000 00000000 00000000
ffff8e2301f33740 2323749632 C Bo:2:011:2 0 32 >
ffff8e2301f33740 2323749637 S Bo:2:011:2 -115 32 = 00000000 00004108 a831ffff ffffffff ffffffff 1ddf579d ffffffff ffffffff
ffff8e2301f32240 2323752421 C Bo:2:011:2 0 32 >
ffff8e2301f32240 2323752426 S Bo:2:011:2 -115 32 = fffff173 82082000 00000000 00000000 00000000 00000000 00004108 4621ffff
ffff8e2301f33740 2323755179 C Bo:2:011:2 0 32 >
ffff8e2301f33740 2323755183 S Bo:2:011:2 -115 32 = ffffffff ffffffff ffff56a5 4621c310 82086208 62086208 62086208 62084108
ffff8e2301f32240 2323757924 C Bo:2:011:2 0 32 >
ffff8e2301f32240 2323757929 S Bo:2:011:2 -115 32 = 21000000 00000000 00000000 00000000 00000000 00000000 00000000 00000000
ffff8e2301f33740 2323760703 C Bo:2:011:2 0 32 >
ffff8e2301f33740 2323760708 S Bo:2:011:2 -115 32 = 00000000 00000000 00000000 00000000 00000000 00000000 00000000 00000000
ffff8e2301f32240 2323763492 C Bo:2:011:2 0 32 >
ffff8e2301f32240 2323763497 S Bo:2:011:2 -115 32 = 00000000 00000000 00000000 00000000 00000000 00000000 00000000 00000000
ffff8e2301f33740 2323766254 C Bo:2:011:2 0 32 >
ffff8e2301f33740 2323766259 S Bo:2:011:2 -115 32 = 00000000 00000000 00000000 00000000 00000000 00000000 00000000 00000000
ffff8e2301f32240 2323769047 C Bo:2:011:2 0 32 >
ffff8e2301f32240 2323769053 S Bo:2:011:2 -115 32 = 00000000 00000000 00000000 00000000 00000000 00000000 00000000 00000000
ffff8e2301f33740 2323771849 C Bo:2:011:2 0 32 >
ffff8e2301f33740 2323771854 S Bo:2:011:2 -115 32 = 00000000 00000000 00000000 00000000 00000000 00000000 00000000 00000000
ffff8e2301f32240 2323774563 C Bo:2:011:2 0 32 >
ffff8e2301f32240 2323774568 S Bo:2:011:2 -115 32 = 00000000 00000000 00000000 00000000 00004108 4621ffff ffffffff ffffffff
ffff8e2301f33740 2323777329 C Bo:2:011:2 0 32 >
ffff8e2301f33740 2323777334 S Bo:2:011:2 -115 32 = ffffd494 83102100 21006208 67295def ffffffff ffffffff ffffffff 6f638208
ffff8e2301f32240 2323780109 C Bo:2:011:2 0 32 >
ffff8e2301f32240 2323780113 S Bo:2:011:2 -115 32 = 20000000 00000000 00002000 8310b7ad ffffffff ffffffff ffffffff ffff4e63
ffff8e2301f33740 2323782847 C Bo:2:011:2 0 32 >
ffff8e2301f33740 2323782852 S Bo:2:011:2 -115 32 = c4106108 20000000 00000000 00000000 00000000 20002100 21002000 00000000
ffff8e2301f32240 2323785668 C Bo:2:011:2 0 32 >
ffff8e2301f32240 2323785673 S Bo:2:011:2 -115 32 = 00000000 00004108 6b4affff ffffffff ffffffff ffffcd52 a3104100 00000000
ffff8e2302151980 2323786065 S Bo:2:002:2 -115 31 = 55534243 d00d0000 00000000 00000600 00000000 00000000 00000000 000000
ffff8e2302151980 2323786086 C Bo:2:002:2 0 31 >
ffff8e2302151980 2323786093 S Bi:2:002:1 -115 13 <
ffff8e2302151980 2323786133 C Bi:2:002:1 0 13 = 55534253 d00d0000 00000000 00
ffff8e2301f33740 2323788430 C Bo:2:011:2 0 32 >
ffff8e2301f33740 2323788435 S Bo:2:011:2 -115 32 = 20006208 0519bbce ffffffff ffffffff ffff39c6 a3102000 00000000 00000000
ffff8e2301f32240 2323791179 C Bo:2:011:2 0 32 >
ffff8e2301f32240 2323791183 S Bo:2:011:2 -115 32 = 00000000 20008208 117cffff ffffffff ffffffff 57a59163 ffffffff ffffffff
ffff8e2301f33740 2323793942 C Bo:2:011:2 0 32 >
ffff8e2301f33740 2323793947 S Bo:2:011:2 -115 32 = ffffbbd6 c3102100 00000000 00000000 00000000 00000000 00004108 4621ffff
ffff8e2301f32240 2323796847 C Bo:2:011:2 0 32 >
ffff8e2301f32240 2323796853 S Bo:2:011:2 -115 32 = ffffffff ffffffff ffff159d c4104108 20000000 00000000 00000000 00000000
ffff8e2301f33740 2323799529 C Bo:2:011:2 0 32 >
ffff8e2301f33740 2323799533 S Bo:2:011:2 -115 32 = 00000000 00000000 00000000 00000000 00000000 00000000 00000000 00000000
ffff8e2301f32240 2323802259 C Bo:2:011:2 0 32 >
ffff8e2301f32240 2323802264 S Bo:2:011:2 -115 8 = 00000000 000068f3
ffff8e2301f33740 2323805064 C Bo:2:011:2 0 32 >
ffff8e2301f32240 2323807837 C Bo:2:011:2 0 8 >
ffff8e2301f32e40 2323821836 C Bi:2:011:2 0 9 = a5570004 0001598a c9
ffff8e2301f32e40 2323821842 S Bi:2:011:2 -115 32 <
ffff8e2301f32240 2323823320 S Bo:2:011:2 -115 32 = a5570005 04000000 00000000 00000000 00000000 00000000 00000000 00000000
ffff8e2301f33740 2323823325 S Bo:2:011:2 -115 32 = 00000000 00000000 00000000 00000000 00000000 00000000 00000000 00000000
ffff8e2301f32240 2323823420 C Bo:2:011:2 0 32 >
ffff8e2301f32240 2323823423 S Bo:2:011:2 -115 32 = 00000000 00000000 00000000 00000000 00000000 00000000 00000000 00000000
ffff8e2301f33740 2323823464 C Bo:2:011:2 0 32 >
ffff8e2301f33740 2323823466 S Bo:2:011:2 -115 32 = 00000000 00000000 00000000 00000000 00000000 00000000 00000000 00000000
ffff8e2301f32240 2323826234 C Bo:2:011:2 0 32 >
ffff8e2301f32240 2323826238 S Bo:2:011:2 -115 32 = 00000000 00000000 00000000 00000000 00000000 00000000 00000000 00000000
ffff8e2301f33740 2323828996 C Bo:2:011:2 0 32 >
ffff8e2301f33740 2323829001 S Bo:2:011:2 -115 32 = 00000000 00000000 00000000 00000000 00004108 4621ffff ffffffff ffffffff
ffff8e2301f32240 2323831860 C Bo:2:011:2 0 32 >
ffff8e2301f32240 2323831865 S Bo:2:011:2 -115 32 = fffff494 a3104108 6208e418 39c6ffff ffffffff ffffffff ffff36a5 a3104100
ffff8e2301f33740 2323834544 C Bo:2:011:2 0 32 >
ffff8e2301f33740 2323834548 S Bo:2:011:2 -115 32 = 00000000 00000000 00004108 a729ffff ffffffff ffffffff ffffffff 5384c410
ffff8e2301f32240 2323837324 C Bo:2:011:2 0 32 >
ffff8e2301f32240 2323837329 S Bo:2:011:2 -115 32 = 41080000 00000000 00000000 00000000 00000000 00000000 00000000 00000000
ffff8e2301f33740 2323840111 C Bo:2:011:2 0 32 >
ffff8e2301f33740 2323840115 S Bo:2:011:2 -115 32 = 00000000 00006208 8f6bffff ffffffff ffffffff dfff2621 62080000 00000000
ffff8e2301f32240 2323842831 C Bo:2:011:2 0 32 >
ffff8e2301f32240 2323842836 S Bo:2:011:2 -115 32 = 00002100 a310b06b ffffffff ffffffff ffffffff 05194100 00000000 00000000
ffff8e2301f33740 2323845669 C Bo:2:011:2 0 32 >
ffff8e2301f33740 2323845674 S Bo:2:011:2 -115 32 = 00000000 2100c310 dbd6ffff ffffffff ffffffff 70632a3a 3de7ffff ffffffff
ffff8e2301f32240 2323848429 C Bo:2:011:2 0 32 >
ffff8e2301f32240 2323848434 S Bo:2:011:2 -115 32 = ffffffff e8314108 00000000 00000000 00000000 00000000 00004108 4621ffff
ffff8e2301f33740 2323851187 C Bo:2:011:2 0 32 >
ffff8e2301f33740 2323851191 S Bo:2:011:2 -115 32 = ffffffff ffffffff fffff494 83102000 00000000 00000000 00000000 00000000
ffff8e2301f32240 2323853929 C Bo:2:011:2 0 32 >
ffff8e2301f32240 2323853934 S Bo:2:011:2 -115 32 = 00000000 00000000 00000000 00000000 00000000 00000000 00000000 00000000
ffff8e2301f33740 2323856715 C Bo:2:011:2 0 32 >
ffff8e2301f33740 2323856720 S Bo:2:011:2 -115 32 = 00000000 00000000 00000000 00000000 00000000 00000000 00000000 00000000
ffff8e2301f32240 2323859505 C Bo:2:011:2 0 32 >
ffff8e2301f32240 2323859510 S Bo:2:011:2 -115 32 = 00000000 00000000 00000000 00000000 00000000 00000000 00000000 00000000
ffff8e2301f33740 2323862259 C Bo:2:011:2 0 32 >
ffff8e2301f33740 2323862263 S Bo:2:011:2 -115 32 = 00000000 00000000 00000000 00000000 00000000 00000000 00000000 00000000
ffff8e2301f32240 2323865045 C Bo:2:011:2 0 32 >
ffff8e2301f32240 2323865051 S Bo:2:011:2 -115 32 = 00000000 00000000 00000000 00000000 00000000 00000000 00000000 00000000
ffff8e2301f33740 2323867852 C Bo:2:011:2 0 32 >
ffff8e2301f33740 2323867856 S Bo:2:011:2 -115 32 = 00000000 00000000 00000000 00000000 00000000 00000000 00000000 00000000
ffff8e2301f32240 2323870565 C Bo:2:011:2 0 32 >
ffff8e2301f32240 2323870570 S Bo:2:011:2 -115 32 = 00000000 00000000 00000000 00000000 00004108 4621ffff ffffffff ffffffff
ffff8e2301f33740 2323873354 C Bo:2:011:2 0 32 >
ffff8e2301f33740 2323873358 S Bo:2:011:2 -115 32 = fffff59c e418a310 c410938c ffffffff ffffffff ffffffff dbd60519 41080000
ffff8e2301f32240 2323876109 C Bo:2:011:2 0 32 >
ffff8e2301f32240 2323876114 S Bo:2:011:2 -115 32 = 00000000 00000000 00006208 117cffff ffffffff ffffffff fffffcde 05194108
ffff8e2301f33740 2323878850 C Bo:2:011:2 0 32 >
ffff8e2301f33740 2323878855 S Bo:2:011:2 -115 32 = 00000000 00000000 00000000 00000000 00000000 00000000 00000000 00000000
ffff8e2301f32240 2323881636 C Bo:2:011:2 0 32 >
ffff8e2301f32240 2323881641 S Bo:2:011:2 -115 32 = 00000000 00006208 327cffff ffffffff ffffffff 1cdfe418 41000000 00000000
ffff8e2301f33740 2323884431 C Bo:2:011:2 0 32 >
ffff8e2301f33740 2323884436 S Bo:2:011:2 -115 32 = 00000000 8208093a ffffffff ffffffff ffffffff 4a424108 00000000 00000000
ffff8e2301f32240 2323887187 C Bo:2:011:2 0 32 >
ffff8e2301f32240 2323887192 S Bo:2:011:2 -115 32 = 00000000 4108e939 ffffffff ffffffff ffffbef7 c8318729 159dffff ffffffff
ffff8e2301f33740 2323889999 C Bo:2:011:2 0 32 >
ffff8e2301f33740 2323890005 S Bo:2:011:2 -115 32 = ffffffff 52848208 20000000 00000000 00000000 00000000 00004108 4621ffff
ffff8e2301f32240 2323892704 C Bo:2:011:2 0 32 >
ffff8e2301f32240 2323892709 S Bo:2:011:2 -115 32 = ffffffff ffffffff fffff494 83102000 00000000 00000000 00000000 00000000
ffff8e2301f33740 2323895489 C Bo:2:011:2 0 32 >
ffff8e2301f33740 2323895494 S Bo:2:011:2 -115 32 = 00000000 00000000 00000000 00000000 00000000 00000000 00000000 00000000
ffff8e2301f32240 2323898259 C Bo:2:011:2 0 32 >
ffff8e2301f32240 2323898264 S Bo:2:011:2 -115 32 = 00000000 00000000 00000000 00000000 00000000 00000000 00000000 00000000
ffff8e2301f33740 2323901046 C Bo:2:011:2 0 32 >
ffff8e2301f33740 2323901052 S Bo:2:011:2 -115 32 = 00000000 00000000 00000000 00000000 00000000 00000000 00000000 00000000
ffff8e2301f32240 2323903861 C Bo:2:011:2 0 32 >
ffff8e2301f32240 2323903865 S Bo:2:011:2 -115 8 = 00000000 00003599
ffff8e2301f33740 2323906599 C Bo:2:011:2 0 32 >
ffff8e2301f32240 2323909288 C Bo:2:011:2 0 8 >
ffff8e2301f326c0 2323922703 C Bi:2:011:2 0 9 = a5570005 000159fc 7d
ffff8e2301f326c0 2323922710 S Bi:2:011:2 -115 32 <
ffff8e2301f32240 2323924226 S Bo:2:011:2 -115 32 = a5570006 04000000 00000000 00000000 00000000 00000000 00000000 00000000
ffff8e2301f33740 2323924231 S Bo:2:011:2 -115 32 = 00000000 00000000 00000000 00000000 00000000 00000000 00000000 00000000
ffff8e2301f32240 2323924297 C Bo:2:011:2 0 32 >
ffff8e2301f32240 2323924300 S Bo:2:011:2 -115 32 = 00000000 00000000 00000000 00000000 00000000 00000000 00000000 00000000
ffff8e2301f33740 2323924351 C Bo:2:011:2 0 32 >
ffff8e2301f33740 2323924353 S Bo:2:011:2 -115 32 = 00000000 00000000 00000000 00000000 00004108 4621ffff ffffffff ffffffff
ffff8e2301f32240 2323927109 C Bo:2:011:2 0 32 >
ffff8e2301f32240 2323927114 S Bo:2:011:2 -115 32 = ffff369d 46210519 0e5bffff ffffffff ffffffff ffffbef7 c8316208 20000000
ffff8e2301f33740 2323929922 C Bo:2:011:2 0 32 >
ffff8e2301f33740 2323929927 S Bo:2:011:2 -115 32 = 00000000 00000000 2000a310 7aceffff ffffffff ffffffff ffff6f63 83102000
ffff8e2301f32240 2323932704 C Bo:2:011:2 0 32 >
ffff8e2301f32240 2323932709 S Bo:2:011:2 -115 32 = 00000000 00000000 00000000 00000000 00000000 00000000 00000000 00000000
ffff8e2301f33740 2323935455 C Bo:2:011:2 0 32 >
ffff8e2301f33740 2323935459 S Bo:2:011:2 -115 32 = 00000000 00006208 938cffff ffffffff ffffffff dcd6e418 41000000 00000000
ffff8e2301f32240 2323938187 C Bo:2:011:2 0 32 >
ffff8e2301f32240 2323938192 S Bo:2:011:2 -115 32 = 00000000 62088729 ffffffff ffffffff ffffffff 2e636208 00000000 00000000
ffff8e2301f33740 2323940967 C Bo:2:011:2 0 32 >
ffff8e2301f33740 2323940972 S Bo:2:011:2 -115 32 = 00002000 8208738c ffffffff ffffffff ffffb8ad 25190519 cd52ffff ffffffff
ffff8e2301f32240 2323943715 C Bo:2:011:2 0 32 >
ffff8e2301f32240 2323943720 S Bo:2:011:2 -115 32 = ffffffff 1cdfe418 41000000 00000000 00000000 00000000 00004108 4621ffff
ffff8e2301f33740 2323946484 C Bo:2:011:2 0 32 >
ffff8e2301f33740 2323946488 S Bo:2:011:2 -115 32 = ffffffff ffffffff ffff159d c4104108 20000000 00000000 00000000 00000000
ffff8e2301f32240 2323949252 C Bo:2:011:2 0 32 >
ffff8e2301f32240 2323949256 S Bo:2:011:2 -115 32 = 00000000 00000000 00000000 00000000 00000000 00000000 00000000 00000000
ffff8e2301f33740 2323952037 C Bo:2:011:2 0 32 >
ffff8e2301f33740 2323952041 S Bo:2:011:2 -115 32 = 00000000 00000000 00000000 00000000 00000000 00000000 00000000 00000000
ffff8e2301f32240 2323954831 C Bo:2:011:2 0 32 >
ffff8e2301f32240 2323954835 S Bo:2:011:2 -115 32 = 00000000 00000000 00000000 00000000 00000000 00000000 00000000 00000000
ffff8e2301f33740 2323957574 C Bo:2:011:2 0 32 >
ffff8e2301f33740 2323957578 S Bo:2:011:2 -115 32 = 00000000 00000000 00000000 00000000 00000000 00000000 00000000 00000000
ffff8e2301f32240 2323960395 C Bo:2:011:2 0 32 >
ffff8e2301f32240 2323960399 S Bo:2:011:2 -115 32 = 00000000 00000000 00000000 00000000 00000000 00000000 00000000 00000000
ffff8e2301f33740 2323963107 C Bo:2:011:2 0 32 >
ffff8e2301f33740 2323963111 S Bo:2:011:2 -115 32 = 00000000 00000000 00000000 00000000 00000000 00000000 00000000 00000000
ffff8e2301f32240 2323965895 C Bo:2:011:2 0 32 >
ffff8e2301f32240 2323965900 S Bo:2:011:2 -115 32 = 00000000 00000000 00000000 00000000 00004108 4621ffff ffffffff ffffffff
ffff8e2301f33740 2323968692 C Bo:2:011:2 0 32 >
ffff8e2301f33740 2323968697 S Bo:2:011:2 -115 32 = ffff77a5 c9314b42 9ef7ffff ffffffff ffffffff ffff2e5b 82082000 00000000
ffff8e2301f32240 2323971455 C Bo:2:011:2 0 32 >
ffff8e2301f32240 2323971460 S Bo:2:011:2 -115 32 = 00000000 00000000 41000519 ffffffff ffffffff ffffffff dfff4621 41080000
ffff8e2301f33740 2323974259 C Bo:2:011:2 0 32 >
ffff8e2301f33740 2323974265 S Bo:2:011:2 -115 32 = 00000000 00000000 00000000 00000000 00000000 00000000 00000000 00000000
ffff8e2301f32240 2323976991 C Bo:2:011:2 0 32 >
ffff8e2301f32240 2323976996 S Bo:2:011:2 -115 32 = 00000000 00006208 327cffff ffffffff ffffffff 9ef72519 61080000 00000000
ffff8e2301f33740 2323979862 C Bo:2:011:2 0 32 >
ffff8e2301f33740 2323979867 S Bo:2:011:2 -115 32 = 00002000 8208093a ffffffff ffffffff ffffffff f1736208 00000000 00000000
ffff8e2301f32240 2323982569 C Bo:2:011:2 0 32 >
ffff8e2301f32240 2323982575 S Bo:2:011:2 -115 32 = 00004100 e4183de7 ffffffff ffffffff ffff4f63 c310a310 26219ef7 ffffffff
ffff8e2301f33740 2323985308 C Bo:2:011:2 0 32 >
ffff8e2301f33740 2323985313 S Bo:2:011:2 -115 32 = ffffffff ffff2a42 62080000 00000000 00000000 00000000 00004108 4621ffff
ffff8e2301f32240 2323988056 C Bo:2:011:2 0 32 >
ffff8e2301f32240 2323988062 S Bo:2:011:2 -115 32 = ffffffff ffffffff ffff56a5 4621c310 82086208 62086208 62086208 41084100
ffff8e2301f33740 2323990853 C Bo:2:011:2 0 32 >
ffff8e2301f33740 2323990858 S Bo:2:011:2 -115 32 = 20000000 00000000 00000000 00000000 00000000 00000000 00000000 00000000
ffff8e2301f32240 2323993572 C Bo:2:011:2 0 32 >
ffff8e2301f32240 2323993577 S Bo:2:011:2 -115 32 = 00000000 00000000 00000000 00000000 00000000 00000000 00000000 00000000
ffff8e2301f33740 2323996422 C Bo:2:011:2 0 32 >
ffff8e2301f33740 2323996427 S Bo:2:011:2 -115 32 = 00000000 00000000 00000000 00000000 00000000 00000000 00000000 00000000
ffff8e2301f32240 2323999142 C Bo:2:011:2 0 32 >
ffff8e2301f32240 2323999147 S Bo:2:011:2 -115 32 = 00000000 00000000 00000000 00000000 00000000 00000000 00000000 00000000
ffff8e2301f33740 2324001930 C Bo:2:011:2 0 32 >
ffff8e2301f33740 2324001934 S Bo:2:011:2 -115 32 = 00000000 00000000 00000000 00000000 00000000 00000000 00000000 00000000
ffff8e2301f32240 2324004684 C Bo:2:011:2 0 32 >
ffff8e2301f32240 2324004691 S Bo:2:011:2 -115 8 = 00000000 00000d5f
ffff8e2301f33740 2324007489 C Bo:2:011:2 0 32 >
ffff8e2301f32240 2324010190 C Bo:2:011:2 0 8 >
ffff8e2301f32e40 2324023827 C Bi:2:011:2 0 9 = a5570006 00015967 a1
ffff8e2301f32e40 2324023840 S Bi:2:011:2 -115 32 <
ffff8e2301f32240 2324025011 S Bo:2:011:2 -115 32 = a5570007 04000000 00000000 00000000 00000000 00000000 00000000 00000000
ffff8e2301f33740 2324025016 S Bo:2:011:2 -115 32 = 00000000 00000000 00000000 00000000 00004108 4621ffff ffffffff ffffffff
ffff8e2301f32240 2324025079 C Bo:2:011:2 0 32 >
ffff8e2301f32240 2324025082 S Bo:2:011:2 -115 32 = ffffb8ad 8c425ac6 ffffffff ffffffff ffffffff f59cc310 41000000 00000000
ffff8e2301f33740 2324025125 C Bo:2:011:2 0 32 >
ffff8e2301f33740 2324025127 S Bo:2:011:2 -115 32 = 00000000 00000000 4108093a ffffffff ffffffff ffffffff 39c6c410 21000000
ffff8e2301f32240 2324027933 C Bo:2:011:2 0 32 >
ffff8e2301f32240 2324027946 S Bo:2:011:2 -115 32 = 00000000 20002100 41086208 62086208 62086208 62086208 62084108 41002000
ffff8e2301f33740 2324030704 C Bo:2:011:2 0 32 >
ffff8e2301f33740 2324030717 S Bo:2:011:2 -115 32 = 00000000 00006208 8f6bffff ffffffff ffffffff ffff8b4a a3104100 20000000
ffff8e2301f32240 2324033474 C Bo:2:011:2 0 32 >
ffff8e2301f32240 2324033487 S Bo:2:011:2 -115 32 = 20006108 e418938c ffffffff ffffffff ffffffff 52846208 00000000 00000000
ffff8e2301f33740 2324036286 C Bo:2:011:2 0 32 >
ffff8e2301f33740 2324036297 S Bo:2:011:2 -115 32 = 00006208 4a42ffff ffffffff ffffffff ffff6621 62086208 c31077ad ffffffff
ffff8e2301f32240 2324038991 C Bo:2:011:2 0 32 >
ffff8e2301f32240 2324039004 S Bo:2:011:2 -115 32 = ffffffff ffffb48c 83102000 00000000 00000000 00000000 00004108 4621ffff
ffff8e2301f33740 2324041838 C Bo:2:011:2 0 32 >
ffff8e2301f33740 2324041855 S Bo:2:011:2 -115 32 = ffffffff ffffffff ffff9bce 1274906b 4f634e63 4e634e63 4e632e5b 0d5bab52
ffff8e2301f32240 2324044573 C Bo:2:011:2 0 32 >
ffff8e2301f32240 2324044586 S Bo:2:011:2 -115 32 = a3102000 00000000 00000000 00000000 00000000 00000000 00000000 00000000
ffff8e2301f33740 2324047340 C Bo:2:011:2 0 32 >
ffff8e2301f33740 2324047352 S Bo:2:011:2 -115 32 = 00000000 00000000 00000000 00000000 00000000 00000000 00000000 00000000
ffff8e2301f32240 2324050055 C Bo:2:011:2 0 32 >
ffff8e2301f32240 2324050071 S Bo:2:011:2 -115 32 = 00000000 00000000 00000000 00000000 00000000 00000000 00000000 00000000
ffff8e2301f33740 2324052854 C Bo:2:011:2 0 32 >
ffff8e2301f33740 2324052867 S Bo:2:011:2 -115 32 = 00000000 00000000 00000000 00000000 00000000 00000000 00000000 00000000
ffff8e2301f32240 2324055643 C Bo:2:011:2 0 32 >
ffff8e2301f32240 2324055651 S Bo:2:011:2 -115 32 = 00000000 00000000 00000000 00000000 00000000 00000000 00000000 00000000
ffff8e2301f33740 2324058405 C Bo:2:011:2 0 32 >
ffff8e2301f33740 2324058414 S Bo:2:011:2 -115 32 = 00000000 00000000 00000000 00000000 00000000 00000000 00000000 00000000
ffff8e2301f32240 2324061180 C Bo:2:011:2 0 32 >
ffff8e2301f32240 2324061186 S Bo:2:011:2 -115 32 = 00000000 00000000 00000000 00000000 00004108 4621ffff ffffffff ffffffff
ffff8e2301f33740 2324063922 C Bo:2:011:2 0 32 >
ffff8e2301f33740 2324063934 S Bo:2:011:2 -115 32 = fffffab5 1795ffff ffffffff ffffffff ffffbbd6 46216208 00000000 00000000
ffff8e2301f32240 2324066688 C Bo:2:011:2 0 32 >
ffff8e2301f32240 2324066694 S Bo:2:011:2 -115 32 = 00000000 00000000 6108ed52 ffffffff ffffffff ffffffff d4948310 20000000
ffff8e2301f33740 2324069509 C Bo:2:011:2 0 32 >
ffff8e2301f33740 2324069522 S Bo:2:011:2 -115 32 = 00000000 6208ab4a 0d5b2e5b 4e634e63 4e634e63 4e634e63 2e630d5b ab52c418
ffff8e2301f32240 2324072257 C Bo:2:011:2 0 32 >
ffff8e2301f32240 2324072264 S Bo:2:011:2 -115 32 = 20000000 00004108 4a42ffff ffffffff ffffffff ffff39be 6721c310 82086208
ffff8e2301f33740 2324075068 C Bo:2:011:2 0 32 >
ffff8e2301f33740 2324075081 S Bo:2:011:2 -115 32 = 8208e418 0d5bffff ffffffff ffffffff ffffffff 738c6208 00000000 00000000
ffff8e2301f32240 2324077853 C Bo:2:011:2 0 32 >
ffff8e2301f32240 2324077866 S Bo:2:011:2 -115 32 = 20008310 d494ffff ffffffff ffffffff 39c6a310 41082100 82082e5b ffffffff
ffff8e2301f33740 2324080547 C Bo:2:011:2 0 32 >
ffff8e2301f33740 2324080557 S Bo:2:011:2 -115 32 = ffffffff ffff5def e4184100 00000000 00000000 00000000 00004108 4621ffff
ffff8e2301f32240 2324083365 C Bo:2:011:2 0 32 >
ffff8e2301f32240 2324083376 S Bo:2:011:2 -115 32 = ffffffff ffffffff ffffffff ffffffff ffffffff ffffffff ffffffff ffffffff
ffff8e2301f33740 2324086115 C Bo:2:011:2 0 32 >
ffff8e2301f33740 2324086125 S Bo:2:011:2 -115 32 = c8312100 00000000 00000000 00000000 00000000 00000000 00000000 00000000
ffff8e2301f32240 2324088848 C Bo:2:011:2 0 32 >
ffff8e2301f32240 2324088859 S Bo:2:011:2 -115 32 = 00000000 00000000 00000000 00000000 00000000 00000000 00000000 00000000
ffff8e2301f33740 2324091670 C Bo:2:011:2 0 32 >
ffff8e2301f33740 2324091683 S Bo:2:011:2 -115 32 = 00000000 00000000 00000000 00000000 00000000 00000000 00000000 00000000
ffff8e2301f32240 2324094430 C Bo:2:011:2 0 32 >
ffff8e2301f32240 2324094442 S Bo:2:011:2 -115 32 = 00000000 00000000 00000000 00000000 00000000 00000000 00000000 00000000
ffff8e2301f33740 2324097165 C Bo:2:011:2 0 32 >
ffff8e2301f33740 2324097176 S Bo:2:011:2 -115 32 = 00000000 00000000 00000000 00000000 00000000 00000000 00000000 00000000
ffff8e2301f32240 2324099990 C Bo:2:011:2 0 32 >
ffff8e2301f32240 2324100003 S Bo:2:011:2 -115 32 = 00000000 00000000 00000000 00000000 00000000 00000000 00000000 00000000
ffff8e2301f33740 2324102716 C Bo:2:011:2 0 32 >
ffff8e2301f33740 2324102729 S Bo:2:011:2 -115 32 = 00000000 00000000 00000000 00000000 00004108 4621ffff ffffffff ffffffff
ffff8e2301f32240 2324105501 C Bo:2:011:2 0 32 >
ffff8e2301f32240 2324105512 S Bo:2:011:2 -115 8 = fffffdd6 dfff0f97
ffff8e2301f33740 2324108255 C Bo:2:011:2 0 32 >
ffff8e2301f32240 2324111000 C Bo:2:011:2 0 8 >
ffff8e2301f326c0 2324124704 C Bi:2:011:2 0 9 = a5570007 00015911 15
ffff8e2301f326c0 2324124719 S Bi:2:011:2 -115 32 <
ffff8e2301f32240 2324126052 S Bo:2:011:2 -115 32 = a5570008 0400ffff ffffffff ffffffff ffffd16b 05194108 00000000 00000000
ffff8e2301f33740 2324126058 S Bo:2:011:2 -115 32 = 00000000 00000000 62084e63 ffffffff ffffffff ffffffff f1738208 20000000
ffff8e2301f32240 2324126122 C Bo:2:011:2 0 32 >
ffff8e2301f32240 2324126124 S Bo:2:011:2 -115 32 = 00002100 0519ffff ffffffff ffffffff ffffffff ffffffff ffffffff ffff6a4a
ffff8e2301f33740 2324126164 C Bo:2:011:2 0 32 >
ffff8e2301f33740 2324126165 S Bo:2:011:2 -115 32 = 41000000 00004100 e418dff7 ffffffff ffffffff ffffffff 39becd52 87296729
ffff8e2301f32240 2324128969 C Bo:2:011:2 0 32 >
ffff8e2301f32240 2324128982 S Bo:2:011:2 -115 32 = 4b42f59c ffffffff ffffffff ffffffff ffffffff 52846208 00000000 00000000
ffff8e2301f33740 2324131832 C Bo:2:011:2 0 32 >
ffff8e2301f33740 2324131845 S Bo:2:011:2 -115 32 = 4100e418 5defffff ffffffff ffffffff d0738208 20000000 41084621 ffffffff
ffff8e2301f32240 2324134469 C Bo:2:011:2 0 32 >
ffff8e2301f32240 2324134481 S Bo:2:011:2 -115 32 = ffffffff ffffffff 6b4a6208 00000000 00000000 00000000 00004108 4621ffff
ffff8e2301f33740 2324137291 C Bo:2:011:2 0 32 >
ffff8e2301f33740 2324137303 S Bo:2:011:2 -115 32 = ffffffff ffffffff ffffffff ffffffff ffffffff ffffffff ffffffff ffffffff
ffff8e2301f32240 2324140056 C Bo:2:011:2 0 32 >
ffff8e2301f32240 2324140072 S Bo:2:011:2 -115 32 = 293a4108 00000000 00000000 00000000 00000000 00000000 00000000 00000000
ffff8e2301f33740 2324142851 C Bo:2:011:2 0 32 >
ffff8e2301f33740 2324142864 S Bo:2:011:2 -115 32 = 00000000 00000000 00000000 00000000 00000000 00000000 00000000 00000000
ffff8e2301f32240 2324145617 C Bo:2:011:2 0 32 >
ffff8e2301f32240 2324145628 S Bo:2:011:2 -115 32 = 00000000 00000000 00000000 00000000 00000000 00000000 00000000 00000000
ffff8e2301f33740 2324148326 C Bo:2:011:2 0 32 >
ffff8e2301f33740 2324148336 S Bo:2:011:2 -115 32 = 00000000 00000000 00000000 00000000 00000000 00000000 00000000 00000000
ffff8e2301f32240 2324151110 C Bo:2:011:2 0 32 >
ffff8e2301f32240 2324151120 S Bo:2:011:2 -115 32 = 00000000 00000000 00000000 00000000 00000000 00000000 00000000 00000000
ffff8e2301f33740 2324153923 C Bo:2:011:2 0 32 >
ffff8e2301f33740 2324153934 S Bo:2:011:2 -115 32 = 00000000 00000000 00000000 00000000 00000000 00000000 00000000 00000000
ffff8e2301f32240 2324156719 C Bo:2:011:2 0 32 >
ffff8e2301f32240 2324156732 S Bo:2:011:2 -115 32 = 00000000 00000000 00000000 00000000 00004108 4621ffff ffffffff ffffffff
ffff8e2301f33740 2324159440 C Bo:2:011:2 0 32 >
ffff8e2301f33740 2324159453 S Bo:2:011:2 -115 32 = ffffffff ffffffff ffffffff ffffffff ffffdcde 46216208 00000000 00000000
ffff8e2301f32240 2324162215 C Bo:2:011:2 0 32 >
ffff8e2301f32240 2324162225 S Bo:2:011:2 -115 32 = 00000000 00000000 62088f6b ffffffff ffffffff ffffffff b06b6208 00000000
ffff8e2301f33740 2324165000 C Bo:2:011:2 0 32 >
ffff8e2301f33740 2324165017 S Bo:2:011:2 -115 32 = 00004100 4621ffff ffffffff ffffffff ffffffff ffffffff ffffffff ffffcc52
ffff8e2301f32240 2324167853 C Bo:2:011:2 0 32 >
ffff8e2301f32240 2324167866 S Bo:2:011:2 -115 32 = 41080000 00002000 8208d494 ffffffff ffffffff ffffffff ffffffff ffffffff
ffff8e2301f33740 2324170577 C Bo:2:011:2 0 32 >
ffff8e2301f33740 2324170588 S Bo:2:011:2 -115 32 = ffffffff ffffffff ffffffff ffffffff ffffffff 117c6208 00000000 00000000
ffff8e2301f32240 2324173325 C Bo:2:011:2 0 32 >
ffff8e2301f32240 2324173335 S Bo:2:011:2 -115 32 = 62088b4a ffffffff ffffffff ffffffff c8314108 00000000 2100a310 19beffff
ffff8e2301f33740 2324176048 C Bo:2:011:2 0 32 >
ffff8e2301f33740 2324176058 S Bo:2:011:2 -115 32 = ffffffff ffffffff 159da310 20000000 00000000 00000000 00004108 4621ffff
ffff8e2301f32240 2324178849 C Bo:2:011:2 0 32 >
ffff8e2301f32240 2324178862 S Bo:2:011:2 -115 32 = ffffffff ffffffff ffffffff ffffffff ffffffff ffffffff ffffffff ffffffff
ffff8e2301f33740 2324181600 C Bo:2:011:2 0 32 >
ffff8e2301f33740 2324181613 S Bo:2:011:2 -115 32 = 2a3a4108 00000000 00000000 00000000 00000000 00000000 00000000 00000000
ffff8e2301f32240 2324184423 C Bo:2:011:2 0 32 >
ffff8e2301f32240 2324184434 S Bo:2:011:2 -115 32 = 00000000 00000000 00000000 00000000 00000000 00000000 00000000 00000000
ffff8e2301f33740 2324187110 C Bo:2:011:2 0 32 >
ffff8e2301f33740 2324187121 S Bo:2:011:2 -115 32 = 00000000 00000000 00000000 00000000 00000000 00000000 00000000 00000000
ffff8e2301f32240 2324189921 C Bo:2:011:2 0 32 >
ffff8e2301f32240 2324189933 S Bo:2:011:2 -115 32 = 00000000 00000000 00000000 00000000 00000000 00000000 00000000 00000000
ffff8e2301f33740 2324192716 C Bo:2:011:2 0 32 >
ffff8e2301f33740 2324192727 S Bo:2:011:2 -115 32 = 00000000 00000000 00000000 00000000 00000000 00000000 00000000 00000000
ffff8e2301f32240 2324195490 C Bo:2:011:2 0 32 >
ffff8e2301f32240 2324195500 S Bo:2:011:2 -115 32 = 00000000 00000000 00000000 00000000 00000000 00000000 00000000 00000000
ffff8e2301f33740 2324198259 C Bo:2:011:2 0 32 >
ffff8e2301f33740 2324198271 S Bo:2:011:2 -115 32 = 00000000 00000000 00000000 00000000 00004108 4621ffff ffffffff ffffffff
ffff8e2301f32240 2324200994 C Bo:2:011:2 0 32 >
ffff8e2301f32240 2324201009 S Bo:2:011:2 -115 32 = ffffffff ffffffff ffffffff ffffffff ffffffff 327ca310 20000000 00000000
ffff8e2301f33740 2324203861 C Bo:2:011:2 0 32 >
ffff8e2301f33740 2324203874 S Bo:2:011:2 -115 32 = 00000000 00000000 62084f63 ffffffff ffffffff ffffffff d0738208 00000000
ffff8e2301f32240 2324206565 C Bo:2:011:2 0 32 >
ffff8e2301f32240 2324206577 S Bo:2:011:2 -115 8 = 00004108 66296351
ffff8e2301f33740 2324209306 C Bo:2:011:2 0 32 >
ffff8e2301f32240 2324212067 C Bo:2:011:2 0 8 >
ffff8e2301f32e40 2324225624 C Bi:2:011:2 0 9 = a5570008 000159c5 fb
ffff8e2301f32e40 2324225639 S Bi:2:011:2 -115 32 <
ffff8e2301f32240 2324227198 S Bo:2:011:2 -115 32 = a5570009 0400ffff ffffffff ffffffff ffffffff ffffffff ffffffff ffffed52
ffff8e2301f33740 2324227203 S Bo:2:011:2 -115 32 = 62080000 00000000 41088729 bef7ffff ffffffff ffffffff ffffffff ffffffff
ffff8e2301f32240 2324227267 C Bo:2:011:2 0 32 >
ffff8e2301f32240 2324227270 S Bo:2:011:2 -115 32 = ffffffff ffffffff 3de7ffff ffffffff ffffffff 8f6b6208 00000000 00002000
ffff8e2301f33740 2324227311 C Bo:2:011:2 0 32 >
ffff8e2301f33740 2324227312 S Bo:2:011:2 -115 32 = a310159d ffffffff ffffffff ffff1cdf e4184108 00000000 2100a310 d173ffff
ffff8e2301f32240 2324230115 C Bo:2:011:2 0 32 >
ffff8e2301f32240 2324230127 S Bo:2:011:2 -115 32 = ffffffff ffffffff 9eef0519 41000000 00000000 00000000 00004108 4621ffff
ffff8e2301f33740 2324232926 C Bo:2:011:2 0 32 >
ffff8e2301f33740 2324232939 S Bo:2:011:2 -115 32 = ffffffff ffffffff ffffffff ffffffff ffffffff ffffffff ffffffff ffffffff
ffff8e2301f32240 2324235636 C Bo:2:011:2 0 32 >
ffff8e2301f32240 2324235647 S Bo:2:011:2 -115 32 = e8394100 00000000 00000000 00000000 00000000 00000000 00000000 00000000
ffff8e2301f33740 2324238429 C Bo:2:011:2 0 32 >
ffff8e2301f33740 2324238440 S Bo:2:011:2 -115 32 = 00000000 00000000 00000000 00000000 00000000 00000000 00000000 00000000
ffff8e2301f32240 2324241166 C Bo:2:011:2 0 32 >
ffff8e2301f32240 2324241178 S Bo:2:011:2 -115 32 = 00000000 00000000 00000000 00000000 00000000 00000000 00000000 00000000
ffff8e2301f33740 2324243990 C Bo:2:011:2 0 32 >
ffff8e2301f33740 2324244003 S Bo:2:011:2 -115 32 = 00000000 00000000 00000000 00000000 00000000 00000000 00000000 00000000
ffff8e2301f32240 2324246852 C Bo:2:011:2 0 32 >
ffff8e2301f32240 2324246865 S Bo:2:011:2 -115 32 = 00000000 00000000 00000000 00000000 00000000 00000000 00000000 00000000
ffff8e2301f33740 2324249473 C Bo:2:011:2 0 32 >
ffff8e2301f33740 2324249489 S Bo:2:011:2 -115 32 = 00000000 00000000 00000000 00000000 00000000 00000000 00000000 00000000
ffff8e2301f32240 2324252255 C Bo:2:011:2 0 32 >
ffff8e2301f32240 2324252266 S Bo:2:011:2 -115 32 = 00000000 00000000 00000000 00000000 00004108 4621ffff ffffffff ffffffff
ffff8e2301f33740 2324255054 C Bo:2:011:2 0 32 >
ffff8e2301f33740 2324255070 S Bo:2:011:2 -115 32 = ffffffff ffffffff ffffffff ffffffff ffffffff dfffa831 61080000 00000000
ffff8e2301f32240 2324257851 C Bo:2:011:2 0 32 >
ffff8e2301f32240 2324257863 S Bo:2:011:2 -115 32 = 00000000 00000000 6208ed52 ffffffff ffffffff ffffffff 52848208 20000000
ffff8e2301f33740 2324260572 C Bo:2:011:2 0 32 >
ffff8e2301f33740 2324260583 S Bo:2:011:2 -115 32 = 00002100 2521ffff ffffffff ffffffff ffffffff ffffffff ffffffff ffffed52
ffff8e2301f32240 2324263326 C Bo:2:011:2 0 32 >
ffff8e2301f32240 2324263338 S Bo:2:011:2 -115 32 = 62080000 00000000 20006208 0d5bffff ffffffff ffffffff ffffffff ffffffff
ffff8e2301f33740 2324266111 C Bo:2:011:2 0 32 >
ffff8e2301f33740 2324266121 S Bo:2:011:2 -115 32 = ffffffff ffff78a5 3abeffff ffffffff ffffffff cc526208 00000000 00004100
ffff8e2301f32240 2324268922 C Bo:2:011:2 0 32 >
ffff8e2301f32240 2324268935 S Bo:2:011:2 -115 32 = 05199ef7 ffffffff ffffffff fffff59c 05196208 41002100 4108c310 2a3affff
ffff8e2301f33740 2324271671 C Bo:2:011:2 0 32 >
ffff8e2301f33740 2324271684 S Bo:2:011:2 -115 32 = ffffffff ffffffff ffffac52 62080000 00000000 00000000 00004108 4621ffff
ffff8e2301f32240 2324274423 C Bo:2:011:2 0 32 >
ffff8e2301f32240 2324274434 S Bo:2:011:2 -115 32 = ffffffff ffffffff ffffffff ffffffff ffffffff ffffffff ffffffff ffffffff
ffff8e2301f33740 2324277181 C Bo:2:011:2 0 32 >
ffff8e2301f33740 2324277191 S Bo:2:011:2 -115 32 = 86292000 00000000 00000000 00000000 00000000 00000000 00000000 00000000
ffff8e2301f32240 2324279991 C Bo:2:011:2 0 32 >
ffff8e2301f32240 2324280005 S Bo:2:011:2 -115 32 = 00000000 00000000 00000000 00000000 00000000 00000000 00000000 00000000
ffff8e2301f33740 2324282850 C Bo:2:011:2 0 32 >
ffff8e2301f33740 2324282855 S Bo:2:011:2 -115 32 = 00000000 00000000 00000000 00000000 00000000 00000000 00000000 00000000
ffff8e2301f32240 2324285572 C Bo:2:011:2 0 32 >
ffff8e2301f32240 2324285577 S Bo:2:011:2 -115 32 = 00000000 00000000 00000000 00000000 00000000 00000000 00000000 00000000
ffff8e2301f33740 2324288283 C Bo:2:011:2 0 32 >
ffff8e2301f33740 2324288288 S Bo:2:011:2 -115 32 = 00000000 00000000 00000000 00000000 00000000 00000000 00000000 00000000
ffff8e2301f32240 2324291066 C Bo:2:011:2 0 32 >
ffff8e2301f32240 2324291071 S Bo:2:011:2 -115 32 = 00000000 00000000 00000000 00000000 00000000 00000000 00000000 00000000
ffff8e2301f33740 2324293860 C Bo:2:011:2 0 32 >
ffff8e2301f33740 2324293865 S Bo:2:011:2 -115 32 = 00000000 00000000 00000000 00000000 00004108 4621ffff ffffffff ffffffff
ffff8e2301f32240 2324296610 C Bo:2:011:2 0 32 >
ffff8e2301f32240 2324296614 S Bo:2:011:2 -115 32 = ffffffff ffffffff 7eefffff ffffffff ffffffff fffff8bd a3102100 00000000
ffff8e2301f33740 2324299420 C Bo:2:011:2 0 32 >
ffff8e2301f33740 2324299426 S Bo:2:011:2 -115 32 = 00000000 00000000 61088b4a ffffffff ffffffff ffffffff f4948310 20000000
ffff8e2301f32240 2324302135 C Bo:2:011:2 0 32 >
ffff8e2301f32240 2324302140 S Bo:2:011:2 -115 32 = 00002000 c310ffff ffffffff ffffffff ffffffff ffffffff ffffffff ffffed5a
ffff8e2301f33740 2324304905 C Bo:2:011:2 0 32 >
ffff8e2301f33740 2324304910 S Bo:2:011:2 -115 32 = 62080000 00000000 00002000 82080d5b dfffffff ffffffff ffffffff ffffffff
ffff8e2301f32240 2324307708 C Bo:2:011:2 0 32 >
ffff8e2301f32240 2324307714 S Bo:2:011:2 -115 8 = ffffffff 77a5fd8d
ffff8e2301f33740 2324310493 C Bo:2:011:2 0 32 >
ffff8e2301f32240 2324313216 C Bo:2:011:2 0 8 >
ffff8e2301f326c0 2324326842 C Bi:2:011:2 0 9 = a5570009 000159b3 4f
ffff8e2301f326c0 2324326848 S Bi:2:011:2 -115 32 <
ffff8e2301f32240 2324327973 S Bo:2:011:2 -115 32 = a557000a 04008d42 9bceffff ffffffff ffffffff 093a4108 00000000 00006208
ffff8e2301f33740 2324327977 S Bo:2:011:2 -115 32 = cc52ffff ffffffff ffffffff ffff906b 88290519 c310a310 e4184621 0a321cdf
ffff8e2301f32240 2324328051 C Bo:2:011:2 0 32 >
ffff8e2301f32240 2324328055 S Bo:2:011:2 -115 32 = ffffffff ffffffff ffff56a5 a3102000 00000000 00000000 00004108 4621ffff
ffff8e2301f33740 2324328089 C Bo:2:011:2 0 32 >
ffff8e2301f33740 2324328091 S Bo:2:011:2 -115 32 = ffffffff ffffffff ffff77a5 87290519 c310a310 a310a310 a310a310 82084108
ffff8e2301f32240 2324330922 C Bo:2:011:2 0 32 >
ffff8e2301f32240 2324330927 S Bo:2:011:2 -115 32 = 20000000 00000000 00000000 00000000 00000000 00000000 00000000 00000000
ffff8e2301f33740 2324333671 C Bo:2:011:2 0 32 >
ffff8e2301f33740 2324333675 S Bo:2:011:2 -115 32 = 00000000 00000000 00000000 00000000 00000000 00000000 00000000 00000000
ffff8e2301f32240 2324336423 C Bo:2:011:2 0 32 >
ffff8e2301f32240 2324336428 S Bo:2:011:2 -115 32 = 00000000 00000000 00000000 00000000 00000000 00000000 00000000 00000000
ffff8e2301f33740 2324339215 C Bo:2:011:2 0 32 >
ffff8e2301f33740 2324339220 S Bo:2:011:2 -115 32 = 00000000 00000000 00000000 00000000 00000000 00000000 00000000 00000000
ffff8e2301f32240 2324341998 C Bo:2:011:2 0 32 >
ffff8e2301f32240 2324342004 S Bo:2:011:2 -115 32 = 00000000 00000000 00000000 00000000 00000000 00000000 00000000 00000000
ffff8e2301f33740 2324344849 C Bo:2:011:2 0 32 >
ffff8e2301f33740 2324344854 S Bo:2:011:2 -115 32 = 00000000 00000000 00000000 00000000 00000000 00000000 00000000 00000000
ffff8e2301f32240 2324347491 C Bo:2:011:2 0 32 >
ffff8e2301f32240 2324347496 S Bo:2:011:2 -115 32 = 00000000 00000000 00000000 00000000 00004108 4621ffff ffffffff ffffffff
ffff8e2301f33740 2324350287 C Bo:2:011:2 0 32 >
ffff8e2301f33740 2324350292 S Bo:2:011:2 -115 32 = ffffffff 9ef7d173 ad4abff7 ffffffff ffffffff ffffffff 2e5b8208 20000000
ffff8e2301f32240 2324353053 C Bo:2:011:2 0 32 >
ffff8e2301f32240 2324353058 S Bo:2:011:2 -115 32 = 00000000 00000000 4108e931 ffffffff ffffffff ffffffff 5ac6c310 21000000
ffff8e2301f33740 2324355852 C Bo:2:011:2 0 32 >
ffff8e2301f33740 2324355857 S Bo:2:011:2 -115 32 = 00000000 20004108 8208a310 e4186721 ee52ffff ffffffff ffffffff ffffed5a
ffff8e2301f32240 2324358636 C Bo:2:011:2 0 32 >
ffff8e2301f32240 2324358641 S Bo:2:011:2 -115 32 = 62080000 00000000 00000000 20006208 8729159d bef7ffff ffffffff ffffffff
ffff8e2301f33740 2324361352 C Bo:2:011:2 0 32 >
ffff8e2301f33740 2324361358 S Bo:2:011:2 -115 32 = 3de7b06b 8829ea31 5eefffff ffffffff ffffffff 05194100 00000000 2000a310
ffff8e2301f32240 2324364136 C Bo:2:011:2 0 32 >
ffff8e2301f32240 2324364141 S Bo:2:011:2 -115 32 = 76a5ffff ffffffff ffffffff ffffffff ffffffff ffffffff ffffffff ffffffff
ffff8e2301f33740 2324366922 C Bo:2:011:2 0 32 >
ffff8e2301f33740 2324366927 S Bo:2:011:2 -115 32 = ffffffff ffffffff ffffbff7 25194108 00000000 00000000 00004108 4621ffff
ffff8e2301f32240 2324369692 C Bo:2:011:2 0 32 >
ffff8e2301f32240 2324369697 S Bo:2:011:2 -115 32 = ffffffff ffffffff ffff159d e4186208 21002000 20002000 20002000 00000000
ffff8e2301f33740 2324372436 C Bo:2:011:2 0 32 >
ffff8e2301f33740 2324372444 S Bo:2:011:2 -115 32 = 00000000 00000000 00000000 00000000 00000000 00000000 00000000 00000000
ffff8e2301f32240 2324375205 C Bo:2:011:2 0 32 >
ffff8e2301f32240 2324375211 S Bo:2:011:2 -115 32 = 00000000 00000000 00000000 00000000 00000000 00000000 00000000 00000000
ffff8e2301f33740 2324377998 C Bo:2:011:2 0 32 >
ffff8e2301f33740 2324378003 S Bo:2:011:2 -115 32 = 00000000 00000000 00000000 00000000 00000000 00000000 00000000 00000000
ffff8e2301f32240 2324380850 C Bo:2:011:2 0 32 >
ffff8e2301f32240 2324380855 S Bo:2:011:2 -115 32 = 00000000 00000000 00000000 00000000 00000000 00000000 00000000 00000000
ffff8e2301f33740 2324383491 C Bo:2:011:2 0 32 >
ffff8e2301f33740 2324383497 S Bo:2:011:2 -115 32 = 00000000 00000000 00000000 00000000 00000000 00000000 00000000 00000000
ffff8e2301f32240 2324386318 C Bo:2:011:2 0 32 >
ffff8e2301f32240 2324386323 S Bo:2:011:2 -115 32 = 00000000 00000000 00000000 00000000 00000000 00000000 00000000 00000000
ffff8e2301f33740 2324389066 C Bo:2:011:2 0 32 >
ffff8e2301f33740 2324389071 S Bo:2:011:2 -115 32 = 00000000 00000000 00000000 00000000 00004108 4621ffff ffffffff ffffffff
ffff8e2301f32240 2324391852 C Bo:2:011:2 0 32 >
ffff8e2301f32240 2324391857 S Bo:2:011:2 -115 32 = fffffcde 4a3a2621 4621127c ffffffff ffffffff ffffffff 7def4621 41080000
ffff8e2301f33740 2324394643 C Bo:2:011:2 0 32 >
ffff8e2301f33740 2324394647 S Bo:2:011:2 -115 32 = 00000000 00000000 4100e418 bff7ffff ffffffff ffffffff dfff2521 41080000
ffff8e2301f32240 2324397423 C Bo:2:011:2 0 32 >
ffff8e2301f32240 2324397428 S Bo:2:011:2 -115 32 = 00000000 00000000 20002000 4108c310 4b42ffff ffffffff ffffffff ffffed5a
ffff8e2301f33740 2324400136 C Bo:2:011:2 0 32 >
ffff8e2301f33740 2324400141 S Bo:2:011:2 -115 32 = 62080000 00000000 00000000 00002000 41088208 e418093a cc520d5b ac52c831
ffff8e2301f32240 2324402930 C Bo:2:011:2 0 32 >
ffff8e2301f32240 2324402935 S Bo:2:011:2 -115 32 = e418c410 05198c4a ffffffff ffffffff ffff9bd6 a3102100 00000000 41082519
ffff8e2301f33740 2324405726 C Bo:2:011:2 0 32 >
ffff8e2301f33740 2324405731 S Bo:2:011:2 -115 32 = bff7ffff ffffffff ffffffff ffffffff ffffffff ffffffff ffffffff ffffffff
ffff8e2301f32240 2324408495 C Bo:2:011:2 0 32 >
ffff8e2301f32240 2324408500 S Bo:2:011:2 -115 8 = ffffffff ffff6c04
ffff8e2301f33740 2324411190 C Bo:2:011:2 0 32 >
ffff8e2301f32240 2324413980 C Bo:2:011:2 0 8 >
ffff8e2301f32e40 2324427664 C Bi:2:011:2 0 9 = a557000a 00015928 93
ffff8e2301f32e40 2324427670 S Bi:2:011:2 -115 32 <
ffff8e2301f32240 2324429220 S Bo:2:011:2 -115 32 = a557000b 0400ffff ffffffff 0d5b6208 00000000 00000000 00004108 4621ffff
ffff8e2301f33740 2324429224 S Bo:2:011:2 -115 32 = ffffffff ffffffff fffff594 a3102000 00000000 00000000 00000000 00000000
ffff8e2301f32240 2324429318 C Bo:2:011:2 0 32 >
ffff8e2301f32240 2324429324 S Bo:2:011:2 -115 32 = 00000000 00000000 00000000 00000000 00000000 00000000 00000000 00000000
ffff8e2301f33740 2324429357 C Bo:2:011:2 0 32 >
ffff8e2301f33740 2324429359 S Bo:2:011:2 -115 32 = 00000000 00000000 00000000 00000000 00000000 00000000 00000000 00000000
ffff8e2301f32240 2324432115 C Bo:2:011:2 0 32 >
ffff8e2301f32240 2324432120 S Bo:2:011:2 -115 32 = 00000000 00000000 00000000 00000000 00000000 00000000 00000000 00000000
ffff8e2301f33740 2324434952 C Bo:2:011:2 0 32 >
ffff8e2301f33740 2324434957 S Bo:2:011:2 -115 32 = 00000000 00000000 00000000 00000000 00000000 00000000 00000000 00000000
ffff8e2301f32240 2324437674 C Bo:2:011:2 0 32 >
ffff8e2301f32240 2324437679 S Bo:2:011:2 -115 32 = 00000000 00000000 00000000 00000000 00000000 00000000 00000000 00000000
ffff8e2301f33740 2324440440 C Bo:2:011:2 0 32 >
ffff8e2301f33740 2324440446 S Bo:2:011:2 -115 32 = 00000000 00000000 00000000 00000000 00000000 00000000 00000000 00000000
ffff8e2301f32240 2324443215 C Bo:2:011:2 0 32 >
ffff8e2301f32240 2324443220 S Bo:2:011:2 -115 32 = 00000000 00000000 00000000 00000000 00004108 4621ffff ffffffff ffffffff
ffff8e2301f33740 2324446001 C Bo:2:011:2 0 32 >
ffff8e2301f33740 2324446006 S Bo:2:011:2 -115 32 = ffff36a5 05198310 83100519 bbd6ffff ffffffff ffffffff ffff159d a3102100
ffff8e2301f32240 2324448895 C Bo:2:011:2 0 32 >
ffff8e2301f32240 2324448900 S Bo:2:011:2 -115 32 = 00000000 00000000 2000a310 39c6ffff ffffffff ffffffff ffffac4a 82082000
ffff8e2301f33740 2324451569 C Bo:2:011:2 0 32 >
ffff8e2301f33740 2324451574 S Bo:2:011:2 -115 32 = 00000000 00000000 00000000 20006208 093affff ffffffff ffffffff ffffed5a
ffff8e2301f32240 2324454353 C Bo:2:011:2 0 32 >
ffff8e2301f32240 2324454358 S Bo:2:011:2 -115 32 = 62080000 00000000 00000000 00000000 00002000 21004108 61086208 62084108
ffff8e2301f33740 2324457066 C Bo:2:011:2 0 32 >
ffff8e2301f33740 2324457071 S Bo:2:011:2 -115 32 = 61088208 e518327c ffffffff ffffffff ffffb494 82082000 00000000 62080d5b
ffff8e2301f32240 2324459855 C Bo:2:011:2 0 32 >
ffff8e2301f32240 2324459860 S Bo:2:011:2 -115 32 = ffffffff ffffffff ffffffff ffffffff ffffffff ffffffff ffffffff ffffffff
ffff8e2301f33740 2324462643 C Bo:2:011:2 0 32 >
ffff8e2301f33740 2324462647 S Bo:2:011:2 -115 32 = ffffffff ffffffff ffffffff b7ada310 20000000 00000000 00004108 4621ffff
ffff8e2301f32240 2324465406 C Bo:2:011:2 0 32 >
ffff8e2301f32240 2324465411 S Bo:2:011:2 -115 32 = ffffffff ffffffff ffffd494 82082000 00000000 00000000 00000000 00000000
ffff8e2301f33740 2324468137 C Bo:2:011:2 0 32 >
ffff8e2301f33740 2324468142 S Bo:2:011:2 -115 32 = 00000000 00000000 00000000 00000000 00000000 00000000 00000000 00000000
ffff8e2301f32240 2324470923 C Bo:2:011:2 0 32 >
ffff8e2301f32240 2324470928 S Bo:2:011:2 -115 32 = 00000000 00000000 00000000 00000000 00000000 00000000 00000000 00000000
ffff8e2301f33740 2324473707 C Bo:2:011:2 0 32 >
ffff8e2301f33740 2324473712 S Bo:2:011:2 -115 32 = 00000000 00000000 00000000 00000000 00000000 00000000 00000000 00000000
ffff8e2301f32240 2324476492 C Bo:2:011:2 0 32 >
ffff8e2301f32240 2324476497 S Bo:2:011:2 -115 32 = 00000000 00000000 00000000 00000000 00000000 00000000 00000000 00000000
ffff8e2301f33740 2324479214 C Bo:2:011:2 0 32 >
ffff8e2301f33740 2324479219 S Bo:2:011:2 -115 32 = 00000000 00000000 00000000 00000000 00000000 00000000 00000000 00000000
ffff8e2301f32240 2324482013 C Bo:2:011:2 0 32 >
ffff8e2301f32240 2324482019 S Bo:2:011:2 -115 32 = 00000000 00000000 00000000 00000000 00000000 00000000 00000000 00000000
ffff8e2301f33740 2324484866 C Bo:2:011:2 0 32 >
ffff8e2301f33740 2324484871 S Bo:2:011:2 -115 32 = 00000000 00000000 00000000 00000000 00004108 4621ffff ffffffff ffffffff
ffff8e2301f32240 2324487566 C Bo:2:011:2 0 32 >
ffff8e2301f32240 2324487571 S Bo:2:011:2 -115 32 = fffff59c a3104108 41008208 4a42ffff ffffffff ffffffff ffffffff 6b426208
ffff8e2301f33740 2324490351 C Bo:2:011:2 0 32 >
ffff8e2301f33740 2324490356 S Bo:2:011:2 -115 32 = 20000000 00000000 00006208 5284ffff ffffffff ffffffff ffffd8b5 c4104100
ffff8e2301f32240 2324493067 C Bo:2:011:2 0 32 >
ffff8e2301f32240 2324493072 S Bo:2:011:2 -115 32 = 00000000 00000000 00000000 00006208 e939ffff ffffffff ffffffff ffffed5a
ffff8e2301f33740 2324495841 C Bo:2:011:2 0 32 >
ffff8e2301f33740 2324495846 S Bo:2:011:2 -115 32 = 62080000 00000000 00000000 00000000 00000000 00000000 00000000 00002000
ffff8e2301f32240 2324498672 C Bo:2:011:2 0 32 >
ffff8e2301f32240 2324498677 S Bo:2:011:2 -115 32 = 41008208 46211ce7 ffffffff ffffffff ffff6a42 61080000 00002100 a310b7b5
ffff8e2301f33740 2324501435 C Bo:2:011:2 0 32 >
ffff8e2301f33740 2324501440 S Bo:2:011:2 -115 32 = ffffffff ffffffff ffffffff ffffffff ffffffff ffffffff ffffffff ffffffff
ffff8e2301f32240 2324504215 C Bo:2:011:2 0 32 >
ffff8e2301f32240 2324504219 S Bo:2:011:2 -115 32 = ffffffff ffffffff ffffffff dfff4621 41080000 00000000 00004108 4621ffff
ffff8e2301f33740 2324506929 C Bo:2:011:2 0 32 >
ffff8e2301f33740 2324506934 S Bo:2:011:2 -115 32 = ffffffff ffffffff ffffd494 82080000 00000000 00000000 00000000 00000000
ffff8e2301f32240 2324509707 C Bo:2:011:2 0 32 >
ffff8e2301f32240 2324509711 S Bo:2:011:2 -115 8 = 00000000 0000637d
ffff8e2301f33740 2324512498 C Bo:2:011:2 0 32 >
ffff8e2301f32240 2324515216 C Bo:2:011:2 0 8 >
ffff8e2301f326c0 2324528885 C Bi:2:011:2 0 9 = a557000b 0001595e 27
ffff8e2301f326c0 2324528891 S Bi:2:011:2 -115 32 <
ffff8e2301f32240 2324530544 S Bo:2:011:2 -115 32 = a557000c 04000000 00000000 00000000 00000000 00000000 00000000 00000000
ffff8e2301f33740 2324530548 S Bo:2:011:2 -115 32 = 00000000 00000000 00000000 00000000 00000000 00000000 00000000 00000000
ffff8e2301f32240 2324530612 C Bo:2:011:2 0 32 >
ffff8e2301f32240 2324530615 S Bo:2:011:2 -115 32 = 00000000 00000000 00000000 00000000 00000000 00000000 00000000 00000000
ffff8e2301f33740 2324530662 C Bo:2:011:2 0 32 >
ffff8e2301f33740 2324530663 S Bo:2:011:2 -115 32 = 00000000 00000000 00000000 00000000 00000000 00000000 00000000 00000000
ffff8e2301f32240 2324533491 C Bo:2:011:2 0 32 >
ffff8e2301f32240 2324533496 S Bo:2:011:2 -115 32 = 00000000 00000000 00000000 00000000 00000000 00000000 00000000 00000000
ffff8e2301f33740 2324536214 C Bo:2:011:2 0 32 >
ffff8e2301f33740 2324536219 S Bo:2:011:2 -115 32 = 00000000 00000000 00000000 00000000 00000000 00000000 00000000 00000000
ffff8e2301f32240 2324538997 C Bo:2:011:2 0 32 >
ffff8e2301f32240 2324539002 S Bo:2:011:2 -115 32 = 00000000 00000000 00000000 00000000 00004108 4621ffff ffffffff ffffffff
ffff8e2301f33740 2324541862 C Bo:2:011:2 0 32 >
ffff8e2301f33740 2324541868 S Bo:2:011:2 -115 32 = ffffd494 82082000 00002100 a310f494 ffffffff ffffffff ffffffff dcde0519
ffff8e2301f32240 2324544569 C Bo:2:011:2 0 32 >
ffff8e2301f32240 2324544574 S Bo:2:011:2 -115 32 = 41080000 00000000 00004108 c831ffff ffffffff ffffffff ffffffff cc52a310
ffff8e2301f33740 2324547317 C Bo:2:011:2 0 32 >
ffff8e2301f33740 2324547321 S Bo:2:011:2 -115 32 = 41000000 00000000 00000000 20006208 093affff ffffffff ffffffff ffffed5a
ffff8e2301f32240 2324550048 C Bo:2:011:2 0 32 >
ffff8e2301f32240 2324550053 S Bo:2:011:2 -115 32 = 62080000 00000000 00000000 00000000 00000000 00000000 00000000 00002100
ffff8e2301f33740 2324552829 C Bo:2:011:2 0 32 >
ffff8e2301f33740 2324552834 S Bo:2:011:2 -115 32 = 6208e418 938cffff ffffffff ffffffff 5de7c410 41000000 00004108 4621dfff
ffff8e2301f32240 2324555674 C Bo:2:011:2 0 32 >
ffff8e2301f32240 2324555679 S Bo:2:011:2 -115 32 = ffffffff ffffffff ffffffff ffffffff ffffffff ffffffff ffffffff ffffffff
ffff8e2301f33740 2324558421 C Bo:2:011:2 0 32 >
ffff8e2301f33740 2324558426 S Bo:2:011:2 -115 32 = ffffffff ffffffff ffffffff ffff4e63 62080000 00000000 00004108 4621ffff
ffff8e2301f32240 2324561167 C Bo:2:011:2 0 32 >
ffff8e2301f32240 2324561172 S Bo:2:011:2 -115 32 = ffffffff ffffffff fffff494 83102000 00000000 00000000 00000000 00000000
ffff8e2301f33740 2324563984 C Bo:2:011:2 0 32 >
ffff8e2301f33740 2324563989 S Bo:2:011:2 -115 32 = 00000000 00000000 00000000 00000000 00000000 00000000 00000000 00000000
ffff8e2301f32240 2324566709 C Bo:2:011:2 0 32 >
ffff8e2301f32240 2324566714 S Bo:2:011:2 -115 32 = 00000000 00000000 00000000 00000000 00000000 00000000 00000000 00000000
ffff8e2301f33740 2324569502 C Bo:2:011:2 0 32 >
ffff8e2301f33740 2324569507 S Bo:2:011:2 -115 32 = 00000000 00000000 00000000 00000000 00000000 00000000 00000000 00000000
ffff8e2301f32240 2324572282 C Bo:2:011:2 0 32 >
ffff8e2301f32240 2324572287 S Bo:2:011:2 -115 32 = 00000000 00000000 00000000 00000000 00000000 00000000 00000000 00000000
ffff8e2301f33740 2324575069 C Bo:2:011:2 0 32 >
ffff8e2301f33740 2324575074 S Bo:2:011:2 -115 32 = 00000000 00000000 00000000 00000000 00000000 00000000 00000000 00000000
ffff8e2301f32240 2324577826 C Bo:2:011:2 0 32 >
ffff8e2301f32240 2324577830 S Bo:2:011:2 -115 32 = 00000000 00000000 00000000 00000000 00000000 00000000 00000000 00000000
ffff8e2301f33740 2324580567 C Bo:2:011:2 0 32 >
ffff8e2301f33740 2324580572 S Bo:2:011:2 -115 32 = 00000000 00000000 00000000 00000000 00004108 4621ffff ffffffff ffffffff
ffff8e2301f32240 2324583355 C Bo:2:011:2 0 32 >
ffff8e2301f32240 2324583360 S Bo:2:011:2 -115 32 = ffffd494 82082000 00000000 41082621 5defffff ffffffff ffffffff ffff3284
ffff8e2301f33740 2324586138 C Bo:2:011:2 0 32 >
ffff8e2301f33740 2324586143 S Bo:2:011:2 -115 32 = a3102000 00000000 00002000 a31019be ffffffff ffffffff ffffffff 7eef2a3a
ffff8e2301f32240 2324588851 C Bo:2:011:2 0 32 >
ffff8e2301f32240 2324588856 S Bo:2:011:2 -115 32 = a3106108 21002000 00002000 4100a310 4a42ffff ffffffff ffffffff ffffed5a
ffff8e2301f33740 2324591672 C Bo:2:011:2 0 32 >
ffff8e2301f33740 2324591676 S Bo:2:011:2 -115 32 = 62080000 00000000 00000000 00000000 00000000 00000000 20002000 41088208
ffff8e2301f32240 2324594435 C Bo:2:011:2 0 32 >
ffff8e2301f32240 2324594440 S Bo:2:011:2 -115 32 = 0519327c ffffffff ffffffff ffffffff b06b8208 20000000 20006208 4e63ffff
ffff8e2301f33740 2324597215 C Bo:2:011:2 0 32 >
ffff8e2301f33740 2324597219 S Bo:2:011:2 -115 32 = ffffffff ffffffff ffff77ad d1736f63 4e634e63 4e634e63 4e634e63 6f63906b
ffff8e2301f32240 2324600000 C Bo:2:011:2 0 32 >
ffff8e2301f32240 2324600005 S Bo:2:011:2 -115 32 = 127cffff ffffffff ffffffff fffff8bd a3102000 00000000 00004108 4621ffff
ffff8e2301f33740 2324602718 C Bo:2:011:2 0 32 >
ffff8e2301f33740 2324602723 S Bo:2:011:2 -115 32 = ffffffff ffffffff ffff159d c4104108 20000000 00000000 00000000 00000000
ffff8e2301f32240 2324605492 C Bo:2:011:2 0 32 >
ffff8e2301f32240 2324605497 S Bo:2:011:2 -115 32 = 00000000 00000000 00000000 00000000 00000000 00000000 00000000 00000000
ffff8e2301f33740 2324608287 C Bo:2:011:2 0 32 >
ffff8e2301f33740 2324608292 S Bo:2:011:2 -115 32 = 00000000 00000000 00000000 00000000 00000000 00000000 00000000 00000000
ffff8e2301f32240 2324611002 C Bo:2:011:2 0 32 >
ffff8e2301f32240 2324611008 S Bo:2:011:2 -115 8 = 00000000 00009c4e
ffff8e2301f33740 2324613850 C Bo:2:011:2 0 32 >
ffff8e2301f32240 2324616586 C Bo:2:011:2 0 8 >
ffff8e2301f32e40 2324630841 C Bi:2:011:2 0 9 = a557000c 0001590f 0a
ffff8e2301f32e40 2324630847 S Bi:2:011:2 -115 32 <
ffff8e2301f32240 2324631884 S Bo:2:011:2 -115 32 = a557000d 04000000 00000000 00000000 00000000 00000000 00000000 00000000
ffff8e2301f33740 2324631888 S Bo:2:011:2 -115 32 = 00000000 00000000 00000000 00000000 00000000 00000000 00000000 00000000
ffff8e2301f32240 2324631979 C Bo:2:011:2 0 32 >
ffff8e2301f32240 2324631984 S Bo:2:011:2 -115 32 = 00000000 00000000 00000000 00000000 00000000 00000000 00000000 00000000
ffff8e2301f33740 2324632023 C Bo:2:011:2 0 32 >
ffff8e2301f33740 2324632025 S Bo:2:011:2 -115 32 = 00000000 00000000 00000000 00000000 00000000 00000000 00000000 00000000
ffff8e2301f32240 2324634851 C Bo:2:011:2 0 32 >
ffff8e2301f32240 2324634856 S Bo:2:011:2 -115 32 = 00000000 00000000 00000000 00000000 00004108 4621ffff ffffffff ffffffff
ffff8e2301f33740 2324637567 C Bo:2:011:2 0 32 >
ffff8e2301f33740 2324637572 S Bo:2:011:2 -115 32 = ffffd494 82080000 00000000 20008208 2e5bffff ffffffff ffffffff ffffdfff
ffff8e2301f32240 2324640354 C Bo:2:011:2 0 32 >
ffff8e2301f32240 2324640365 S Bo:2:011:2 -115 32 = c8316208 20000000 00000000 41086b4a ffffffff ffffffff ffffffff ffff9ef7
ffff8e2301f33740 2324643138 C Bo:2:011:2 0 32 >
ffff8e2301f33740 2324643143 S Bo:2:011:2 -115 32 = 8f6b0519 c3108208 82088208 a3102621 cd4affff ffffffff ffffffff ffffed5a
ffff8e2301f32240 2324645932 C Bo:2:011:2 0 32 >
ffff8e2301f32240 2324645937 S Bo:2:011:2 -115 32 = 62080000 00000000 00000000 20004108 62086208 62086208 8208a310 e4184b42
ffff8e2301f33740 2324648645 C Bo:2:011:2 0 32 >
ffff8e2301f33740 2324648650 S Bo:2:011:2 -115 32 = 19beffff ffffffff ffffffff ffff3de7 05194108 00000000 2100a310 f8bdffff
ffff8e2301f32240 2324651424 C Bo:2:011:2 0 32 >
ffff8e2301f32240 2324651429 S Bo:2:011:2 -115 32 = ffffffff ffffffff ffff0a3a e4188310 62086208 62086208 62086208 8208c310
ffff8e2301f33740 2324654186 C Bo:2:011:2 0 32 >
ffff8e2301f33740 2324654192 S Bo:2:011:2 -115 32 = 46215ac6 ffffffff ffffffff ffffffff 66214108 00000000 00004108 4621ffff
ffff8e2301f32240 2324656971 C Bo:2:011:2 0 32 >
ffff8e2301f32240 2324656975 S Bo:2:011:2 -115 32 = ffffffff ffffffff ffff56a5 4621c310 82086208 62086208 62086208 62084108
ffff8e2301f33740 2324659853 C Bo:2:011:2 0 32 >
ffff8e2301f33740 2324659858 S Bo:2:011:2 -115 32 = 21000000 00000000 00000000 00000000 00000000 00000000 00000000 00000000
ffff8e2301f32240 2324662498 C Bo:2:011:2 0 32 >
ffff8e2301f32240 2324662503 S Bo:2:011:2 -115 32 = 00000000 00000000 00000000 00000000 00000000 00000000 00000000 00000000
ffff8e2301f33740 2324665295 C Bo:2:011:2 0 32 >
ffff8e2301f33740 2324665300 S Bo:2:011:2 -115 32 = 00000000 00000000 00000000 00000000 00000000 00000000 00000000 00000000
ffff8e2301f32240 2324668073 C Bo:2:011:2 0 32 >
ffff8e2301f32240 2324668078 S Bo:2:011:2 -115 32 = 00000000 00000000 00000000 00000000 00000000 00000000 00000000 00000000
ffff8e2301f33740 2324670826 C Bo:2:011:2 0 32 >
ffff8e2301f33740 2324670831 S Bo:2:011:2 -115 32 = 00000000 00000000 00000000 00000000 00000000 00000000 00000000 00000000
ffff8e2301f32240 2324673627 C Bo:2:011:2 0 32 >
ffff8e2301f32240 2324673632 S Bo:2:011:2 -115 32 = 00000000 00000000 00000000 00000000 00000000 00000000 00000000 00000000
ffff8e2301f33740 2324676367 C Bo:2:011:2 0 32 >
ffff8e2301f33740 2324676372 S Bo:2:011:2 -115 32 = 00000000 00000000 00000000 00000000 00004108 4621ffff ffffffff ffffffff
ffff8e2301f32240 2324679137 C Bo:2:011:2 0 32 >
ffff8e2301f32240 2324679142 S Bo:2:011:2 -115 32 = ffffd494 82080000 00000000 00002100 a310f8bd ffffffff ffffffff ffffffff
ffff8e2301f33740 2324681922 C Bo:2:011:2 0 32 >
ffff8e2301f33740 2324681927 S Bo:2:011:2 -115 32 = 39c6c410 41000000 00000000 20008310 159dffff ffffffff ffffffff ffffffff
ffff8e2301f32240 2324684709 C Bo:2:011:2 0 32 >
ffff8e2301f32240 2324684714 S Bo:2:011:2 -115 32 = ffff5de7 359df173 6f638f6b 327c56a5 dcdeffff ffffffff ffffffff ffffed5a
ffff8e2301f33740 2324687443 C Bo:2:011:2 0 32 >
ffff8e2301f33740 2324687448 S Bo:2:011:2 -115 32 = 62080000 00000000 00002000 c831f49c f17b8f6b 6f638f6b 327c56a5 3de7ffff
ffff8e2301f32240 2324690217 C Bo:2:011:2 0 32 >
ffff8e2301f32240 2324690222 S Bo:2:011:2 -115 32 = ffffffff ffffffff ffffffff ffff8b4a 62082000 00000000 41086621 ffffffff
ffff8e2301f33740 2324692993 C Bo:2:011:2 0 32 >
ffff8e2301f33740 2324692998 S Bo:2:011:2 -115 32 = ffffffff ffffffff 9bcee418 62082000 00000000 00000000 00000000 20004100
ffff8e2301f32240 2324695742 C Bo:2:011:2 0 32 >
ffff8e2301f32240 2324695747 S Bo:2:011:2 -115 32 = a310f173 ffffffff ffffffff ffffffff 8f6b6208 00000000 00004108 4621ffff
ffff8e2301f33740 2324698576 C Bo:2:011:2 0 32 >
ffff8e2301f33740 2324698581 S Bo:2:011:2 -115 32 = ffffffff ffffffff ffff9bce 1274906b 4f634e63 4e634e63 4e634e63 2e5b0d5b
ffff8e2301f32240 2324701283 C Bo:2:011:2 0 32 >
ffff8e2301f32240 2324701288 S Bo:2:011:2 -115 32 = ab4a6108 00000000 00000000 00000000 00000000 00000000 00000000 00000000
ffff8e2301f33740 2324704067 C Bo:2:011:2 0 32 >
ffff8e2301f33740 2324704072 S Bo:2:011:2 -115 32 = 00000000 00000000 00000000 00000000 00000000 00000000 00000000 00000000
ffff8e2301f32240 2324706851 C Bo:2:011:2 0 32 >
ffff8e2301f32240 2324706856 S Bo:2:011:2 -115 32 = 00000000 00000000 00000000 00000000 00000000 00000000 00000000 00000000
ffff8e2301f33740 2324709602 C Bo:2:011:2 0 32 >
ffff8e2301f33740 2324709607 S Bo:2:011:2 -115 32 = 00000000 00000000 00000000 00000000 00000000 00000000 00000000 00000000
ffff8e2301f32240 2324712367 C Bo:2:011:2 0 32 >
ffff8e2301f32240 2324712372 S Bo:2:011:2 -115 8 = 00000000 00009629
ffff8e2301f33740 2324715139 C Bo:2:011:2 0 32 >
ffff8e2301f32240 2324717889 C Bo:2:011:2 0 8 >
ffff8e2301f326c0 2324731661 C Bi:2:011:2 0 9 = a557000d 00015979 be
ffff8e2301f326c0 2324731667 S Bi:2:011:2 -115 32 <
ffff8e2301f32240 2324733153 S Bo:2:011:2 -115 32 = a557000e 04000000 00000000 00000000 00000000 00000000 00000000 00000000
ffff8e2301f33740 2324733158 S Bo:2:011:2 -115 32 = 00000000 00000000 00000000 00000000 00000000 00000000 00000000 00000000
ffff8e2301f32240 2324733251 C Bo:2:011:2 0 32 >
ffff8e2301f32240 2324733255 S Bo:2:011:2 -115 32 = 00000000 00000000 00000000 00000000 00004108 4621ffff ffffffff ffffffff
ffff8e2301f33740 2324733290 C Bo:2:011:2 0 32 >
ffff8e2301f33740 2324733291 S Bo:2:011:2 -115 32 = ffffd494 82080000 00000000 00000000 6108c831 dfffffff ffffffff ffffffff
ffff8e2301f32240 2324736068 C Bo:2:011:2 0 32 >
ffff8e2301f32240 2324736072 S Bo:2:011:2 -115 32 = ffff6f63 82082000 00000000 00004108 0519dcde ffffffff ffffffff ffffffff
ffff8e2301f33740 2324738864 C Bo:2:011:2 0 32 >
ffff8e2301f33740 2324738869 S Bo:2:011:2 -115 32 = ffffffff ffffffff ffffffff ffffffff ffffffff ffffffff ffffffff ffffed52
ffff8e2301f32240 2324741639 C Bo:2:011:2 0 32 >
ffff8e2301f32240 2324741644 S Bo:2:011:2 -115 32 = 62080000 00000000 00004100 cc52ffff ffffffff ffffffff ffffffff ffffffff
ffff8e2301f33740 2324744404 C Bo:2:011:2 0 32 >
ffff8e2301f33740 2324744409 S Bo:2:011:2 -115 32 = ffffffff ffffffff ffffffff f1738310 21000000 00002000 62088f6b ffffffff
ffff8e2301f32240 2324747138 C Bo:2:011:2 0 32 >
ffff8e2301f32240 2324747143 S Bo:2:011:2 -115 32 = ffffffff ffffffff 32848210 20000000 00000000 00000000 00000000 00000000
ffff8e2301f33740 2324749926 C Bo:2:011:2 0 32 >
ffff8e2301f33740 2324749931 S Bo:2:011:2 -115 32 = 4108a831 ffffffff ffffffff ffffffff 5ac6a310 21000000 00004108 4621ffff
ffff8e2301f32240 2324752720 C Bo:2:011:2 0 32 >
ffff8e2301f32240 2324752724 S Bo:2:011:2 -115 32 = ffffffff ffffffff ffffffff ffffffff ffffffff ffffffff ffffffff ffffffff
ffff8e2301f33740 2324755516 C Bo:2:011:2 0 32 >
ffff8e2301f33740 2324755521 S Bo:2:011:2 -115 32 = ffffc410 21000000 00000000 00000000 00000000 00000000 00000000 00000000
ffff8e2301f32240 2324758287 C Bo:2:011:2 0 32 >
ffff8e2301f32240 2324758292 S Bo:2:011:2 -115 32 = 00000000 00000000 00000000 00000000 00000000 00000000 00000000 00000000
ffff8e2301f33740 2324760973 C Bo:2:011:2 0 32 >
ffff8e2301f33740 2324760979 S Bo:2:011:2 -115 32 = 00000000 00000000 00000000 00000000 00000000 00000000 00000000 00000000
ffff8e2301f32240 2324763861 C Bo:2:011:2 0 32 >
ffff8e2301f32240 2324763866 S Bo:2:011:2 -115 32 = 00000000 00000000 00000000 00000000 00000000 00000000 00000000 00000000
ffff8e2301f33740 2324766583 C Bo:2:011:2 0 32 >
ffff8e2301f33740 2324766588 S Bo:2:011:2 -115 32 = 00000000 00000000 00000000 00000000 00000000 00000000 00000000 00000000
ffff8e2301f32240 2324769336 C Bo:2:011:2 0 32 >
ffff8e2301f32240 2324769341 S Bo:2:011:2 -115 32 = 00000000 00000000 00000000 00000000 00000000 00000000 00000000 00000000
ffff8e2301f33740 2324772138 C Bo:2:011:2 0 32 >
ffff8e2301f33740 2324772143 S Bo:2:011:2 -115 32 = 00000000 00000000 00000000 00000000 00004108 4621ffff ffffffff ffffffff
ffff8e2303c4c540 2324773922 C Ii:2:008:1 0:1 7 = 02000100 000000
ffff8e2303c4c540 2324773941 S Ii:2:008:1 -115:1 8 <
ffff8e2301f32240 2324774829 C Bo:2:011:2 0 32 >
ffff8e2301f32240 2324774834 S Bo:2:011:2 -115 32 = ffffd494 82080000 00000000 00000000 20008310 5284ffff ffffffff ffffffff
ffff8e2301f33740 2324777672 C Bo:2:011:2 0 32 >
ffff8e2301f33740 2324777677 S Bo:2:011:2 -115 32 = ffff7eef 46214108 00000000 00002000 62088729 fcdeffff ffffffff ffffffff
ffff8e2301f32240 2324780423 C Bo:2:011:2 0 32 >
ffff8e2301f32240 2324780428 S Bo:2:011:2 -115 32 = ffffffff ffffffff ffffffff ffffffff ffffffff ffffffff ffffffff ffffcc52
ffff8e2303c4c540 2324781918 C Ii:2:008:1 0:1 7 = 02000110 000000
ffff8e2303c4c540 2324781933 S Ii:2:008:1 -115:1 8 <
ffff8e2301f33740 2324783145 C Bo:2:011:2 0 32 >
ffff8e2301f33740 2324783150 S Bo:2:011:2 -115 32 = 41080000 00000000 00004108 0d5bffff ffffffff ffffffff ffffffff ffffffff
ffff8e2301f32240 2324785930 C Bo:2:011:2 0 32 >
ffff8e2301f32240 2324785935 S Bo:2:011:2 -115 32 = ffffffff ffffffff ffff117c a3104100 00000000 00002000 a3105ac6 ffffffff
ffff8e2301f33740 2324788721 C Bo:2:011:2 0 32 >
ffff8e2301f33740 2324788726 S Bo:2:011:2 -115 32 = ffffffff ffffffff 093a6108 00000000 00000000 00000000 00000000 00000000
ffff8e2303c4c540 2324789919 C Ii:2:008:1 0:1 7 = 02000110 000000
ffff8e2303c4c540 2324789933 S Ii:2:008:1 -115:1 8 <
ffff8e2301f32240 2324791532 C Bo:2:011:2 0 32 >
ffff8e2301f32240 2324791537 S Bo:2:011:2 -115 32 = 2100c310 dcdeffff ffffffff ffffffff ffff8729 41080000 00004108 4621ffff
ffff8e2301f33740 2324794261 C Bo:2:011:2 0 32 >
ffff8e2301f33740 2324794266 S Bo:2:011:2 -115 32 = ffffffff ffffffff ffffffff ffffffff ffffffff ffffffff ffffffff ffffffff
ffff8e2301f32240 2324797068 C Bo:2:011:2 0 32 >
ffff8e2301f32240 2324797074 S Bo:2:011:2 -115 32 = ffff0519 41000000 00000000 00000000 00000000 00000000 00000000 00000000
ffff8e2303c4c540 2324797918 C Ii:2:008:1 0:1 7 = 02000210 000000
ffff8e2303c4c540 2324797934 S Ii:2:008:1 -115:1 8 <
ffff8e2301f33740 2324799862 C Bo:2:011:2 0 32 >
ffff8e2301f33740 2324799868 S Bo:2:011:2 -115 32 = 00000000 00000000 00000000 00000000 00000000 00000000 00000000 00000000
ffff8e2301f32240 2324802603 C Bo:2:011:2 0 32 >
ffff8e2301f32240 2324802608 S Bo:2:011:2 -115 32 = 00000000 00000000 00000000 00000000 00000000 00000000 00000000 00000000
ffff8e2301f33740 2324805387 C Bo:2:011:2 0 32 >
ffff8e2301f33740 2324805392 S Bo:2:011:2 -115 32 = 00000000 00000000 00000000 00000000 00000000 00000000 00000000 00000000
ffff8e2303c4c540 2324805923 C Ii:2:008:1 0:1 7 = 02000200 000000
ffff8e2303c4c540 2324805937 S Ii:2:008:1 -115:1 8 <
ffff8e2301f32240 2324808122 C Bo:2:011:2 0 32 >
ffff8e2301f32240 2324808126 S Bo:2:011:2 -115 32 = 00000000 00000000 00000000 00000000 00000000 00000000 00000000 00000000
ffff8e2301f33740 2324810932 C Bo:2:011:2 0 32 >
ffff8e2301f33740 2324810938 S Bo:2:011:2 -115 32 = 00000000 00000000 00000000 00000000 00000000 00000000 00000000 00000000
ffff8e2301f32240 2324813644 C Bo:2:011:2 0 32 >
ffff8e2301f32240 2324813649 S Bo:2:011:2 -115 8 = 00000000 000048e2
ffff8e2303c4c540 2324813888 C Ii:2:008:1 0:1 7 = 02000200 000000
ffff8e2303c4c540 2324813900 S Ii:2:008:1 -115:1 8 <
ffff8e2301f33740 2324816426 C Bo:2:011:2 0 32 >
ffff8e2301f32240 2324819190 C Bo:2:011:2 0 8 >
ffff8e2303c4c540 2324821920 C Ii:2:008:1 0:1 7 = 02000200 000000
ffff8e2303c4c540 2324821934 S Ii:2:008:1 -115:1 8 <
ffff8e2301f32e40 2324832621 C Bi:2:011:2 0 9 = a557000e 000159e2 62
ffff8e2301f32e40 2324832627 S Bi:2:011:2 -115 32 <
ffff8e2301f32240 2324834230 S Bo:2:011:2 -115 32 = a557000f 04000000 00000000 00000000 00004108 2521ffff ffffffff ffffffff
ffff8e2301f33740 2324834235 S Bo:2:011:2 -115 32 = ffffb494 62080000 00000000 00000000 00004108 0519fcde ffffffff ffffffff
ffff8e2301f32240 2324834328 C Bo:2:011:2 0 32 >
ffff8e2301f32240 2324834334 S Bo:2:011:2 -115 32 = ffffffff 159d8208 20000000 00000000 20006208 252176ad ffffffff ffffffff
ffff8e2301f33740 2324834368 C Bo:2:011:2 0 32 >
ffff8e2301f33740 2324834370 S Bo:2:011:2 -115 32 = ffffffff ffffffff ffffffff ffffffff ffffffff ffffffff ffffffff ffff6b4a
ffff8e2301f32240 2324837138 C Bo:2:011:2 0 32 >
ffff8e2301f32240 2324837143 S Bo:2:011:2 -115 32 = 41000000 00000000 00004108 0d5bffff ffffffff ffffffff ffffffff ffffffff
ffff8e2303c4c540 2324837920 C Ii:2:008:1 0:1 7 = 02000100 000000
ffff8e2303c4c540 2324837934 S Ii:2:008:1 -115:1 8 <
ffff8e2301f33740 2324839932 C Bo:2:011:2 0 32 >
ffff8e2301f33740 2324839937 S Bo:2:011:2 -115 32 = ffffffff ffff5def ac4a8310 41000000 00000000 00004100 4621ffff ffffffff
ffff8e2301f32240 2324842710 C Bo:2:011:2 0 32 >
ffff8e2301f32240 2324842715 S Bo:2:011:2 -115 32 = ffffffff ffff5de7 c4102100 00000000 00000000 00000000 00000000 00000000
ffff8e2301f33740 2324845493 C Bo:2:011:2 0 32 >
ffff8e2301f33740 2324845498 S Bo:2:011:2 -115 32 = 20008208 738cffff ffffffff ffffffff ffffb073 62082000 00004108 2521ffff
ffff8e2301f32240 2324848282 C Bo:2:011:2 0 32 >
ffff8e2301f32240 2324848287 S Bo:2:011:2 -115 32 = ffffffff ffffffff ffffffff ffffffff ffffffff ffffffff ffffffff ffffffff
ffff8e2301f33740 2324851028 C Bo:2:011:2 0 32 >
ffff8e2301f33740 2324851032 S Bo:2:011:2 -115 32 = ffff0519 41000000 00000000 00000000 00000000 00000000 00000000 00000000
ffff8e2301f32240 2324853862 C Bo:2:011:2 0 32 >
ffff8e2301f32240 2324853867 S Bo:2:011:2 -115 32 = 00000000 00000000 00000000 00000000 00000000 00000000 00000000 00000000
ffff8e2301f33740 2324856583 C Bo:2:011:2 0 32 >
ffff8e2301f33740 2324856588 S Bo:2:011:2 -115 32 = 00000000 00000000 00000000 00000000 00000000 00000000 00000000 00000000
ffff8e2301f32240 2324859353 C Bo:2:011:2 0 32 >
ffff8e2301f32240 2324859358 S Bo:2:011:2 -115 32 = 00000000 00000000 00000000 00000000 00000000 00000000 00000000 00000000
ffff8e2301f33740 2324862070 C Bo:2:011:2 0 32 >
ffff8e2301f33740 2324862075 S Bo:2:011:2 -115 32 = 00000000 00000000 00000000 00000000 00000000 00000000 00000000 00000000
ffff8e2301f32240 2324864899 C Bo:2:011:2 0 32 >
ffff8e2301f32240 2324864904 S Bo:2:011:2 -115 32 = 00000000 00000000 00000000 00000000 00000000 00000000 00000000 00000000
ffff8e2301f33740 2324867641 C Bo:2:011:2 0 32 >
ffff8e2301f33740 2324867646 S Bo:2:011:2 -115 32 = 00000000 00000000 00000000 00000000 00002100 e418ffff ffffffff ffffffff
ffff8e2301f32240 2324870426 C Bo:2:011:2 0 32 >
ffff8e2301f32240 2324870430 S Bo:2:011:2 -115 32 = ffff728c 41080000 00000000 00000000 00002000 62086a42 ffffffff ffffffff
ffff8e2301f33740 2324873208 C Bo:2:011:2 0 32 >
ffff8e2301f33740 2324873213 S Bo:2:011:2 -115 32 = ffffffff ffffe831 21000000 00000000 00002000 4108a310 6b4219be ffffffff
ffff8e2301f32240 2324875923 C Bo:2:011:2 0 32 >
ffff8e2301f32240 2324875928 S Bo:2:011:2 -115 32 = ffffffff ffffffff ffffffff ffffffff ffffffff ffffffff ffff5ace d073c418
ffff8e2301f33740 2324878719 C Bo:2:011:2 0 32 >
ffff8e2301f33740 2324878724 S Bo:2:011:2 -115 32 = 20000000 00000000 00004108 cc52ffff ffffffff ffffffff ffffffff ffffffff
ffff8e2301f32240 2324881478 C Bo:2:011:2 0 32 >
ffff8e2301f32240 2324881483 S Bo:2:011:2 -115 32 = ffff5def d0730519 62082100 00000000 00000000 00004100 4e63ffff ffffffff
ffff8e2301f33740 2324884284 C Bo:2:011:2 0 32 >
ffff8e2301f33740 2324884289 S Bo:2:011:2 -115 32 = ffffffff ffffb494 82082000 00000000 00000000 00000000 00000000 00000000
ffff8e2301f32240 2324887068 C Bo:2:011:2 0 32 >
ffff8e2301f32240 2324887073 S Bo:2:011:2 -115 32 = 00004108 093affff ffffffff ffffffff ffff7ace 62082000 00004100 e418ffff
ffff8e2301f33740 2324889843 C Bo:2:011:2 0 32 >
ffff8e2301f33740 2324889848 S Bo:2:011:2 -115 32 = ffffffff ffffffff ffffffff ffffffff ffffffff ffffffff ffffffff ffffffff
ffff8e2301f32240 2324892569 C Bo:2:011:2 0 32 >
ffff8e2301f32240 2324892574 S Bo:2:011:2 -115 32 = ffffe418 21000000 00000000 00000000 00000000 00000000 00000000 00000000
ffff8e2301f33740 2324895358 C Bo:2:011:2 0 32 >
ffff8e2301f33740 2324895363 S Bo:2:011:2 -115 32 = 00000000 00000000 00000000 00000000 00000000 00000000 00000000 00000000
ffff8e2301f32240 2324898143 C Bo:2:011:2 0 32 >
ffff8e2301f32240 2324898147 S Bo:2:011:2 -115 32 = 00000000 00000000 00000000 00000000 00000000 00000000 00000000 00000000
ffff8e2301f33740 2324900904 C Bo:2:011:2 0 32 >
ffff8e2301f33740 2324900909 S Bo:2:011:2 -115 32 = 00000000 00000000 00000000 00000000 00000000 00000000 00000000 00000000
ffff8e2301f32240 2324903647 C Bo:2:011:2 0 32 >
ffff8e2301f32240 2324903652 S Bo:2:011:2 -115 32 = 00000000 00000000 00000000 00000000 00000000 00000000 00000000 00000000
ffff8e2301f33740 2324906429 C Bo:2:011:2 0 32 >
ffff8e2301f33740 2324906434 S Bo:2:011:2 -115 32 = 00000000 00000000 00000000 00000000 00000000 00000000 00000000 00000000
ffff8e2301f32240 2324909207 C Bo:2:011:2 0 32 >
ffff8e2301f32240 2324909212 S Bo:2:011:2 -115 32 = 00000000 00000000 00000000 00000000 00002000 8210ffff ffffffff ffffffff
ffff8e2301f33740 2324911994 C Bo:2:011:2 0 32 >
ffff8e2301f33740 2324911999 S Bo:2:011:2 -115 32 = ffff117c 21000000 00000000 00000000 00000000 20006208 d494ffff ffffffff
ffff8e2301f32240 2324914853 C Bo:2:011:2 0 32 >
ffff8e2301f32240 2324914858 S Bo:2:011:2 -115 8 = ffffffff ffff3f22
ffff8e2301f33740 2324917493 C Bo:2:011:2 0 32 >
ffff8e2301f32240 2324920239 C Bo:2:011:2 0 8 >
ffff8e2303c4c540 2324925922 C Ii:2:008:1 0:1 7 = 0200ff0f 000000
ffff8e2303c4c540 2324925937 S Ii:2:008:1 -115:1 8 <
ffff8e2301f326c0 2324933844 C Bi:2:011:2 0 9 = a557000f 00015994 d6
ffff8e2301f326c0 2324933851 S Bi:2:011:2 -115 32 <
ffff8e2301f32240 2324934999 S Bo:2:011:2 -115 32 = a5570010 04007ace 41000000 00000000 00000000 00002000 4108a310 87298f6b
ffff8e2301f33740 2324935009 S Bo:2:011:2 -115 32 = 36a57ace 7defdfff dfff9ef7 5defdbde f8bdf59c d0736b42 2521a310 41082000
ffff8e2301f32240 2324935073 C Bo:2:011:2 0 32 >
ffff8e2301f32240 2324935076 S Bo:2:011:2 -115 32 = 00000000 00000000 00002000 e8393de7 ffffffff ffffdfff 9eefbbd6 b7b5317c
ffff8e2301f33740 2324935121 C Bo:2:011:2 0 32 >
ffff8e2301f33740 2324935123 S Bo:2:011:2 -115 32 = 4a42e418 82084108 20000000 00000000 00000000 00002000 18c6ffff ffffffff
ffff8e2301f32240 2324937923 C Bo:2:011:2 0 32 >
ffff8e2301f32240 2324937928 S Bo:2:011:2 -115 32 = ffffffff ffff093a 21000000 00000000 00000000 00000000 00000000 00000000
ffff8e2301f33740 2324940709 C Bo:2:011:2 0 32 >
ffff8e2301f33740 2324940714 S Bo:2:011:2 -115 32 = 00002000 82087def ffffffff ffffffff ffffffff e4180000 00002000 8210ffff
ffff8e2303c4c540 2324941919 C Ii:2:008:1 0:1 7 = 0200fc0f 000000
ffff8e2303c4c540 2324941934 S Ii:2:008:1 -115:1 8 <
ffff8e2301f32240 2324943513 C Bo:2:011:2 0 32 >
ffff8e2301f32240 2324943518 S Bo:2:011:2 -115 32 = ffffffff ffffffff ffffffff ffffffff ffffffff ffffffff ffffffff ffffffff
ffff8e2301f33740 2324946218 C Bo:2:011:2 0 32 >
ffff8e2301f33740 2324946222 S Bo:2:011:2 -115 32 = ffff8210 20000000 00000000 00000000 00000000 00000000 00000000 00000000
ffff8e2301f32240 2324948998 C Bo:2:011:2 0 32 >
ffff8e2301f32240 2324949002 S Bo:2:011:2 -115 32 = 00000000 00000000 00000000 00000000 00000000 00000000 00000000 00000000
ffff8e2303c4c540 2324949923 C Ii:2:008:1 0:1 7 = 0200fc1f 000000
ffff8e2303c4c540 2324949938 S Ii:2:008:1 -115:1 8 <
ffff8e2301f33740 2324951862 C Bo:2:011:2 0 32 >
ffff8e2301f33740 2324951867 S Bo:2:011:2 -115 32 = 00000000 00000000 00000000 00000000 00000000 00000000 00000000 00000000
ffff8e2301f32240 2324954574 C Bo:2:011:2 0 32 >
ffff8e2301f32240 2324954579 S Bo:2:011:2 -115 32 = 00000000 00000000 00000000 00000000 00000000 00000000 00000000 00000000
ffff8e2301f33740 2324957369 C Bo:2:011:2 0 32 >
ffff8e2301f33740 2324957374 S Bo:2:011:2 -115 32 = 00000000 00000000 00000000 00000000 00000000 00000000 00000000 00000000
ffff8e2303c4c540 2324957919 C Ii:2:008:1 0:1 7 = 0200fd1f 000000
ffff8e2303c4c540 2324957935 S Ii:2:008:1 -115:1 8 <
ffff8e2301f32240 2324960138 C Bo:2:011:2 0 32 >
ffff8e2301f32240 2324960143 S Bo:2:011:2 -115 32 = 00000000 00000000 00000000 00000000 00000000 00000000 00000000 00000000
ffff8e2301f33740 2324962865 C Bo:2:011:2 0 32 >
ffff8e2301f33740 2324962870 S Bo:2:011:2 -115 32 = 00000000 00000000 00000000 00000000 00000000 20004108 82088310 a3108208
ffff8e2301f32240 2324965655 C Bo:2:011:2 0 32 >
ffff8e2301f32240 2324965660 S Bo:2:011:2 -115 32 = 62082100 00000000 00000000 00000000 00000000 00002000 41086208 8310a310
ffff8e2303c4c540 2324965889 C Ii:2:008:1 0:1 7 = 0200fd1f 000000
ffff8e2303c4c540 2324965902 S Ii:2:008:1 -115:1 8 <
ffff8e2301f33740 2324968435 C Bo:2:011:2 0 32 >
ffff8e2301f33740 2324968439 S Bo:2:011:2 -115 32 = a3108208 62082100 00000000 00000000 00000000 00000000 00002000 41006208
ffff8e2301f32240 2324971189 C Bo:2:011:2 0 32 >
ffff8e2301f32240 2324971194 S Bo:2:011:2 -115 32 = 82088208 8310a310 a310a310 83108310 82088208 62084108 41002000 00000000
ffff8e2301f33740 2324973934 C Bo:2:011:2 0 32 >
ffff8e2301f33740 2324973938 S Bo:2:011:2 -115 32 = 00000000 00000000 00000000 20006108 82088310 a310a310 83108210 82086208
ffff8e2301f32240 2324976709 C Bo:2:011:2 0 32 >
ffff8e2301f32240 2324976714 S Bo:2:011:2 -115 32 = 41082100 20000000 00000000 00000000 00000000 00000000 21006208 8208a310
ffff8e2301f33740 2324979493 C Bo:2:011:2 0 32 >
ffff8e2301f33740 2324979498 S Bo:2:011:2 -115 32 = a3108208 62082100 00000000 00000000 00000000 00000000 00000000 00000000
ffff8e2301f32240 2324982286 C Bo:2:011:2 0 32 >
ffff8e2301f32240 2324982291 S Bo:2:011:2 -115 32 = 00000000 20004108 82088310 a3108310 62084108 20000000 00000000 20004108
ffff8e2301f33740 2324985069 C Bo:2:011:2 0 32 >
ffff8e2301f33740 2324985083 S Bo:2:011:2 -115 32 = 82088310 a310a310 a310a310 a310a310 a310a310 a310a310 a310a310 83108208
ffff8e2301f32240 2324987870 C Bo:2:011:2 0 32 >
ffff8e2301f32240 2324987883 S Bo:2:011:2 -115 32 = 41082000 00000000 00000000 00000000 00000000 00000000 00000000 00000000
ffff8e2301f33740 2324990571 C Bo:2:011:2 0 32 >
ffff8e2301f33740 2324990582 S Bo:2:011:2 -115 32 = 00000000 00000000 00000000 00000000 00000000 00000000 00000000 00000000
ffff8e2301f32240 2324993334 C Bo:2:011:2 0 32 >
ffff8e2301f32240 2324993345 S Bo:2:011:2 -115 32 = 00000000 00000000 00000000 00000000 00000000 00000000 00000000 00000000
ffff8e2301f33740 2324996111 C Bo:2:011:2 0 32 >
ffff8e2301f33740 2324996122 S Bo:2:011:2 -115 32 = 00000000 00000000 00000000 00000000 00000000 00000000 00000000 00000000
ffff8e2301f32240 2324998856 C Bo:2:011:2 0 32 >
ffff8e2301f32240 2324998869 S Bo:2:011:2 -115 32 = 00000000 00000000 00000000 00000000 00000000 00000000 00000000 00000000
ffff8e2301f33740 2325001638 C Bo:2:011:2 0 32 >
ffff8e2301f33740 2325001651 S Bo:2:011:2 -115 32 = 00000000 00000000 00000000 00000000 00000000 00000000 00000000 00000000
ffff8e2301f32240 2325004429 C Bo:2:011:2 0 32 >
ffff8e2301f32240 2325004440 S Bo:2:011:2 -115 32 = 00000000 00000000 00000000 00000000 00000000 00000000 00002000 20002000
ffff8e2301f33740 2325007190 C Bo:2:011:2 0 32 >
ffff8e2301f33740 2325007196 S Bo:2:011:2 -115 32 = 00000000 00000000 00000000 00000000 00000000 00000000 00000000 20002000
ffff8e2301f32240 2325009952 C Bo:2:011:2 0 32 >
ffff8e2301f32240 2325009956 S Bo:2:011:2 -115 32 = 20002000 00000000 00000000 00000000 00000000 00000000 00000000 00000000
ffff8e2301f33740 2325012719 C Bo:2:011:2 0 32 >
ffff8e2301f33740 2325012724 S Bo:2:011:2 -115 32 = 00002000 20002000 20002000 20002000 20000000 00000000 00000000 00000000
ffff8e2301f32240 2325015496 C Bo:2:011:2 0 32 >
ffff8e2301f32240 2325015500 S Bo:2:011:2 -115 8 = 00000000 0000bf0e
ffff8e2301f33740 2325018284 C Bo:2:011:2 0 32 >
ffff8e2301f32240 2325021036 C Bo:2:011:2 0 8 >
ffff8e2301f32e40 2325034890 C Bi:2:011:2 0 9 = a5570010 0001595b 9f
ffff8e2301f32e40 2325034897 S Bi:2:011:2 -115 32 <
ffff8e2301f32240 2325036439 S Bo:2:011:2 -115 32 = a5570011 04000000 00000000 00000000 00002000 20002000 20002000 00000000
ffff8e2301f33740 2325036444 S Bo:2:011:2 -115 32 = 00000000 00000000 00000000 00000000 00000000 00000000 00000000 20002000
ffff8e2301f32240 2325036508 C Bo:2:011:2 0 32 >
ffff8e2301f32240 2325036511 S Bo:2:011:2 -115 32 = 20002000 00000000 00000000 00000000 00000000 00000000 00000000 00000000
ffff8e2301f33740 2325036552 C Bo:2:011:2 0 32 >
ffff8e2301f33740 2325036554 S Bo:2:011:2 -115 32 = 00000000 00000000 00002000 20002000 00000000 00000000 00000000 00000000
ffff8e2301f32240 2325039353 C Bo:2:011:2 0 32 >
ffff8e2301f32240 2325039358 S Bo:2:011:2 -115 32 = 00002000 20002000 20002000 20002000 20002000 20002000 20002000 20000000
ffff8e2301f33740 2325042117 C Bo:2:011:2 0 32 >
ffff8e2301f33740 2325042122 S Bo:2:011:2 -115 32 = 00000000 00000000 00000000 00000000 00000000 00000000 00000000 00000000
ffff8e2301f32240 2325044925 C Bo:2:011:2 0 32 >
ffff8e2301f32240 2325044930 S Bo:2:011:2 -115 32 = 00000000 00000000 00000000 00000000 00000000 00000000 00000000 00000000
ffff8e2301f33740 2325047719 C Bo:2:011:2 0 32 >
ffff8e2301f33740 2325047723 S Bo:2:011:2 -115 32 = 00000000 00000000 00000000 00000000 00000000 00000000 00000000 00000000
ffff8e2301f32240 2325050410 C Bo:2:011:2 0 32 >
ffff8e2301f32240 2325050415 S Bo:2:011:2 -115 32 = 00000000 00000000 00000000 00000000 00000000 00000000 00000000 00000000
ffff8e2301f33740 2325053184 C Bo:2:011:2 0 32 >
ffff8e2301f33740 2325053188 S Bo:2:011:2 -115 32 = 00000000 00000000 00000000 00000000 00000000 00000000 00000000 00000000
ffff8e2301f32240 2325055997 C Bo:2:011:2 0 32 >
ffff8e2301f32240 2325056003 S Bo:2:011:2 -115 32 = 00000000 00000000 00000000 00000000 00000000 00000000 00000000 00000000
ffff8e2301f33740 2325058855 C Bo:2:011:2 0 32 >
ffff8e2301f33740 2325058860 S Bo:2:011:2 -115 32 = 00000000 00000000 00000000 00000000 00000000 00000000 00000000 00000000
ffff8e2301f32240 2325061508 C Bo:2:011:2 0 32 >
ffff8e2301f32240 2325061513 S Bo:2:011:2 -115 32 = 00000000 00000000 00000000 00000000 00000000 00000000 00000000 00000000
ffff8e2301f33740 2325064300 C Bo:2:011:2 0 32 >
ffff8e2301f33740 2325064305 S Bo:2:011:2 -115 32 = 00000000 00000000 00000000 00000000 00000000 00000000 00000000 00000000
ffff8e2301f32240 2325067070 C Bo:2:011:2 0 32 >
ffff8e2301f32240 2325067075 S Bo:2:011:2 -115 32 = 00000000 00000000 00000000 00000000 00000000 00000000 00000000 00000000
ffff8e2301f33740 2325069854 C Bo:2:011:2 0 32 >
ffff8e2301f33740 2325069859 S Bo:2:011:2 -115 32 = 00000000 00000000 00000000 00000000 00000000 00000000 00000000 00000000
ffff8e2301f32240 2325072639 C Bo:2:011:2 0 32 >
ffff8e2301f32240 2325072644 S Bo:2:011:2 -115 32 = 00000000 00000000 00000000 00000000 00000000 00000000 00000000 00000000
ffff8e2301f33740 2325075423 C Bo:2:011:2 0 32 >
ffff8e2301f33740 2325075428 S Bo:2:011:2 -115 32 = 00000000 00000000 00000000 00000000 00000000 00000000 00000000 00000000
ffff8e2301f32240 2325078112 C Bo:2:011:2 0 32 >
ffff8e2301f32240 2325078117 S Bo:2:011:2 -115 32 = 00000000 00000000 00000000 00000000 00000000 00000000 00000000 00000000
ffff8e2301f33740 2325080931 C Bo:2:011:2 0 32 >
ffff8e2301f33740 2325080936 S Bo:2:011:2 -115 32 = 00000000 00000000 00000000 00000000 00000000 00000000 00000000 00000000
ffff8e2301f32240 2325083675 C Bo:2:011:2 0 32 >
ffff8e2301f32240 2325083680 S Bo:2:011:2 -115 32 = 00000000 00000000 00000000 00000000 00000000 00000000 00000000 00000000
ffff8e2301f33740 2325086501 C Bo:2:011:2 0 32 >
ffff8e2301f33740 2325086505 S Bo:2:011:2 -115 32 = 00000000 00000000 00000000 00000000 00000000 00000000 00000000 00000000
ffff8e2301f32240 2325089239 C Bo:2:011:2 0 32 >
ffff8e2301f32240 2325089244 S Bo:2:011:2 -115 32 = 00000000 00000000 00000000 00000000 00000000 00000000 00000000 00000000
ffff8e2301f33740 2325091995 C Bo:2:011:2 0 32 >
ffff8e2301f33740 2325092000 S Bo:2:011:2 -115 32 = 00000000 00000000 00000000 00000000 00000000 00000000 00000000 00000000
ffff8e2301f32240 2325094856 C Bo:2:011:2 0 32 >
ffff8e2301f32240 2325094860 S Bo:2:011:2 -115 32 = 00000000 00000000 00000000 00000000 00000000 00000000 00000000 00000000
ffff8e2301f33740 2325097575 C Bo:2:011:2 0 32 >
ffff8e2301f33740 2325097579 S Bo:2:011:2 -115 32 = 00000000 00000000 00000000 00000000 00000000 00000000 00000000 00000000
ffff8e2301f32240 2325100357 C Bo:2:011:2 0 32 >
ffff8e2301f32240 2325100362 S Bo:2:011:2 -115 32 = 00000000 00000000 00000000 00000000 00000000 00000000 00000000 00000000
ffff8e2301f33740 2325103098 C Bo:2:011:2 0 32 >
ffff8e2301f33740 2325103103 S Bo:2:011:2 -115 32 = 00000000 00000000 00000000 00000000 00000000 00000000 00000000 00000000
ffff8e2301f32240 2325105863 C Bo:2:011:2 0 32 >
ffff8e2301f32240 2325105868 S Bo:2:011:2 -115 32 = 00000000 00000000 00000000 00000000 00000000 00000000 00000000 00000000
ffff8e2301f33740 2325108646 C Bo:2:011:2 0 32 >
ffff8e2301f33740 2325108651 S Bo:2:011:2 -115 32 = 00000000 00000000 00000000 00000000 00000000 00000000 00000000 00000000
ffff8e2301f32240 2325111426 C Bo:2:011:2 0 32 >
ffff8e2301f32240 2325111430 S Bo:2:011:2 -115 32 = 00000000 00000000 00000000 00000000 00000000 00000000 00000000 00000000
ffff8e2301f33740 2325114208 C Bo:2:011:2 0 32 >
ffff8e2301f33740 2325114213 S Bo:2:011:2 -115 32 = 00000000 00000000 00000000 00000000 00000000 00000000 00000000 00000000
ffff8e2301f32240 2325116932 C Bo:2:011:2 0 32 >
ffff8e2301f32240 2325116937 S Bo:2:011:2 -115 8 = 00000000 00005c69
ffff8e2301f33740 2325119712 C Bo:2:011:2 0 32 >
ffff8e2301f32240 2325122491 C Bo:2:011:2 0 8 >
ffff8e2301f326c0 2325135817 C Bi:2:011:2 0 9 = a5570011 0001592d 2b
ffff8e2301f326c0 2325135823 S Bi:2:011:2 -115 32 <
ffff8e2301f32240 2325136995 S Bo:2:011:2 -115 32 = a5570012 04000000 00000000 00000000 00000000 00000000 00000000 00000000
ffff8e2301f33740 2325137003 S Bo:2:011:2 -115 32 = 00000000 00000000 00000000 00000000 00000000 00000000 00000000 00000000
ffff8e2301f32240 2325137097 C Bo:2:011:2 0 32 >
ffff8e2301f32240 2325137101 S Bo:2:011:2 -115 32 = 00000000 00000000 00000000 00000000 00000000 00000000 00000000 00000000
ffff8e2301f33740 2325137137 C Bo:2:011:2 0 32 >
ffff8e2301f33740 2325137139 S Bo:2:011:2 -115 32 = 00000000 00000000 00000000 00000000 00000000 00000000 00000000 00000000
ffff8e2301f32240 2325139924 C Bo:2:011:2 0 32 >
ffff8e2301f32240 2325139929 S Bo:2:011:2 -115 32 = 00000000 00000000 00000000 00000000 00000000 00000000 00000000 00000000
ffff8e2301f33740 2325142709 C Bo:2:011:2 0 32 >
ffff8e2301f33740 2325142714 S Bo:2:011:2 -115 32 = 00000000 00000000 00000000 00000000 00000000 00000000 00000000 00000000
ffff8e2301f32240 2325145493 C Bo:2:011:2 0 32 >
ffff8e2301f32240 2325145498 S Bo:2:011:2 -115 32 = 00000000 00000000 00000000 00000000 00000000 00000000 00000000 00000000
ffff8e2301f33740 2325148193 C Bo:2:011:2 0 32 >
ffff8e2301f33740 2325148197 S Bo:2:011:2 -115 32 = 00000000 00000000 00000000 00000000 00000000 00000000 00000000 00000000
ffff8e2301f32240 2325151005 C Bo:2:011:2 0 32 >
ffff8e2301f32240 2325151010 S Bo:2:011:2 -115 32 = 00000000 00000000 00000000 00000000 00000000 00000000 00000000 00000000
ffff8e2301f33740 2325153765 C Bo:2:011:2 0 32 >
ffff8e2301f33740 2325153770 S Bo:2:011:2 -115 32 = 00000000 00000000 00000000 00000000 00000000 00000000 00000000 00000000
ffff8e2301f32240 2325156570 C Bo:2:011:2 0 32 >
ffff8e2301f32240 2325156574 S Bo:2:011:2 -115 32 = 00000000 00000000 00000000 00000000 00000000 00000000 00000000 00000000
ffff8e2301f33740 2325159354 C Bo:2:011:2 0 32 >
ffff8e2301f33740 2325159358 S Bo:2:011:2 -115 32 = 00000000 00000000 00000000 00000000 00000000 00000000 00000000 00000000
ffff8e2301f32240 2325162072 C Bo:2:011:2 0 32 >
ffff8e2301f32240 2325162077 S Bo:2:011:2 -115 32 = 00000000 00000000 00000000 00000000 00000000 00000000 00000000 00000000
ffff8e2301f33740 2325164854 C Bo:2:011:2 0 32 >
ffff8e2301f33740 2325164859 S Bo:2:011:2 -115 32 = 00000000 00000000 00000000 00000000 00000000 00000000 00000000 00000000
ffff8e2301f32240 2325167648 C Bo:2:011:2 0 32 >
ffff8e2301f32240 2325167663 S Bo:2:011:2 -115 32 = 00000000 00000000 00000000 00000000 00000000 00000000 00000000 00000000
ffff8e2301f33740 2325170428 C Bo:2:011:2 0 32 >
ffff8e2301f33740 2325170432 S Bo:2:011:2 -115 32 = 00000000 00000000 00000000 00000000 00000000 00000000 00000000 00000000
ffff8e2301f32240 2325173209 C Bo:2:011:2 0 32 >
ffff8e2301f32240 2325173214 S Bo:2:011:2 -115 32 = 00000000 00000000 00000000 00000000 00000000 00000000 00000000 00000000
ffff8e2301f33740 2325175935 C Bo:2:011:2 0 32 >
ffff8e2301f33740 2325175940 S Bo:2:011:2 -115 32 = 00000000 00000000 00000000 00000000 00000000 00000000 00000000 00000000
ffff8e2301f32240 2325178720 C Bo:2:011:2 0 32 >
ffff8e2301f32240 2325178724 S Bo:2:011:2 -115 32 = 00000000 00000000 00000000 00000000 00000000 00000000 00000000 00000000
ffff8e2301f33740 2325181505 C Bo:2:011:2 0 32 >
ffff8e2301f33740 2325181509 S Bo:2:011:2 -115 32 = 00000000 00000000 00000000 00000000 00000000 00000000 00000000 00000000
ffff8e2301f32240 2325184289 C Bo:2:011:2 0 32 >
ffff8e2301f32240 2325184294 S Bo:2:011:2 -115 32 = 00000000 00000000 00000000 00000000 00000000 00000000 00000000 00000000
ffff8e2301f33740 2325187073 C Bo:2:011:2 0 32 >
ffff8e2301f33740 2325187078 S Bo:2:011:2 -115 32 = 00000000 00000000 00000000 00000000 00000000 00000000 00000000 00000000
ffff8e2301f32240 2325189866 C Bo:2:011:2 0 32 >
ffff8e2301f32240 2325189871 S Bo:2:011:2 -115 32 = 00000000 00000000 00000000 00000000 00000000 00000000 00000000 00000000
ffff8e2301f33740 2325192575 C Bo:2:011:2 0 32 >
ffff8e2301f33740 2325192580 S Bo:2:011:2 -115 32 = 00000000 00000000 00000000 00000000 00000000 00000000 00000000 00000000
ffff8e2301f32240 2325195367 C Bo:2:011:2 0 32 >
ffff8e2301f32240 2325195372 S Bo:2:011:2 -115 32 = 00000000 00000000 00000000 00000000 00000000 00000000 00000000 00000000
ffff8e2301f33740 2325198115 C Bo:2:011:2 0 32 >
ffff8e2301f33740 2325198119 S Bo:2:011:2 -115 32 = 00000000 00000000 00000000 00000000 00000000 00000000 00000000 00000000
ffff8e2301f32240 2325200898 C Bo:2:011:2 0 32 >
ffff8e2301f32240 2325200903 S Bo:2:011:2 -115 32 = 00000000 00000000 00000000 00000000 00000000 00000000 00000000 00000000
ffff8e2301f33740 2325203640 C Bo:2:011:2 0 32 >
ffff8e2301f33740 2325203645 S Bo:2:011:2 -115 32 = 00000000 00000000 00000000 00000000 00000000 00000000 00000000 00000000
ffff8e2301f32240 2325206429 C Bo:2:011:2 0 32 >
ffff8e2301f32240 2325206434 S Bo:2:011:2 -115 32 = 00000000 00000000 00000000 00000000 00000000 00000000 00000000 00000000
ffff8e2301f33740 2325209184 C Bo:2:011:2 0 32 >
ffff8e2301f33740 2325209189 S Bo:2:011:2 -115 32 = 00000000 00000000 00000000 00000000 00000000 00000000 00000000 00000000
ffff8e2301f32240 2325212002 C Bo:2:011:2 0 32 >
ffff8e2301f32240 2325212008 S Bo:2:011:2 -115 32 = 00000000 00000000 00000000 00000000 00000000 00000000 00000000 00000000
ffff8e2301f33740 2325214724 C Bo:2:011:2 0 32 >
ffff8e2301f33740 2325214729 S Bo:2:011:2 -115 32 = 00000000 00000000 00000000 00000000 00000000 00000000 00000000 00000000
ffff8e2301f32240 2325217550 C Bo:2:011:2 0 32 >
ffff8e2301f32240 2325217555 S Bo:2:011:2 -115 8 = 00000000 000074ca
ffff8e2301f33740 2325220260 C Bo:2:011:2 0 32 >
ffff8e2301f32240 2325223022 C Bo:2:011:2 0 8 >
ffff8e2301f32e40 2325236932 C Bi:2:011:2 0 9 = a5570012 000159b6 f7
ffff8e2301f32e40 2325236943 S Bi:2:011:2 -115 32 <
ffff8e2301f32240 2325237821 S Bo:2:011:2 -115 32 = a5570013 04000000 00000000 00000000 00000000 00000000 00000000 00000000
ffff8e2301f33740 2325237825 S Bo:2:011:2 -115 32 = 00000000 00000000 00000000 00000000 00000000 00000000 00000000 00000000
ffff8e2301f32240 2325237925 C Bo:2:011:2 0 32 >
ffff8e2301f32240 2325237928 S Bo:2:011:2 -115 32 = 00000000 00000000 00000000 00000000 00000000 00000000 00000000 00000000
ffff8e2301f33740 2325237972 C Bo:2:011:2 0 32 >
ffff8e2301f33740 2325237982 S Bo:2:011:2 -115 32 = 00000000 00000000 00000000 00000000 00000000 00000000 00000000 00000000
ffff8e2301f32240 2325240853 C Bo:2:011:2 0 32 >
ffff8e2301f32240 2325240859 S Bo:2:011:2 -115 32 = 00000000 00000000 00000000 00000000 00000000 00000000 00000000 00000000
ffff8e2301f33740 2325243534 C Bo:2:011:2 0 32 >
ffff8e2301f33740 2325243539 S Bo:2:011:2 -115 32 = 00000000 00000000 00000000 00000000 00000000 00000000 00000000 00000000
ffff8e2301f32240 2325246289 C Bo:2:011:2 0 32 >
ffff8e2301f32240 2325246294 S Bo:2:011:2 -115 32 = 00000000 00000000 00000000 00000000 00000000 00000000 00000000 00000000
ffff8e2301f33740 2325249055 C Bo:2:011:2 0 32 >
ffff8e2301f33740 2325249060 S Bo:2:011:2 -115 32 = 00000000 00000000 00000000 00000000 00000000 00000000 00000000 00000000
ffff8e2301f32240 2325251864 C Bo:2:011:2 0 32 >
ffff8e2301f32240 2325251869 S Bo:2:011:2 -115 32 = 00000000 00000000 00000000 00000000 00000000 00000000 00000000 00000000
ffff8e2301f33740 2325254576 C Bo:2:011:2 0 32 >
ffff8e2301f33740 2325254581 S Bo:2:011:2 -115 32 = 00000000 00000000 00000000 00000000 00000000 00000000 00000000 00000000
ffff8e2301f32240 2325257344 C Bo:2:011:2 0 32 >
ffff8e2301f32240 2325257348 S Bo:2:011:2 -115 32 = 00000000 00000000 00000000 00000000 00000000 00000000 00000000 00000000
ffff8e2301f33740 2325260145 C Bo:2:011:2 0 32 >
ffff8e2301f33740 2325260151 S Bo:2:011:2 -115 32 = 00000000 00000000 00000000 00000000 00000000 00000000 00000000 00000000
ffff8e2301f32240 2325262929 C Bo:2:011:2 0 32 >
ffff8e2301f32240 2325262934 S Bo:2:011:2 -115 32 = 00000000 00000000 00000000 00000000 00000000 00000000 00000000 00000000
ffff8e2301f33740 2325265698 C Bo:2:011:2 0 32 >
ffff8e2301f33740 2325265703 S Bo:2:011:2 -115 32 = 00000000 00000000 00000000 00000000 00000000 00000000 00000000 00000000
ffff8e2301f32240 2325268428 C Bo:2:011:2 0 32 >
ffff8e2301f32240 2325268433 S Bo:2:011:2 -115 32 = 00000000 00000000 00000000 00000000 00000000 00000000 00000000 00000000
ffff8e2301f33740 2325271211 C Bo:2:011:2 0 32 >
ffff8e2301f33740 2325271216 S Bo:2:011:2 -115 32 = 00000000 00000000 00000000 00000000 00000000 00000000 00000000 00000000
ffff8e2301f32240 2325273977 C Bo:2:011:2 0 32 >
ffff8e2301f32240 2325273981 S Bo:2:011:2 -115 32 = 00000000 00000000 00000000 00000000 00000000 00000000 00000000 00000000
ffff8e2301f33740 2325276856 C Bo:2:011:2 0 32 >
ffff8e2301f33740 2325276861 S Bo:2:011:2 -115 32 = 00000000 00000000 00000000 00000000 00000000 00000000 00000000 00000000
ffff8e2301f32240 2325279536 C Bo:2:011:2 0 32 >
ffff8e2301f32240 2325279541 S Bo:2:011:2 -115 32 = 00000000 00000000 00000000 00000000 00000000 00000000 00000000 00000000
ffff8e2301f33740 2325282290 C Bo:2:011:2 0 32 >
ffff8e2301f33740 2325282295 S Bo:2:011:2 -115 32 = 00000000 00000000 00000000 00000000 00000000 00000000 00000000 00000000
ffff8e2301f32240 2325285071 C Bo:2:011:2 0 32 >
ffff8e2301f32240 2325285076 S Bo:2:011:2 -115 32 = 00000000 00000000 00000000 00000000 00000000 00000000 00000000 00000000
ffff8e2301f33740 2325287856 C Bo:2:011:2 0 32 >
ffff8e2301f33740 2325287860 S Bo:2:011:2 -115 32 = 00000000 00000000 00000000 00000000 00000000 00000000 00000000 00000000
ffff8e2301f32240 2325290640 C Bo:2:011:2 0 32 >
ffff8e2301f32240 2325290644 S Bo:2:011:2 -115 32 = 00000000 00000000 00000000 00000000 00000000 00000000 00000000 00000000
ffff8e2301f33740 2325293355 C Bo:2:011:2 0 32 >
ffff8e2301f33740 2325293360 S Bo:2:011:2 -115 32 = 00000000 00000000 00000000 00000000 00000000 00000000 00000000 00000000
ffff8e2301f32240 2325296140 C Bo:2:011:2 0 32 >
ffff8e2301f32240 2325296145 S Bo:2:011:2 -115 32 = 00000000 00000000 00000000 00000000 00000000 00000000 00000000 00000000
ffff8e2301f33740 2325298957 C Bo:2:011:2 0 32 >
ffff8e2301f33740 2325298962 S Bo:2:011:2 -115 32 = 00000000 00000000 00000000 00000000 00000000 00000000 00000000 00000000
ffff8e2301f32240 2325301674 C Bo:2:011:2 0 32 >
ffff8e2301f32240 2325301679 S Bo:2:011:2 -115 32 = 00000000 00000000 00000000 00000000 00000000 00000000 00000000 00000000
ffff8e2301f33740 2325304436 C Bo:2:011:2 0 32 >
ffff8e2301f33740 2325304440 S Bo:2:011:2 -115 32 = 00000000 00000000 00000000 00000000 00000000 00000000 00000000 00000000
ffff8e2301f32240 2325307210 C Bo:2:011:2 0 32 >
ffff8e2301f32240 2325307215 S Bo:2:011:2 -115 32 = 00000000 00000000 00000000 00000000 00000000 00000000 00000000 00000000
ffff8e2301f33740 2325309995 C Bo:2:011:2 0 32 >
ffff8e2301f33740 2325309999 S Bo:2:011:2 -115 32 = 00000000 00000000 00000000 00000000 00000000 00000000 00000000 00000000
ffff8e2301f32240 2325312897 C Bo:2:011:2 0 32 >
ffff8e2301f32240 2325312902 S Bo:2:011:2 -115 32 = 00000000 00000000 00000000 00000000 00000000 00000000 00000000 00000000
ffff8e2301f33740 2325315515 C Bo:2:011:2 0 32 >
ffff8e2301f33740 2325315520 S Bo:2:011:2 -115 32 = 00000000 00000000 00000000 00000000 00000000 00000000 00000000 00000000
ffff8e2301f32240 2325318288 C Bo:2:011:2 0 32 >
ffff8e2301f32240 2325318293 S Bo:2:011:2 -115 8 = 00000000 00001a33
ffff8e2301f33740 2325321069 C Bo:2:011:2 0 32 >
ffff8e2301f32240 2325323840 C Bo:2:011:2 0 8 >
ffff8e2301f326c0 2325337842 C Bi:2:011:2 0 9 = a5570013 000159c0 43
ffff8e2301f326c0 2325337853 S Bi:2:011:2 -115 32 <
ffff8e2301f32240 2325339466 S Bo:2:011:2 -115 32 = a5570014 04000000 00000000 00000000 00000000 00000000 00000000 00000000
ffff8e2301f33740 2325339469 S Bo:2:011:2 -115 32 = 00000000 00000000 00000000 00000000 00000000 00000000 00000000 00000000
ffff8e2301f32240 2325339561 C Bo:2:011:2 0 32 >
ffff8e2301f32240 2325339565 S Bo:2:011:2 -115 32 = 00000000 00000000 00000000 00000000 00000000 00000000 00000000 00000000
ffff8e2301f33740 2325339599 C Bo:2:011:2 0 32 >
ffff8e2301f33740 2325339601 S Bo:2:011:2 -115 32 = 00000000 00000000 00000000 00000000 00000000 00000000 00000000 00000000
ffff8e2301f32240 2325342339 C Bo:2:011:2 0 32 >
ffff8e2301f32240 2325342343 S Bo:2:011:2 -115 32 = 00000000 00000000 00000000 00000000 00000000 00000000 00000000 00000000
ffff8e2301f33740 2325345167 C Bo:2:011:2 0 32 >
ffff8e2301f33740 2325345171 S Bo:2:011:2 -115 32 = 00000000 00000000 00000000 00000000 00000000 00000000 00000000 00000000
ffff8e2301f32240 2325347932 C Bo:2:011:2 0 32 >
ffff8e2301f32240 2325347937 S Bo:2:011:2 -115 32 = 00000000 00000000 00000000 00000000 00000000 00000000 00000000 00000000
ffff8e2301f33740 2325350710 C Bo:2:011:2 0 32 >
ffff8e2301f33740 2325350714 S Bo:2:011:2 -115 32 = 00000000 00000000 00000000 00000000 00000000 00000000 00000000 00000000
ffff8e2301f32240 2325353509 C Bo:2:011:2 0 32 >
ffff8e2301f32240 2325353514 S Bo:2:011:2 -115 32 = 00000000 00000000 00000000 00000000 00000000 00000000 00000000 00000000
ffff8e2301f33740 2325356260 C Bo:2:011:2 0 32 >
ffff8e2301f33740 2325356264 S Bo:2:011:2 -115 32 = 00000000 00000000 00000000 00000000 00000000 00000000 00000000 00000000
ffff8e2301f32240 2325358996 C Bo:2:011:2 0 32 >
ffff8e2301f32240 2325359001 S Bo:2:011:2 -115 32 = 00000000 00000000 00000000 00000000 00000000 00000000 00000000 00000000
ffff8e2301f33740 2325361771 C Bo:2:011:2 0 32 >
ffff8e2301f33740 2325361776 S Bo:2:011:2 -115 32 = 00000000 00000000 00000000 00000000 00000000 00000000 00000000 00000000
ffff8e2301f32240 2325364573 C Bo:2:011:2 0 32 >
ffff8e2301f32240 2325364578 S Bo:2:011:2 -115 32 = 00000000 00000000 00000000 00000000 00000000 00000000 00000000 00000000
ffff8e2301f33740 2325367362 C Bo:2:011:2 0 32 >
ffff8e2301f33740 2325367367 S Bo:2:011:2 -115 32 = 00000000 00000000 00000000 00000000 00000000 00000000 00000000 00000000
ffff8e2301f32240 2325370046 C Bo:2:011:2 0 32 >
ffff8e2301f32240 2325370050 S Bo:2:011:2 -115 32 = 00000000 00000000 00000000 00000000 00000000 00000000 00000000 00000000
ffff8e2301f33740 2325372859 C Bo:2:011:2 0 32 >
ffff8e2301f33740 2325372863 S Bo:2:011:2 -115 32 = 00000000 00000000 00000000 00000000 00000000 00000000 00000000 00000000
ffff8e2301f32240 2325375639 C Bo:2:011:2 0 32 >
ffff8e2301f32240 2325375644 S Bo:2:011:2 -115 32 = 00000000 00000000 00000000 00000000 00000000 00000000 00000000 00000000
ffff8e2301f33740 2325378391 C Bo:2:011:2 0 32 >
ffff8e2301f33740 2325378395 S Bo:2:011:2 -115 32 = 00000000 00000000 00000000 00000000 00000000 00000000 00000000 00000000
ffff8e2301f32240 2325381185 C Bo:2:011:2 0 32 >
ffff8e2301f32240 2325381189 S Bo:2:011:2 -115 32 = 00000000 00000000 00000000 00000000 00000000 00000000 00000000 00000000
ffff8e2301f33740 2325383935 C Bo:2:011:2 0 32 >
ffff8e2301f33740 2325383939 S Bo:2:011:2 -115 32 = 00000000 00000000 00000000 00000000 00000000 00000000 00000000 00000000
ffff8e2301f32240 2325386712 C Bo:2:011:2 0 32 >
ffff8e2301f32240 2325386717 S Bo:2:011:2 -115 32 = 00000000 00000000 00000000 00000000 00000000 00000000 00000000 00000000
ffff8e2301f33740 2325389496 C Bo:2:011:2 0 32 >
ffff8e2301f33740 2325389501 S Bo:2:011:2 -115 32 = 00000000 00000000 00000000 00000000 00000000 00000000 00000000 00000000
ffff8e2301f32240 2325392285 C Bo:2:011:2 0 32 >
ffff8e2301f32240 2325392290 S Bo:2:011:2 -115 32 = 00000000 00000000 00000000 00000000 00000000 00000000 00000000 00000000
ffff8e2301f33740 2325395073 C Bo:2:011:2 0 32 >
ffff8e2301f33740 2325395078 S Bo:2:011:2 -115 32 = 00000000 00000000 00000000 00000000 00000000 00000000 00000000 00000000
ffff8e2301f32240 2325397858 C Bo:2:011:2 0 32 >
ffff8e2301f32240 2325397863 S Bo:2:011:2 -115 32 = 00000000 00000000 00000000 00000000 00000000 00000000 00000000 00000000
ffff8e2301f33740 2325400579 C Bo:2:011:2 0 32 >
ffff8e2301f33740 2325400584 S Bo:2:011:2 -115 32 = 00000000 00000000 00000000 00000000 00000000 00000000 00000000 00000000
ffff8e2301f32240 2325403330 C Bo:2:011:2 0 32 >
ffff8e2301f32240 2325403335 S Bo:2:011:2 -115 32 = 00000000 00000000 00000000 00000000 00000000 00000000 00000000 00000000
ffff8e2301f33740 2325406117 C Bo:2:011:2 0 32 >
ffff8e2301f33740 2325406122 S Bo:2:011:2 -115 32 = 00000000 00000000 00000000 00000000 00000000 00000000 00000000 00000000
ffff8e2301f32240 2325408898 C Bo:2:011:2 0 32 >
ffff8e2301f32240 2325408903 S Bo:2:011:2 -115 32 = 00000000 00000000 00000000 00000000 00000000 00000000 00000000 00000000
ffff8e2301f33740 2325411642 C Bo:2:011:2 0 32 >
ffff8e2301f33740 2325411647 S Bo:2:011:2 -115 32 = 00000000 00000000 00000000 00000000 00000000 00000000 00000000 00000000
ffff8e2301f32240 2325414404 C Bo:2:011:2 0 32 >
ffff8e2301f32240 2325414408 S Bo:2:011:2 -115 32 = 00000000 00000000 00000000 00000000 00000000 00000000 00000000 00000000
ffff8e2301f33740 2325417220 C Bo:2:011:2 0 32 >
ffff8e2301f33740 2325417225 S Bo:2:011:2 -115 32 = 00000000 00000000 00000000 00000000 00000000 00000000 00000000 00000000
ffff8e2301f32240 2325420005 C Bo:2:011:2 0 32 >
ffff8e2301f32240 2325420010 S Bo:2:011:2 -115 8 = 00000000 000002fd
ffff8e2301f33740 2325422856 C Bo:2:011:2 0 32 >
ffff8e2301f32240 2325425489 C Bo:2:011:2 0 8 >
ffff8e2301f32e40 2325438936 C Bi:2:011:2 0 9 = a5570014 00015991 6e
ffff8e2301f32e40 2325438942 S Bi:2:011:2 -115 32 <
ffff8e2301f32240 2325440525 S Bo:2:011:2 -115 32 = a5570015 04000000 00000000 00000000 00000000 00000000 00000000 00000000
ffff8e2301f33740 2325440529 S Bo:2:011:2 -115 32 = 00000000 00000000 00000000 00000000 00000000 00000000 00000000 00000000
ffff8e2301f32240 2325440620 C Bo:2:011:2 0 32 >
ffff8e2301f32240 2325440623 S Bo:2:011:2 -115 32 = 00000000 00000000 00000000 00000000 00000000 00000000 00000000 00000000
ffff8e2301f33740 2325440658 C Bo:2:011:2 0 32 >
ffff8e2301f33740 2325440660 S Bo:2:011:2 -115 32 = 00000000 00000000 00000000 00000000 00000000 00000000 00000000 00000000
ffff8e2301f32240 2325443398 C Bo:2:011:2 0 32 >
ffff8e2301f32240 2325443402 S Bo:2:011:2 -115 32 = 00000000 00000000 00000000 00000000 00000000 00000000 00000000 00000000
ffff8e2301f33740 2325446210 C Bo:2:011:2 0 32 >
ffff8e2301f33740 2325446216 S Bo:2:011:2 -115 32 = 00000000 00000000 00000000 00000000 00000000 00000000 00000000 00000000
ffff8e2301f32240 2325448998 C Bo:2:011:2 0 32 >
ffff8e2301f32240 2325449003 S Bo:2:011:2 -115 32 = 00000000 00000000 00000000 00000000 00000000 00000000 00000000 00000000
ffff8e2301f33740 2325451746 C Bo:2:011:2 0 32 >
ffff8e2301f33740 2325451751 S Bo:2:011:2 -115 32 = 00000000 00000000 00000000 00000000 00000000 00000000 00000000 00000000
ffff8e2301f32240 2325454570 C Bo:2:011:2 0 32 >
ffff8e2301f32240 2325454575 S Bo:2:011:2 -115 32 = 00000000 00000000 00000000 00000000 00000000 00000000 00000000 00000000
ffff8e2301f33740 2325457343 C Bo:2:011:2 0 32 >
ffff8e2301f33740 2325457348 S Bo:2:011:2 -115 32 = 00000000 00000000 00000000 00000000 00000000 00000000 00000000 00000000
ffff8e2301f32240 2325460072 C Bo:2:011:2 0 32 >
ffff8e2301f32240 2325460076 S Bo:2:011:2 -115 32 = 00000000 00000000 00000000 00000000 00000000 00000000 00000000 00000000
ffff8e2301f33740 2325462857 C Bo:2:011:2 0 32 >
ffff8e2301f33740 2325462862 S Bo:2:011:2 -115 32 = 00000000 00000000 00000000 00000000 00000000 00000000 00000000 00000000
ffff8e2301f32240 2325465605 C Bo:2:011:2 0 32 >
ffff8e2301f32240 2325465610 S Bo:2:011:2 -115 32 = 00000000 00000000 00000000 00000000 00000000 00000000 00000000 00000000
ffff8e2301f33740 2325468358 C Bo:2:011:2 0 32 >
ffff8e2301f33740 2325468363 S Bo:2:011:2 -115 32 = 00000000 00000000 00000000 00000000 00000000 00000000 00000000 00000000
ffff8e2301f32240 2325471142 C Bo:2:011:2 0 32 >
ffff8e2301f32240 2325471147 S Bo:2:011:2 -115 32 = 00000000 00000000 00000000 00000000 00000000 00000000 00000000 00000000
ffff8e2301f33740 2325473936 C Bo:2:011:2 0 32 >
ffff8e2301f33740 2325473940 S Bo:2:011:2 -115 32 = 00000000 00000000 00000000 00000000 00000000 00000000 00000000 00000000
ffff8e2301f32240 2325476710 C Bo:2:011:2 0 32 >
ffff8e2301f32240 2325476715 S Bo:2:011:2 -115 32 = 00000000 00000000 00000000 00000000 00000000 00000000 00000000 00000000
ffff8e2301f33740 2325479498 C Bo:2:011:2 0 32 >
ffff8e2301f33740 2325479503 S Bo:2:011:2 -115 32 = 00000000 00000000 00000000 00000000 00000000 00000000 00000000 00000000
ffff8e2301f32240 2325482198 C Bo:2:011:2 0 32 >
ffff8e2301f32240 2325482211 S Bo:2:011:2 -115 32 = 00000000 00000000 00000000 00000000 00000000 00000000 00000000 00000000
ffff8e2301f33740 2325485005 C Bo:2:011:2 0 32 >
ffff8e2301f33740 2325485010 S Bo:2:011:2 -115 32 = 00000000 00000000 00000000 00000000 00000000 00000000 00000000 00000000
ffff8e2301f32240 2325487856 C Bo:2:011:2 0 32 >
ffff8e2301f32240 2325487861 S Bo:2:011:2 -115 32 = 00000000 00000000 00000000 00000000 00000000 00000000 00000000 00000000
ffff8e2301f33740 2325490535 C Bo:2:011:2 0 32 >
ffff8e2301f33740 2325490540 S Bo:2:011:2 -115 32 = 00000000 00000000 00000000 00000000 00000000 00000000 00000000 00000000
ffff8e2301f32240 2325493287 C Bo:2:011:2 0 32 >
ffff8e2301f32240 2325493292 S Bo:2:011:2 -115 32 = 00000000 00000000 00000000 00000000 00000000 00000000 00000000 00000000
ffff8e2301f33740 2325496055 C Bo:2:011:2 0 32 >
ffff8e2301f33740 2325496063 S Bo:2:011:2 -115 32 = 00000000 00000000 00000000 00000000 00000000 00000000 00000000 00000000
ffff8e2301f32240 2325498831 C Bo:2:011:2 0 32 >
ffff8e2301f32240 2325498835 S Bo:2:011:2 -115 32 = 00000000 00000000 00000000 00000000 00000000 00000000 00000000 00000000
ffff8e2301f33740 2325501651 C Bo:2:011:2 0 32 >
ffff8e2301f33740 2325501656 S Bo:2:011:2 -115 32 = 00000000 00000000 00000000 00000000 00000000 00000000 00000000 00000000
ffff8e2301f32240 2325504428 C Bo:2:011:2 0 32 >
ffff8e2301f32240 2325504433 S Bo:2:011:2 -115 32 = 00000000 00000000 00000000 00000000 00000000 00000000 00000000 00000000
ffff8e2301f33740 2325507115 C Bo:2:011:2 0 32 >
ffff8e2301f33740 2325507129 S Bo:2:011:2 -115 32 = 00000000 00000000 00000000 00000000 00000000 00000000 00000000 00000000
ffff8e2301f32240 2325509926 C Bo:2:011:2 0 32 >
ffff8e2301f32240 2325509939 S Bo:2:011:2 -115 32 = 00000000 00000000 00000000 00000000 00000000 00000000 00000000 00000000
ffff8e2301f33740 2325512710 C Bo:2:011:2 0 32 >
ffff8e2301f33740 2325512724 S Bo:2:011:2 -115 32 = 00000000 00000000 00000000 00000000 00000000 00000000 00000000 00000000
ffff8e2301f32240 2325515496 C Bo:2:011:2 0 32 >
ffff8e2301f32240 2325515509 S Bo:2:011:2 -115 32 = 00000000 00000000 00000000 00000000 00000000 00000000 00000000 00000000
ffff8e2301f33740 2325518265 C Bo:2:011:2 0 32 >
ffff8e2301f33740 2325518278 S Bo:2:011:2 -115 32 = 00000000 00000000 00000000 00000000 00000000 00000000 00000000 00000000
ffff8e2301f32240 2325521027 C Bo:2:011:2 0 32 >
ffff8e2301f32240 2325521042 S Bo:2:011:2 -115 8 = 00000000 00006c04
ffff8e2301f33740 2325523857 C Bo:2:011:2 0 32 >
ffff8e2301f32240 2325526537 C Bo:2:011:2 0 8 >
ffff8e2301f326c0 2325539844 C Bi:2:011:2 0 9 = a5570015 000159e7 da
ffff8e2301f326c0 2325539861 S Bi:2:011:2 -115 32 <
ffff8e2301f32240 2325540950 S Bo:2:011:2 -115 32 = a5570016 04000000 00000000 00000000 00000000 00000000 00000000 00000000
ffff8e2301f33740 2325540954 S Bo:2:011:2 -115 32 = 00000000 00000000 00000000 00000000 00000000 00000000 00000000 00000000
ffff8e2301f32240 2325541031 C Bo:2:011:2 0 32 >
ffff8e2301f32240 2325541034 S Bo:2:011:2 -115 32 = 00000000 00000000 00000000 00000000 00000000 00000000 00000000 00000000
ffff8e2301f33740 2325541067 C Bo:2:011:2 0 32 >
ffff8e2301f33740 2325541068 S Bo:2:011:2 -115 32 = 00000000 00000000 00000000 00000000 00000000 00000000 00000000 00000000
ffff8e2301f32240 2325543866 C Bo:2:011:2 0 32 >
ffff8e2301f32240 2325543879 S Bo:2:011:2 -115 32 = 00000000 00000000 00000000 00000000 00000000 00000000 00000000 00000000
ffff8e2301f33740 2325546646 C Bo:2:011:2 0 32 >
ffff8e2301f33740 2325546659 S Bo:2:011:2 -115 32 = 00000000 00000000 00000000 00000000 00000000 00000000 00000000 00000000
ffff8e2301f32240 2325549438 C Bo:2:011:2 0 32 >
ffff8e2301f32240 2325549449 S Bo:2:011:2 -115 32 = 00000000 00000000 00000000 00000000 00000000 00000000 00000000 00000000
ffff8e2301f33740 2325552219 C Bo:2:011:2 0 32 >
ffff8e2301f33740 2325552230 S Bo:2:011:2 -115 32 = 00000000 00000000 00000000 00000000 00000000 00000000 00000000 00000000
ffff8e2301f32240 2325554958 C Bo:2:011:2 0 32 >
ffff8e2301f32240 2325554970 S Bo:2:011:2 -115 32 = 00000000 00000000 00000000 00000000 00000000 00000000 00000000 00000000
ffff8e2301f33740 2325557746 C Bo:2:011:2 0 32 >
ffff8e2301f33740 2325557757 S Bo:2:011:2 -115 32 = 00000000 00000000 00000000 00000000 00000000 00000000 00000000 00000000
ffff8e2301f32240 2325560496 C Bo:2:011:2 0 32 >
ffff8e2301f32240 2325560509 S Bo:2:011:2 -115 32 = 00000000 00000000 00000000 00000000 00000000 00000000 00000000 00000000
ffff8e2301f33740 2325563272 C Bo:2:011:2 0 32 >
ffff8e2301f33740 2325563285 S Bo:2:011:2 -115 32 = 00000000 00000000 00000000 00000000 00000000 00000000 00000000 00000000
ffff8e2301f32240 2325566081 C Bo:2:011:2 0 32 >
ffff8e2301f32240 2325566092 S Bo:2:011:2 -115 32 = 00000000 00000000 00000000 00000000 00000000 00000000 00000000 00000000
ffff8e2301f33740 2325568910 C Bo:2:011:2 0 32 >
ffff8e2301f33740 2325568922 S Bo:2:011:2 -115 32 = 00000000 00000000 00000000 00000000 00000000 00000000 00000000 00000000
ffff8e2301f32240 2325571571 C Bo:2:011:2 0 32 >
ffff8e2301f32240 2325571582 S Bo:2:011:2 -115 32 = 00000000 00000000 00000000 00000000 00000000 00000000 00000000 00000000
ffff8e2301f33740 2325574362 C Bo:2:011:2 0 32 >
ffff8e2301f33740 2325574375 S Bo:2:011:2 -115 32 = 00000000 00000000 00000000 00000000 00000000 00000000 00000000 00000000
ffff8e2301f32240 2325577116 C Bo:2:011:2 0 32 >
ffff8e2301f32240 2325577126 S Bo:2:011:2 -115 32 = 00000000 00000000 00000000 00000000 00000000 00000000 00000000 00000000
ffff8e2301f33740 2325579926 C Bo:2:011:2 0 32 >
ffff8e2301f33740 2325579939 S Bo:2:011:2 -115 32 = 00000000 00000000 00000000 00000000 00000000 00000000 00000000 00000000
ffff8e2301f32240 2325582641 C Bo:2:011:2 0 32 >
ffff8e2301f32240 2325582653 S Bo:2:011:2 -115 32 = 00000000 00000000 00000000 00000000 00000000 00000000 00000000 00000000
ffff8e2301f33740 2325585416 C Bo:2:011:2 0 32 >
ffff8e2301f33740 2325585428 S Bo:2:011:2 -115 32 = 00000000 00000000 00000000 00000000 00000000 00000000 00000000 00000000
ffff8e2301f32240 2325588186 C Bo:2:011:2 0 32 >
ffff8e2301f32240 2325588196 S Bo:2:011:2 -115 32 = 00000000 00000000 00000000 00000000 00000000 00000000 00000000 00000000
ffff8e2301f33740 2325590997 C Bo:2:011:2 0 32 >
ffff8e2301f33740 2325591012 S Bo:2:011:2 -115 32 = 00000000 00000000 00000000 00000000 00000000 00000000 00000000 00000000
ffff8e2301f32240 2325593857 C Bo:2:011:2 0 32 >
ffff8e2301f32240 2325593870 S Bo:2:011:2 -115 32 = 00000000 00000000 00000000 00000000 00000000 00000000 00000000 00000000
ffff8e2301f33740 2325596516 C Bo:2:011:2 0 32 >
ffff8e2301f33740 2325596526 S Bo:2:011:2 -115 32 = 00000000 00000000 00000000 00000000 00000000 00000000 00000000 00000000
ffff8e2301f32240 2325599266 C Bo:2:011:2 0 32 >
ffff8e2301f32240 2325599279 S Bo:2:011:2 -115 32 = 00000000 00000000 00000000 00000000 00000000 00000000 00000000 00000000
ffff8e2301f33740 2325602069 C Bo:2:011:2 0 32 >
ffff8e2301f33740 2325602081 S Bo:2:011:2 -115 32 = 00000000 00000000 00000000 00000000 00000000 00000000 00000000 00000000
ffff8e2301f32240 2325604865 C Bo:2:011:2 0 32 >
ffff8e2301f32240 2325604878 S Bo:2:011:2 -115 32 = 00000000 00000000 00000000 00000000 00000000 00000000 00000000 00000000
ffff8e2301f33740 2325607586 C Bo:2:011:2 0 32 >
ffff8e2301f33740 2325607599 S Bo:2:011:2 -115 32 = 00000000 00000000 00000000 00000000 00000000 00000000 00000000 00000000
ffff8e2301f32240 2325610338 C Bo:2:011:2 0 32 >
ffff8e2301f32240 2325610354 S Bo:2:011:2 -115 32 = 00000000 00000000 00000000 00000000 00000000 00000000 00000000 00000000
ffff8e2301f33740 2325613147 C Bo:2:011:2 0 32 >
ffff8e2301f33740 2325613156 S Bo:2:011:2 -115 32 = 00000000 00000000 00000000 00000000 00000000 00000000 00000000 00000000
ffff8e2301f32240 2325615936 C Bo:2:011:2 0 32 >
ffff8e2301f32240 2325615951 S Bo:2:011:2 -115 32 = 00000000 00000000 00000000 00000000 00000000 00000000 00000000 00000000
ffff8e2301f33740 2325618650 C Bo:2:011:2 0 32 >
ffff8e2301f33740 2325618655 S Bo:2:011:2 -115 32 = 00000000 00000000 00000000 00000000 00000000 00000000 00000000 00000000
ffff8e2301f32240 2325621460 C Bo:2:011:2 0 32 >
ffff8e2301f32240 2325621465 S Bo:2:011:2 -115 8 = 00000000 0000df0f
ffff8e2301f33740 2325624194 C Bo:2:011:2 0 32 >
ffff8e2301f32240 2325626948 C Bo:2:011:2 0 8 >
ffff8e2301f32e40 2325640845 C Bi:2:011:2 0 9 = a5570016 0001597c 06
ffff8e2301f32e40 2325640856 S Bi:2:011:2 -115 32 <
ffff8e2301f32240 2325642055 S Bo:2:011:2 -115 32 = a5570017 04000000 00000000 00000000 00000000 00000000 00000000 00000000
ffff8e2301f33740 2325642060 S Bo:2:011:2 -115 32 = 00000000 00000000 00000000 00000000 00000000 00000000 00000000 00000000
ffff8e2301f32240 2325642122 C Bo:2:011:2 0 32 >
ffff8e2301f32240 2325642125 S Bo:2:011:2 -115 32 = 00000000 00000000 00000000 00000000 00000000 00000000 00000000 00000000
ffff8e2301f33740 2325642168 C Bo:2:011:2 0 32 >
ffff8e2301f33740 2325642175 S Bo:2:011:2 -115 32 = 00000000 00000000 00000000 00000000 00000000 00000000 00000000 00000000
ffff8e2301f32240 2325644998 C Bo:2:011:2 0 32 >
ffff8e2301f32240 2325645013 S Bo:2:011:2 -115 32 = 00000000 00000000 00000000 00000000 00000000 00000000 00000000 00000000
ffff8e2301f33740 2325647750 C Bo:2:011:2 0 32 >
ffff8e2301f33740 2325647765 S Bo:2:011:2 -115 32 = 00000000 00000000 00000000 00000000 00000000 00000000 00000000 00000000
ffff8e2301f32240 2325650536 C Bo:2:011:2 0 32 >
ffff8e2301f32240 2325650549 S Bo:2:011:2 -115 32 = 00000000 00000000 00000000 00000000 00000000 00000000 00000000 00000000
ffff8e2301f33740 2325653265 C Bo:2:011:2 0 32 >
ffff8e2301f33740 2325653275 S Bo:2:011:2 -115 32 = 00000000 00000000 00000000 00000000 00000000 00000000 00000000 00000000
ffff8e2301f32240 2325656054 C Bo:2:011:2 0 32 >
ffff8e2301f32240 2325656070 S Bo:2:011:2 -115 32 = 00000000 00000000 00000000 00000000 00000000 00000000 00000000 00000000
ffff8e2301f33740 2325658855 C Bo:2:011:2 0 32 >
ffff8e2301f33740 2325658867 S Bo:2:011:2 -115 32 = 00000000 00000000 00000000 00000000 00000000 00000000 00000000 00000000
ffff8e2301f32240 2325661605 C Bo:2:011:2 0 32 >
ffff8e2301f32240 2325661616 S Bo:2:011:2 -115 32 = 00000000 00000000 00000000 00000000 00000000 00000000 00000000 00000000
ffff8e2301f33740 2325664347 C Bo:2:011:2 0 32 >
ffff8e2301f33740 2325664358 S Bo:2:011:2 -115 32 = 00000000 00000000 00000000 00000000 00000000 00000000 00000000 00000000
ffff8e2301f32240 2325667149 C Bo:2:011:2 0 32 >
ffff8e2301f32240 2325667161 S Bo:2:011:2 -115 32 = 00000000 00000000 00000000 00000000 00000000 00000000 00000000 00000000
ffff8e2301f33740 2325669927 C Bo:2:011:2 0 32 >
ffff8e2301f33740 2325669940 S Bo:2:011:2 -115 32 = 00000000 00000000 00000000 00000000 00000000 00000000 00000000 00000000
ffff8e2301f32240 2325672711 C Bo:2:011:2 0 32 >
ffff8e2301f32240 2325672724 S Bo:2:011:2 -115 32 = 00000000 00000000 00000000 00000000 00000000 00000000 00000000 00000000
ffff8e2301f33740 2325675498 C Bo:2:011:2 0 32 >
ffff8e2301f33740 2325675509 S Bo:2:011:2 -115 32 = 00000000 00000000 00000000 00000000 00000000 00000000 00000000 00000000
ffff8e2301f32240 2325678186 C Bo:2:011:2 0 32 >
ffff8e2301f32240 2325678196 S Bo:2:011:2 -115 32 = 00000000 00000000 00000000 00000000 00000000 00000000 00000000 00000000
ffff8e2301f33740 2325680975 C Bo:2:011:2 0 32 >
ffff8e2301f33740 2325680988 S Bo:2:011:2 -115 32 = 00000000 00000000 00000000 00000000 00000000 00000000 00000000 00000000
ffff8e2301f32240 2325683854 C Bo:2:011:2 0 32 >
ffff8e2301f32240 2325683865 S Bo:2:011:2 -115 32 = 00000000 00000000 00000000 00000000 00000000 00000000 00000000 00000000
ffff8e2301f33740 2325686576 C Bo:2:011:2 0 32 >
ffff8e2301f33740 2325686587 S Bo:2:011:2 -115 32 = 00000000 00000000 00000000 00000000 00000000 00000000 00000000 00000000
ffff8e2301f32240 2325689297 C Bo:2:011:2 0 32 >
ffff8e2301f32240 2325689309 S Bo:2:011:2 -115 32 = 00000000 00000000 00000000 00000000 00000000 00000000 00000000 00000000
ffff8e2301f33740 2325692054 C Bo:2:011:2 0 32 >
ffff8e2301f33740 2325692069 S Bo:2:011:2 -115 32 = 00000000 00000000 00000000 00000000 00000000 00000000 00000000 00000000
ffff8e2301f32240 2325694856 C Bo:2:011:2 0 32 >
ffff8e2301f32240 2325694869 S Bo:2:011:2 -115 32 = 00000000 00000000 00000000 00000000 00000000 00000000 00000000 00000000
ffff8e2301f33740 2325697629 C Bo:2:011:2 0 32 >
ffff8e2301f33740 2325697641 S Bo:2:011:2 -115 32 = 00000000 00000000 00000000 00000000 00000000 00000000 00000000 00000000
ffff8e2301f32240 2325700438 C Bo:2:011:2 0 32 >
ffff8e2301f32240 2325700449 S Bo:2:011:2 -115 32 = 00000000 00000000 00000000 00000000 00000000 00000000 00000000 00000000
ffff8e2301f33740 2325703142 C Bo:2:011:2 0 32 >
ffff8e2301f33740 2325703153 S Bo:2:011:2 -115 32 = 00000000 00000000 00000000 00000000 00000000 00000000 00000000 00000000
ffff8e2301f32240 2325705926 C Bo:2:011:2 0 32 >
ffff8e2301f32240 2325705937 S Bo:2:011:2 -115 32 = 00000000 00000000 00000000 00000000 00000000 00000000 00000000 00000000
ffff8e2301f33740 2325708722 C Bo:2:011:2 0 32 >
ffff8e2301f33740 2325708735 S Bo:2:011:2 -115 32 = 00000000 00000000 00000000 00000000 00000000 00000000 00000000 00000000
ffff8e2301f32240 2325711497 C Bo:2:011:2 0 32 >
ffff8e2301f32240 2325711510 S Bo:2:011:2 -115 32 = 00000000 00000000 00000000 00000000 00000000 00000000 00000000 00000000
ffff8e2301f33740 2325714266 C Bo:2:011:2 0 32 >
ffff8e2301f33740 2325714277 S Bo:2:011:2 -115 32 = 00000000 00000000 00000000 00000000 00000000 00000000 00000000 00000000
ffff8e2301f32240 2325717005 C Bo:2:011:2 0 32 >
ffff8e2301f32240 2325717022 S Bo:2:011:2 -115 32 = 00000000 00000000 00000000 00000000 00000000 00000000 00000000 00000000
ffff8e2301f33740 2325719846 C Bo:2:011:2 0 32 >
ffff8e2301f33740 2325719859 S Bo:2:011:2 -115 32 = 00000000 00000000 00000000 00000000 00000000 00000000 00000000 00000000
ffff8e2301f32240 2325722572 C Bo:2:011:2 0 32 >
ffff8e2301f32240 2325722583 S Bo:2:011:2 -115 8 = 00000000 0000b1f6
ffff8e2301f33740 2325725336 C Bo:2:011:2 0 32 >
ffff8e2301f32240 2325728053 C Bo:2:011:2 0 8 >
ffff8e2301f326c0 2325741915 C Bi:2:011:2 0 9 = a5570017 0001590a b2
ffff8e2301f326c0 2325741930 S Bi:2:011:2 -115 32 <
ffff8e2301f32240 2325743500 S Bo:2:011:2 -115 32 = a5570018 04000000 00000000 00000000 00000000 00000000 00000000 00000000
ffff8e2301f33740 2325743505 S Bo:2:011:2 -115 32 = 00000000 00000000 00000000 00000000 00000000 00000000 00000000 00000000
ffff8e2301f32240 2325743571 C Bo:2:011:2 0 32 >
ffff8e2301f32240 2325743574 S Bo:2:011:2 -115 32 = 00000000 00000000 00000000 00000000 00000000 00000000 00000000 00000000
ffff8e2301f33740 2325743614 C Bo:2:011:2 0 32 >
ffff8e2301f33740 2325743616 S Bo:2:011:2 -115 32 = 00000000 00000000 00000000 00000000 00000000 00000000 00000000 00000000
ffff8e2301f32240 2325746404 C Bo:2:011:2 0 32 >
ffff8e2301f32240 2325746414 S Bo:2:011:2 -115 32 = 00000000 00000000 00000000 00000000 00000000 00000000 00000000 00000000
ffff8e2301f33740 2325749186 C Bo:2:011:2 0 32 >
ffff8e2301f33740 2325749197 S Bo:2:011:2 -115 32 = 00000000 00000000 00000000 00000000 00000000 00000000 00000000 00000000
ffff8e2301f32240 2325751977 C Bo:2:011:2 0 32 >
ffff8e2301f32240 2325751995 S Bo:2:011:2 -115 32 = 00000000 00000000 00000000 00000000 00000000 00000000 00000000 00000000
ffff8e2301f33740 2325754731 C Bo:2:011:2 0 32 >
ffff8e2301f33740 2325754735 S Bo:2:011:2 -115 32 = 00000000 00000000 00000000 00000000 00000000 00000000 00000000 00000000
ffff8e2301f32240 2325757486 C Bo:2:011:2 0 32 >
ffff8e2301f32240 2325757489 S Bo:2:011:2 -115 32 = 00000000 00000000 00000000 00000000 00000000 00000000 00000000 00000000
ffff8e2301f33740 2325760259 C Bo:2:011:2 0 32 >
ffff8e2301f33740 2325760263 S Bo:2:011:2 -115 32 = 00000000 00000000 00000000 00000000 00000000 00000000 00000000 00000000
ffff8e2301f32240 2325763066 C Bo:2:011:2 0 32 >
ffff8e2301f32240 2325763070 S Bo:2:011:2 -115 32 = 00000000 00000000 00000000 00000000 00000000 00000000 00000000 00000000
ffff8e2301f33740 2325765830 C Bo:2:011:2 0 32 >
ffff8e2301f33740 2325765833 S Bo:2:011:2 -115 32 = 00000000 00000000 00000000 00000000 00000000 00000000 00000000 00000000
ffff8e2301f32240 2325768571 C Bo:2:011:2 0 32 >
ffff8e2301f32240 2325768576 S Bo:2:011:2 -115 32 = 00000000 00000000 00000000 00000000 00000000 00000000 00000000 00000000
ffff8e2301f33740 2325771327 C Bo:2:011:2 0 32 >
ffff8e2301f33740 2325771330 S Bo:2:011:2 -115 32 = 00000000 00000000 00000000 00000000 00000000 00000000 00000000 00000000
ffff8e2301f32240 2325774111 C Bo:2:011:2 0 32 >
ffff8e2301f32240 2325774113 S Bo:2:011:2 -115 32 = 00000000 00000000 00000000 00000000 00000000 00000000 00000000 00000000
ffff8e2301f33740 2325776899 C Bo:2:011:2 0 32 >
ffff8e2301f33740 2325776902 S Bo:2:011:2 -115 32 = 00000000 00000000 00000000 00000000 00000000 00000000 00000000 00000000
ffff8e2301f32240 2325779700 C Bo:2:011:2 0 32 >
ffff8e2301f32240 2325779703 S Bo:2:011:2 -115 32 = 00000000 00000000 00000000 00000000 00000000 00000000 00000000 00000000
ffff8e2301f33740 2325782414 C Bo:2:011:2 0 32 >
ffff8e2301f33740 2325782417 S Bo:2:011:2 -115 32 = 00000000 00000000 00000000 00000000 00000000 00000000 00000000 00000000
ffff8e2301f32240 2325785181 C Bo:2:011:2 0 32 >
ffff8e2301f32240 2325785184 S Bo:2:011:2 -115 32 = 00000000 00000000 00000000 00000000 00000000 00000000 00000000 00000000
ffff8e2301f33740 2325787983 C Bo:2:011:2 0 32 >
ffff8e2301f33740 2325787986 S Bo:2:011:2 -115 32 = 00000000 00000000 00000000 00000000 00000000 00000000 00000000 00000000
ffff8e2301f32240 2325790855 C Bo:2:011:2 0 32 >
ffff8e2301f32240 2325790861 S Bo:2:011:2 -115 32 = 00000000 00000000 00000000 00000000 00000000 00000000 00000000 00000000
ffff8e2301f33740 2325793562 C Bo:2:011:2 0 32 >
ffff8e2301f33740 2325793567 S Bo:2:011:2 -115 32 = 00000000 00000000 00000000 00000000 00000000 00000000 00000000 00000000
ffff8e2301f32240 2325796262 C Bo:2:011:2 0 32 >
ffff8e2301f32240 2325796267 S Bo:2:011:2 -115 32 = 00000000 00000000 00000000 00000000 00000000 00000000 00000000 00000000
ffff8e2301f33740 2325799052 C Bo:2:011:2 0 32 >
ffff8e2301f33740 2325799058 S Bo:2:011:2 -115 32 = 00000000 00000000 00000000 00000000 00000000 00000000 00000000 00000000
ffff8e2301f32240 2325801837 C Bo:2:011:2 0 32 >
ffff8e2301f32240 2325801840 S Bo:2:011:2 -115 32 = 00000000 00000000 00000000 00000000 00000000 00000000 00000000 00000000
ffff8e2301f33740 2325804629 C Bo:2:011:2 0 32 >
ffff8e2301f33740 2325804632 S Bo:2:011:2 -115 32 = 00000000 00000000 00000000 00000000 00000000 00000000 00000000 00000000
ffff8e2301f32240 2325807348 C Bo:2:011:2 0 32 >
ffff8e2301f32240 2325807356 S Bo:2:011:2 -115 32 = 00000000 00000000 00000000 00000000 00000000 00000000 00000000 00000000
ffff8e2301f33740 2325810116 C Bo:2:011:2 0 32 >
ffff8e2301f33740 2325810123 S Bo:2:011:2 -115 32 = 00000000 00000000 00000000 00000000 00000000 00000000 00000000 00000000
ffff8e2301f32240 2325812917 C Bo:2:011:2 0 32 >
ffff8e2301f32240 2325812924 S Bo:2:011:2 -115 32 = 00000000 00000000 00000000 00000000 00000000 00000000 00000000 00000000
ffff8e2301f33740 2325815664 C Bo:2:011:2 0 32 >
ffff8e2301f33740 2325815672 S Bo:2:011:2 -115 32 = 00000000 00000000 00000000 00000000 00000000 00000000 00000000 00000000
ffff8e2301f32240 2325818636 C Bo:2:011:2 0 32 >
ffff8e2301f32240 2325818643 S Bo:2:011:2 -115 32 = 00000000 00000000 00000000 00000000 00000000 00000000 00000000 00000000
ffff8e2301f33740 2325821195 C Bo:2:011:2 0 32 >
ffff8e2301f33740 2325821206 S Bo:2:011:2 -115 32 = 00000000 00000000 00000000 00000000 00000000 00000000 00000000 00000000
ffff8e2301f32240 2325824005 C Bo:2:011:2 0 32 >
ffff8e2301f32240 2325824021 S Bo:2:011:2 -115 8 = 00000000 0000ee93
ffff8e2301f33740 2325826835 C Bo:2:011:2 0 32 >
ffff8e2301f32240 2325829526 C Bo:2:011:2 0 8 >
ffff8e2302151980 2325834084 S Bo:2:002:2 -115 31 = 55534243 d10d0000 00000000 00000600 00000000 00000000 00000000 000000
ffff8e2302151980 2325834120 C Bo:2:002:2 0 31 >
ffff8e2302151980 2325834129 S Bi:2:002:1 -115 13 <
ffff8e2302151980 2325834176 C Bi:2:002:1 0 13 = 55534253 d10d0000 00000000 00
ffff8e2301f32e40 2325842873 C Bi:2:011:2 0 9 = a5570018 000159de 5c
ffff8e2301f32e40 2325842883 S Bi:2:011:2 -115 32 <
ffff8e2301f32240 2325844359 S Bo:2:011:2 -115 32 = a5570019 04000000 00000000 00000000 00000000 00000000 00000000 00000000
ffff8e2301f33740 2325844363 S Bo:2:011:2 -115 32 = 00000000 00000000 00000000 00000000 00000000 00000000 00000000 00000000
ffff8e2301f32240 2325844423 C Bo:2:011:2 0 32 >
ffff8e2301f32240 2325844427 S Bo:2:011:2 -115 32 = 00000000 00000000 00000000 00000000 00000000 00000000 00000000 00000000
ffff8e2301f33740 2325844469 C Bo:2:011:2 0 32 >
ffff8e2301f33740 2325844470 S Bo:2:011:2 -115 32 = 00000000 00000000 00000000 00000000 00000000 00000000 00000000 00000000
ffff8e2301f32240 2325847262 C Bo:2:011:2 0 32 >
ffff8e2301f32240 2325847268 S Bo:2:011:2 -115 32 = 00000000 00000000 00000000 00000000 00000000 00000000 00000000 00000000
ffff8e2301f33740 2325850040 C Bo:2:011:2 0 32 >
ffff8e2301f33740 2325850044 S Bo:2:011:2 -115 32 = 00000000 00000000 00000000 00000000 00000000 00000000 00000000 00000000
ffff8e2301f32240 2325852825 C Bo:2:011:2 0 32 >
ffff8e2301f32240 2325852828 S Bo:2:011:2 -115 32 = 00000000 00000000 00000000 00000000 00000000 00000000 00000000 00000000
ffff8e2301f33740 2325855576 C Bo:2:011:2 0 32 >
ffff8e2301f33740 2325855584 S Bo:2:011:2 -115 32 = 00000000 00000000 00000000 00000000 00000000 00000000 00000000 00000000
ffff8e2301f32240 2325858379 C Bo:2:011:2 0 32 >
ffff8e2301f32240 2325858386 S Bo:2:011:2 -115 32 = 00000000 00000000 00000000 00000000 00000000 00000000 00000000 00000000
ffff8e2301f33740 2325861110 C Bo:2:011:2 0 32 >
ffff8e2301f33740 2325861117 S Bo:2:011:2 -115 32 = 00000000 00000000 00000000 00000000 00000000 00000000 00000000 00000000
ffff8e2301f32240 2325863915 C Bo:2:011:2 0 32 >
ffff8e2301f32240 2325863922 S Bo:2:011:2 -115 32 = 00000000 00000000 00000000 00000000 00000000 00000000 00000000 00000000
ffff8e2301f33740 2325866699 C Bo:2:011:2 0 32 >
ffff8e2301f33740 2325866706 S Bo:2:011:2 -115 32 = 00000000 00000000 00000000 00000000 00000000 00000000 00000000 00000000
ffff8e2301f32240 2325869414 C Bo:2:011:2 0 32 >
ffff8e2301f32240 2325869421 S Bo:2:011:2 -115 32 = 00000000 00000000 00000000 00000000 00000000 00000000 00000000 00000000
ffff8e2301f33740 2325872181 C Bo:2:011:2 0 32 >
ffff8e2301f33740 2325872186 S Bo:2:011:2 -115 32 = 00000000 00000000 00000000 00000000 00000000 00000000 00000000 00000000
ffff8e2301f32240 2325874992 C Bo:2:011:2 0 32 >
ffff8e2301f32240 2325874999 S Bo:2:011:2 -115 32 = 00000000 00000000 00000000 00000000 00000000 00000000 00000000 00000000
ffff8e2301f33740 2325877846 C Bo:2:011:2 0 32 >
ffff8e2301f33740 2325877853 S Bo:2:011:2 -115 32 = 00000000 00000000 00000000 00000000 00000000 00000000 00000000 00000000
ffff8e2301f32240 2325880541 C Bo:2:011:2 0 32 >
ffff8e2301f32240 2325880544 S Bo:2:011:2 -115 32 = 00000000 00000000 00000000 00000000 00000000 00000000 00000000 00000000
ffff8e2301f33740 2325883290 C Bo:2:011:2 0 32 >
ffff8e2301f33740 2325883293 S Bo:2:011:2 -115 32 = 00000000 00000000 00000000 00000000 00000000 00000000 00000000 00000000
ffff8e2301f32240 2325886046 C Bo:2:011:2 0 32 >
ffff8e2301f32240 2325886048 S Bo:2:011:2 -115 32 = 00000000 00000000 00000000 00000000 00000000 00000000 00000000 00000000
ffff8e2301f33740 2325888890 C Bo:2:011:2 0 32 >
ffff8e2301f33740 2325888893 S Bo:2:011:2 -115 32 = 00000000 00000000 00000000 00000000 00000000 00000000 00000000 00000000
ffff8e2301f32240 2325891630 C Bo:2:011:2 0 32 >
ffff8e2301f32240 2325891633 S Bo:2:011:2 -115 32 = 00000000 00000000 00000000 00000000 00000000 00000000 00000000 00000000
ffff8e2301f33740 2325894347 C Bo:2:011:2 0 32 >
ffff8e2301f33740 2325894350 S Bo:2:011:2 -115 32 = 00000000 00000000 00000000 0000a310 a310ffff ffffffff ffffffff ffff9fff
ffff8e2301f32240 2325897143 C Bo:2:011:2 0 32 >
ffff8e2301f32240 2325897146 S Bo:2:011:2 -115 32 = 5fffffff ffffffff 9fffbfff ffffffff ffffa310 00000000 00000000 00000000
ffff8e2301f33740 2325899906 C Bo:2:011:2 0 32 >
ffff8e2301f33740 2325899913 S Bo:2:011:2 -115 32 = 00000000 00000000 00000000 00000000 00000000 00000000 00000000 00000000
ffff8e2301f32240 2325902681 C Bo:2:011:2 0 32 >
ffff8e2301f32240 2325902685 S Bo:2:011:2 -115 32 = 00000000 00000000 00000000 00000000 00000000 00000000 00000000 00000000
ffff8e2301f33740 2325905452 C Bo:2:011:2 0 32 >
ffff8e2301f33740 2325905455 S Bo:2:011:2 -115 32 = 00000000 00000000 00000000 00000000 00000000 00000000 00000000 00000000
ffff8e2301f32240 2325908189 C Bo:2:011:2 0 32 >
ffff8e2301f32240 2325908192 S Bo:2:011:2 -115 32 = 00000000 00000000 00000000 00000000 00000000 00000000 00000000 00000000
ffff8e2301f33740 2325910969 C Bo:2:011:2 0 32 >
ffff8e2301f33740 2325910973 S Bo:2:011:2 -115 32 = 00000000 00000000 00000000 00000000 00000000 00000000 00000000 00000000
ffff8e2301f32240 2325913838 C Bo:2:011:2 0 32 >
ffff8e2301f32240 2325913841 S Bo:2:011:2 -115 32 = 00000000 00000000 00000000 00000000 00000000 00000000 00000000 00000000
ffff8e2301f33740 2325916561 C Bo:2:011:2 0 32 >
ffff8e2301f33740 2325916564 S Bo:2:011:2 -115 32 = 00000000 00000000 00000000 00000000 00000000 00000000 00000000 00000000
ffff8e2301f32240 2325919327 C Bo:2:011:2 0 32 >
ffff8e2301f32240 2325919330 S Bo:2:011:2 -115 32 = 00000000 00000000 00000000 00000000 00000000 00000000 00000000 00000000
ffff8e2301f33740 2325922046 C Bo:2:011:2 0 32 >
ffff8e2301f33740 2325922049 S Bo:2:011:2 -115 32 = 00000000 00000000 00000000 00000000 00000000 00000000 00000000 00000000
ffff8e2301f32240 2325924828 C Bo:2:011:2 0 32 >
ffff8e2301f32240 2325924831 S Bo:2:011:2 -115 8 = 00000000 00009eca
ffff8e2301f33740 2325927595 C Bo:2:011:2 0 32 >
ffff8e2301f32240 2325930358 C Bo:2:011:2 0 8 >
ffff8e2301f326c0 2325943815 C Bi:2:011:2 0 9 = a5570019 000159a8 e8
ffff8e2301f326c0 2325943821 S Bi:2:011:2 -115 32 <
ffff8e2301f32240 2325945055 S Bo:2:011:2 -115 32 = a557001a 04000000 00000000 00000000 00000000 00000000 00000000 00000000
ffff8e2301f33740 2325945063 S Bo:2:011:2 -115 32 = 00000000 00000000 00000000 00000000 00000000 00000000 00000000 00000000
ffff8e2301f32240 2325945124 C Bo:2:011:2 0 32 >
ffff8e2301f32240 2325945128 S Bo:2:011:2 -115 32 = 00000000 00000000 00000000 00000000 00000000 00000000 00000000 00000000
ffff8e2301f33740 2325945168 C Bo:2:011:2 0 32 >
ffff8e2301f33740 2325945169 S Bo:2:011:2 -115 32 = 00000000 00000000 00000000 00000000 00000000 00000000 00000000 00000000
ffff8e2301f32240 2325947987 C Bo:2:011:2 0 32 >
ffff8e2301f32240 2325947994 S Bo:2:011:2 -115 32 = 00000000 0000a310 0000a310 a310ffff ffffffff ffffffff ffffffff 9fffbfff
ffff8e2301f33740 2325950847 C Bo:2:011:2 0 32 >
ffff8e2301f33740 2325950854 S Bo:2:011:2 -115 32 = ffffffff ffff5fff 9fff9fff 5fffffff ffffffff a3100000 00000000 00000000
ffff8e2301f32240 2325953521 C Bo:2:011:2 0 32 >
ffff8e2301f32240 2325953525 S Bo:2:011:2 -115 32 = 00000000 00000000 00000000 00000000 00000000 00000000 00000000 00000000
ffff8e2301f33740 2325956261 C Bo:2:011:2 0 32 >
ffff8e2301f33740 2325956268 S Bo:2:011:2 -115 32 = 00000000 00000000 00000000 00000000 00000000 00000000 00000000 00000000
ffff8e2301f32240 2325959041 C Bo:2:011:2 0 32 >
ffff8e2301f32240 2325959048 S Bo:2:011:2 -115 32 = 00000000 00000000 00000000 00000000 00000000 00000000 00000000 00000000
ffff8e2301f33740 2325961855 C Bo:2:011:2 0 32 >
ffff8e2301f33740 2325961862 S Bo:2:011:2 -115 32 = 00000000 00000000 00000000 00000000 00000000 00000000 00000000 00000000
ffff8e2301f32240 2325964569 C Bo:2:011:2 0 32 >
ffff8e2301f32240 2325964576 S Bo:2:011:2 -115 32 = 00000000 00000000 00000000 00000000 00000000 00000000 00000000 00000000
ffff8e2301f33740 2325967356 C Bo:2:011:2 0 32 >
ffff8e2301f33740 2325967363 S Bo:2:011:2 -115 32 = 00000000 00000000 00000000 00000000 00000000 00000000 00000000 00000000
ffff8e2301f32240 2325970144 C Bo:2:011:2 0 32 >
ffff8e2301f32240 2325970151 S Bo:2:011:2 -115 32 = 00000000 00000000 00000000 00000000 00000000 00000000 00000000 00000000
ffff8e2301f33740 2325972916 C Bo:2:011:2 0 32 >
ffff8e2301f33740 2325972923 S Bo:2:011:2 -115 32 = 00000000 00000000 00000000 00000000 00000000 00000000 00000000 00000000
ffff8e2301f32240 2325975665 C Bo:2:011:2 0 32 >
ffff8e2301f32240 2325975672 S Bo:2:011:2 -115 32 = 00000000 00000000 00000000 00000000 00000000 00000000 00000000 00000000
ffff8e2301f33740 2325978491 C Bo:2:011:2 0 32 >
ffff8e2301f33740 2325978499 S Bo:2:011:2 -115 32 = 00000000 00000000 00000000 00000000 00000000 00000000 00000000 00000000
ffff8e2301f32240 2325981221 C Bo:2:011:2 0 32 >
ffff8e2301f32240 2325981235 S Bo:2:011:2 -115 32 = 00000000 00000000 00000000 00000000 00000000 00000000 00000000 00000000
ffff8e2301f33740 2325984005 C Bo:2:011:2 0 32 >
ffff8e2301f33740 2325984018 S Bo:2:011:2 -115 32 = 00000000 00000000 00000000 00000000 00000000 00000000 00000000 00000000
ffff8e2301f32240 2325986857 C Bo:2:011:2 0 32 >
ffff8e2301f32240 2325986869 S Bo:2:011:2 -115 32 = 00000000 00000000 00000000 00000000 00000000 00000000 00000000 00000000
ffff8e2301f33740 2325989579 C Bo:2:011:2 0 32 >
ffff8e2301f33740 2325989592 S Bo:2:011:2 -115 32 = 0000a310 a310ffff a310ffff a310ffff ffffffff ffffffff ffffffff 5fffffff
ffff8e2301f32240 2325992292 C Bo:2:011:2 0 32 >
ffff8e2301f32240 2325992305 S Bo:2:011:2 -115 32 = ffffffff ffff3fff ffffffff 9fffffff ffffffff a310a310 00000000 00000000
ffff8e2301f33740 2325995073 C Bo:2:011:2 0 32 >
ffff8e2301f33740 2325995084 S Bo:2:011:2 -115 32 = 00000000 00000000 00000000 00000000 00000000 00000000 00000000 00000000
ffff8e2301f32240 2325997882 C Bo:2:011:2 0 32 >
ffff8e2301f32240 2325997895 S Bo:2:011:2 -115 32 = 00000000 00000000 00000000 00000000 00000000 00000000 00000000 00000000
ffff8e2301f33740 2326000625 C Bo:2:011:2 0 32 >
ffff8e2301f33740 2326000630 S Bo:2:011:2 -115 32 = 00000000 00000000 00000000 00000000 00000000 00000000 00000000 00000000
ffff8e2301f32240 2326003427 C Bo:2:011:2 0 32 >
ffff8e2301f32240 2326003432 S Bo:2:011:2 -115 32 = 00000000 00000000 00000000 00000000 00000000 00000000 00000000 00000000
ffff8e2301f33740 2326006147 C Bo:2:011:2 0 32 >
ffff8e2301f33740 2326006152 S Bo:2:011:2 -115 32 = 00000000 00000000 00000000 00000000 00000000 00000000 00000000 00000000
ffff8e2301f32240 2326008929 C Bo:2:011:2 0 32 >
ffff8e2301f32240 2326008934 S Bo:2:011:2 -115 32 = 00000000 00000000 00000000 00000000 00000000 00000000 00000000 00000000
ffff8e2301f33740 2326011659 C Bo:2:011:2 0 32 >
ffff8e2301f33740 2326011665 S Bo:2:011:2 -115 32 = 00000000 00000000 00000000 00000000 00000000 00000000 00000000 00000000
ffff8e2301f32240 2326014508 C Bo:2:011:2 0 32 >
ffff8e2301f32240 2326014513 S Bo:2:011:2 -115 32 = 00000000 00000000 00000000 00000000 00000000 00000000 00000000 00000000
ffff8e2301f33740 2326017273 C Bo:2:011:2 0 32 >
ffff8e2301f33740 2326017277 S Bo:2:011:2 -115 32 = 00000000 00000000 00000000 00000000 00000000 00000000 00000000 00000000
ffff8e2301f32240 2326019998 C Bo:2:011:2 0 32 >
ffff8e2301f32240 2326020003 S Bo:2:011:2 -115 32 = 00000000 00000000 00000000 00000000 00000000 00000000 00000000 00000000
ffff8e2301f33740 2326022859 C Bo:2:011:2 0 32 >
ffff8e2301f33740 2326022864 S Bo:2:011:2 -115 32 = 00000000 00000000 00000000 00000000 00000000 00000000 00000000 00000000
ffff8e2301f32240 2326025538 C Bo:2:011:2 0 32 >
ffff8e2301f32240 2326025543 S Bo:2:011:2 -115 8 = 00000000 00006db3
ffff8e2301f33740 2326028293 C Bo:2:011:2 0 32 >
ffff8e2301f32240 2326031077 C Bo:2:011:2 0 8 >
ffff8e2301f32e40 2326044890 C Bi:2:011:2 0 9 = a557001a 00015933 34
ffff8e2301f32e40 2326044896 S Bi:2:011:2 -115 32 <
ffff8e2301f32240 2326046271 S Bo:2:011:2 -115 32 = a557001b 04000000 00000000 00000000 00000000 00000000 00000000 00000000
ffff8e2301f33740 2326046277 S Bo:2:011:2 -115 32 = 00000000 00000000 00000000 00000000 00000000 00000000 00000000 00000000
ffff8e2301f32240 2326046341 C Bo:2:011:2 0 32 >
ffff8e2301f32240 2326046344 S Bo:2:011:2 -115 32 = a310ffff ffffffff ffffffff ffffffff ffffffff dfffdfff 5fff3fff 3fff7fff
ffff8e2301f33740 2326046384 C Bo:2:011:2 0 32 >
ffff8e2301f33740 2326046385 S Bo:2:011:2 -115 32 = ffffffff ffffffff ffffffff ffffffff ffffffff ffffffff a3100000 00000000
ffff8e2301f32240 2326049197 C Bo:2:011:2 0 32 >
ffff8e2301f32240 2326049210 S Bo:2:011:2 -115 32 = 00000000 0000a310 a310a310 a3100000 00000000 00000000 00000000 00000000
ffff8e2301f33740 2326051934 C Bo:2:011:2 0 32 >
ffff8e2301f33740 2326051945 S Bo:2:011:2 -115 32 = 00000000 00000000 00000000 00000000 00000000 00000000 00000000 00000000
ffff8e2301f32240 2326054715 C Bo:2:011:2 0 32 >
ffff8e2301f32240 2326054728 S Bo:2:011:2 -115 32 = 00000000 00000000 00000000 00000000 00000000 00000000 00000000 00000000
ffff8e2301f33740 2326057509 C Bo:2:011:2 0 32 >
ffff8e2301f33740 2326057522 S Bo:2:011:2 -115 32 = 00000000 00000000 00000000 00000000 00000000 00000000 00000000 00000000
ffff8e2301f32240 2326060288 C Bo:2:011:2 0 32 >
ffff8e2301f32240 2326060299 S Bo:2:011:2 -115 32 = 00000000 00000000 00000000 00000000 00000000 00000000 00000000 00000000
ffff8e2301f33740 2326063072 C Bo:2:011:2 0 32 >
ffff8e2301f33740 2326063084 S Bo:2:011:2 -115 32 = 00000000 00000000 00000000 00000000 00000000 00000000 00000000 00000000
ffff8e2301f32240 2326065861 C Bo:2:011:2 0 32 >
ffff8e2301f32240 2326065874 S Bo:2:011:2 -115 32 = 00000000 00000000 00000000 00000000 00000000 00000000 00000000 00000000
ffff8e2301f33740 2326068580 C Bo:2:011:2 0 32 >
ffff8e2301f33740 2326068591 S Bo:2:011:2 -115 32 = 00000000 00000000 00000000 00000000 00000000 00000000 00000000 00000000
ffff8e2301f32240 2326071360 C Bo:2:011:2 0 32 >
ffff8e2301f32240 2326071371 S Bo:2:011:2 -115 32 = 00000000 00000000 00000000 00000000 00000000 00000000 00000000 00000000
ffff8e2301f33740 2326074143 C Bo:2:011:2 0 32 >
ffff8e2301f33740 2326074154 S Bo:2:011:2 -115 32 = 00000000 00000000 00000000 00000000 00000000 00000000 00000000 00000000
ffff8e2301f32240 2326076929 C Bo:2:011:2 0 32 >
ffff8e2301f32240 2326076942 S Bo:2:011:2 -115 32 = 00000000 00000000 00000000 00000000 00000000 00000000 00000000 00000000
ffff8e2301f33740 2326079649 C Bo:2:011:2 0 32 >
ffff8e2301f33740 2326079662 S Bo:2:011:2 -115 32 = 00000000 00000000 00000000 00000000 00000000 00000000 00000000 00000000
ffff8e2301f32240 2326082465 C Bo:2:011:2 0 32 >
ffff8e2301f32240 2326082477 S Bo:2:011:2 -115 32 = 00000000 00000000 00000000 00000000 00000000 00000000 00000000 00000000
ffff8e2301f33740 2326085213 C Bo:2:011:2 0 32 >
ffff8e2301f33740 2326085224 S Bo:2:011:2 -115 32 = a310ffff ffffffff ffffffff ffffffff ffff9fff 3fff3fff 1fff1fff 5ffffffe
ffff8e2301f32240 2326087998 C Bo:2:011:2 0 32 >
ffff8e2301f32240 2326088011 S Bo:2:011:2 -115 32 = ffffffff ffffffff ffffffff ffffdfff ffffffff ffffffff a3100000 00000000
ffff8e2301f33740 2326090859 C Bo:2:011:2 0 32 >
ffff8e2301f33740 2326090872 S Bo:2:011:2 -115 32 = 0000a310 a310ffff ffffffff ffffa310 a3100000 00000000 00000000 00000000
ffff8e2301f32240 2326093512 C Bo:2:011:2 0 32 >
ffff8e2301f32240 2326093523 S Bo:2:011:2 -115 32 = 00000000 00000000 00000000 00000000 00000000 00000000 00000000 00000000
ffff8e2301f33740 2326096293 C Bo:2:011:2 0 32 >
ffff8e2301f33740 2326096304 S Bo:2:011:2 -115 32 = 00000000 00000000 00000000 00000000 00000000 00000000 00000000 00000000
ffff8e2301f32240 2326099075 C Bo:2:011:2 0 32 >
ffff8e2301f32240 2326099087 S Bo:2:011:2 -115 32 = 00000000 00000000 00000000 00000000 00000000 00000000 00000000 00000000
ffff8e2301f33740 2326101850 C Bo:2:011:2 0 32 >
ffff8e2301f33740 2326101863 S Bo:2:011:2 -115 32 = 00000000 00000000 00000000 00000000 00000000 00000000 00000000 00000000
ffff8e2301f32240 2326104648 C Bo:2:011:2 0 32 >
ffff8e2301f32240 2326104661 S Bo:2:011:2 -115 32 = 00000000 00000000 00000000 00000000 00000000 00000000 00000000 00000000
ffff8e2301f33740 2326107359 C Bo:2:011:2 0 32 >
ffff8e2301f33740 2326107370 S Bo:2:011:2 -115 32 = 00000000 00000000 00000000 00000000 00000000 00000000 00000000 00000000
ffff8e2301f32240 2326110145 C Bo:2:011:2 0 32 >
ffff8e2301f32240 2326110158 S Bo:2:011:2 -115 32 = 00000000 00000000 00000000 00000000 00000000 00000000 00000000 00000000
ffff8e2301f33740 2326112915 C Bo:2:011:2 0 32 >
ffff8e2301f33740 2326112928 S Bo:2:011:2 -115 32 = 00000000 00000000 00000000 00000000 00000000 00000000 00000000 00000000
ffff8e2301f32240 2326115723 C Bo:2:011:2 0 32 >
ffff8e2301f32240 2326115734 S Bo:2:011:2 -115 32 = 00000000 00000000 00000000 00000000 00000000 00000000 00000000 00000000
ffff8e2301f33740 2326118434 C Bo:2:011:2 0 32 >
ffff8e2301f33740 2326118445 S Bo:2:011:2 -115 32 = 00000000 00000000 00000000 00000000 00000000 00000000 00000000 00000000
ffff8e2301f32240 2326121212 C Bo:2:011:2 0 32 >
ffff8e2301f32240 2326121226 S Bo:2:011:2 -115 32 = 00000000 00000000 00000000 00000000 00000000 00000000 00000000 00000000
ffff8e2301f33740 2326123987 C Bo:2:011:2 0 32 >
ffff8e2301f33740 2326123999 S Bo:2:011:2 -115 32 = 00000000 00000000 00000000 00000000 00000000 00000000 00000000 0000a310
ffff8e2301f32240 2326126856 C Bo:2:011:2 0 32 >
ffff8e2301f32240 2326126869 S Bo:2:011:2 -115 8 = ffffffff ffffcb2a
ffff8e2301f33740 2326129564 C Bo:2:011:2 0 32 >
ffff8e2301f32240 2326132270 C Bo:2:011:2 0 8 >
ffff8e2301f326c0 2326145846 C Bi:2:011:2 0 9 = a557001b 00015945 80
ffff8e2301f326c0 2326145861 S Bi:2:011:2 -115 32 <
ffff8e2301f32240 2326146871 S Bo:2:011:2 -115 32 = a557001c 04007fff ffff9fff ffffffff ffff7fff dffe1fff 7ffffffe 3fff1fff
ffff8e2301f33740 2326146876 S Bo:2:011:2 -115 32 = 5fffffff ffff3fff bfff1fff 9fff5fff dfffbfff ffffffff ffffa310 a3100000
ffff8e2301f32240 2326146947 C Bo:2:011:2 0 32 >
ffff8e2301f32240 2326146950 S Bo:2:011:2 -115 32 = a310ffff ffffffff ffffffff ffffffff ffffa310 a3100000 00000000 00000000
ffff8e2301f33740 2326146996 C Bo:2:011:2 0 32 >
ffff8e2301f33740 2326146998 S Bo:2:011:2 -115 32 = 00000000 00000000 00000000 00000000 00000000 00000000 00000000 00000000
ffff8e2301f32240 2326149871 C Bo:2:011:2 0 32 >
ffff8e2301f32240 2326149884 S Bo:2:011:2 -115 32 = 00000000 00000000 00000000 00000000 00000000 00000000 00000000 00000000
ffff8e2301f33740 2326152582 C Bo:2:011:2 0 32 >
ffff8e2301f33740 2326152595 S Bo:2:011:2 -115 32 = 00000000 00000000 00000000 00000000 00000000 00000000 00000000 00000000
ffff8e2301f32240 2326155358 C Bo:2:011:2 0 32 >
ffff8e2301f32240 2326155369 S Bo:2:011:2 -115 32 = 00000000 00000000 00000000 00000000 00000000 00000000 00000000 00000000
ffff8e2301f33740 2326158146 C Bo:2:011:2 0 32 >
ffff8e2301f33740 2326158159 S Bo:2:011:2 -115 32 = 00000000 00000000 00000000 00000000 00000000 00000000 00000000 00000000
ffff8e2301f32240 2326160902 C Bo:2:011:2 0 32 >
ffff8e2301f32240 2326160919 S Bo:2:011:2 -115 32 = 00000000 00000000 00000000 00000000 00000000 00000000 00000000 00000000
ffff8e2301f33740 2326163649 C Bo:2:011:2 0 32 >
ffff8e2301f33740 2326163662 S Bo:2:011:2 -115 32 = 00000000 00000000 00000000 00000000 00000000 00000000 00000000 00000000
ffff8e2301f32240 2326166428 C Bo:2:011:2 0 32 >
ffff8e2301f32240 2326166442 S Bo:2:011:2 -115 32 = 00000000 00000000 00000000 00000000 00000000 00000000 00000000 00000000
ffff8e2301f33740 2326169221 C Bo:2:011:2 0 32 >
ffff8e2301f33740 2326169232 S Bo:2:011:2 -115 32 = 00000000 00000000 00000000 00000000 00000000 00000000 00000000 00000000
ffff8e2301f32240 2326172007 C Bo:2:011:2 0 32 >
ffff8e2301f32240 2326172020 S Bo:2:011:2 -115 32 = 00000000 00000000 00000000 00000000 00000000 00000000 00000000 00000000
ffff8e2301f33740 2326174729 C Bo:2:011:2 0 32 >
ffff8e2301f33740 2326174742 S Bo:2:011:2 -115 32 = 00000000 00000000 00000000 00000000 00000000 00000000 00000000 00000000
ffff8e2301f32240 2326177554 C Bo:2:011:2 0 32 >
ffff8e2301f32240 2326177564 S Bo:2:011:2 -115 32 = 00000000 00000000 00000000 00000000 00000000 00000000 0000a310 a310ffff
ffff8e2301f33740 2326180295 C Bo:2:011:2 0 32 >
ffff8e2301f33740 2326180306 S Bo:2:011:2 -115 32 = ffffffff ffffdfff ffffffff 3fffffff ffff3fff fffebffe ffff3fff 9fff7fff
ffff8e2301f32240 2326183074 C Bo:2:011:2 0 32 >
ffff8e2301f32240 2326183086 S Bo:2:011:2 -115 32 = dfffffff ffffdffe fffe7ffe bffedffe 1fffffff ffffffff ffffffff ffffa310
ffff8e2301f33740 2326185856 C Bo:2:011:2 0 32 >
ffff8e2301f33740 2326185868 S Bo:2:011:2 -115 32 = a310ffff ffffffff ffffffff ffffffff ffffffff ffffa310 00000000 00000000
ffff8e2301f32240 2326188574 C Bo:2:011:2 0 32 >
ffff8e2301f32240 2326188586 S Bo:2:011:2 -115 32 = 00000000 00000000 00000000 00000000 00000000 00000000 00000000 00000000
ffff8e2301f33740 2326191395 C Bo:2:011:2 0 32 >
ffff8e2301f33740 2326191406 S Bo:2:011:2 -115 32 = 00000000 00000000 00000000 00000000 00000000 00000000 00000000 00000000
ffff8e2301f32240 2326194176 C Bo:2:011:2 0 32 >
ffff8e2301f32240 2326194189 S Bo:2:011:2 -115 32 = 00000000 00000000 00000000 00000000 00000000 00000000 00000000 00000000
ffff8e2301f33740 2326196930 C Bo:2:011:2 0 32 >
ffff8e2301f33740 2326196943 S Bo:2:011:2 -115 32 = 00000000 00000000 00000000 00000000 00000000 00000000 00000000 00000000
ffff8e2301f32240 2326199734 C Bo:2:011:2 0 32 >
ffff8e2301f32240 2326199745 S Bo:2:011:2 -115 32 = 00000000 00000000 00000000 00000000 00000000 00000000 00000000 00000000
ffff8e2301f33740 2326202429 C Bo:2:011:2 0 32 >
ffff8e2301f33740 2326202442 S Bo:2:011:2 -115 32 = 00000000 00000000 00000000 00000000 00000000 00000000 00000000 00000000
ffff8e2301f32240 2326205221 C Bo:2:011:2 0 32 >
ffff8e2301f32240 2326205235 S Bo:2:011:2 -115 32 = 00000000 00000000 00000000 00000000 00000000 00000000 00000000 00000000
ffff8e2301f33740 2326208006 C Bo:2:011:2 0 32 >
ffff8e2301f33740 2326208018 S Bo:2:011:2 -115 32 = 00000000 00000000 00000000 00000000 00000000 00000000 00000000 00000000
ffff8e2301f32240 2326210859 C Bo:2:011:2 0 32 >
ffff8e2301f32240 2326210872 S Bo:2:011:2 -115 32 = 00000000 00000000 00000000 00000000 00000000 00000000 00000000 00000000
ffff8e2301f33740 2326213520 C Bo:2:011:2 0 32 >
ffff8e2301f33740 2326213533 S Bo:2:011:2 -115 32 = 00000000 00000000 00000000 00000000 00000000 00000000 00000000 00000000
ffff8e2301f32240 2326216291 C Bo:2:011:2 0 32 >
ffff8e2301f32240 2326216304 S Bo:2:011:2 -115 32 = 00000000 00000000 00000000 00000000 00000000 00000000 00000000 00000000
ffff8e2301f33740 2326219073 C Bo:2:011:2 0 32 >
ffff8e2301f33740 2326219085 S Bo:2:011:2 -115 32 = 00000000 00000000 00000000 a310a310 00000000 a310a310 a310ffff ffffffff
ffff8e2301f32240 2326221871 C Bo:2:011:2 0 32 >
ffff8e2301f32240 2326221883 S Bo:2:011:2 -115 32 = ffffffff bfff7fff 1fff5fff 5fffffff ffffffff 1fff3fff ffffffff ffff3fff
ffff8e2301f33740 2326224598 C Bo:2:011:2 0 32 >
ffff8e2301f33740 2326224611 S Bo:2:011:2 -115 32 = dfffffff ffff9ffe dffe9ffe 9ffebffe 1fff9fff ffffffff ffffffff ffffffff
ffff8e2301f32240 2326227358 C Bo:2:011:2 0 32 >
ffff8e2301f32240 2326227371 S Bo:2:011:2 -115 8 = ffffffff ffff153f
ffff8e2301f33740 2326230143 C Bo:2:011:2 0 32 >
ffff8e2301f32240 2326232893 C Bo:2:011:2 0 8 >
ffff8e2301f32e40 2326246847 C Bi:2:011:2 0 9 = a557001c 00015914 ad
ffff8e2301f32e40 2326246860 S Bi:2:011:2 -115 32 <
ffff8e2301f32240 2326248172 S Bo:2:011:2 -115 32 = a557001d 04007fff dfffbfff 7fffffff ffffffff ffffffff a3100000 00000000
ffff8e2301f33740 2326248176 S Bo:2:011:2 -115 32 = 00000000 00000000 00000000 00000000 00000000 00000000 00000000 00000000
ffff8e2301f32240 2326248241 C Bo:2:011:2 0 32 >
ffff8e2301f32240 2326248244 S Bo:2:011:2 -115 32 = 00000000 00000000 00000000 00000000 00000000 00000000 00000000 00000000
ffff8e2301f33740 2326248284 C Bo:2:011:2 0 32 >
ffff8e2301f33740 2326248286 S Bo:2:011:2 -115 32 = 00000000 00000000 00000000 00000000 00000000 00000000 00000000 00000000
ffff8e2301f32240 2326251055 C Bo:2:011:2 0 32 >
ffff8e2301f32240 2326251071 S Bo:2:011:2 -115 32 = 00000000 00000000 00000000 00000000 00000000 00000000 00000000 00000000
ffff8e2301f33740 2326253870 C Bo:2:011:2 0 32 >
ffff8e2301f33740 2326253883 S Bo:2:011:2 -115 32 = 00000000 00000000 00000000 00000000 00000000 00000000 00000000 00000000
ffff8e2301f32240 2326256649 C Bo:2:011:2 0 32 >
ffff8e2301f32240 2326256669 S Bo:2:011:2 -115 32 = 00000000 00000000 00000000 00000000 00000000 00000000 00000000 00000000
ffff8e2301f33740 2326259394 C Bo:2:011:2 0 32 >
ffff8e2301f33740 2326259405 S Bo:2:011:2 -115 32 = 00000000 00000000 00000000 00000000 00000000 00000000 00000000 00000000
ffff8e2301f32240 2326262197 C Bo:2:011:2 0 32 >
ffff8e2301f32240 2326262207 S Bo:2:011:2 -115 32 = 00000000 00000000 00000000 00000000 00000000 00000000 00000000 00000000
ffff8e2301f33740 2326264933 C Bo:2:011:2 0 32 >
ffff8e2301f33740 2326264945 S Bo:2:011:2 -115 32 = 00000000 00000000 00000000 00000000 00000000 00000000 00000000 a310a310
ffff8e2301f32240 2326267714 C Bo:2:011:2 0 32 >
ffff8e2301f32240 2326267725 S Bo:2:011:2 -115 32 = a310a310 a310a310 a3100000 00000000 00000000 00000000 00000000 00000000
ffff8e2301f33740 2326270510 C Bo:2:011:2 0 32 >
ffff8e2301f33740 2326270523 S Bo:2:011:2 -115 32 = 00000000 00000000 00000000 00000000 00000000 00000000 00000000 00000000
ffff8e2301f32240 2326273270 C Bo:2:011:2 0 32 >
ffff8e2301f32240 2326273283 S Bo:2:011:2 -115 32 = 00000000 00000000 a310a310 ffffffff a310a310 ffffffff ffffffff ffffffff
ffff8e2301f33740 2326276075 C Bo:2:011:2 0 32 >
ffff8e2301f33740 2326276086 S Bo:2:011:2 -115 32 = ffff9fff bfff1fff 1ffffffe dfff3fff ffffffff fffe1fff ffffdef6 7ffeffff
ffff8e2301f32240 2326278860 C Bo:2:011:2 0 32 >
ffff8e2301f32240 2326278872 S Bo:2:011:2 -115 32 = ffffffff fffffffe dffe9ffe 9ffe9ffe fffe1fff dfffffff 7fffffff ffffffff
ffff8e2301f33740 2326281574 C Bo:2:011:2 0 32 >
ffff8e2301f33740 2326281584 S Bo:2:011:2 -115 32 = ffffffff ffffdfff 7fff5fff 9fffffff ffffffff ffffffff a3100000 00000000
ffff8e2301f32240 2326284359 C Bo:2:011:2 0 32 >
ffff8e2301f32240 2326284371 S Bo:2:011:2 -115 32 = 00000000 00000000 00000000 00000000 00000000 00000000 00000000 00000000
ffff8e2301f33740 2326287144 C Bo:2:011:2 0 32 >
ffff8e2301f33740 2326287155 S Bo:2:011:2 -115 32 = 00000000 00000000 00000000 00000000 00000000 00000000 00000000 00000000
ffff8e2301f32240 2326289869 C Bo:2:011:2 0 32 >
ffff8e2301f32240 2326289880 S Bo:2:011:2 -115 32 = 00000000 00000000 00000000 00000000 00000000 00000000 00000000 00000000
ffff8e2301f33740 2326292664 C Bo:2:011:2 0 32 >
ffff8e2301f33740 2326292677 S Bo:2:011:2 -115 32 = 00000000 00000000 00000000 00000000 00000000 00000000 00000000 00000000
ffff8e2301f32240 2326295439 C Bo:2:011:2 0 32 >
ffff8e2301f32240 2326295452 S Bo:2:011:2 -115 32 = 00000000 00000000 00000000 00000000 00000000 00000000 00000000 00000000
ffff8e2301f33740 2326298214 C Bo:2:011:2 0 32 >
ffff8e2301f33740 2326298225 S Bo:2:011:2 -115 32 = 00000000 00000000 00000000 00000000 00000000 00000000 00000000 00000000
ffff8e2301f32240 2326301001 C Bo:2:011:2 0 32 >
ffff8e2301f32240 2326301016 S Bo:2:011:2 -115 32 = 00000000 00000000 00000000 00000000 00000000 00000000 00000000 00000000
ffff8e2301f33740 2326303714 C Bo:2:011:2 0 32 >
ffff8e2301f33740 2326303727 S Bo:2:011:2 -115 32 = 00000000 00000000 00000000 00000000 00000000 00000000 00000000 00000000
ffff8e2301f32240 2326306539 C Bo:2:011:2 0 32 >
ffff8e2301f32240 2326306550 S Bo:2:011:2 -115 32 = 00000000 00000000 00000000 00000000 00000000 00000000 a310a310 ffffffff
ffff8e2301f33740 2326309294 C Bo:2:011:2 0 32 >
ffff8e2301f33740 2326309305 S Bo:2:011:2 -115 32 = ffffffff ffffffff ffffa310 a310a310 00000000 00000000 00000000 00000000
ffff8e2301f32240 2326312051 C Bo:2:011:2 0 32 >
ffff8e2301f32240 2326312071 S Bo:2:011:2 -115 32 = 00000000 00000000 00000000 00000000 00000000 00000000 00000000 00000000
ffff8e2301f33740 2326314863 C Bo:2:011:2 0 32 >
ffff8e2301f33740 2326314876 S Bo:2:011:2 -115 32 = 00000000 0000a310 ffffffff ffffffff ffffffff ffffffff ffffffff ffffffff
ffff8e2301f32240 2326317574 C Bo:2:011:2 0 32 >
ffff8e2301f32240 2326317593 S Bo:2:011:2 -115 32 = ffff7fff fffffffe dffebffe 1fffdffe ffffffff 9ffe5fff dffe9ffe 3fffffff
ffff8e2301f33740 2326320359 C Bo:2:011:2 0 32 >
ffff8e2301f33740 2326320372 S Bo:2:011:2 -115 32 = ffffffff ffff7fff 9ffe3ffe 7ffe7ffe bffe1fff 3fff3fff 9fffffff ffffffff
ffff8e2301f32240 2326323146 C Bo:2:011:2 0 32 >
ffff8e2301f32240 2326323157 S Bo:2:011:2 -115 32 = ffff5fff 9fff5fff 1fff3fff 3fff3fff ffff9fff ffffffff ffffa310 00000000
ffff8e2301f33740 2326325940 C Bo:2:011:2 0 32 >
ffff8e2301f33740 2326325952 S Bo:2:011:2 -115 32 = 00000000 00000000 00000000 00000000 00000000 00000000 00000000 00000000
ffff8e2301f32240 2326328651 C Bo:2:011:2 0 32 >
ffff8e2301f32240 2326328663 S Bo:2:011:2 -115 8 = 00000000 0000d754
ffff8e2301f33740 2326331440 C Bo:2:011:2 0 32 >
ffff8e2301f32240 2326334197 C Bo:2:011:2 0 8 >
ffff8e2301f326c0 2326347716 C Bi:2:011:2 0 9 = a557001d 00015962 19
ffff8e2301f326c0 2326347731 S Bi:2:011:2 -115 32 <
ffff8e2301f32240 2326349127 S Bo:2:011:2 -115 32 = a557001e 04000000 00000000 00000000 00000000 00000000 00000000 00000000
ffff8e2301f33740 2326349131 S Bo:2:011:2 -115 32 = 00000000 00000000 00000000 00000000 00000000 00000000 00000000 00000000
ffff8e2301f32240 2326349197 C Bo:2:011:2 0 32 >
ffff8e2301f32240 2326349200 S Bo:2:011:2 -115 32 = 00000000 00000000 00000000 00000000 00000000 00000000 00000000 00000000
ffff8e2301f33740 2326349240 C Bo:2:011:2 0 32 >
ffff8e2301f33740 2326349241 S Bo:2:011:2 -115 32 = 00000000 00000000 00000000 00000000 00000000 00000000 00000000 00000000
ffff8e2301f32240 2326352074 C Bo:2:011:2 0 32 >
ffff8e2301f32240 2326352085 S Bo:2:011:2 -115 32 = 00000000 00000000 00000000 00000000 00000000 00000000 00000000 00000000
ffff8e2301f33740 2326354857 C Bo:2:011:2 0 32 >
ffff8e2301f33740 2326354870 S Bo:2:011:2 -115 32 = 00000000 00000000 00000000 00000000 00000000 00000000 00000000 00000000
ffff8e2301f32240 2326357609 C Bo:2:011:2 0 32 >
ffff8e2301f32240 2326357622 S Bo:2:011:2 -115 32 = 00000000 00000000 00000000 00000000 00000000 00000000 00000000 00000000
ffff8e2301f33740 2326360370 C Bo:2:011:2 0 32 >
ffff8e2301f33740 2326360383 S Bo:2:011:2 -115 32 = 00000000 00000000 00000000 00000000 a310a310 a310a310 ffffffff ffffffff
ffff8e2301f32240 2326363144 C Bo:2:011:2 0 32 >
ffff8e2301f32240 2326363155 S Bo:2:011:2 -115 32 = ffffffff ffffffff ffffffff ffffffff a310a310 a310a310 a310a310 00000000
ffff8e2301f33740 2326365909 C Bo:2:011:2 0 32 >
ffff8e2301f33740 2326365915 S Bo:2:011:2 -115 32 = 00000000 00000000 00000000 00000000 00000000 00000000 00000000 00000000
ffff8e2301f32240 2326368716 C Bo:2:011:2 0 32 >
ffff8e2301f32240 2326368729 S Bo:2:011:2 -115 32 = 0000a310 a310ffff ffffffff ffffffff ffffffff ffffffff ffffffff ffffffff
ffff8e2301f33740 2326371430 C Bo:2:011:2 0 32 >
ffff8e2301f33740 2326371441 S Bo:2:011:2 -115 32 = dfffffff 9fff7fff 9ffebffe 7ffe3fff ffffffff 7ef67fff dffe1ff6 9ffedff6
ffff8e2301f32240 2326374214 C Bo:2:011:2 0 32 >
ffff8e2301f32240 2326374226 S Bo:2:011:2 -115 32 = ffffffff ffffffff 3ffe3ffe 5ffe7ffe 9ffedffe 1fff1fff 1fffffff ffffffff
ffff8e2301f33740 2326377005 C Bo:2:011:2 0 32 >
ffff8e2301f33740 2326377016 S Bo:2:011:2 -115 32 = ffff9fff fffedffe fffe1fff 1fff5fff 9fffffff ffffffff a3100000 00000000
ffff8e2301f32240 2326379749 C Bo:2:011:2 0 32 >
ffff8e2301f32240 2326379762 S Bo:2:011:2 -115 32 = 00000000 00000000 00000000 00000000 00000000 00000000 00000000 00000000
ffff8e2301f33740 2326382499 C Bo:2:011:2 0 32 >
ffff8e2301f33740 2326382512 S Bo:2:011:2 -115 32 = 00000000 00000000 00000000 00000000 00000000 00000000 00000000 00000000
ffff8e2301f32240 2326385269 C Bo:2:011:2 0 32 >
ffff8e2301f32240 2326385281 S Bo:2:011:2 -115 32 = 00000000 00000000 00000000 00000000 00000000 00000000 00000000 00000000
ffff8e2301f33740 2326388076 C Bo:2:011:2 0 32 >
ffff8e2301f33740 2326388087 S Bo:2:011:2 -115 32 = 00000000 00000000 00000000 00000000 00000000 00000000 00000000 00000000
ffff8e2301f32240 2326390858 C Bo:2:011:2 0 32 >
ffff8e2301f32240 2326390870 S Bo:2:011:2 -115 32 = 00000000 00000000 00000000 00000000 00000000 00000000 00000000 00000000
ffff8e2301f33740 2326393648 C Bo:2:011:2 0 32 >
ffff8e2301f33740 2326393659 S Bo:2:011:2 -115 32 = 00000000 00000000 00000000 00000000 00000000 00000000 00000000 00000000
ffff8e2301f32240 2326396359 C Bo:2:011:2 0 32 >
ffff8e2301f32240 2326396370 S Bo:2:011:2 -115 32 = 00000000 00000000 00000000 00000000 00000000 00000000 00000000 00000000
ffff8e2301f33740 2326399148 C Bo:2:011:2 0 32 >
ffff8e2301f33740 2326399160 S Bo:2:011:2 -115 32 = 00000000 00000000 00000000 00000000 00000000 00000000 00000000 a3100000
ffff8e2301f32240 2326401955 C Bo:2:011:2 0 32 >
ffff8e2301f32240 2326401968 S Bo:2:011:2 -115 32 = 00000000 0000a310 a310a310 a310a310 ffffffff ffffffff ffffffff ffffffff
ffff8e2301f33740 2326404714 C Bo:2:011:2 0 32 >
ffff8e2301f33740 2326404727 S Bo:2:011:2 -115 32 = ffffffff ffffffff ffffffff ffffffff ffffffff ffffffff ffffffff a310a310
ffff8e2301f32240 2326407429 C Bo:2:011:2 0 32 >
ffff8e2301f32240 2326407440 S Bo:2:011:2 -115 32 = a310a310 a3100000 00000000 00000000 00000000 00000000 00000000 00000000
ffff8e2301f33740 2326410214 C Bo:2:011:2 0 32 >
ffff8e2301f33740 2326410225 S Bo:2:011:2 -115 32 = a310ffff ffffffff ffffffff 9fff9fff ffffffff ffff7fff 9fffffff 7fff5fff
ffff8e2301f32240 2326413004 C Bo:2:011:2 0 32 >
ffff8e2301f32240 2326413017 S Bo:2:011:2 -115 32 = ffff5fff ffffffff bffe7ffe 7ffe9ffe 1fffffff 7efe3fff 7ffffffd 7ffe9ffe
ffff8e2301f33740 2326415753 C Bo:2:011:2 0 32 >
ffff8e2301f33740 2326415764 S Bo:2:011:2 -115 32 = ffffffff ffffffff 3ffe1ffe 3ffe5ffe 7ffe9ffe dffefffe 1fffdfff ffffffff
ffff8e2301f32240 2326418519 C Bo:2:011:2 0 32 >
ffff8e2301f32240 2326418530 S Bo:2:011:2 -115 32 = 5fff7fff 9ffebffe bffe9fff 7fffdfff 5fffffff ffffffff a3100000 00000000
ffff8e2301f33740 2326421295 C Bo:2:011:2 0 32 >
ffff8e2301f33740 2326421309 S Bo:2:011:2 -115 32 = 00000000 00000000 00000000 00000000 00000000 00000000 00000000 00000000
ffff8e2301f32240 2326424076 C Bo:2:011:2 0 32 >
ffff8e2301f32240 2326424087 S Bo:2:011:2 -115 32 = 00000000 00000000 00000000 00000000 00000000 00000000 00000000 00000000
ffff8e2301f33740 2326426862 C Bo:2:011:2 0 32 >
ffff8e2301f33740 2326426874 S Bo:2:011:2 -115 32 = 00000000 00000000 00000000 00000000 00000000 00000000 00000000 00000000
ffff8e2301f32240 2326429610 C Bo:2:011:2 0 32 >
ffff8e2301f32240 2326429623 S Bo:2:011:2 -115 8 = 00000000 0000c652
ffff8e2301f33740 2326432432 C Bo:2:011:2 0 32 >
ffff8e2301f32240 2326435127 C Bo:2:011:2 0 8 >
ffff8e2301f32e40 2326448894 C Bi:2:011:2 0 9 = a557001e 000159f9 c5
ffff8e2301f32e40 2326448909 S Bi:2:011:2 -115 32 <
ffff8e2301f32240 2326449895 S Bo:2:011:2 -115 32 = a557001f 04000000 00000000 00000000 00000000 00000000 00000000 00000000
ffff8e2301f33740 2326449899 S Bo:2:011:2 -115 32 = 00000000 00000000 00000000 00000000 00000000 00000000 00000000 00000000
ffff8e2301f32240 2326449962 C Bo:2:011:2 0 32 >
ffff8e2301f32240 2326449965 S Bo:2:011:2 -115 32 = 00000000 00000000 00000000 00000000 00000000 00000000 00000000 00000000
ffff8e2301f33740 2326450017 C Bo:2:011:2 0 32 >
ffff8e2301f33740 2326450018 S Bo:2:011:2 -115 32 = 00000000 00000000 00000000 00000000 00000000 00000000 00000000 00000000
ffff8e2301f32240 2326452867 C Bo:2:011:2 0 32 >
ffff8e2301f32240 2326452879 S Bo:2:011:2 -115 32 = 00000000 00000000 00000000 00000000 00000000 00000000 a310a310 ffffa310
ffff8e2301f33740 2326455609 C Bo:2:011:2 0 32 >
ffff8e2301f33740 2326455620 S Bo:2:011:2 -115 32 = a310a310 a310ffff ffffffff ffffffff ffffffff ffffffff ffffffff 9ff73fef
ffff8e2301f32240 2326458362 C Bo:2:011:2 0 32 >
ffff8e2301f32240 2326458375 S Bo:2:011:2 -115 32 = 3fef3fef 5fef7ff7 9ff7ffff ffffffff ffffffff ffffffff ffffffff ffffffff
ffff8e2301f33740 2326461120 C Bo:2:011:2 0 32 >
ffff8e2301f33740 2326461131 S Bo:2:011:2 -115 32 = ffffffff ffffa310 a3100000 00000000 00000000 00000000 00000000 00000000
ffff8e2301f32240 2326463937 C Bo:2:011:2 0 32 >
ffff8e2301f32240 2326463947 S Bo:2:011:2 -115 32 = a310ffff ffffffff ffffffff ffffffff ffffffff 5fffffff 5fff5fff 5fff5fff
ffff8e2301f33740 2326466715 C Bo:2:011:2 0 32 >
ffff8e2301f33740 2326466725 S Bo:2:011:2 -115 32 = 5fff9fff ffffffff fffe5ffe 5ffe9ffe 7ff6ffff ffff5ffe 7fff1ef6 3ffe5ffe
ffff8e2301f32240 2326469430 C Bo:2:011:2 0 32 >
ffff8e2301f32240 2326469442 S Bo:2:011:2 -115 32 = ffffffff ffffffff 1ff61ffe 1ffe3ffe 5ffe7ffe 9ffebffe 5fff3fff ffff5fff
ffff8e2301f33740 2326472216 C Bo:2:011:2 0 32 >
ffff8e2301f33740 2326472227 S Bo:2:011:2 -115 32 = 1fff7ffe 7ffe9ffe fffebfff ffff7fff ffffffff ffffffff ffffa310 00000000
ffff8e2301f32240 2326475004 C Bo:2:011:2 0 32 >
ffff8e2301f32240 2326475017 S Bo:2:011:2 -115 32 = 00000000 00000000 00000000 00000000 00000000 00000000 00000000 00000000
ffff8e2301f33740 2326477753 C Bo:2:011:2 0 32 >
ffff8e2301f33740 2326477766 S Bo:2:011:2 -115 32 = 00000000 00000000 00000000 00000000 00000000 00000000 00000000 00000000
ffff8e2301f32240 2326480575 C Bo:2:011:2 0 32 >
ffff8e2301f32240 2326480586 S Bo:2:011:2 -115 32 = 00000000 00000000 00000000 00000000 00000000 00000000 00000000 00000000
ffff8e2301f33740 2326483337 C Bo:2:011:2 0 32 >
ffff8e2301f33740 2326483348 S Bo:2:011:2 -115 32 = 00000000 00000000 00000000 00000000 00000000 00000000 00000000 00000000
ffff8e2301f32240 2326486079 C Bo:2:011:2 0 32 >
ffff8e2301f32240 2326486090 S Bo:2:011:2 -115 32 = 00000000 00000000 00000000 00000000 00000000 00000000 00000000 00000000
ffff8e2301f33740 2326488868 C Bo:2:011:2 0 32 >
ffff8e2301f33740 2326488880 S Bo:2:011:2 -115 32 = 00000000 00000000 00000000 00000000 00000000 00000000 00000000 00000000
ffff8e2301f32240 2326491609 C Bo:2:011:2 0 32 >
ffff8e2301f32240 2326491622 S Bo:2:011:2 -115 32 = 00000000 00000000 00000000 00000000 00000000 00000000 00000000 00000000
ffff8e2301f33740 2326494374 C Bo:2:011:2 0 32 >
ffff8e2301f33740 2326494387 S Bo:2:011:2 -115 32 = 00000000 00000000 00000000 a310a310 00000000 0000a310 ffffffff ffffffff
ffff8e2301f32240 2326497199 C Bo:2:011:2 0 32 >
ffff8e2301f32240 2326497211 S Bo:2:011:2 -115 32 = ffffffff ffffffff ffffffff ffffffff ffffffff ffffffff ffffffff ffffffff
ffff8e2301f33740 2326499937 C Bo:2:011:2 0 32 >
ffff8e2301f33740 2326499950 S Bo:2:011:2 -115 32 = ffffffff ffffffff 9ff7ffff 7fefbff7 ffffffff ffffffff ffffffff ffffffff
ffff8e2301f32240 2326502714 C Bo:2:011:2 0 32 >
ffff8e2301f32240 2326502727 S Bo:2:011:2 -115 32 = ffffffff ffffffff ffffa310 00000000 00000000 00000000 00000000 0000a310
ffff8e2301f33740 2326505503 C Bo:2:011:2 0 32 >
ffff8e2301f33740 2326505514 S Bo:2:011:2 -115 32 = ffffffff ffff9fff ffffffff ffffffff ffff9fff 1fff3fff 5fff5fff 5fff3fff
ffff8e2301f32240 2326508223 C Bo:2:011:2 0 32 >
ffff8e2301f32240 2326508236 S Bo:2:011:2 -115 32 = 3fffbfff 1ff7ffff 9ffe7ffe 5ffe7ffe 3ffeffff fffffef5 dffe7ffe 1ffe1ffe
ffff8e2301f33740 2326510983 C Bo:2:011:2 0 32 >
ffff8e2301f33740 2326510998 S Bo:2:011:2 -115 32 = ffffffff ffff5fff 7ffefffd fffd1ffe 3ffe5ffe 7ffe7ffe fffeffff ffff1fff
ffff8e2301f32240 2326513873 C Bo:2:011:2 0 32 >
ffff8e2301f32240 2326513878 S Bo:2:011:2 -115 32 = 7ffe5ffe 5ffe7ffe dffe3fff 7fffffff ffffffff ffffffff ffffffff a3100000
ffff8e2301f33740 2326516597 C Bo:2:011:2 0 32 >
ffff8e2301f33740 2326516603 S Bo:2:011:2 -115 32 = 00000000 00000000 00000000 00000000 00000000 00000000 00000000 00000000
ffff8e2301f32240 2326519360 C Bo:2:011:2 0 32 >
ffff8e2301f32240 2326519366 S Bo:2:011:2 -115 32 = 00000000 00000000 00000000 00000000 00000000 00000000 00000000 00000000
ffff8e2301f33740 2326522076 C Bo:2:011:2 0 32 >
ffff8e2301f33740 2326522081 S Bo:2:011:2 -115 32 = 00000000 00000000 00000000 00000000 00000000 00000000 00000000 00000000
ffff8e2301f32240 2326524861 C Bo:2:011:2 0 32 >
ffff8e2301f32240 2326524866 S Bo:2:011:2 -115 32 = 00000000 00000000 00000000 00000000 00000000 00000000 00000000 00000000
ffff8e2301f33740 2326527645 C Bo:2:011:2 0 32 >
ffff8e2301f33740 2326527650 S Bo:2:011:2 -115 32 = 00000000 00000000 00000000 00000000 00000000 00000000 00000000 00000000
ffff8e2301f32240 2326530395 C Bo:2:011:2 0 32 >
ffff8e2301f32240 2326530401 S Bo:2:011:2 -115 8 = 00000000 00008131
ffff8e2301f33740 2326533178 C Bo:2:011:2 0 32 >
ffff8e2301f32240 2326535939 C Bo:2:011:2 0 8 >
ffff8e2301f326c0 2326549727 C Bi:2:011:2 0 9 = a557001f 0001598f 71
ffff8e2301f326c0 2326549734 S Bi:2:011:2 -115 32 <
ffff8e2301f32240 2326550993 S Bo:2:011:2 -115 32 = a5570020 04000000 00000000 00000000 00000000 00000000 00000000 00000000
ffff8e2301f33740 2326550997 S Bo:2:011:2 -115 32 = 00000000 00000000 00000000 00000000 00000000 00000000 00000000 00000000
ffff8e2301f32240 2326551067 C Bo:2:011:2 0 32 >
ffff8e2301f32240 2326551070 S Bo:2:011:2 -115 32 = 00000000 00000000 a310a310 ffffffff a310a310 a310a310 ffffffff ffffffff
ffff8e2301f33740 2326551106 C Bo:2:011:2 0 32 >
ffff8e2301f33740 2326551108 S Bo:2:011:2 -115 32 = ffffffff ffffffff ffffffff ffffffff bfe7bfe7 7fdfdff7 bfefffff ffffffff
ffff8e2301f32240 2326553932 C Bo:2:011:2 0 32 >
ffff8e2301f32240 2326553938 S Bo:2:011:2 -115 32 = ffffffff ffffffff ffffffff ffffffff ffff3ed7 9bc6b8a5 bbc69abe ffffffff
ffff8e2301f33740 2326556715 C Bo:2:011:2 0 32 >
ffff8e2301f33740 2326556720 S Bo:2:011:2 -115 32 = ffffffff ffffffff ffffa310 a3100000 00000000 00000000 00000000 0000a310
ffff8e2301f32240 2326559464 C Bo:2:011:2 0 32 >
ffff8e2301f32240 2326559470 S Bo:2:011:2 -115 32 = ffffffff ffffffff 7fffffff ffffffff ffffffff fffefffe 5fff5fff 3fff1fff
ffff8e2301f33740 2326562223 C Bo:2:011:2 0 32 >
ffff8e2301f33740 2326562228 S Bo:2:011:2 -115 32 = dffedffe 9fffffff ffff7fff 1ff61ffe dffe1fff ffff7ffe 1ff63fff 5ffefffd
ffff8e2301f32240 2326565007 C Bo:2:011:2 0 32 >
ffff8e2301f32240 2326565013 S Bo:2:011:2 -115 32 = bfffffff ffff3fff 7ffebffd dffdfffd 3ffe5ffe 5ffe9ffe bffeffff fffe1fff
ffff8e2301f33740 2326567752 C Bo:2:011:2 0 32 >
ffff8e2301f33740 2326567757 S Bo:2:011:2 -115 32 = 1ffe1ffe 3ffe5ffe fffebfff ffffffff ffffffff bfffffff ffffffff a3100000
ffff8e2301f32240 2326570574 C Bo:2:011:2 0 32 >
ffff8e2301f32240 2326570580 S Bo:2:011:2 -115 32 = 00000000 00000000 00000000 00000000 00000000 00000000 00000000 00000000
ffff8e2301f33740 2326573290 C Bo:2:011:2 0 32 >
ffff8e2301f33740 2326573295 S Bo:2:011:2 -115 32 = 00000000 00000000 00000000 00000000 00000000 00000000 00000000 00000000
ffff8e2301f32240 2326576057 C Bo:2:011:2 0 32 >
ffff8e2301f32240 2326576063 S Bo:2:011:2 -115 32 = 00000000 00000000 00000000 00000000 00000000 00000000 00000000 00000000
ffff8e2301f33740 2326578862 C Bo:2:011:2 0 32 >
ffff8e2301f33740 2326578867 S Bo:2:011:2 -115 32 = 00000000 00000000 00000000 00000000 00000000 00000000 00000000 00000000
ffff8e2301f32240 2326581610 C Bo:2:011:2 0 32 >
ffff8e2301f32240 2326581616 S Bo:2:011:2 -115 32 = 00000000 00000000 00000000 00000000 00000000 00000000 00000000 00000000
ffff8e2301f33740 2326584347 C Bo:2:011:2 0 32 >
ffff8e2301f33740 2326584352 S Bo:2:011:2 -115 32 = 00000000 00000000 00000000 00000000 00000000 00000000 00000000 00000000
ffff8e2301f32240 2326587118 C Bo:2:011:2 0 32 >
ffff8e2301f32240 2326587123 S Bo:2:011:2 -115 32 = 00000000 00000000 00000000 00000000 00000000 00000000 00000000 00000000
ffff8e2301f33740 2326589937 C Bo:2:011:2 0 32 >
ffff8e2301f33740 2326589942 S Bo:2:011:2 -115 32 = 00000000 0000a310 ffffffff ffffffff ffffffff ffffffff ffffffff 7ef7ffff
ffff8e2301f32240 2326592714 C Bo:2:011:2 0 32 >
ffff8e2301f32240 2326592719 S Bo:2:011:2 -115 32 = ffffffff ffffbff7 ffffbff7 bfe7ffff ffffffff ffffffff fff7becf b795f58c
ffff8e2301f33740 2326595500 C Bo:2:011:2 0 32 >
ffff8e2301f33740 2326595505 S Bo:2:011:2 -115 32 = 38a599ad fabd1bbe 9ccebdd6 1edf9fef dcce378d 0a2a8811 091a6a22 6e43ae53
ffff8e2301f32240 2326598223 C Bo:2:011:2 0 32 >
ffff8e2301f32240 2326598229 S Bo:2:011:2 -115 32 = cf5b3dc7 dff7ffff ffffffff ffffa310 00000000 00000000 00000000 00000000
ffff8e2301f33740 2326601001 C Bo:2:011:2 0 32 >
ffff8e2301f33740 2326601007 S Bo:2:011:2 -115 32 = a310ffff ffffffff 7fffbfff ffffffff ffff5fff 5fff1fff 1fff3fff fffebffe
ffff8e2301f32240 2326603872 C Bo:2:011:2 0 32 >
ffff8e2301f32240 2326603877 S Bo:2:011:2 -115 32 = bffebffe dffe9ffe fffffffe 7ffe1ffe bffe3ef6 ffff3fff 1ffe3fff fffe3ef6
ffff8e2301f33740 2326606579 C Bo:2:011:2 0 32 >
ffff8e2301f33740 2326606584 S Bo:2:011:2 -115 32 = ffffffff ffff3fff dffe5ffe 1ffe1ffe 3ffe3ffe 3ffe1fff ffffffff 1fff1ffe
ffff8e2301f32240 2326609344 C Bo:2:011:2 0 32 >
ffff8e2301f32240 2326609354 S Bo:2:011:2 -115 32 = fff5fffd 1ffebffe 9ef6ffff ffffffff 5fff1fff ffff7fff ffffffff ffffa310
ffff8e2301f33740 2326612120 C Bo:2:011:2 0 32 >
ffff8e2301f33740 2326612125 S Bo:2:011:2 -115 32 = 00000000 00000000 00000000 00000000 00000000 00000000 00000000 00000000
ffff8e2301f32240 2326614859 C Bo:2:011:2 0 32 >
ffff8e2301f32240 2326614865 S Bo:2:011:2 -115 32 = 00000000 00000000 00000000 00000000 00000000 00000000 00000000 00000000
ffff8e2301f33740 2326617684 C Bo:2:011:2 0 32 >
ffff8e2301f33740 2326617689 S Bo:2:011:2 -115 32 = 00000000 00000000 00000000 00000000 00000000 00000000 00000000 00000000
ffff8e2301f32240 2326620434 C Bo:2:011:2 0 32 >
ffff8e2301f32240 2326620439 S Bo:2:011:2 -115 32 = 00000000 00000000 00000000 00000000 00000000 00000000 00000000 00000000
ffff8e2301f33740 2326623178 C Bo:2:011:2 0 32 >
ffff8e2301f33740 2326623184 S Bo:2:011:2 -115 32 = 00000000 00000000 00000000 00000000 00000000 00000000 00000000 00000000
ffff8e2301f32240 2326625940 C Bo:2:011:2 0 32 >
ffff8e2301f32240 2326625945 S Bo:2:011:2 -115 32 = 00000000 00000000 00000000 00000000 00000000 00000000 00000000 00000000
ffff8e2301f33740 2326628727 C Bo:2:011:2 0 32 >
ffff8e2301f33740 2326628732 S Bo:2:011:2 -115 32 = 00000000 00000000 00000000 00000000 00000000 00000000 00000000 00000000
ffff8e2301f32240 2326631503 C Bo:2:011:2 0 32 >
ffff8e2301f32240 2326631508 S Bo:2:011:2 -115 8 = 00000000 0000d0a5
ffff8e2301f33740 2326634290 C Bo:2:011:2 0 32 >
ffff8e2301f32240 2326637040 C Bo:2:011:2 0 8 >
ffff8e2301f32e40 2326650718 C Bi:2:011:2 0 9 = a5570020 00015977 76
ffff8e2301f32e40 2326650724 S Bi:2:011:2 -115 32 <
ffff8e2301f32240 2326652169 S Bo:2:011:2 -115 32 = a5570021 0400a310 ffffffff ffffffff ffffffff ffffffff ffffffff ffffffff
ffff8e2301f33740 2326652173 S Bo:2:011:2 -115 32 = ffffffff ffffffff fffffff7 ffffbfe7 dfeffff7 ffffdff7 dab69585 0c338b2a
ffff8e2301f32240 2326652243 C Bo:2:011:2 0 32 >
ffff8e2301f32240 2326652246 S Bo:2:011:2 -115 32 = ea292b32 8c3aad3a ee420e4b 8f538f53 8f4b0a1a 4709a709 0912e809 4601c400
ffff8e2301f33740 2326652283 C Bo:2:011:2 0 32 >
ffff8e2301f33740 2326652285 S Bo:2:011:2 -115 32 = c4007274 ffffffff ffffffff ffffa310 00000000 00000000 00000000 00000000
ffff8e2301f32240 2326655077 C Bo:2:011:2 0 32 >
ffff8e2301f32240 2326655082 S Bo:2:011:2 -115 32 = a310ffff ffffffff 7fffffff 7fffffff ffffffff fffffffe 5fffdffe dffebffe
ffff8e2301f33740 2326657864 C Bo:2:011:2 0 32 >
ffff8e2301f33740 2326657869 S Bo:2:011:2 -115 32 = 9ffe9ffe 7ffe5fff 7ffeffff 7ffe1ffe 7ffe5ef6 ffff3fff 9ffe3ffe dffe1fff
ffff8e2301f32240 2326660645 C Bo:2:011:2 0 32 >
ffff8e2301f32240 2326660653 S Bo:2:011:2 -115 32 = ffffffff ffffffff 3fff5ffe 3ffe5ffe 1ffe1ffe bffe7ff6 ffffffff fffebffd
ffff8e2301f33740 2326663431 C Bo:2:011:2 0 32 >
ffff8e2301f33740 2326663450 S Bo:2:011:2 -115 32 = dffdfffd 3ffefffe ffffffff ffffbfff 7fffbffe fffeffff ffffffff ffffa310
ffff8e2301f32240 2326666215 C Bo:2:011:2 0 32 >
ffff8e2301f32240 2326666220 S Bo:2:011:2 -115 32 = 00000000 00000000 00000000 00000000 00000000 00000000 00000000 00000000
ffff8e2301f33740 2326668936 C Bo:2:011:2 0 32 >
ffff8e2301f33740 2326668941 S Bo:2:011:2 -115 32 = 00000000 00000000 00000000 00000000 00000000 00000000 00000000 00000000
ffff8e2301f32240 2326671725 C Bo:2:011:2 0 32 >
ffff8e2301f32240 2326671731 S Bo:2:011:2 -115 32 = 00000000 00000000 00000000 00000000 00000000 00000000 00000000 00000000
ffff8e2301f33740 2326674512 C Bo:2:011:2 0 32 >
ffff8e2301f33740 2326674517 S Bo:2:011:2 -115 32 = 00000000 00000000 00000000 00000000 00000000 00000000 00000000 00000000
ffff8e2301f32240 2326677290 C Bo:2:011:2 0 32 >
ffff8e2301f32240 2326677295 S Bo:2:011:2 -115 32 = 00000000 00000000 00000000 00000000 00000000 00000000 00000000 00000000
ffff8e2301f33740 2326680007 C Bo:2:011:2 0 32 >
ffff8e2301f33740 2326680012 S Bo:2:011:2 -115 32 = 00000000 00000000 00000000 00000000 00000000 00000000 00000000 00000000
ffff8e2301f32240 2326682859 C Bo:2:011:2 0 32 >
ffff8e2301f32240 2326682864 S Bo:2:011:2 -115 32 = 00000000 00000000 00000000 00000000 00000000 00000000 00000000 00000000
ffff8e2301f33740 2326685576 C Bo:2:011:2 0 32 >
ffff8e2301f33740 2326685581 S Bo:2:011:2 -115 32 = 00000000 a310ffff ffffffff bfefffff ffffffff ffffffff ffffffff ffffffff
ffff8e2301f32240 2326688364 C Bo:2:011:2 0 32 >
ffff8e2301f32240 2326688370 S Bo:2:011:2 -115 32 = bff7ffff ffffffff dfef9fdf fffffff7 15752d4b af5bd053 0c33091a 4601a701
ffff8e2301f33740 2326691147 C Bo:2:011:2 0 32 >
ffff8e2301f33740 2326691152 S Bo:2:011:2 -115 32 = 46014601 8801a701 8601c701 c7016501 08026a12 6b124e2b 31443144 314cec2a
ffff8e2301f32240 2326693861 C Bo:2:011:2 0 32 >
ffff8e2301f32240 2326693866 S Bo:2:011:2 -115 32 = c911f163 ffffffff 7ff7ffff ffffffff a3100000 00000000 00000000 00000000
ffff8e2301f33740 2326696669 C Bo:2:011:2 0 32 >
ffff8e2301f33740 2326696674 S Bo:2:011:2 -115 32 = a310ffff ffffffff dfff7fff 3fffdfff ffffffff ffffffff 3fff1fff bffebffe
ffff8e2301f32240 2326699430 C Bo:2:011:2 0 32 >
ffff8e2301f32240 2326699435 S Bo:2:011:2 -115 32 = 7ffe5ffe 5ffe9ffe fffeffff ffffbffe fffddffe ffffdffe 9ffe1ffe 5ffeffff
ffff8e2301f33740 2326702224 C Bo:2:011:2 0 32 >
ffff8e2301f33740 2326702230 S Bo:2:011:2 -115 32 = ffffffff ffff3ff7 bffe9ff5 dffddffd bffdfffd 7ffeffff ffffbffe 1ffedffd
ffff8e2301f32240 2326704982 C Bo:2:011:2 0 32 >
ffff8e2301f32240 2326704987 S Bo:2:011:2 -115 32 = bffdfffd fffe3fff ffffffff 5fff3fff 1ff67ffe bffeffff ffffffff ffffa310
ffff8e2301f33740 2326707736 C Bo:2:011:2 0 32 >
ffff8e2301f33740 2326707741 S Bo:2:011:2 -115 32 = 00000000 00000000 00000000 00000000 00000000 00000000 00000000 00000000
ffff8e2301f32240 2326710504 C Bo:2:011:2 0 32 >
ffff8e2301f32240 2326710509 S Bo:2:011:2 -115 32 = 00000000 00000000 00000000 00000000 00000000 00000000 00000000 00000000
ffff8e2301f33740 2326713296 C Bo:2:011:2 0 32 >
ffff8e2301f33740 2326713301 S Bo:2:011:2 -115 32 = 00000000 00000000 00000000 00000000 00000000 00000000 00000000 00000000
ffff8e2301f32240 2326716075 C Bo:2:011:2 0 32 >
ffff8e2301f32240 2326716081 S Bo:2:011:2 -115 32 = 00000000 00000000 00000000 00000000 00000000 00000000 00000000 00000000
ffff8e2301f33740 2326718865 C Bo:2:011:2 0 32 >
ffff8e2301f33740 2326718871 S Bo:2:011:2 -115 32 = 00000000 00000000 00000000 00000000 00000000 00000000 00000000 00000000
ffff8e2301f32240 2326721626 C Bo:2:011:2 0 32 >
ffff8e2301f32240 2326721631 S Bo:2:011:2 -115 32 = 00000000 00000000 00000000 00000000 00000000 00000000 00000000 00000000
ffff8e2301f33740 2326724372 C Bo:2:011:2 0 32 >
ffff8e2301f33740 2326724377 S Bo:2:011:2 -115 32 = 00000000 00000000 00000000 00000000 00000000 00000000 00000000 00000000
ffff8e2301f32240 2326727146 C Bo:2:011:2 0 32 >
ffff8e2301f32240 2326727151 S Bo:2:011:2 -115 32 = 00000000 0000a310 ffffffff ffffdff7 ffffffff ffffffff 7ef79ff7 ffffffff
ffff8e2301f33740 2326729920 C Bo:2:011:2 0 32 >
ffff8e2301f33740 2326729925 S Bo:2:011:2 -115 32 = ffffffff ffffffff dff7dff7 dfefbbb6 291a0100 42004601 c8018701 e9012e23
ffff8e2301f32240 2326732717 C Bo:2:011:2 0 32 >
ffff8e2301f32240 2326732722 S Bo:2:011:2 -115 8 = f13b323c b3447774
ffff8e2301f33740 2326735444 C Bo:2:011:2 0 32 >
ffff8e2301f32240 2326738199 C Bo:2:011:2 0 8 >
ffff8e2301f326c0 2326751853 C Bi:2:011:2 0 9 = a5570021 00015901 c2
ffff8e2301f326c0 2326751860 S Bi:2:011:2 -115 32 <
ffff8e2301f32240 2326753056 S Bo:2:011:2 -115 32 = a5570022 0400554d 954d7545 333dd234 f344b244 313c5244 b34c155d 1986af3b
ffff8e2301f33740 2326753060 S Bo:2:011:2 -115 32 = 0501736c dff7ffff 9fefffff ffffffff a3100000 00000000 00000000 00000000
ffff8e2301f32240 2326753128 C Bo:2:011:2 0 32 >
ffff8e2301f32240 2326753138 S Bo:2:011:2 -115 32 = a310ffff ffffffff dfff3fff 1fffffff ffffffff ffffffff ffff1fff 3fff7ffe
ffff8e2301f33740 2326753170 C Bo:2:011:2 0 32 >
ffff8e2301f33740 2326753172 S Bo:2:011:2 -115 32 = 5ff63ffe 3ff65ff6 9ffebffe fffffffe fffd5ffe ffff9ffe 7ffe1ffe 9ffeffff
ffff8e2301f32240 2326756003 C Bo:2:011:2 0 32 >
ffff8e2301f32240 2326756008 S Bo:2:011:2 -115 32 = ffffffff ffff9ff6 1ffe5ff5 1ffe9ffd bffdfffd 5ffeffff ffff3fff 7ffebffd
ffff8e2301f33740 2326758862 C Bo:2:011:2 0 32 >
ffff8e2301f33740 2326758867 S Bo:2:011:2 -115 32 = 9ffe7efe ffffffff ffff7fff 5ffffffd 3ffe5ffe dffebfff ffffffff ffffa310
ffff8e2301f32240 2326761511 C Bo:2:011:2 0 32 >
ffff8e2301f32240 2326761517 S Bo:2:011:2 -115 32 = 00000000 00000000 00000000 00000000 00000000 00000000 00000000 00000000
ffff8e2301f33740 2326764296 C Bo:2:011:2 0 32 >
ffff8e2301f33740 2326764301 S Bo:2:011:2 -115 32 = 00000000 00000000 00000000 00000000 00000000 00000000 00000000 00000000
ffff8e2301f32240 2326767076 C Bo:2:011:2 0 32 >
ffff8e2301f32240 2326767081 S Bo:2:011:2 -115 32 = 00000000 00000000 00000000 00000000 00000000 00000000 00000000 00000000
ffff8e2301f33740 2326769864 C Bo:2:011:2 0 32 >
ffff8e2301f33740 2326769869 S Bo:2:011:2 -115 32 = 00000000 00000000 00000000 00000000 00000000 00000000 00000000 00000000
ffff8e2301f32240 2326772581 C Bo:2:011:2 0 32 >
ffff8e2301f32240 2326772586 S Bo:2:011:2 -115 32 = 00000000 00000000 00000000 00000000 00000000 00000000 00000000 00000000
ffff8e2301f33740 2326775362 C Bo:2:011:2 0 32 >
ffff8e2301f33740 2326775367 S Bo:2:011:2 -115 32 = 00000000 00000000 00000000 00000000 00000000 00000000 00000000 00000000
ffff8e2301f32240 2326778146 C Bo:2:011:2 0 32 >
ffff8e2301f32240 2326778151 S Bo:2:011:2 -115 32 = 00000000 00000000 00000000 00000000 00000000 00000000 00000000 00000000
ffff8e2301f33740 2326780932 C Bo:2:011:2 0 32 >
ffff8e2301f33740 2326780937 S Bo:2:011:2 -115 32 = 00000000 0000a310 ffffffff ffffffff ffffffff ffffffff ffff9ff7 ffff9ff7
ffff8e2301f32240 2326783716 C Bo:2:011:2 0 32 >
ffff8e2301f32240 2326783721 S Bo:2:011:2 -115 32 = ffffffff ffffffef ffffffff 315ce811 290aab12 0c1b0f24 31341134 5234f444
ffff8e2301f33740 2326786446 C Bo:2:011:2 0 32 >
ffff8e2301f33740 2326786451 S Bo:2:011:2 -115 32 = 35457645 d73d994e da4eb94e 984e9856 995e3866 f86d3976 3976f875 d8752d2b
ffff8e2301f32240 2326789215 C Bo:2:011:2 0 32 >
ffff8e2301f32240 2326789220 S Bo:2:011:2 -115 32 = a400326c dfefffff 9fe7ffff ffffffff a3100000 00000000 00000000 0000a310
ffff8e2301f33740 2326791980 C Bo:2:011:2 0 32 >
ffff8e2301f33740 2326791998 S Bo:2:011:2 -115 32 = ffffffff ffffffff 7fffbfff fffe9fff ffffffff ffffffff ffffffff 5fff1fff
ffff8e2301f32240 2326794862 C Bo:2:011:2 0 32 >
ffff8e2301f32240 2326794875 S Bo:2:011:2 -115 32 = 3ffe1ff6 3ff63ff6 5fff7fff ffff3fff dffefffd ffff9ffe 5ffe1ffe 3fffffff
ffff8e2301f33740 2326797579 C Bo:2:011:2 0 32 >
ffff8e2301f33740 2326797591 S Bo:2:011:2 -115 32 = ffffffff ffff9ffe fffd5ff5 3ef65ff5 7ff5dffe ffffffff 3fffffff 5fff3fff
ffff8e2301f32240 2326800295 C Bo:2:011:2 0 32 >
ffff8e2301f32240 2326800308 S Bo:2:011:2 -115 32 = 5fffffff ffffffff ffff7ffe 5ffefffd 3ffe5ffe 5fffbfff ffffffff ffffa310
ffff8e2301f33740 2326803078 C Bo:2:011:2 0 32 >
ffff8e2301f33740 2326803089 S Bo:2:011:2 -115 32 = 00000000 00000000 00000000 00000000 00000000 00000000 00000000 00000000
ffff8e2301f32240 2326805873 C Bo:2:011:2 0 32 >
ffff8e2301f32240 2326805884 S Bo:2:011:2 -115 32 = 00000000 00000000 00000000 00000000 00000000 00000000 00000000 00000000
ffff8e2301f33740 2326808668 C Bo:2:011:2 0 32 >
ffff8e2301f33740 2326808681 S Bo:2:011:2 -115 32 = 00000000 00000000 00000000 00000000 00000000 00000000 00000000 00000000
ffff8e2301f32240 2326811433 C Bo:2:011:2 0 32 >
ffff8e2301f32240 2326811446 S Bo:2:011:2 -115 32 = 00000000 00000000 00000000 00000000 00000000 00000000 00000000 00000000
ffff8e2301f33740 2326814148 C Bo:2:011:2 0 32 >
ffff8e2301f33740 2326814153 S Bo:2:011:2 -115 32 = 00000000 00000000 00000000 00000000 00000000 00000000 00000000 00000000
ffff8e2301f32240 2326816904 C Bo:2:011:2 0 32 >
ffff8e2301f32240 2326816909 S Bo:2:011:2 -115 32 = 00000000 00000000 00000000 00000000 00000000 00000000 00000000 00000000
ffff8e2301f33740 2326819726 C Bo:2:011:2 0 32 >
ffff8e2301f33740 2326819731 S Bo:2:011:2 -115 32 = 00000000 00000000 00000000 00000000 00000000 00000000 00000000 00000000
ffff8e2301f32240 2326822503 C Bo:2:011:2 0 32 >
ffff8e2301f32240 2326822508 S Bo:2:011:2 -115 32 = 00000000 00000000 a310ffff ffffffff ffffffff ffffffff ffffffff ffff9ff7
ffff8e2301f33740 2326825223 C Bo:2:011:2 0 32 >
ffff8e2301f33740 2326825228 S Bo:2:011:2 -115 32 = bff7ffff beefdfef ffe7bbae 0812c300 4c13d234 5445d64d 18561856 58561746
ffff8e2301f32240 2326827981 C Bo:2:011:2 0 32 >
ffff8e2301f32240 2326827985 S Bo:2:011:2 -115 32 = d635173e f735d52d d52d1636 5746b84e da66db76 1c7f3c87 5d979a86 924c6609
ffff8e2301f33740 2326830862 C Bo:2:011:2 0 32 >
ffff8e2301f33740 2326830867 S Bo:2:011:2 -115 32 = 8400326c ffffffff bfefffff ffffffff a3100000 00000000 00000000 00000000
ffff8e2301f32240 2326833567 C Bo:2:011:2 0 32 >
ffff8e2301f32240 2326833571 S Bo:2:011:2 -115 8 = a310ffff ffff7228
ffff8e2301f33740 2326836302 C Bo:2:011:2 0 32 >
ffff8e2301f32240 2326839081 C Bo:2:011:2 0 8 >
ffff8e2301f32e40 2326852849 C Bi:2:011:2 0 9 = a5570022 0001599a 1e
ffff8e2301f32e40 2326852856 S Bi:2:011:2 -115 32 <
ffff8e2301f32240 2326854215 S Bo:2:011:2 -115 32 = a5570023 0400ffff ffff7fff dfff7fff ffff9ffe 7ffeffff ffffffff ffff3fff
ffff8e2301f33740 2326854220 S Bo:2:011:2 -115 32 = 7ffefffd fff53ff6 5ef69ff6 ffffffff 1ef67ffe ffff7ffe fffdbffe 3fffffff
ffff8e2301f32240 2326854310 C Bo:2:011:2 0 32 >
ffff8e2301f32240 2326854322 S Bo:2:011:2 -115 32 = ffffffff ffff7ffe bffdbff5 5ffe1ff5 3ffebff6 fffffffd bffeffff ffff9fff
ffff8e2301f33740 2326854351 C Bo:2:011:2 0 32 >
ffff8e2301f33740 2326854352 S Bo:2:011:2 -115 32 = ffffffff ffff3fff 5fff3ffe fffd3ffe 3ff61fff 3fffffff ffffffff ffffffff
ffff8e2301f32240 2326857149 C Bo:2:011:2 0 32 >
ffff8e2301f32240 2326857154 S Bo:2:011:2 -115 32 = a3100000 00000000 00000000 00000000 00000000 00000000 00000000 00000000
ffff8e2301f33740 2326859931 C Bo:2:011:2 0 32 >
ffff8e2301f33740 2326859936 S Bo:2:011:2 -115 32 = 00000000 00000000 00000000 00000000 00000000 00000000 00000000 00000000
ffff8e2301f32240 2326862726 C Bo:2:011:2 0 32 >
ffff8e2301f32240 2326862731 S Bo:2:011:2 -115 32 = 00000000 00000000 00000000 00000000 00000000 00000000 00000000 00000000
ffff8e2301f33740 2326865487 C Bo:2:011:2 0 32 >
ffff8e2301f33740 2326865492 S Bo:2:011:2 -115 32 = 00000000 00000000 00000000 00000000 00000000 00000000 00000000 00000000
ffff8e2301f32240 2326868189 C Bo:2:011:2 0 32 >
ffff8e2301f32240 2326868193 S Bo:2:011:2 -115 32 = 00000000 00000000 00000000 00000000 00000000 00000000 00000000 00000000
ffff8e2301f33740 2326871008 C Bo:2:011:2 0 32 >
ffff8e2301f33740 2326871013 S Bo:2:011:2 -115 32 = 00000000 00000000 00000000 00000000 00000000 00000000 00000000 00000000
ffff8e2301f32240 2326873755 C Bo:2:011:2 0 32 >
ffff8e2301f32240 2326873769 S Bo:2:011:2 -115 32 = 00000000 00000000 00000000 00000000 00000000 00000000 00000000 00000000
ffff8e2301f33740 2326876577 C Bo:2:011:2 0 32 >
ffff8e2301f33740 2326876590 S Bo:2:011:2 -115 32 = 00000000 00000000 a310a310 ffffffff ffffffff ffffffff ffffffff ffffffff
ffff8e2301f32240 2326879292 C Bo:2:011:2 0 32 >
ffff8e2301f32240 2326879305 S Bo:2:011:2 -115 32 = ffffffff ffffffff 5364e811 8a12cf2b 9545174e f7451746 d63dd63d 1736583e
ffff8e2301f33740 2326882082 C Bo:2:011:2 0 32 >
ffff8e2301f33740 2326882093 S Bo:2:011:2 -115 32 = 373e1636 5746784e 7856b95e 1a673b6f 3c775c7f 9d87bb7e 355d1044 ab22e819
ffff8e2301f32240 2326884860 C Bo:2:011:2 0 32 >
ffff8e2301f32240 2326884873 S Bo:2:011:2 -115 32 = b26c9ab6 ffffffff ffffffff ffffa310 00000000 00000000 00000000 00000000
ffff8e2301f33740 2326887656 C Bo:2:011:2 0 32 >
ffff8e2301f33740 2326887669 S Bo:2:011:2 -115 32 = a310ffff ffffffff ffffffff ffffffff fffffffe 5fff3fff 7fffffff ffffffff
ffff8e2301f32240 2326890378 C Bo:2:011:2 0 32 >
ffff8e2301f32240 2326890389 S Bo:2:011:2 -115 32 = fffe7fff bffdfffe ffffffff ffffffff ffffffff ffff1fff dff5dffe ffffffff
ffff8e2301f33740 2326893147 C Bo:2:011:2 0 32 >
ffff8e2301f33740 2326893158 S Bo:2:011:2 -115 32 = ffffffff ffff3ffe dffd3ffe 3ffd3ffd 1ffeffff fffffffe 3ffe7ff6 ffffffff
ffff8e2301f32240 2326895931 C Bo:2:011:2 0 32 >
ffff8e2301f32240 2326895942 S Bo:2:011:2 -115 32 = ffffffff ffff9fff fff5fff5 dffedffe dffe5fff ffffffff ffffffff ffffffff
ffff8e2301f33740 2326898729 C Bo:2:011:2 0 32 >
ffff8e2301f33740 2326898742 S Bo:2:011:2 -115 32 = a3100000 00000000 00000000 00000000 00000000 00000000 00000000 00000000
ffff8e2301f32240 2326901502 C Bo:2:011:2 0 32 >
ffff8e2301f32240 2326901514 S Bo:2:011:2 -115 32 = 00000000 00000000 00000000 00000000 00000000 00000000 00000000 00000000
ffff8e2301f33740 2326904218 C Bo:2:011:2 0 32 >
ffff8e2301f33740 2326904229 S Bo:2:011:2 -115 32 = 00000000 00000000 00000000 00000000 00000000 00000000 00000000 00000000
ffff8e2301f32240 2326907003 C Bo:2:011:2 0 32 >
ffff8e2301f32240 2326907016 S Bo:2:011:2 -115 32 = 00000000 00000000 00000000 00000000 00000000 00000000 00000000 00000000
ffff8e2301f33740 2326909854 C Bo:2:011:2 0 32 >
ffff8e2301f33740 2326909867 S Bo:2:011:2 -115 32 = 00000000 00000000 00000000 00000000 00000000 00000000 00000000 00000000
ffff8e2301f32240 2326912575 C Bo:2:011:2 0 32 >
ffff8e2301f32240 2326912586 S Bo:2:011:2 -115 32 = 00000000 00000000 00000000 00000000 00000000 00000000 00000000 00000000
ffff8e2301f33740 2326915362 C Bo:2:011:2 0 32 >
ffff8e2301f33740 2326915373 S Bo:2:011:2 -115 32 = 00000000 00000000 00000000 00000000 00000000 00000000 00000000 00000000
ffff8e2301f32240 2326918077 C Bo:2:011:2 0 32 >
ffff8e2301f32240 2326918088 S Bo:2:011:2 -115 32 = 00000000 0000a310 ffffffff ffffffff ffffffff ffffffff 9ff7ffff ffff7eef
ffff8e2301f33740 2326920867 C Bo:2:011:2 0 32 >
ffff8e2301f33740 2326920880 S Bo:2:011:2 -115 32 = ffffffff 3ccf568d 8819e500 cf23b645 794e5946 1736f735 573e3736 f52d1636
ffff8e2301f32240 2326923647 C Bo:2:011:2 0 32 >
ffff8e2301f32240 2326923660 S Bo:2:011:2 -115 32 = 5846784e b95e1a67 3c773c7f 3c7f5c87 3c87bb7e f86d5244 67090100 e500347d
ffff8e2301f33740 2326926443 C Bo:2:011:2 0 32 >
ffff8e2301f33740 2326926448 S Bo:2:011:2 -115 32 = ffffffff ffffffff ffffffff ffffa310 00000000 00000000 00000000 00000000
ffff8e2301f32240 2326929201 C Bo:2:011:2 0 32 >
ffff8e2301f32240 2326929205 S Bo:2:011:2 -115 32 = 0000a310 ffffffff ffffffff ffffffff ffffffff 7fffbffe 3fff3fff ffffffff
ffff8e2301f33740 2326931993 C Bo:2:011:2 0 32 >
ffff8e2301f33740 2326931998 S Bo:2:011:2 -115 32 = ffffffff bffe7ffe dff57ff5 7ffeffff ffffffff ffff7ef6 3ffe1ffe 3fffffff
ffff8e2301f32240 2326934709 C Bo:2:011:2 0 32 >
ffff8e2301f32240 2326934714 S Bo:2:011:2 -115 8 = ffffffff ffffc114
ffff8e2301f33740 2326937466 C Bo:2:011:2 0 32 >
ffff8e2301f32240 2326940227 C Bo:2:011:2 0 8 >
ffff8e2301f326c0 2326953718 C Bi:2:011:2 0 9 = a5570023 000159ec aa
ffff8e2301f326c0 2326953724 S Bi:2:011:2 -115 32 <
ffff8e2301f32240 2326955219 S Bo:2:011:2 -115 32 = a5570024 04001ffe 5ffebffd 5ef4dffd ffffffff ffffffff ffffffff ffffffff
ffff8e2301f33740 2326955223 S Bo:2:011:2 -115 32 = ffffffff ffff3fff fff51ffe bffebffe 7fffffff ffffdfff bfff7fff ffffffff
ffff8e2301f32240 2326955316 C Bo:2:011:2 0 32 >
ffff8e2301f32240 2326955320 S Bo:2:011:2 -115 32 = ffffa310 00000000 00000000 00000000 00000000 00000000 00000000 00000000
ffff8e2301f33740 2326955355 C Bo:2:011:2 0 32 >
ffff8e2301f33740 2326955356 S Bo:2:011:2 -115 32 = 00000000 00000000 00000000 00000000 00000000 00000000 00000000 00000000
ffff8e2301f32240 2326958150 C Bo:2:011:2 0 32 >
ffff8e2301f32240 2326958154 S Bo:2:011:2 -115 32 = 00000000 00000000 00000000 00000000 00000000 00000000 00000000 00000000
ffff8e2301f33740 2326960909 C Bo:2:011:2 0 32 >
ffff8e2301f33740 2326960914 S Bo:2:011:2 -115 32 = 00000000 00000000 00000000 00000000 00000000 00000000 00000000 00000000
ffff8e2301f32240 2326963719 C Bo:2:011:2 0 32 >
ffff8e2301f32240 2326963723 S Bo:2:011:2 -115 32 = 00000000 00000000 00000000 00000000 00000000 00000000 00000000 00000000
ffff8e2301f33740 2326966434 C Bo:2:011:2 0 32 >
ffff8e2301f33740 2326966439 S Bo:2:011:2 -115 32 = 00000000 00000000 00000000 00000000 00000000 00000000 00000000 00000000
ffff8e2301f32240 2326969191 C Bo:2:011:2 0 32 >
ffff8e2301f32240 2326969196 S Bo:2:011:2 -115 32 = 00000000 00000000 00000000 00000000 00000000 00000000 00000000 00000000
ffff8e2301f33740 2326972004 C Bo:2:011:2 0 32 >
ffff8e2301f33740 2326972010 S Bo:2:011:2 -115 32 = 00000000 0000a310 ffffffff ffffffff ffffffff 9fff9fff ffff7ff7 5ef7ffff
ffff8e2301f32240 2326974860 C Bo:2:011:2 0 32 >
ffff8e2301f32240 2326974874 S Bo:2:011:2 -115 32 = fff7ffff 6e4b4200 2a0a1024 953d373e b5259525 173e373e 162e3636 5746784e
ffff8e2301f33740 2326977557 C Bo:2:011:2 0 32 >
ffff8e2301f33740 2326977568 S Bo:2:011:2 -115 32 = fa665d7f 1c7f1b77 5c7f1c7f bb7e186e 565d1144 e9096701 4e4b3274 b7951bc7
ffff8e2301f32240 2326980292 C Bo:2:011:2 0 32 >
ffff8e2301f32240 2326980303 S Bo:2:011:2 -115 32 = ffffffff ffffffff ffffa310 a3100000 00000000 00000000 00000000 00000000
ffff8e2301f33740 2326983077 C Bo:2:011:2 0 32 >
ffff8e2301f33740 2326983089 S Bo:2:011:2 -115 32 = 0000a310 ffffffff ffffffff 3fff5fff bfffffff 3ff6fffe 3ffe3fff 1fffffff
ffff8e2301f32240 2326985864 C Bo:2:011:2 0 32 >
ffff8e2301f32240 2326985877 S Bo:2:011:2 -115 32 = ffffffff ffffdffe 5ff57ffd dffedffe dffedffe ffffffff dffe5ffe ffffffff
ffff8e2301f33740 2326988639 C Bo:2:011:2 0 32 >
ffff8e2301f33740 2326988644 S Bo:2:011:2 -115 32 = ffffffff ffff7ffe 9ffe1ff5 bef4dffe fffe9ef5 1ef5bff5 1ef7ffff ffffffff
ffff8e2301f32240 2326991373 C Bo:2:011:2 0 32 >
ffff8e2301f32240 2326991377 S Bo:2:011:2 -115 32 = ffffdffe 7ffe3ffe 3ffe1ffe 3ffe9ffe dffefffe 7fffbfff ffff7fff ffffffff
ffff8e2301f33740 2326994151 C Bo:2:011:2 0 32 >
ffff8e2301f33740 2326994156 S Bo:2:011:2 -115 32 = ffffa310 00000000 00000000 00000000 00000000 00000000 00000000 00000000
ffff8e2301f32240 2326996933 C Bo:2:011:2 0 32 >
ffff8e2301f32240 2326996938 S Bo:2:011:2 -115 32 = 00000000 00000000 00000000 00000000 00000000 00000000 00000000 00000000
ffff8e2301f33740 2326999738 C Bo:2:011:2 0 32 >
ffff8e2301f33740 2326999742 S Bo:2:011:2 -115 32 = 00000000 00000000 00000000 00000000 00000000 00000000 00000000 00000000
ffff8e2301f32240 2327002507 C Bo:2:011:2 0 32 >
ffff8e2301f32240 2327002511 S Bo:2:011:2 -115 32 = 00000000 00000000 00000000 00000000 00000000 00000000 00000000 00000000
ffff8e2301f33740 2327005224 C Bo:2:011:2 0 32 >
ffff8e2301f33740 2327005229 S Bo:2:011:2 -115 32 = 00000000 00000000 00000000 00000000 00000000 00000000 00000000 00000000
ffff8e2301f32240 2327008012 C Bo:2:011:2 0 32 >
ffff8e2301f32240 2327008016 S Bo:2:011:2 -115 32 = 00000000 00000000 00000000 00000000 00000000 00000000 00000000 00000000
ffff8e2301f33740 2327010875 C Bo:2:011:2 0 32 >
ffff8e2301f33740 2327010880 S Bo:2:011:2 -115 32 = 00000000 00000000 00000000 00000000 00000000 00000000 00000000 00000000
ffff8e2301f32240 2327013543 C Bo:2:011:2 0 32 >
ffff8e2301f32240 2327013548 S Bo:2:011:2 -115 32 = 0000a310 a310ffff ffffffff ffffffff ffffffff ffffffff ffffffff ffffffff
ffff8e2301f33740 2327016380 C Bo:2:011:2 0 32 >
ffff8e2301f33740 2327016385 S Bo:2:011:2 -115 32 = 7dc7f46c c809a709 512cd63d f635162e 1736373e f735f73d 5846784e fb663c77
ffff8e2301f32240 2327019076 C Bo:2:011:2 0 32 >
ffff8e2301f32240 2327019081 S Bo:2:011:2 -115 32 = 1b777d7f 1c877a76 5976b765 1555b033 c9118809 e919d053 7aaeffff ffffffff
ffff8e2301f33740 2327021859 C Bo:2:011:2 0 32 >
ffff8e2301f33740 2327021864 S Bo:2:011:2 -115 32 = ffffffff a310a310 a3100000 00000000 00000000 00000000 00000000 00000000
ffff8e2301f32240 2327024647 C Bo:2:011:2 0 32 >
ffff8e2301f32240 2327024652 S Bo:2:011:2 -115 32 = 0000a310 ffffffff ffffffff 1fff3fff 1ffffffe 9ffe7ffe 3ffe1ffe fffebffe
ffff8e2301f33740 2327027435 C Bo:2:011:2 0 32 >
ffff8e2301f33740 2327027440 S Bo:2:011:2 -115 32 = ffffffff ffffffff 9ffe1ff6 7ffe7ffe dffdbfff 5fffffff fffe1fff ffffffff
ffff8e2301f32240 2327030223 C Bo:2:011:2 0 32 >
ffff8e2301f32240 2327030228 S Bo:2:011:2 -115 32 = ffffffff ffff3fff 1fff5ff5 fffd5fff 9ffe5ef5 1ffe9ffe ffffffff ffffffff
ffff8e2301f33740 2327032940 C Bo:2:011:2 0 32 >
ffff8e2301f33740 2327032944 S Bo:2:011:2 -115 32 = 7ffedffd 7ffdbffd 1ffe3ffe 5ffebffe bffedffe 1fff3fff dfff7fff ffffffff
ffff8e2301f32240 2327035716 C Bo:2:011:2 0 32 >
ffff8e2301f32240 2327035721 S Bo:2:011:2 -115 8 = ffffa310 0000b080
ffff8e2301f33740 2327038507 C Bo:2:011:2 0 32 >
ffff8e2301f32240 2327041227 C Bo:2:011:2 0 8 >
ffff8e2301f32e40 2327054849 C Bi:2:011:2 0 9 = a5570024 000159bd 87
ffff8e2301f32e40 2327054855 S Bi:2:011:2 -115 32 <
ffff8e2301f32240 2327056165 S Bo:2:011:2 -115 32 = a5570025 04000000 00000000 00000000 00000000 00000000 00000000 00000000
ffff8e2301f33740 2327056169 S Bo:2:011:2 -115 32 = 00000000 00000000 00000000 00000000 00000000 00000000 00000000 00000000
ffff8e2301f32240 2327056262 C Bo:2:011:2 0 32 >
ffff8e2301f32240 2327056268 S Bo:2:011:2 -115 32 = 00000000 00000000 00000000 00000000 00000000 00000000 00000000 00000000
ffff8e2301f33740 2327056302 C Bo:2:011:2 0 32 >
ffff8e2301f33740 2327056304 S Bo:2:011:2 -115 32 = 00000000 00000000 00000000 00000000 00000000 00000000 00000000 00000000
ffff8e2301f32240 2327059055 C Bo:2:011:2 0 32 >
ffff8e2301f32240 2327059061 S Bo:2:011:2 -115 32 = 00000000 00000000 00000000 00000000 00000000 00000000 00000000 00000000
ffff8e2301f33740 2327061864 C Bo:2:011:2 0 32 >
ffff8e2301f33740 2327061869 S Bo:2:011:2 -115 32 = 00000000 00000000 00000000 00000000 00000000 00000000 00000000 00000000
ffff8e2301f32240 2327064648 C Bo:2:011:2 0 32 >
ffff8e2301f32240 2327064653 S Bo:2:011:2 -115 32 = 00000000 00000000 00000000 00000000 00000000 00000000 00000000 00000000
ffff8e2301f33740 2327067433 C Bo:2:011:2 0 32 >
ffff8e2301f33740 2327067438 S Bo:2:011:2 -115 32 = a310ffff ffffffff ffffffff ffffffff ffffffff ffff9fff ffffbfef dfe7ffff
ffff8e2301f32240 2327070217 C Bo:2:011:2 0 32 >
ffff8e2301f32240 2327070222 S Bo:2:011:2 -115 32 = 325ce500 8b127234 f63d3736 d62df635 173e3746 17469956 3c771c77 1c775d87
ffff8e2301f33740 2327072981 C Bo:2:011:2 0 32 >
ffff8e2301f33740 2327072986 S Bo:2:011:2 -115 32 = fb7ebb7e 1976934c 8f338b1a e9094701 02000d43 bbbeffff ffffffff ffffffff
ffff8e2301f32240 2327075719 C Bo:2:011:2 0 32 >
ffff8e2301f32240 2327075723 S Bo:2:011:2 -115 32 = ffffffff a3100000 00000000 00000000 00000000 00000000 00000000 00000000
ffff8e2301f33740 2327078514 C Bo:2:011:2 0 32 >
ffff8e2301f33740 2327078518 S Bo:2:011:2 -115 32 = 0000a310 ffffffff ffffdfff 3ffffffe fffe5fff bffe7ffe 3ffe1ffe 1ffedffe
ffff8e2301f32240 2327081292 C Bo:2:011:2 0 32 >
ffff8e2301f32240 2327081297 S Bo:2:011:2 -115 32 = 7ffeffff ffffffff ffffffff 5ffebffd 9ff51fff 5fffffff ffff1fff ffffffff
ffff8e2301f33740 2327084077 C Bo:2:011:2 0 32 >
ffff8e2301f33740 2327084082 S Bo:2:011:2 -115 32 = ffffffff ffffffff bffe1ffe 3fff1fff bef55ffe 3ff6ffff ffffffff ffff9ffe
ffff8e2301f32240 2327086861 C Bo:2:011:2 0 32 >
ffff8e2301f32240 2327086865 S Bo:2:011:2 -115 32 = 7ffddff4 3ffd7ffd fffd3ffe 5ffefffe bffebffe 1fff5fff 7fffffff ffffffff
ffff8e2301f33740 2327089557 C Bo:2:011:2 0 32 >
ffff8e2301f33740 2327089562 S Bo:2:011:2 -115 32 = ffffa310 00000000 00000000 00000000 00000000 00000000 00000000 00000000
ffff8e2301f32240 2327092370 C Bo:2:011:2 0 32 >
ffff8e2301f32240 2327092375 S Bo:2:011:2 -115 32 = 00000000 00000000 00000000 00000000 00000000 00000000 00000000 00000000
ffff8e2301f33740 2327095146 C Bo:2:011:2 0 32 >
ffff8e2301f33740 2327095151 S Bo:2:011:2 -115 32 = 00000000 00000000 00000000 00000000 00000000 00000000 00000000 00000000
ffff8e2301f32240 2327097869 C Bo:2:011:2 0 32 >
ffff8e2301f32240 2327097874 S Bo:2:011:2 -115 32 = 00000000 00000000 00000000 00000000 00000000 00000000 00000000 00000000
ffff8e2301f33740 2327100653 C Bo:2:011:2 0 32 >
ffff8e2301f33740 2327100658 S Bo:2:011:2 -115 32 = 00000000 00000000 00000000 00000000 00000000 00000000 00000000 00000000
ffff8e2301f32240 2327103406 C Bo:2:011:2 0 32 >
ffff8e2301f32240 2327103410 S Bo:2:011:2 -115 32 = 00000000 00000000 00000000 00000000 00000000 00000000 00000000 00000000
ffff8e2301f33740 2327106179 C Bo:2:011:2 0 32 >
ffff8e2301f33740 2327106184 S Bo:2:011:2 -115 32 = 00000000 00000000 00000000 00000000 00000000 00000000 00000000 a310a310
ffff8e2301f32240 2327109004 C Bo:2:011:2 0 32 >
ffff8e2301f32240 2327109009 S Bo:2:011:2 -115 32 = ffffffff ffffffff ffffffff ffffbff7 ffffffff ffffffff ffffffff feb6b153
ffff8e2301f33740 2327111742 C Bo:2:011:2 0 32 >
ffff8e2301f33740 2327111746 S Bo:2:011:2 -115 32 = 2a1aac1a b33cb63d b525d625 173e584e 7956ba5e fb6e1c77 fc7e1c87 fc7edb7e
ffff8e2301f32240 2327114482 C Bo:2:011:2 0 32 >
ffff8e2301f32240 2327114493 S Bo:2:011:2 -115 32 = 196e934c 8f338c22 6c1a0a12 0a1a2f4b 368ddbbe ffffffff ffffffff dff7ffff
ffff8e2301f33740 2327117266 C Bo:2:011:2 0 32 >
ffff8e2301f33740 2327117268 S Bo:2:011:2 -115 32 = ffffffff a310a310 00000000 00000000 00000000 00000000 00000000 00000000
ffff8e2301f32240 2327120045 C Bo:2:011:2 0 32 >
ffff8e2301f32240 2327120047 S Bo:2:011:2 -115 32 = a310a310 ffffffff ffff1fff bfffdffe bffe9ffe 7ffe7ffe 3ffe1ffe fffddffd
ffff8e2301f33740 2327122838 C Bo:2:011:2 0 32 >
ffff8e2301f33740 2327122839 S Bo:2:011:2 -115 32 = 1ffebffe ffffffff ffffffff ffff3fff dffd3fff dfffffff ffffffff ffffffff
ffff8e2301f32240 2327125543 C Bo:2:011:2 0 32 >
ffff8e2301f32240 2327125545 S Bo:2:011:2 -115 32 = a310ffff ffffffff ffff5fff 5fff3fff bffedffe ffffffff ffffffff 7ffe3ffd
ffff8e2301f33740 2327128329 C Bo:2:011:2 0 32 >
ffff8e2301f33740 2327128331 S Bo:2:011:2 -115 32 = 9ef4fffc 3ffd9ffd fffd3ffe 7ffe3fff dffebffe 1fff5fff 5fffffff ffffffff
ffff8e2301f32240 2327131114 C Bo:2:011:2 0 32 >
ffff8e2301f32240 2327131116 S Bo:2:011:2 -115 32 = ffffa310 00000000 00000000 00000000 00000000 00000000 00000000 00000000
ffff8e2301f33740 2327133898 C Bo:2:011:2 0 32 >
ffff8e2301f33740 2327133900 S Bo:2:011:2 -115 32 = 00000000 00000000 00000000 00000000 00000000 00000000 00000000 00000000
ffff8e2301f32240 2327136614 C Bo:2:011:2 0 32 >
ffff8e2301f32240 2327136615 S Bo:2:011:2 -115 8 = 00000000 00005ed0
ffff8e2301f33740 2327139400 C Bo:2:011:2 0 32 >
ffff8e2301f32240 2327142147 C Bo:2:011:2 0 8 >
ffff8e2301f326c0 2327155748 C Bi:2:011:2 0 9 = a5570025 000159cb 33
ffff8e2301f326c0 2327155752 S Bi:2:011:2 -115 32 <
ffff8e2301f32240 2327157075 S Bo:2:011:2 -115 32 = a5570026 04000000 00000000 00000000 00000000 00000000 00000000 00000000
ffff8e2301f33740 2327157080 S Bo:2:011:2 -115 32 = 00000000 00000000 00000000 00000000 00000000 00000000 00000000 00000000
ffff8e2301f32240 2327157160 C Bo:2:011:2 0 32 >
ffff8e2301f32240 2327157163 S Bo:2:011:2 -115 32 = 00000000 00000000 00000000 00000000 00000000 00000000 00000000 00000000
ffff8e2301f33740 2327157203 C Bo:2:011:2 0 32 >
ffff8e2301f33740 2327157205 S Bo:2:011:2 -115 32 = 00000000 00000000 00000000 00000000 00000000 00000000 00000000 00000000
ffff8e2301f32240 2327160001 C Bo:2:011:2 0 32 >
ffff8e2301f32240 2327160004 S Bo:2:011:2 -115 32 = 00000000 00000000 00000000 00000000 00000000 00000000 0000a310 ffffffff
ffff8e2301f33740 2327162863 C Bo:2:011:2 0 32 >
ffff8e2301f33740 2327162868 S Bo:2:011:2 -115 32 = ffffffff ffff7fef 7fefffff ffffffff 9ff77ff7 7fefdfff ffffffff 7564a500
ffff8e2301f32240 2327165542 C Bo:2:011:2 0 32 >
ffff8e2301f32240 2327165546 S Bo:2:011:2 -115 32 = ac1ab344 f73d5736 d62d173e 9956da66 1b6f5d7f 1d87fc7e 1c7f1c87 9b7e565d
ffff8e2301f33740 2327168293 C Bo:2:011:2 0 32 >
ffff8e2301f33740 2327168298 S Bo:2:011:2 -115 32 = b03b0912 2a1ad574 f684f684 f684ddce ffffffff ffffffff ffffffff ffffffff
ffff8e2301f32240 2327171054 C Bo:2:011:2 0 32 >
ffff8e2301f32240 2327171059 S Bo:2:011:2 -115 32 = ffffffff ffffffff a3100000 00000000 0000a310 00000000 00000000 a310a310
ffff8e2301f33740 2327173866 C Bo:2:011:2 0 32 >
ffff8e2301f33740 2327173871 S Bo:2:011:2 -115 32 = ffffffff ffffffff ffff3fff 5fffbffe bffe9ffe 7ffe5ffe 3ffefffd dffd9ffd
ffff8e2301f32240 2327176656 C Bo:2:011:2 0 32 >
ffff8e2301f32240 2327176661 S Bo:2:011:2 -115 32 = 7ff59ffd 5ffeffff ffffffff ffffffff 5ffe9fff ffffffff ffffffff ffffffff
ffff8e2301f33740 2327179433 C Bo:2:011:2 0 32 >
ffff8e2301f33740 2327179437 S Bo:2:011:2 -115 32 = a310a310 ffffffff ffffffff ffffbffe 3fffffff ffffffff ffff9ffe 7ffd7ef4
ffff8e2301f32240 2327182148 C Bo:2:011:2 0 32 >
ffff8e2301f32240 2327182153 S Bo:2:011:2 -115 32 = bff41ff5 7ff59ffd fffd3ffe 7ffe5fff fffedffe 3fff3fff 3fff7fff 9fffffff
ffff8e2301f33740 2327184981 C Bo:2:011:2 0 32 >
ffff8e2301f33740 2327184986 S Bo:2:011:2 -115 32 = ffffffff a3100000 00000000 00000000 00000000 00000000 00000000 00000000
ffff8e2301f32240 2327187716 C Bo:2:011:2 0 32 >
ffff8e2301f32240 2327187721 S Bo:2:011:2 -115 32 = 00000000 00000000 00000000 00000000 00000000 00000000 00000000 00000000
ffff8e2301f33740 2327190514 C Bo:2:011:2 0 32 >
ffff8e2301f33740 2327190519 S Bo:2:011:2 -115 32 = 00000000 00000000 00000000 00000000 00000000 00000000 00000000 00000000
ffff8e2301f32240 2327193292 C Bo:2:011:2 0 32 >
ffff8e2301f32240 2327193297 S Bo:2:011:2 -115 32 = 00000000 00000000 00000000 00000000 00000000 00000000 00000000 00000000
ffff8e2301f33740 2327196002 C Bo:2:011:2 0 32 >
ffff8e2301f33740 2327196007 S Bo:2:011:2 -115 32 = 00000000 00000000 00000000 00000000 00000000 00000000 00000000 00000000
ffff8e2301f32240 2327198864 C Bo:2:011:2 0 32 >
ffff8e2301f32240 2327198869 S Bo:2:011:2 -115 32 = 00000000 00000000 00000000 00000000 00000000 00000000 00000000 00000000
ffff8e2301f33740 2327201570 C Bo:2:011:2 0 32 >
ffff8e2301f33740 2327201575 S Bo:2:011:2 -115 32 = 00000000 00000000 00000000 00000000 00000000 00000000 0000a310 ffffffff
ffff8e2301f32240 2327204369 C Bo:2:011:2 0 32 >
ffff8e2301f32240 2327204374 S Bo:2:011:2 -115 32 = ffffffff ffffffff ffffffff ffffffff ffffffff 5ee77fe7 7bae724c 6b122a0a
ffff8e2301f33740 2327207121 C Bo:2:011:2 0 32 >
ffff8e2301f33740 2327207126 S Bo:2:011:2 -115 32 = 1234b74d 372e372e 5946db66 1b6ffb6e db6efc7e fc86dc7e fb7eba76 97652f2b
ffff8e2301f32240 2327209838 C Bo:2:011:2 0 32 >
ffff8e2301f32240 2327209853 S Bo:2:011:2 -115 32 = 0601a500 32641dcf ffffffff ffffffff ffffffff ffffffff ffffffff ffffffff
ffff8e2301f33740 2327212654 C Bo:2:011:2 0 32 >
ffff8e2301f33740 2327212658 S Bo:2:011:2 -115 32 = ffffffff ffffffff a3100000 0000a310 a310ffff a310a310 a310a310 ffffffff
ffff8e2301f32240 2327215433 C Bo:2:011:2 0 32 >
ffff8e2301f32240 2327215437 S Bo:2:011:2 -115 32 = ffffffff ffffffff dfff5fff dffebffe 9ffe7ffe 5ffe3ffe 1ff6fffd dffd9ffd
ffff8e2301f33740 2327218199 C Bo:2:011:2 0 32 >
ffff8e2301f33740 2327218204 S Bo:2:011:2 -115 32 = 7ffd5ffd 5ffd5ffe ffffffff ffffffff ffffffff ffffffff ffffffff a310a310
ffff8e2301f32240 2327221011 C Bo:2:011:2 0 32 >
ffff8e2301f32240 2327221016 S Bo:2:011:2 -115 32 = 00000000 a310ffff ffffffff ffffffff ffffffff ffffffff 1ffebffd 3ffdfffc
ffff8e2301f33740 2327223756 C Bo:2:011:2 0 32 >
ffff8e2301f33740 2327223761 S Bo:2:011:2 -115 32 = fffc1ffd 7ffdbffd fffd3ffe 9ffe5fff fffefffe 1fff3fff 3fff3fff ffffffff
ffff8e2301f32240 2327226503 C Bo:2:011:2 0 32 >
ffff8e2301f32240 2327226507 S Bo:2:011:2 -115 32 = ffffffff a3100000 00000000 00000000 00000000 00000000 00000000 00000000
ffff8e2301f33740 2327229297 C Bo:2:011:2 0 32 >
ffff8e2301f33740 2327229302 S Bo:2:011:2 -115 32 = 00000000 00000000 00000000 00000000 00000000 00000000 00000000 00000000
ffff8e2301f32240 2327232079 C Bo:2:011:2 0 32 >
ffff8e2301f32240 2327232084 S Bo:2:011:2 -115 32 = 00000000 00000000 00000000 00000000 00000000 00000000 00000000 00000000
ffff8e2301f33740 2327234876 C Bo:2:011:2 0 32 >
ffff8e2301f33740 2327234880 S Bo:2:011:2 -115 32 = 00000000 00000000 00000000 00000000 00000000 00000000 00000000 00000000
ffff8e2301f32240 2327237615 C Bo:2:011:2 0 32 >
ffff8e2301f32240 2327237621 S Bo:2:011:2 -115 8 = 00000000 0000d39e
ffff8e2301f33740 2327240365 C Bo:2:011:2 0 32 >
ffff8e2301f32240 2327243078 C Bo:2:011:2 0 8 >
ffff8e2301f32e40 2327256696 C Bi:2:011:2 0 9 = a5570026 00015950 ef
ffff8e2301f32e40 2327256704 S Bi:2:011:2 -115 32 <
ffff8e2301f32240 2327258012 S Bo:2:011:2 -115 32 = a5570027 04000000 00000000 00000000 00000000 00000000 00000000 00000000
ffff8e2301f33740 2327258017 S Bo:2:011:2 -115 32 = 00000000 00000000 00000000 00000000 00000000 00000000 00000000 00000000
ffff8e2301f32240 2327258084 C Bo:2:011:2 0 32 >
ffff8e2301f32240 2327258089 S Bo:2:011:2 -115 32 = 00000000 00000000 00000000 00000000 00000000 00000000 a310ffff ffffffff
ffff8e2301f33740 2327258137 C Bo:2:011:2 0 32 >
ffff8e2301f33740 2327258140 S Bo:2:011:2 -115 32 = ffffffff ffffffff ffff9eef ffffbfef ffffffff fffffcc6 4e3be400 2a0af22b
ffff8e2301f32240 2327260906 C Bo:2:011:2 0 32 >
ffff8e2301f32240 2327260909 S Bo:2:011:2 -115 32 = 1645f73d 5836172e d635174e 3856385e f85d1966 9b769a7e f865b34c ed22a909
ffff8e2301f33740 2327263728 C Bo:2:011:2 0 32 >
ffff8e2301f33740 2327263732 S Bo:2:011:2 -115 32 = 0709ad3a 5fdfffff ffffbff7 ffffffff ffffffff ffffffff ffffffff ffffffff
ffff8e2301f32240 2327266476 C Bo:2:011:2 0 32 >
ffff8e2301f32240 2327266479 S Bo:2:011:2 -115 32 = ffffbff7 ffffffff ffffa310 a310ffff ffffffff ffffffff ffffffff ffffffff
ffff8e2301f33740 2327269230 C Bo:2:011:2 0 32 >
ffff8e2301f33740 2327269234 S Bo:2:011:2 -115 32 = ffffffff 9fff7fff 7fff1fff dffe9ffe 9ffe5ffe 3ffe1ffe fff5dffd bffd9ffd
ffff8e2301f32240 2327271980 C Bo:2:011:2 0 32 >
ffff8e2301f32240 2327271984 S Bo:2:011:2 -115 32 = 7ff55ffd 3ffd7ffd fffeffff ffffffff ffffffff ffffffff a310a310 00000000
ffff8e2301f33740 2327274837 C Bo:2:011:2 0 32 >
ffff8e2301f33740 2327274841 S Bo:2:011:2 -115 32 = 00000000 0000a310 a310ffff ffffffff ffffffff fffffff5 5ffd9ef4 dff4fffc
ffff8e2301f32240 2327277551 C Bo:2:011:2 0 32 >
ffff8e2301f32240 2327277556 S Bo:2:011:2 -115 32 = 3ffdbffd 3ffefffd 1ffe3ffe bffebfff 1fffdffe fffefffe 1fffffff ffffffff
ffff8e2301f33740 2327280348 C Bo:2:011:2 0 32 >
ffff8e2301f33740 2327280352 S Bo:2:011:2 -115 32 = ffffa310 00000000 00000000 00000000 00000000 00000000 00000000 00000000
ffff8e2301f32240 2327283117 C Bo:2:011:2 0 32 >
ffff8e2301f32240 2327283120 S Bo:2:011:2 -115 32 = 00000000 00000000 00000000 00000000 00000000 00000000 00000000 00000000
ffff8e2301f33740 2327285836 C Bo:2:011:2 0 32 >
ffff8e2301f33740 2327285840 S Bo:2:011:2 -115 32 = 00000000 00000000 00000000 00000000 00000000 00000000 00000000 00000000
ffff8e2301f32240 2327288624 C Bo:2:011:2 0 32 >
ffff8e2301f32240 2327288629 S Bo:2:011:2 -115 32 = 00000000 00000000 00000000 00000000 00000000 00000000 00000000 00000000
ffff8e2301f33740 2327291408 C Bo:2:011:2 0 32 >
ffff8e2301f33740 2327291412 S Bo:2:011:2 -115 32 = 00000000 00000000 00000000 00000000 00000000 00000000 00000000 00000000
ffff8e2301f32240 2327294187 C Bo:2:011:2 0 32 >
ffff8e2301f32240 2327294190 S Bo:2:011:2 -115 32 = 00000000 00000000 00000000 00000000 00000000 00000000 00000000 00000000
ffff8e2301f33740 2327296969 C Bo:2:011:2 0 32 >
ffff8e2301f33740 2327296974 S Bo:2:011:2 -115 32 = 00000000 00000000 00000000 00000000 00000000 a310a310 a310ffff ffffffff
ffff8e2301f32240 2327299723 C Bo:2:011:2 0 32 >
ffff8e2301f32240 2327299726 S Bo:2:011:2 -115 32 = dfff9ff7 ffffffff ffffffff 5ee7dfef ffffffff f99d8f43 4a12ab12 112c3645
ffff8e2301f33740 2327302509 C Bo:2:011:2 0 32 >
ffff8e2301f33740 2327302514 S Bo:2:011:2 -115 32 = d84d383e 58361736 342db22c b22cb234 b3349234 d33c1455 934c0d23 26016701
ffff8e2301f32240 2327305274 C Bo:2:011:2 0 32 >
ffff8e2301f32240 2327305279 S Bo:2:011:2 -115 32 = d5749ee7 ffff9fef 7fefdfff 7fefffff ffffffff ffffffff ffffffff ffffffff
ffff8e2301f33740 2327308055 C Bo:2:011:2 0 32 >
ffff8e2301f33740 2327308060 S Bo:2:011:2 -115 32 = ffffffff ffffffff a310ffff ffffffff ffffffff ffffffff ffffffff ffffffff
ffff8e2301f32240 2327310837 C Bo:2:011:2 0 32 >
ffff8e2301f32240 2327310841 S Bo:2:011:2 -115 32 = bfffdfff 5fff5fff 1ffffffe 3fff5fff 5ffffffe 7ffe1ffe dffd9ffd 7ff55ff5
ffff8e2301f33740 2327313532 C Bo:2:011:2 0 32 >
ffff8e2301f33740 2327313536 S Bo:2:011:2 -115 32 = 5ff55ff5 5ff55ff5 1ffebefe ffffffff ffffffff a310a310 00000000 00000000
ffff8e2301f32240 2327316335 C Bo:2:011:2 0 32 >
ffff8e2301f32240 2327316340 S Bo:2:011:2 -115 32 = 00000000 00000000 0000a310 a310ffff ffffffff dffedffd 9ffc9ffc dffcdffd
ffff8e2301f33740 2327319117 C Bo:2:011:2 0 32 >
ffff8e2301f33740 2327319120 S Bo:2:011:2 -115 32 = 7ffebffe 7ffefffd fffd3ffe dffeffff 3fffdffe fffefffe fffebfff 9fffffff
ffff8e2301f32240 2327321908 C Bo:2:011:2 0 32 >
ffff8e2301f32240 2327321913 S Bo:2:011:2 -115 32 = ffffffff a3100000 00000000 00000000 00000000 00000000 00000000 00000000
ffff8e2301f33740 2327324634 C Bo:2:011:2 0 32 >
ffff8e2301f33740 2327324640 S Bo:2:011:2 -115 32 = 00000000 00000000 00000000 00000000 00000000 00000000 00000000 00000000
ffff8e2301f32240 2327327408 C Bo:2:011:2 0 32 >
ffff8e2301f32240 2327327413 S Bo:2:011:2 -115 32 = 00000000 00000000 00000000 00000000 00000000 00000000 00000000 00000000
ffff8e2301f33740 2327330200 C Bo:2:011:2 0 32 >
ffff8e2301f33740 2327330204 S Bo:2:011:2 -115 32 = 00000000 00000000 00000000 00000000 00000000 00000000 00000000 00000000
ffff8e2301f32240 2327332980 C Bo:2:011:2 0 32 >
ffff8e2301f32240 2327332985 S Bo:2:011:2 -115 32 = 00000000 00000000 00000000 00000000 00000000 00000000 00000000 00000000
ffff8e2301f33740 2327335756 C Bo:2:011:2 0 32 >
ffff8e2301f33740 2327335761 S Bo:2:011:2 -115 32 = 00000000 00000000 00000000 00000000 00000000 00000000 00000000 00000000
ffff8e2301f32240 2327338486 C Bo:2:011:2 0 32 >
ffff8e2301f32240 2327338489 S Bo:2:011:2 -115 8 = 00000000 0000ec96
ffff8e2301f33740 2327341274 C Bo:2:011:2 0 32 >
ffff8e2301f32240 2327344025 C Bo:2:011:2 0 8 >
ffff8e2301f326c0 2327357856 C Bi:2:011:2 0 9 = a5570027 00015926 5b
ffff8e2301f326c0 2327357862 S Bi:2:011:2 -115 32 <
ffff8e2301f32240 2327358976 S Bo:2:011:2 -115 32 = a5570028 04000000 00000000 00000000 a310a310 ffffffff a310a310 ffffffff
ffff8e2301f33740 2327358980 S Bo:2:011:2 -115 32 = ffffffff ffffffff ffffdfff ffffffff ffffd99d 68116300 cc12b334 b745b73d
ffff8e2301f32240 2327359047 C Bo:2:011:2 0 32 >
ffff8e2301f32240 2327359053 S Bo:2:011:2 -115 32 = d7351736 38365946 f74d143d f334143d 9234ae1b eb0aec12 ec124a12 6701ed32
ffff8e2301f33740 2327359092 C Bo:2:011:2 0 32 >
ffff8e2301f33740 2327359096 S Bo:2:011:2 -115 32 = 5dcfffff 9fef5fe7 bff7ffff bff7ffff ffffffff a310ffff ffffffff dfffbff7
ffff8e2301f32240 2327361930 C Bo:2:011:2 0 32 >
ffff8e2301f32240 2327361934 S Bo:2:011:2 -115 32 = ffffffff ffffffff ffffffff ffffffff ffffdfff ffffffff ffffffff ffff9fff
ffff8e2301f33740 2327364623 C Bo:2:011:2 0 32 >
ffff8e2301f33740 2327364628 S Bo:2:011:2 -115 32 = dfff5fff 3ffffffe dffebffe 5fffdfff ffffdfff bfff9fff 7fff7fff 5fff1fff
ffff8e2301f32240 2327367435 C Bo:2:011:2 0 32 >
ffff8e2301f32240 2327367440 S Bo:2:011:2 -115 32 = 9ffe3ff6 fff5dff5 1ffe3fff ffffffff ffffa310 00000000 00000000 00000000
ffff8e2301f33740 2327370202 C Bo:2:011:2 0 32 >
ffff8e2301f33740 2327370207 S Bo:2:011:2 -115 32 = 00000000 00000000 00000000 a310ffff ffffffff 5ffe1ffe bffdfffd 1ffedffd
ffff8e2301f32240 2327372975 C Bo:2:011:2 0 32 >
ffff8e2301f32240 2327372978 S Bo:2:011:2 -115 32 = 5ffdfef4 fff45ff5 dffd3ffe bffe9fff dffebffe dffefffe 1ffffffe dfffffff
ffff8e2301f33740 2327375836 C Bo:2:011:2 0 32 >
ffff8e2301f33740 2327375841 S Bo:2:011:2 -115 32 = ffffffff a3100000 00000000 00000000 00000000 00000000 00000000 00000000
ffff8e2301f32240 2327378493 C Bo:2:011:2 0 32 >
ffff8e2301f32240 2327378496 S Bo:2:011:2 -115 32 = 00000000 00000000 00000000 00000000 00000000 00000000 00000000 00000000
ffff8e2301f33740 2327381296 C Bo:2:011:2 0 32 >
ffff8e2301f33740 2327381301 S Bo:2:011:2 -115 32 = 00000000 00000000 00000000 00000000 00000000 00000000 00000000 00000000
ffff8e2301f32240 2327384058 C Bo:2:011:2 0 32 >
ffff8e2301f32240 2327384063 S Bo:2:011:2 -115 32 = 00000000 00000000 00000000 00000000 00000000 00000000 00000000 00000000
ffff8e2301f33740 2327386863 C Bo:2:011:2 0 32 >
ffff8e2301f33740 2327386867 S Bo:2:011:2 -115 32 = 00000000 00000000 00000000 00000000 00000000 00000000 00000000 00000000
ffff8e2301f32240 2327389618 C Bo:2:011:2 0 32 >
ffff8e2301f32240 2327389621 S Bo:2:011:2 -115 32 = 00000000 00000000 00000000 00000000 00000000 00000000 00000000 00000000
ffff8e2301f33740 2327392376 C Bo:2:011:2 0 32 >
ffff8e2301f33740 2327392381 S Bo:2:011:2 -115 32 = 00000000 00000000 00000000 0000a310 ffffffff ffffffff ffffffff ffffffff
ffff8e2301f32240 2327395123 C Bo:2:011:2 0 32 >
ffff8e2301f32240 2327395128 S Bo:2:011:2 -115 32 = ffffbff7 9ff7bfff 7ff7ffff ffffffff 378d2b2a 88094b12 122c763d 3846593e
ffff8e2301f33740 2327397915 C Bo:2:011:2 0 32 >
ffff8e2301f33740 2327397919 S Bo:2:011:2 -115 32 = f835f72d 373eba5e bb6e3966 5a66db6e d7557234 2c138a0a 4a02e801 6b1a19ae
ffff8e2301f32240 2327400702 C Bo:2:011:2 0 32 >
ffff8e2301f32240 2327400707 S Bo:2:011:2 -115 32 = ffffbfef 9ff79ff7 5fefbfff ffffffff ffffffff ffffffff ffffffff ffffffff
ffff8e2301f33740 2327403449 C Bo:2:011:2 0 32 >
ffff8e2301f33740 2327403453 S Bo:2:011:2 -115 32 = ffffffff ffffffff ffffffff ffffffff ffffffff ffffffff 7fffbfff ffff3fff
ffff8e2301f32240 2327406197 C Bo:2:011:2 0 32 >
ffff8e2301f32240 2327406200 S Bo:2:011:2 -115 32 = 1fff1fff fffebffe 9ffe9ffe 7ffe5ffe 5ffe3ffe 3ffe3ffe 7ef61fff 9fff7fff
ffff8e2301f33740 2327408958 C Bo:2:011:2 0 32 >
ffff8e2301f33740 2327408962 S Bo:2:011:2 -115 32 = 7fff7fff 7fff7fff bfffffff ffffffff a3100000 00000000 00000000 00000000
ffff8e2301f32240 2327411837 C Bo:2:011:2 0 32 >
ffff8e2301f32240 2327411842 S Bo:2:011:2 -115 32 = 00000000 00000000 00000000 0000a310 ffffffff ffffffff 1ffffffd def47df4
ffff8e2301f33740 2327414519 C Bo:2:011:2 0 32 >
ffff8e2301f33740 2327414523 S Bo:2:011:2 -115 32 = 7df49ef4 def41ef5 bffddffd bffe9fff 5ef67ffe fffe5fff fffeffff ffffffff
ffff8e2301f32240 2327417293 C Bo:2:011:2 0 32 >
ffff8e2301f32240 2327417298 S Bo:2:011:2 -115 32 = ffffa310 00000000 00000000 00000000 00000000 00000000 00000000 00000000
ffff8e2301f33740 2327420080 C Bo:2:011:2 0 32 >
ffff8e2301f33740 2327420085 S Bo:2:011:2 -115 32 = 00000000 00000000 00000000 00000000 00000000 00000000 00000000 00000000
ffff8e2301f32240 2327422865 C Bo:2:011:2 0 32 >
ffff8e2301f32240 2327422870 S Bo:2:011:2 -115 32 = 00000000 00000000 00000000 00000000 00000000 00000000 00000000 00000000
ffff8e2301f33740 2327425629 C Bo:2:011:2 0 32 >
ffff8e2301f33740 2327425634 S Bo:2:011:2 -115 32 = 00000000 00000000 00000000 00000000 00000000 00000000 00000000 00000000
ffff8e2301f32240 2327428374 C Bo:2:011:2 0 32 >
ffff8e2301f32240 2327428379 S Bo:2:011:2 -115 32 = 00000000 00000000 00000000 00000000 00000000 00000000 00000000 00000000
ffff8e2301f33740 2327431148 C Bo:2:011:2 0 32 >
ffff8e2301f33740 2327431153 S Bo:2:011:2 -115 32 = 00000000 00000000 00000000 00000000 00000000 00000000 00000000 00000000
ffff8e2301f32240 2327433934 C Bo:2:011:2 0 32 >
ffff8e2301f32240 2327433939 S Bo:2:011:2 -115 32 = 00000000 00000000 00000000 0000a310 ffffffff ffffffff ffffffff ffffffff
ffff8e2301f33740 2327436728 C Bo:2:011:2 0 32 >
ffff8e2301f33740 2327436733 S Bo:2:011:2 -115 32 = ffffffff 7fef9fef 7ff77fef ffffffff 8d3a2200 cd22533c 5645b63d 7525d735
ffff8e2301f32240 2327439507 C Bo:2:011:2 0 32 >
ffff8e2301f32240 2327439512 S Bo:2:011:2 -115 8 = 3946f735 174699c6
ffff8e2301f33740 2327442229 C Bo:2:011:2 0 32 >
ffff8e2301f32240 2327445002 C Bo:2:011:2 0 8 >
ffff8e2301f32e40 2327458852 C Bi:2:011:2 0 9 = a5570028 000159f2 b5
ffff8e2301f32e40 2327458858 S Bi:2:011:2 -115 32 <
ffff8e2301f32240 2327460150 S Bo:2:011:2 -115 32 = a5570029 0400bb6e bb76bc7e 3d875d7f 1c7f9a6e 55554e23 e909cd2a 97857fdf
ffff8e2301f33740 2327460155 S Bo:2:011:2 -115 32 = ffff7fef 5fe77ff7 bfffbfff 9ff7ffff ffffffff ffffffff ffffffff ffffffff
ffff8e2301f32240 2327460246 C Bo:2:011:2 0 32 >
ffff8e2301f32240 2327460251 S Bo:2:011:2 -115 32 = 9ff7ffff ffffffff ffffffff bfff9fff ffff9fff 7fffbfff 7fff3fff 3fff1fff
ffff8e2301f33740 2327460286 C Bo:2:011:2 0 32 >
ffff8e2301f33740 2327460288 S Bo:2:011:2 -115 32 = fffedffe 9ffe9ffe 7ffe5ffe 3ffe1ffe fffddffd bffdbffd bff5bff5 bffd9ff5
ffff8e2301f32240 2327463051 C Bo:2:011:2 0 32 >
ffff8e2301f32240 2327463056 S Bo:2:011:2 -115 32 = bff5dff5 1ef6fffe 1fffffff ffffffff a3100000 00000000 00000000 00000000
ffff8e2301f33740 2327465861 C Bo:2:011:2 0 32 >
ffff8e2301f33740 2327465866 S Bo:2:011:2 -115 32 = 00000000 00000000 00000000 0000a310 ffffffff ffff1fff bffe7ffd 5ffd7ffd
ffff8e2301f32240 2327468657 C Bo:2:011:2 0 32 >
ffff8e2301f32240 2327468662 S Bo:2:011:2 -115 32 = 9ffdbffd 1ffe3ffe 7ffe1fff fffe5fff bfff7fff 3fff3fff bfffffff ffffffff
ffff8e2301f33740 2327471399 C Bo:2:011:2 0 32 >
ffff8e2301f33740 2327471404 S Bo:2:011:2 -115 32 = ffffa310 00000000 00000000 00000000 00000000 00000000 00000000 00000000
ffff8e2301f32240 2327474153 C Bo:2:011:2 0 32 >
ffff8e2301f32240 2327474158 S Bo:2:011:2 -115 32 = 00000000 00000000 00000000 00000000 00000000 00000000 00000000 00000000
ffff8e2301f33740 2327476936 C Bo:2:011:2 0 32 >
ffff8e2301f33740 2327476941 S Bo:2:011:2 -115 32 = 00000000 00000000 00000000 00000000 00000000 00000000 00000000 00000000
ffff8e2301f32240 2327479693 C Bo:2:011:2 0 32 >
ffff8e2301f32240 2327479698 S Bo:2:011:2 -115 32 = 00000000 00000000 00000000 00000000 00000000 00000000 00000000 00000000
ffff8e2301f33740 2327482479 C Bo:2:011:2 0 32 >
ffff8e2301f33740 2327482483 S Bo:2:011:2 -115 32 = 00000000 00000000 00000000 00000000 00000000 00000000 00000000 00000000
ffff8e2301f32240 2327485197 C Bo:2:011:2 0 32 >
ffff8e2301f32240 2327485200 S Bo:2:011:2 -115 32 = 00000000 00000000 00000000 00000000 00000000 00000000 00000000 00000000
ffff8e2301f33740 2327487987 C Bo:2:011:2 0 32 >
ffff8e2301f33740 2327487992 S Bo:2:011:2 -115 32 = 00000000 00000000 00000000 a310ffff ffffffff 9ef79ff7 ffffffff ffffffff
ffff8e2301f32240 2327490833 C Bo:2:011:2 0 32 >
ffff8e2301f32240 2327490836 S Bo:2:011:2 -115 32 = ffffffff 7fef3fe7 bff75fe7 3bae525c ea110a12 12343545 7635d62d d62db735
ffff8e2301f33740 2327493579 C Bo:2:011:2 0 32 >
ffff8e2301f33740 2327493584 S Bo:2:011:2 -115 32 = d73d1746 584e9a6e 9b76bb7e dc7edb76 3c775c7f fb7ed03b 8400f684 ffff5fdf
ffff8e2301f32240 2327496272 C Bo:2:011:2 0 32 >
ffff8e2301f32240 2327496276 S Bo:2:011:2 -115 32 = 5fe7bff7 3fe77fef bfffbff7 dfffffff ffffffff ffffffff ffffffff dfffffff
ffff8e2301f33740 2327499058 C Bo:2:011:2 0 32 >
ffff8e2301f33740 2327499063 S Bo:2:011:2 -115 32 = 9fff7fff 9fff5fff 5fffffff 5fff9fff 5fffdfff dfff1ff7 1fff1fff fffefffe
ffff8e2301f32240 2327501838 C Bo:2:011:2 0 32 >
ffff8e2301f32240 2327501842 S Bo:2:011:2 -115 32 = dffe9ffe 7ffe5ffe 3ffebffe 3ffefffd fffd9ffe 7ffe7ffe 7ffe7ffe 9ffebffe
ffff8e2301f33740 2327504657 C Bo:2:011:2 0 32 >
ffff8e2301f33740 2327504661 S Bo:2:011:2 -115 32 = bffedffe fffe1fff ffffffff ffffa310 00000000 00000000 00000000 00000000
ffff8e2301f32240 2327507417 C Bo:2:011:2 0 32 >
ffff8e2301f32240 2327507421 S Bo:2:011:2 -115 32 = 00000000 00000000 00000000 00000000 a310ffff ffffffff ffffffff ffffffff
ffff8e2301f33740 2327510129 C Bo:2:011:2 0 32 >
ffff8e2301f33740 2327510134 S Bo:2:011:2 -115 32 = ffffffff ffffffff ffffffff ffffffff ffffffff ffffffff ffffffff ffffffff
ffff8e2301f32240 2327512908 C Bo:2:011:2 0 32 >
ffff8e2301f32240 2327512912 S Bo:2:011:2 -115 32 = a3100000 00000000 00000000 00000000 00000000 00000000 00000000 00000000
ffff8e2301f33740 2327515709 C Bo:2:011:2 0 32 >
ffff8e2301f33740 2327515712 S Bo:2:011:2 -115 32 = 00000000 00000000 00000000 00000000 00000000 00000000 00000000 00000000
ffff8e2301f32240 2327518482 C Bo:2:011:2 0 32 >
ffff8e2301f32240 2327518486 S Bo:2:011:2 -115 32 = 00000000 00000000 00000000 00000000 00000000 00000000 00000000 00000000
ffff8e2301f33740 2327521244 C Bo:2:011:2 0 32 >
ffff8e2301f33740 2327521247 S Bo:2:011:2 -115 32 = 00000000 00000000 00000000 00000000 00000000 00000000 00000000 00000000
ffff8e2301f32240 2327523979 C Bo:2:011:2 0 32 >
ffff8e2301f32240 2327523984 S Bo:2:011:2 -115 32 = 00000000 00000000 00000000 00000000 00000000 00000000 00000000 00000000
ffff8e2301f33740 2327526846 C Bo:2:011:2 0 32 >
ffff8e2301f33740 2327526851 S Bo:2:011:2 -115 32 = 00000000 00000000 00000000 00000000 00000000 00000000 00000000 00000000
ffff8e2301f32240 2327529554 C Bo:2:011:2 0 32 >
ffff8e2301f32240 2327529559 S Bo:2:011:2 -115 32 = 00000000 00000000 00000000 a310ffff ffffffff 9ef79ef7 ffffffff ffffdfff
ffff8e2301f33740 2327532366 C Bo:2:011:2 0 32 >
ffff8e2301f33740 2327532371 S Bo:2:011:2 -115 32 = bfff9ff7 5feffede ffff3fe7 0f438809 8b12d02b f43cb63d b62d1626 5736b635
ffff8e2301f32240 2327535122 C Bo:2:011:2 0 32 >
ffff8e2301f32240 2327535126 S Bo:2:011:2 -115 32 = b63d9a56 db66795e db76dc7e 9a761c7f 3c7fda6e 3c87d03b 4400f67c ffff3fe7
ffff8e2301f33740 2327537852 C Bo:2:011:2 0 32 >
ffff8e2301f33740 2327537858 S Bo:2:011:2 -115 32 = 3fe7bff7 7fef7ff7 7ff79ff7 ffffdfff ffffffff ffff9ff7 9ff79ff7 ffffffff
ffff8e2301f32240 2327540619 C Bo:2:011:2 0 32 >
ffff8e2301f32240 2327540622 S Bo:2:011:2 -115 8 = dfff9fff 7fff178d
ffff8e2301f33740 2327543433 C Bo:2:011:2 0 32 >
ffff8e2301f32240 2327546126 C Bo:2:011:2 0 8 >
ffff8e2301f326c0 2327559648 C Bi:2:011:2 0 9 = a5570029 00015984 01
ffff8e2301f326c0 2327559656 S Bi:2:011:2 -115 32 <
ffff8e2301f32240 2327560913 S Bo:2:011:2 -115 32 = a557002a 0400dfff bfff7fff bfffbfff dfff9fff 9fff9fff 9fff9fff 9fffbfff
ffff8e2301f33740 2327560918 S Bo:2:011:2 -115 32 = 9fff7fff 5fff5fff bfffdffe fffe9fff dffe3ffe 1efe1ffe 1ffe1ffe 3ff65ffe
ffff8e2301f32240 2327560985 C Bo:2:011:2 0 32 >
ffff8e2301f32240 2327560989 S Bo:2:011:2 -115 32 = 5efe7efe 9ffeffff ffffffff ffffa310 00000000 00000000 00000000 00000000
ffff8e2301f33740 2327561038 C Bo:2:011:2 0 32 >
ffff8e2301f33740 2327561042 S Bo:2:011:2 -115 32 = 00000000 00000000 00000000 00000000 a310ffff ffffffff ffffffff ffffffff
ffff8e2301f32240 2327563833 C Bo:2:011:2 0 32 >
ffff8e2301f32240 2327563836 S Bo:2:011:2 -115 32 = ffffffff ffffffff ffffffff ffffffff ffffffff ffffffff ffffffff ffffffff
ffff8e2301f33740 2327566553 C Bo:2:011:2 0 32 >
ffff8e2301f33740 2327566557 S Bo:2:011:2 -115 32 = a3100000 00000000 00000000 00000000 00000000 00000000 00000000 00000000
ffff8e2301f32240 2327569390 C Bo:2:011:2 0 32 >
ffff8e2301f32240 2327569394 S Bo:2:011:2 -115 32 = 00000000 00000000 00000000 00000000 00000000 00000000 00000000 00000000
ffff8e2301f33740 2327572130 C Bo:2:011:2 0 32 >
ffff8e2301f33740 2327572136 S Bo:2:011:2 -115 32 = 00000000 00000000 00000000 00000000 00000000 00000000 00000000 00000000
ffff8e2301f32240 2327574906 C Bo:2:011:2 0 32 >
ffff8e2301f32240 2327574910 S Bo:2:011:2 -115 32 = 00000000 00000000 00000000 00000000 00000000 00000000 00000000 00000000
ffff8e2301f33740 2327577719 C Bo:2:011:2 0 32 >
ffff8e2301f33740 2327577723 S Bo:2:011:2 -115 32 = 00000000 00000000 00000000 00000000 00000000 00000000 00000000 00000000
ffff8e2301f32240 2327580409 C Bo:2:011:2 0 32 >
ffff8e2301f32240 2327580414 S Bo:2:011:2 -115 32 = 00000000 00000000 00000000 00000000 00000000 00000000 00000000 00000000
ffff8e2301f33740 2327583203 C Bo:2:011:2 0 32 >
ffff8e2301f33740 2327583208 S Bo:2:011:2 -115 32 = 00000000 00000000 0000a310 ffffffff ffffffff ffff9ef7 bef7bef7 ffff9ff7
ffff8e2301f32240 2327585998 C Bo:2:011:2 0 32 >
ffff8e2301f32240 2327586001 S Bo:2:011:2 -115 32 = 7fef7fef 7fef3fe7 ffffbcbe ea11a801 522cf32c 3425f62d 572e5726 f625f62d
ffff8e2301f33740 2327588866 C Bo:2:011:2 0 32 >
ffff8e2301f33740 2327588872 S Bo:2:011:2 -115 32 = 584efb5e da667966 da76db76 ba76fb76 3c7f5c7f ba764e2b e600d674 fff73fe7
ffff8e2301f32240 2327591550 C Bo:2:011:2 0 32 >
ffff8e2301f32240 2327591553 S Bo:2:011:2 -115 32 = 5fef9ff7 7fef9ff7 7fefbff7 ffffffff ffffffff bfffdfff 9ff7ffff dfffffff
ffff8e2301f33740 2327594270 C Bo:2:011:2 0 32 >
ffff8e2301f33740 2327594274 S Bo:2:011:2 -115 32 = ffff7fff dfffffff ffffffff ffffffff ffffffff ffffffff ffffffff ffffffff
ffff8e2301f32240 2327597056 C Bo:2:011:2 0 32 >
ffff8e2301f32240 2327597061 S Bo:2:011:2 -115 32 = ffffffff ffffffff ffffffff ffffffff ffffffff ffffffff ffffffff ffffffff
ffff8e2301f33740 2327599841 C Bo:2:011:2 0 32 >
ffff8e2301f33740 2327599846 S Bo:2:011:2 -115 32 = ffffffff ffffffff ffffffff ffffa310 00000000 00000000 00000000 00000000
ffff8e2301f32240 2327602645 C Bo:2:011:2 0 32 >
ffff8e2301f32240 2327602649 S Bo:2:011:2 -115 32 = 00000000 00000000 00000000 00000000 a310ffff ffffffff ffffffff 1fff5fff
ffff8e2301f33740 2327605383 C Bo:2:011:2 0 32 >
ffff8e2301f33740 2327605387 S Bo:2:011:2 -115 32 = 3ffe3ff6 dffdbef5 def5fef5 ffffbfff 3fff9fff 9ffe9ffe 9ffebfff ffffffff
ffff8e2301f32240 2327608125 C Bo:2:011:2 0 32 >
ffff8e2301f32240 2327608129 S Bo:2:011:2 -115 32 = ffffa310 00000000 00000000 00000000 00000000 00000000 00000000 00000000
ffff8e2301f33740 2327610911 C Bo:2:011:2 0 32 >
ffff8e2301f33740 2327610915 S Bo:2:011:2 -115 32 = 00000000 00000000 00000000 00000000 00000000 00000000 00000000 00000000
ffff8e2301f32240 2327613729 C Bo:2:011:2 0 32 >
ffff8e2301f32240 2327613734 S Bo:2:011:2 -115 32 = 00000000 00000000 00000000 00000000 00000000 00000000 00000000 00000000
ffff8e2301f33740 2327616515 C Bo:2:011:2 0 32 >
ffff8e2301f33740 2327616520 S Bo:2:011:2 -115 32 = 00000000 00000000 00000000 00000000 00000000 00000000 00000000 00000000
ffff8e2301f32240 2327619271 C Bo:2:011:2 0 32 >
ffff8e2301f32240 2327619276 S Bo:2:011:2 -115 32 = 00000000 00000000 00000000 00000000 00000000 00000000 00000000 00000000
ffff8e2301f33740 2327621979 C Bo:2:011:2 0 32 >
ffff8e2301f33740 2327621984 S Bo:2:011:2 -115 32 = 00000000 00000000 00000000 00000000 00000000 00000000 00000000 00000000
ffff8e2301f32240 2327624839 C Bo:2:011:2 0 32 >
ffff8e2301f32240 2327624843 S Bo:2:011:2 -115 32 = 00000000 00000000 0000a310 ffffffff ffffffff ffff9ef7 ffffffff ffff9fef
ffff8e2301f33740 2327627580 C Bo:2:011:2 0 32 >
ffff8e2301f33740 2327627585 S Bo:2:011:2 -115 32 = 7fef3fdf dff7dff7 589d0f3b 2b122e1b 5545b63d b62d572e 77263626 1626373e
ffff8e2301f32240 2327630340 C Bo:2:011:2 0 32 >
ffff8e2301f32240 2327630344 S Bo:2:011:2 -115 32 = 9956ba66 9a6eba6e 9a6e9a6e da76da76 1b777d87 f75ded1a 88099895 ffff1edf
ffff8e2301f33740 2327633102 C Bo:2:011:2 0 32 >
ffff8e2301f33740 2327633107 S Bo:2:011:2 -115 32 = 5fe79fef 7fef9ff7 ffffdfff ffffffff ffffffff ffffffff ffffffff ffffffff
ffff8e2301f32240 2327635841 C Bo:2:011:2 0 32 >
ffff8e2301f32240 2327635846 S Bo:2:011:2 -115 32 = ffffffff ffffffff ffffffff ffffffff ffffffff ffffffff ffffffff ffffffff
ffff8e2301f33740 2327638656 C Bo:2:011:2 0 32 >
ffff8e2301f33740 2327638661 S Bo:2:011:2 -115 32 = ffffffff ffffffff ffffffff ffffffff ffffffff ffffffff ffffffff ffffffff
ffff8e2301f32240 2327641404 C Bo:2:011:2 0 32 >
ffff8e2301f32240 2327641408 S Bo:2:011:2 -115 8 = ffffffff ffff3475
ffff8e2301f33740 2327644203 C Bo:2:011:2 0 32 >
ffff8e2301f32240 2327646918 C Bo:2:011:2 0 8 >
ffff8e2301f32e40 2327660608 C Bi:2:011:2 0 9 = a557002a 0001591f dd
ffff8e2301f32e40 2327660616 S Bi:2:011:2 -115 32 <
ffff8e2301f32240 2327661648 S Bo:2:011:2 -115 32 = a557002b 0400ffff ffffffff ffffffff a3100000 00000000 00000000 00000000
ffff8e2301f33740 2327661653 S Bo:2:011:2 -115 32 = 00000000 00000000 00000000 00000000 a310ffff ffffffff dffe3ffe 9ffd9ffd
ffff8e2301f32240 2327661721 C Bo:2:011:2 0 32 >
ffff8e2301f32240 2327661725 S Bo:2:011:2 -115 32 = 5ffd3ffd 1ffd3ffd 5ffdbefd ffff7ffe 1ffe3ef6 7ffebffe bffeffff ffffffff
ffff8e2301f33740 2327661830 C Bo:2:011:2 0 32 >
ffff8e2301f33740 2327661834 S Bo:2:011:2 -115 32 = ffffa310 00000000 00000000 00000000 00000000 00000000 00000000 00000000
ffff8e2301f32240 2327664549 C Bo:2:011:2 0 32 >
ffff8e2301f32240 2327664552 S Bo:2:011:2 -115 32 = 00000000 00000000 00000000 00000000 00000000 00000000 00000000 00000000
ffff8e2301f33740 2327667329 C Bo:2:011:2 0 32 >
ffff8e2301f33740 2327667334 S Bo:2:011:2 -115 32 = 00000000 00000000 00000000 00000000 00000000 00000000 00000000 00000000
ffff8e2301f32240 2327670128 C Bo:2:011:2 0 32 >
ffff8e2301f32240 2327670132 S Bo:2:011:2 -115 32 = 00000000 00000000 00000000 00000000 00000000 00000000 00000000 00000000
ffff8e2301f33740 2327672850 C Bo:2:011:2 0 32 >
ffff8e2301f33740 2327672855 S Bo:2:011:2 -115 32 = 00000000 00000000 00000000 00000000 00000000 00000000 00000000 00000000
ffff8e2301f32240 2327675625 C Bo:2:011:2 0 32 >
ffff8e2301f32240 2327675629 S Bo:2:011:2 -115 32 = 00000000 00000000 00000000 00000000 00000000 00000000 00000000 00000000
ffff8e2301f33740 2327678437 C Bo:2:011:2 0 32 >
ffff8e2301f33740 2327678441 S Bo:2:011:2 -115 32 = 00000000 00000000 a310ffff ffffffff bff7dfff 9ff79ef7 9eefdff7 ffff7fe7
ffff8e2301f32240 2327681183 C Bo:2:011:2 0 32 >
ffff8e2301f32240 2327681188 S Bo:2:011:2 -115 32 = 5fef1fe7 ffffffff ce4a4300 ed1a733c 1545183e 782e7726 36261626 17365846
ffff8e2301f33740 2327683915 C Bo:2:011:2 0 32 >
ffff8e2301f33740 2327683918 S Bo:2:011:2 -115 32 = 9a5e7a6e 7a769b76 9a769a76 da7eba76 3c7f9966 b234ec1a cd2a7bb6 ffff3edf
ffff8e2301f32240 2327686694 C Bo:2:011:2 0 32 >
ffff8e2301f32240 2327686699 S Bo:2:011:2 -115 32 = 7fe79fef 7fe7bff7 ffffffff ffffffff ffffffff ffffffff ffffffff ffffffff
ffff8e2301f33740 2327689478 C Bo:2:011:2 0 32 >
ffff8e2301f33740 2327689482 S Bo:2:011:2 -115 32 = ffffffff ffff7fff ffff5fff 3fff3fff 3fff5fff 5fff5fff 5fff5fff 7fff7fff
ffff8e2301f32240 2327692270 C Bo:2:011:2 0 32 >
ffff8e2301f32240 2327692274 S Bo:2:011:2 -115 32 = 3ffffff6 dffe9ff6 9fffffff ffffffff ffffffff 3fff3ff6 1ff65ff6 5ff67ff6
ffff8e2301f33740 2327695058 C Bo:2:011:2 0 32 >
ffff8e2301f33740 2327695062 S Bo:2:011:2 -115 32 = 9ffe9ffe 9ffebffe bfffffff ffffffff ffffa310 00000000 00000000 00000000
ffff8e2301f32240 2327697849 C Bo:2:011:2 0 32 >
ffff8e2301f32240 2327697854 S Bo:2:011:2 -115 32 = 00000000 00000000 00000000 0000a310 ffffffff fffffffe bffedef4 9ef47ef4
ffff8e2301f33740 2327700561 C Bo:2:011:2 0 32 >
ffff8e2301f33740 2327700566 S Bo:2:011:2 -115 32 = 9ef49ffc bffcfefc 7ef5bffe ffff7ffe 3ffe3ffe dffedffe dffebfff ffffffff
ffff8e2301f32240 2327703364 C Bo:2:011:2 0 32 >
ffff8e2301f32240 2327703369 S Bo:2:011:2 -115 32 = ffffa310 00000000 00000000 00000000 00000000 00000000 00000000 00000000
ffff8e2301f33740 2327706127 C Bo:2:011:2 0 32 >
ffff8e2301f33740 2327706131 S Bo:2:011:2 -115 32 = 00000000 00000000 00000000 00000000 00000000 00000000 00000000 00000000
ffff8e2301f32240 2327708912 C Bo:2:011:2 0 32 >
ffff8e2301f32240 2327708916 S Bo:2:011:2 -115 32 = 00000000 00000000 00000000 00000000 00000000 00000000 00000000 00000000
ffff8e2301f33740 2327711624 C Bo:2:011:2 0 32 >
ffff8e2301f33740 2327711628 S Bo:2:011:2 -115 32 = 00000000 00000000 00000000 00000000 00000000 00000000 00000000 00000000
ffff8e2301f32240 2327714409 C Bo:2:011:2 0 32 >
ffff8e2301f32240 2327714412 S Bo:2:011:2 -115 32 = 00000000 00000000 00000000 00000000 00000000 00000000 00000000 00000000
ffff8e2301f33740 2327717206 C Bo:2:011:2 0 32 >
ffff8e2301f33740 2327717210 S Bo:2:011:2 -115 32 = 00000000 00000000 00000000 00000000 00000000 00000000 00000000 00000000
ffff8e2301f32240 2327719981 C Bo:2:011:2 0 32 >
ffff8e2301f32240 2327719984 S Bo:2:011:2 -115 32 = 00000000 00000000 a310ffff ffffffff ffffdff7 ffffdfff bff7bff7 9fef5fe7
ffff8e2301f33740 2327722840 C Bo:2:011:2 0 32 >
ffff8e2301f33740 2327722845 S Bo:2:011:2 -115 32 = 5fe71fdf ffff7fe7 2b328500 3134564d 56453836 78263726 172e3736 583e7956
ffff8e2301f32240 2327725474 C Bo:2:011:2 0 32 >
ffff8e2301f32240 2327725477 S Bo:2:011:2 -115 32 = 9a667b6e 5a769b76 bb767a76 7a7eba76 9e87b64d ab0a0d23 176d5ed7 ffff5ee7
ffff8e2301f33740 2327728283 C Bo:2:011:2 0 32 >
ffff8e2301f33740 2327728288 S Bo:2:011:2 -115 32 = 7fe79fef 9fefdfff bfefffff ffffffff ffffa310 ffffffff ffff9ff7 bfff7ff7
ffff8e2301f32240 2327731049 C Bo:2:011:2 0 32 >
ffff8e2301f32240 2327731052 S Bo:2:011:2 -115 32 = 7fff7fff 3ff73fff 7fff5fff 3fff3fff 3fff3fff 3fff3fff 3fff3fff 3fff3fff
ffff8e2301f33740 2327733842 C Bo:2:011:2 0 32 >
ffff8e2301f33740 2327733846 S Bo:2:011:2 -115 32 = 5fff1fff fffefffe 3fff3fff bffe9ffe 1fffbffe 7ffe9ffe 7ffe5ffe 5ffe3ffe
ffff8e2301f32240 2327736640 C Bo:2:011:2 0 32 >
ffff8e2301f32240 2327736645 S Bo:2:011:2 -115 32 = 1ffe1ffe 1ffe3ffe 7ffebffe ffffffff ffffa310 00000000 00000000 00000000
ffff8e2301f33740 2327739341 C Bo:2:011:2 0 32 >
ffff8e2301f33740 2327739345 S Bo:2:011:2 -115 32 = 00000000 00000000 00000000 0000a310 ffffffff ffffffff 1fffbef5 dffc3ff4
ffff8e2301f32240 2327742119 C Bo:2:011:2 0 32 >
ffff8e2301f32240 2327742122 S Bo:2:011:2 -115 8 = 3ef45ff4 bff47ca7
ffff8e2301f33740 2327744897 C Bo:2:011:2 0 32 >
ffff8e2301f32240 2327747661 C Bo:2:011:2 0 8 >
ffff8e2301f326c0 2327761828 C Bi:2:011:2 0 9 = a557002b 00015969 69
ffff8e2301f326c0 2327761834 S Bi:2:011:2 -115 32 <
ffff8e2301f32240 2327763066 S Bo:2:011:2 -115 32 = a557002c 0400bffd 1fffffff ffff7fff 9ffe5fff 9fffffff ffffffff ffffffff
ffff8e2301f33740 2327763071 S Bo:2:011:2 -115 32 = a3100000 00000000 00000000 00000000 00000000 00000000 00000000 00000000
ffff8e2301f32240 2327763138 C Bo:2:011:2 0 32 >
ffff8e2301f32240 2327763141 S Bo:2:011:2 -115 32 = 00000000 00000000 00000000 00000000 00000000 00000000 00000000 00000000
ffff8e2301f33740 2327763192 C Bo:2:011:2 0 32 >
ffff8e2301f33740 2327763194 S Bo:2:011:2 -115 32 = 00000000 00000000 00000000 00000000 00000000 00000000 00000000 00000000
ffff8e2301f32240 2327765977 C Bo:2:011:2 0 32 >
ffff8e2301f32240 2327765982 S Bo:2:011:2 -115 32 = 00000000 00000000 00000000 00000000 00000000 00000000 00000000 00000000
ffff8e2301f33740 2327768838 C Bo:2:011:2 0 32 >
ffff8e2301f33740 2327768842 S Bo:2:011:2 -115 32 = 00000000 00000000 00000000 00000000 00000000 00000000 00000000 00000000
ffff8e2301f32240 2327771549 C Bo:2:011:2 0 32 >
ffff8e2301f32240 2327771553 S Bo:2:011:2 -115 32 = 00000000 00000000 00000000 00000000 00000000 00000000 00000000 00000000
ffff8e2301f33740 2327774274 C Bo:2:011:2 0 32 >
ffff8e2301f33740 2327774279 S Bo:2:011:2 -115 32 = 00000000 00000000 a310ffff ffffffff ffff9eef ffffffff dff75fe7 fede1fdf
ffff8e2301f32240 2327777033 C Bo:2:011:2 0 32 >
ffff8e2301f32240 2327777037 S Bo:2:011:2 -115 32 = dfefbfef 989d2f4b 89094c12 b434983d d83d3836 3726172e 1736383e 794eba5e
ffff8e2301f33740 2327779842 C Bo:2:011:2 0 32 >
ffff8e2301f33740 2327779846 S Bo:2:011:2 -115 32 = bb6e9b6e 5a769b76 bb7e7a76 9a76db76 1c7f923c 67017364 9fe77fdf 9fdf7fe7
ffff8e2301f32240 2327782640 C Bo:2:011:2 0 32 >
ffff8e2301f32240 2327782646 S Bo:2:011:2 -115 32 = 5fe79ff7 bff7bfef dff7ffff bff7ffff ffffffff a310ffff ffffffff bfffffff
ffff8e2301f33740 2327785376 C Bo:2:011:2 0 32 >
ffff8e2301f33740 2327785380 S Bo:2:011:2 -115 32 = bfffbfff bfff9fff 7fff3fff fff6fff6 fff6fff6 dff6dff6 bff6bff6 dffefff6
ffff8e2301f32240 2327788130 C Bo:2:011:2 0 32 >
ffff8e2301f32240 2327788134 S Bo:2:011:2 -115 32 = bffffffe fffebfff dfffffff bfff3fff ffff5fff 1fff1fff 5efebffe 7ffebffd
ffff8e2301f33740 2327790912 C Bo:2:011:2 0 32 >
ffff8e2301f33740 2327790916 S Bo:2:011:2 -115 32 = fef4fef4 fef43ef5 defd1fff 7fffffff ffffffff a3100000 00000000 00000000
ffff8e2301f32240 2327793681 C Bo:2:011:2 0 32 >
ffff8e2301f32240 2327793684 S Bo:2:011:2 -115 32 = 00000000 00000000 00000000 a310ffff ffffffff fffffffe dffe7fff 1fff9ffe
ffff8e2301f33740 2327796438 C Bo:2:011:2 0 32 >
ffff8e2301f33740 2327796442 S Bo:2:011:2 -115 32 = 1ffefffd 3ffe5ffe bffe3fff ffff9fff dfffffff ffffffff ffffffff ffffffff
ffff8e2301f32240 2327799195 C Bo:2:011:2 0 32 >
ffff8e2301f32240 2327799200 S Bo:2:011:2 -115 32 = a3100000 00000000 00000000 00000000 00000000 00000000 00000000 00000000
ffff8e2301f33740 2327801985 C Bo:2:011:2 0 32 >
ffff8e2301f33740 2327801990 S Bo:2:011:2 -115 32 = 00000000 00000000 00000000 00000000 00000000 00000000 00000000 00000000
ffff8e2301f32240 2327804834 C Bo:2:011:2 0 32 >
ffff8e2301f32240 2327804837 S Bo:2:011:2 -115 32 = 00000000 00000000 00000000 00000000 00000000 00000000 00000000 00000000
ffff8e2301f33740 2327807553 C Bo:2:011:2 0 32 >
ffff8e2301f33740 2327807558 S Bo:2:011:2 -115 32 = 00000000 00000000 00000000 00000000 00000000 00000000 00000000 00000000
ffff8e2301f32240 2327810300 C Bo:2:011:2 0 32 >
ffff8e2301f32240 2327810303 S Bo:2:011:2 -115 32 = 00000000 00000000 00000000 00000000 00000000 00000000 00000000 00000000
ffff8e2301f33740 2327813081 C Bo:2:011:2 0 32 >
ffff8e2301f33740 2327813086 S Bo:2:011:2 -115 32 = 00000000 00000000 00000000 00000000 00000000 00000000 00000000 00000000
ffff8e2301f32240 2327815833 C Bo:2:011:2 0 32 >
ffff8e2301f32240 2327815837 S Bo:2:011:2 -115 32 = 00000000 0000a310 ffffffff ffffffff ffffbeef ffffbff7 7fe75fe7 3fe71fdf
ffff8e2301f33740 2327818656 C Bo:2:011:2 0 32 >
ffff8e2301f33740 2327818661 S Bo:2:011:2 -115 32 = ffffffff 2b320100 4c12533c d53c5735 1936382e 17361736 58467a56 ba5edb66
ffff8e2301f32240 2327821406 C Bo:2:011:2 0 32 >
ffff8e2301f32240 2327821409 S Bo:2:011:2 -115 32 = db6ebb76 5a765a76 7a769a76 fb761b77 796e6f33 c500768d ffff3fdf 5edf9fef
ffff8e2301f33740 2327824125 C Bo:2:011:2 0 32 >
ffff8e2301f33740 2327824130 S Bo:2:011:2 -115 32 = 5fe79fef bff79fef bff7ffff ffffffff ffffa310 a310ffff ffffffff ffffffff
ffff8e2301f32240 2327826942 C Bo:2:011:2 0 32 >
ffff8e2301f32240 2327826947 S Bo:2:011:2 -115 32 = ffffffff ffff9fff dfff5fff 7fff3fff 5fff3fff 1ffffffe fff6fff6 fff61ff7
ffff8e2301f33740 2327829665 C Bo:2:011:2 0 32 >
ffff8e2301f33740 2327829669 S Bo:2:011:2 -115 32 = 5fff1fff dff6fffe dffedffe 7fff9ffe fffeffff bffe1ffe 1ffe1ffe dffd7efd
ffff8e2301f32240 2327832482 C Bo:2:011:2 0 32 >
ffff8e2301f32240 2327832486 S Bo:2:011:2 -115 32 = 1ef55ef5 defd3ffe 5fffbffe ffffffff ffffffff a3100000 00000000 00000000
ffff8e2301f33740 2327835199 C Bo:2:011:2 0 32 >
ffff8e2301f33740 2327835202 S Bo:2:011:2 -115 32 = 00000000 00000000 0000a310 a310ffff ffffffff 1ffffffe 1ffe3ffd 9ff5fffd
ffff8e2301f32240 2327837987 C Bo:2:011:2 0 32 >
ffff8e2301f32240 2327838000 S Bo:2:011:2 -115 32 = 5ffedffe 1fffdffe 7ff63fff 9ff67ffe fffe7ff6 ffff5fff ffffffff ffffffff
ffff8e2301f33740 2327840895 C Bo:2:011:2 0 32 >
ffff8e2301f33740 2327840900 S Bo:2:011:2 -115 32 = a3100000 00000000 00000000 00000000 00000000 00000000 00000000 00000000
ffff8e2301f32240 2327843556 C Bo:2:011:2 0 32 >
ffff8e2301f32240 2327843560 S Bo:2:011:2 -115 8 = 00000000 00008f3c
ffff8e2301f33740 2327846367 C Bo:2:011:2 0 32 >
ffff8e2301f32240 2327849059 C Bo:2:011:2 0 8 >
ffff8e2301f32e40 2327862828 C Bi:2:011:2 0 9 = a557002c 00015938 44
ffff8e2301f32e40 2327862834 S Bi:2:011:2 -115 32 <
ffff8e2301f32240 2327864112 S Bo:2:011:2 -115 32 = a557002d 04000000 00000000 00000000 00000000 00000000 00000000 00000000
ffff8e2301f33740 2327864117 S Bo:2:011:2 -115 32 = 00000000 00000000 00000000 00000000 00000000 00000000 00000000 00000000
ffff8e2301f32240 2327864185 C Bo:2:011:2 0 32 >
ffff8e2301f32240 2327864188 S Bo:2:011:2 -115 32 = 00000000 00000000 00000000 00000000 00000000 00000000 00000000 00000000
ffff8e2301f33740 2327864231 C Bo:2:011:2 0 32 >
ffff8e2301f33740 2327864233 S Bo:2:011:2 -115 32 = 00000000 00000000 00000000 00000000 00000000 00000000 00000000 00000000
ffff8e2301f32240 2327866982 C Bo:2:011:2 0 32 >
ffff8e2301f32240 2327866987 S Bo:2:011:2 -115 32 = 00000000 00000000 00000000 00000000 00000000 00000000 00000000 00000000
ffff8e2301f33740 2327869848 C Bo:2:011:2 0 32 >
ffff8e2301f33740 2327869853 S Bo:2:011:2 -115 32 = 00000000 0000a310 ffffffff ffffffff ffffffff ffff1ed7 1edf5fe7 dfffdfef
ffff8e2301f32240 2327872586 C Bo:2:011:2 0 32 >
ffff8e2301f32240 2327872591 S Bo:2:011:2 -115 32 = bfe7f99d 6811e500 f1333645 563db83d 182e1736 f73d384e db66fc6e bb669a66
ffff8e2301f33740 2327875302 C Bo:2:011:2 0 32 >
ffff8e2301f33740 2327875305 S Bo:2:011:2 -115 32 = 7a667a6e 9b769b76 fc86fc7e fc76fb76 d765cc22 e500367d ffef3ed7 5ee77ee7
ffff8e2301f32240 2327878131 C Bo:2:011:2 0 32 >
ffff8e2301f32240 2327878135 S Bo:2:011:2 -115 32 = 5fef7fef 9fef9ff7 dfffbff7 ffffffff ffffffff a310a310 ffffffff ffffffff
ffff8e2301f33740 2327880839 C Bo:2:011:2 0 32 >
ffff8e2301f33740 2327880844 S Bo:2:011:2 -115 32 = ffffffff ffffffff ffff7fff ffff9fff 7fff7fff 5fff3fff 3fff3fff 3fff1ff7
ffff8e2302151980 2327882067 S Bo:2:002:2 -115 31 = 55534243 d20d0000 00000000 00000600 00000000 00000000 00000000 000000
ffff8e2302151980 2327882090 C Bo:2:002:2 0 31 >
ffff8e2302151980 2327882102 S Bi:2:002:1 -115 13 <
ffff8e2302151980 2327882148 C Bi:2:002:1 0 13 = 55534253 d20d0000 00000000 00
ffff8e2301f32240 2327883654 C Bo:2:011:2 0 32 >
ffff8e2301f32240 2327883656 S Bo:2:011:2 -115 32 = 1fff1ff7 dff6bffe 9ffe3fff dfff7ef6 7ffe9fff fffebffe 5ffefffd fff5fef5
ffff8e2301f33740 2327886422 C Bo:2:011:2 0 32 >
ffff8e2301f33740 2327886427 S Bo:2:011:2 -115 32 = fffd5ffe dffebffe ffffffff ffff5fff ffffffff ffffa310 00000000 00000000
ffff8e2301f32240 2327889175 C Bo:2:011:2 0 32 >
ffff8e2301f32240 2327889177 S Bo:2:011:2 -115 32 = 00000000 0000a310 a310ffff ffffffff ffff7fff 9ffefffd bffdfff4 5ff45ff4
ffff8e2301f33740 2327891918 C Bo:2:011:2 0 32 >
ffff8e2301f33740 2327891922 S Bo:2:011:2 -115 32 = bff43ff5 7ff5dff5 3ffe7ffe bffe9ffe 5ffedffe 7fff9fff 3fffffff ffffffff
ffff8e2301f32240 2327894696 C Bo:2:011:2 0 32 >
ffff8e2301f32240 2327894700 S Bo:2:011:2 -115 32 = a3100000 00000000 00000000 00000000 00000000 00000000 00000000 00000000
ffff8e2301f33740 2327897532 C Bo:2:011:2 0 32 >
ffff8e2301f33740 2327897536 S Bo:2:011:2 -115 32 = 00000000 00000000 00000000 00000000 00000000 00000000 00000000 00000000
ffff8e2301f32240 2327900274 C Bo:2:011:2 0 32 >
ffff8e2301f32240 2327900279 S Bo:2:011:2 -115 32 = 00000000 00000000 00000000 00000000 00000000 00000000 00000000 00000000
ffff8e2301f33740 2327903056 C Bo:2:011:2 0 32 >
ffff8e2301f33740 2327903061 S Bo:2:011:2 -115 32 = 00000000 00000000 00000000 00000000 00000000 00000000 00000000 00000000
ffff8e2301f32240 2327905851 C Bo:2:011:2 0 32 >
ffff8e2301f32240 2327905856 S Bo:2:011:2 -115 32 = 00000000 00000000 00000000 00000000 00000000 00000000 00000000 00000000
ffff8e2301f33740 2327908587 C Bo:2:011:2 0 32 >
ffff8e2301f33740 2327908592 S Bo:2:011:2 -115 32 = 00000000 00000000 00000000 00000000 00000000 00000000 00000000 00000000
ffff8e2301f32240 2327911341 C Bo:2:011:2 0 32 >
ffff8e2301f32240 2327911345 S Bo:2:011:2 -115 32 = 0000a310 a310ffff ffffffff fff79fef ffffbff7 5fe73edf 7fef3ed7 dfefffef
ffff8e2301f33740 2327914125 C Bo:2:011:2 0 32 >
ffff8e2301f33740 2327914130 S Bo:2:011:2 -115 32 = 77754c1a a8018c12 943c763d d73d793e 372e173e 39569a66 1c77db6e 595ed755
ffff8e2301f32240 2327916918 C Bo:2:011:2 0 32 >
ffff8e2301f32240 2327916922 S Bo:2:011:2 -115 32 = 764db755 7a6ebb76 bb76fc7e 1d7ff865 523c6a12 c9119895 fff73fdf 5fe77ee7
ffff8e2301f33740 2327919673 C Bo:2:011:2 0 32 >
ffff8e2301f33740 2327919679 S Bo:2:011:2 -115 32 = 5fef5fef 9fefbff7 bff7ffff ffffffff ffffffff ffffffff a310ffff ffffffff
ffff8e2301f32240 2327922422 C Bo:2:011:2 0 32 >
ffff8e2301f32240 2327922427 S Bo:2:011:2 -115 32 = ffffffff ffffffff ffffffff ffff9fff ffff7fff 7fffbfff ffff5fff 5ff73fff
ffff8e2301f33740 2327925190 C Bo:2:011:2 0 32 >
ffff8e2301f33740 2327925193 S Bo:2:011:2 -115 32 = 3ff73ff7 fff6fff6 fff69fff bfff1fff bffe5fff ffff5fff ffff7fff dffefffe
ffff8e2301f32240 2327927981 C Bo:2:011:2 0 32 >
ffff8e2301f32240 2327927986 S Bo:2:011:2 -115 32 = 3ff6dffe 3fffffff ffff1fff 9ffe9fff ffffffff ffffa310 00000000 00000000
ffff8e2301f33740 2327930843 C Bo:2:011:2 0 32 >
ffff8e2301f33740 2327930848 S Bo:2:011:2 -115 32 = a3100000 a310ffff ffffffff ffffffff fffffffe 7ffdbef4 fff4bffd 7ffddff4
ffff8e2301f32240 2327933519 C Bo:2:011:2 0 32 >
ffff8e2301f32240 2327933523 S Bo:2:011:2 -115 32 = fff43ff5 9ffddff5 1ffe5ffe 9ffe9ffe 9ffe9ffe dffe3fff 5fffffff ffffffff
ffff8e2301f33740 2327936289 C Bo:2:011:2 0 32 >
ffff8e2301f33740 2327936293 S Bo:2:011:2 -115 32 = a3100000 00000000 00000000 00000000 00000000 00000000 00000000 00000000
ffff8e2301f32240 2327939083 C Bo:2:011:2 0 32 >
ffff8e2301f32240 2327939088 S Bo:2:011:2 -115 32 = 00000000 00000000 00000000 00000000 00000000 00000000 00000000 00000000
ffff8e2301f33740 2327941831 C Bo:2:011:2 0 32 >
ffff8e2301f33740 2327941836 S Bo:2:011:2 -115 32 = 00000000 00000000 00000000 00000000 00000000 00000000 00000000 00000000
ffff8e2301f32240 2327944559 C Bo:2:011:2 0 32 >
ffff8e2301f32240 2327944564 S Bo:2:011:2 -115 8 = 00000000 00006c1b
ffff8e2301f33740 2327947381 C Bo:2:011:2 0 32 >
ffff8e2301f32240 2327950109 C Bo:2:011:2 0 8 >
ffff8e2301f326c0 2327963829 C Bi:2:011:2 0 9 = a557002d 0001594e f0
ffff8e2301f326c0 2327963838 S Bi:2:011:2 -115 32 <
ffff8e2301f32240 2327964854 S Bo:2:011:2 -115 32 = a557002e 04000000 00000000 00000000 00000000 00000000 00000000 00000000
ffff8e2301f33740 2327964859 S Bo:2:011:2 -115 32 = 00000000 00000000 00000000 00000000 00000000 00000000 00000000 00000000
ffff8e2301f32240 2327964912 C Bo:2:011:2 0 32 >
ffff8e2301f32240 2327964916 S Bo:2:011:2 -115 32 = 00000000 00000000 00000000 00000000 00000000 00000000 00000000 00000000
ffff8e2301f33740 2327964960 C Bo:2:011:2 0 32 >
ffff8e2301f33740 2327964962 S Bo:2:011:2 -115 32 = a310ffff ffffffff ffffffff 9ff79fef bff7bff7 3fe77fef ffff9fe7 bfd71ebf
ffff8e2301f32240 2327967833 C Bo:2:011:2 0 32 >
ffff8e2301f32240 2327967836 S Bo:2:011:2 -115 32 = 8d326400 4b0ab02b b43c9745 f735172e 3626373e 9a669b76 7a6e385e 553df334
ffff8e2301f33740 2327970583 C Bo:2:011:2 0 32 >
ffff8e2301f33740 2327970588 S Bo:2:011:2 -115 32 = f33c133d f334143d 34459655 7a76d344 cc1a6701 0a1a1aa6 ffff1fd7 5fe73ee7
ffff8e2301f32240 2327973266 C Bo:2:011:2 0 32 >
ffff8e2301f32240 2327973269 S Bo:2:011:2 -115 32 = 1fe77fef 9ff7bff7 bff7bff7 ffffffff ffffffff ffffffff a310a310 a310ffff
ffff8e2301f33740 2327976059 C Bo:2:011:2 0 32 >
ffff8e2301f33740 2327976064 S Bo:2:011:2 -115 32 = a310a310 a310ffff ffffffff ffffffff 9fffffff ffffdfff 9fffdfff dfff5ff7
ffff8e2301f32240 2327978840 C Bo:2:011:2 0 32 >
ffff8e2301f32240 2327978845 S Bo:2:011:2 -115 32 = 5ff73ff7 1ff73ff7 5ffffffe 9ffe1fff 1fff9fff ffffffff 9ffffffe 9ffe3fff
ffff8e2301f33740 2327981593 C Bo:2:011:2 0 32 >
ffff8e2301f33740 2327981599 S Bo:2:011:2 -115 32 = ffffffff ffffffff 1ffefffd bffd1fff ffffffff ffffffff a310a310 a310a310
ffff8e2301f32240 2327984344 C Bo:2:011:2 0 32 >
ffff8e2301f32240 2327984348 S Bo:2:011:2 -115 32 = ffffa310 ffffffff ffffffff ffffffff ffffffff 5ffefffc 1ef45ef4 dff41ff5
ffff8e2301f33740 2327987123 C Bo:2:011:2 0 32 >
ffff8e2301f33740 2327987126 S Bo:2:011:2 -115 32 = 1ff57ff5 bff5fff5 1ff65ff6 7ffe9ffe bffefffe 3fff3fff 5fffffff ffffffff
ffff8e2301f32240 2327989921 C Bo:2:011:2 0 32 >
ffff8e2301f32240 2327989925 S Bo:2:011:2 -115 32 = a3100000 00000000 00000000 00000000 00000000 00000000 00000000 00000000
ffff8e2301f33740 2327992705 C Bo:2:011:2 0 32 >
ffff8e2301f33740 2327992710 S Bo:2:011:2 -115 32 = 00000000 00000000 00000000 00000000 00000000 00000000 00000000 00000000
ffff8e2301f32240 2327995481 C Bo:2:011:2 0 32 >
ffff8e2301f32240 2327995485 S Bo:2:011:2 -115 32 = 00000000 00000000 00000000 00000000 00000000 00000000 00000000 00000000
ffff8e2301f33740 2327998199 C Bo:2:011:2 0 32 >
ffff8e2301f33740 2327998202 S Bo:2:011:2 -115 32 = 00000000 00000000 00000000 00000000 00000000 00000000 00000000 00000000
ffff8e2301f32240 2328001008 C Bo:2:011:2 0 32 >
ffff8e2301f32240 2328001014 S Bo:2:011:2 -115 32 = 00000000 00000000 00000000 00000000 00000000 00000000 00000000 00000000
ffff8e2301f33740 2328003839 C Bo:2:011:2 0 32 >
ffff8e2301f33740 2328003843 S Bo:2:011:2 -115 32 = 00000000 00000000 00000000 00000000 00000000 00000000 00000000 00000000
ffff8e2301f32240 2328006555 C Bo:2:011:2 0 32 >
ffff8e2301f32240 2328006560 S Bo:2:011:2 -115 32 = a310ffff ffffffff ffffffff fee65fef 9ff7dfff 7ff7dfde bff7ffff 3ca6d35b
ffff8e2301f33740 2328009381 C Bo:2:011:2 0 32 >
ffff8e2301f33740 2328009386 S Bo:2:011:2 -115 32 = 4911e600 b02bf544 d43cd745 f735d41d 5626573e 795e9b66 5a663a66 974d1445
ffff8e2301f32240 2328012056 C Bo:2:011:2 0 32 >
ffff8e2301f32240 2328012061 S Bo:2:011:2 -115 32 = 3445133d 5024ef1b ee1b5034 344def33 e8092200 2b221dcf ffff1ed7 5fe73ee7
ffff8e2301f33740 2328014836 C Bo:2:011:2 0 32 >
ffff8e2301f33740 2328014839 S Bo:2:011:2 -115 32 = 1ee75fef 9ff79ff7 7fefdfff ffffffff ffffdfff ffffffff ffffa310 0000a310
ffff8e2301f32240 2328017606 C Bo:2:011:2 0 32 >
ffff8e2301f32240 2328017610 S Bo:2:011:2 -115 32 = 00000000 0000a310 a310ffff ffffffff ffffffff ffffffff ffffffff 9fffdfff
ffff8e2301f33740 2328020406 C Bo:2:011:2 0 32 >
ffff8e2301f33740 2328020409 S Bo:2:011:2 -115 32 = ffffffff dfffdfff 1ff71ff7 5fffffff dfffffff 1fff9fff ffffffff ffffffff
ffff8e2301f32240 2328023196 C Bo:2:011:2 0 32 >
ffff8e2301f32240 2328023200 S Bo:2:011:2 -115 32 = ffff1fff 7ffefffd 3ff53ef5 7ffedffe ffffffff ffffffff ffffffff ffffffff
ffff8e2301f33740 2328025912 C Bo:2:011:2 0 32 >
ffff8e2301f33740 2328025916 S Bo:2:011:2 -115 32 = ffffffff ffffffff ffffffff 3fffffff ffffffff ffff1ffe fffc7ff4 9ff4fff4
ffff8e2301f32240 2328028695 C Bo:2:011:2 0 32 >
ffff8e2301f32240 2328028700 S Bo:2:011:2 -115 32 = 5ffd9ff5 dff51ffe 3ffe5ffe 7ffe9ffe 1fff5fff 5fffffff bfffffff ffffffff
ffff8e2301f33740 2328031501 C Bo:2:011:2 0 32 >
ffff8e2301f33740 2328031506 S Bo:2:011:2 -115 32 = a3100000 00000000 00000000 00000000 00000000 00000000 00000000 00000000
ffff8e2301f32240 2328034274 C Bo:2:011:2 0 32 >
ffff8e2301f32240 2328034279 S Bo:2:011:2 -115 32 = 00000000 00000000 00000000 00000000 00000000 00000000 00000000 00000000
ffff8e2301f33740 2328036983 C Bo:2:011:2 0 32 >
ffff8e2301f33740 2328036988 S Bo:2:011:2 -115 32 = 00000000 00000000 00000000 00000000 00000000 00000000 00000000 00000000
ffff8e2301f32240 2328039851 C Bo:2:011:2 0 32 >
ffff8e2301f32240 2328039855 S Bo:2:011:2 -115 32 = 00000000 00000000 00000000 00000000 00000000 00000000 00000000 00000000
ffff8e2301f33740 2328042570 C Bo:2:011:2 0 32 >
ffff8e2301f33740 2328042574 S Bo:2:011:2 -115 32 = 00000000 00000000 00000000 00000000 00000000 00000000 00000000 00000000
ffff8e2301f32240 2328045339 C Bo:2:011:2 0 32 >
ffff8e2301f32240 2328045344 S Bo:2:011:2 -115 8 = 00000000 0000097d
ffff8e2301f33740 2328048123 C Bo:2:011:2 0 32 >
ffff8e2301f32240 2328050825 C Bo:2:011:2 0 8 >
ffff8e2301f32e40 2328064701 C Bi:2:011:2 0 9 = a557002e 000159d5 2c
ffff8e2301f32e40 2328064709 S Bi:2:011:2 -115 32 <
ffff8e2301f32240 2328065988 S Bo:2:011:2 -115 32 = a557002f 04000000 00000000 00000000 00000000 00000000 00000000 0000a310
ffff8e2301f33740 2328065992 S Bo:2:011:2 -115 32 = ffffffff ffffffff ffffffff 7ff73fef dfffffff 7ff79fd6 9fefbff7 b263c608
ffff8e2301f32240 2328066059 C Bo:2:011:2 0 32 >
ffff8e2301f32240 2328066062 S Bo:2:011:2 -115 32 = 0a129023 15455645 f42cd73d 1736d51d 3626f52d 1746bb66 bb767a6e 9b767a6e
ffff8e2301f33740 2328066103 C Bo:2:011:2 0 32 >
ffff8e2301f33740 2328066104 S Bo:2:011:2 -115 32 = 1866f75d 964db234 ce1b8d1b ae2b8a12 090a2e43 77957fdf ffff1ed7 3ee71ee7
ffff8e2301f32240 2328068913 C Bo:2:011:2 0 32 >
ffff8e2301f32240 2328068918 S Bo:2:011:2 -115 32 = 1fe75ff7 7ff79ff7 9ff7bff7 ffffffff ffffffff ffffffff a3100000 00000000
ffff8e2301f33740 2328071661 C Bo:2:011:2 0 32 >
ffff8e2301f33740 2328071666 S Bo:2:011:2 -115 32 = 00000000 00000000 0000a310 ffffffff ffffffff ffffffff ffffffff ffff9fff
ffff8e2301f32240 2328074439 C Bo:2:011:2 0 32 >
ffff8e2301f32240 2328074443 S Bo:2:011:2 -115 32 = dfff9fff 9fff7fff ffffffff ffffffff 5fff9fff 3fff7fff 7fffbef6 ffffffff
ffff8e2301f33740 2328077200 C Bo:2:011:2 0 32 >
ffff8e2301f33740 2328077205 S Bo:2:011:2 -115 32 = dffe1ffe 5ffd5ff5 5ffd9ffd 3ffeffff ffffffff ffffffff ffffffff ffffffff
ffff8e2301f32240 2328079981 C Bo:2:011:2 0 32 >
ffff8e2301f32240 2328079985 S Bo:2:011:2 -115 32 = ffffffff ffffffff 7ef6fffe fffe3fff ffffffff ffffffff 9ffe7ffd fff43ff5
ffff8e2301f33740 2328082842 C Bo:2:011:2 0 32 >
ffff8e2301f33740 2328082847 S Bo:2:011:2 -115 32 = 5ff5bff5 fff51ffe 3ffe7ffe 7ffe9ffe bfff7fff ffffbfff 7fffffff ffffffff
ffff8e2301f32240 2328085533 C Bo:2:011:2 0 32 >
ffff8e2301f32240 2328085537 S Bo:2:011:2 -115 32 = a3100000 00000000 00000000 00000000 00000000 00000000 00000000 00000000
ffff8e2301f33740 2328088285 C Bo:2:011:2 0 32 >
ffff8e2301f33740 2328088289 S Bo:2:011:2 -115 32 = 00000000 00000000 00000000 00000000 00000000 00000000 00000000 00000000
ffff8e2301f32240 2328091056 C Bo:2:011:2 0 32 >
ffff8e2301f32240 2328091061 S Bo:2:011:2 -115 32 = 00000000 00000000 00000000 00000000 00000000 00000000 00000000 00000000
ffff8e2301f33740 2328093838 C Bo:2:011:2 0 32 >
ffff8e2301f33740 2328093841 S Bo:2:011:2 -115 32 = 00000000 00000000 00000000 00000000 00000000 00000000 00000000 00000000
ffff8e2301f32240 2328096652 C Bo:2:011:2 0 32 >
ffff8e2301f32240 2328096657 S Bo:2:011:2 -115 32 = 00000000 00000000 00000000 00000000 00000000 00000000 00000000 00000000
ffff8e2301f33740 2328099343 C Bo:2:011:2 0 32 >
ffff8e2301f33740 2328099348 S Bo:2:011:2 -115 32 = 00000000 00000000 00000000 00000000 00000000 00000000 00000000 00000000
ffff8e2301f32240 2328102126 C Bo:2:011:2 0 32 >
ffff8e2301f32240 2328102131 S Bo:2:011:2 -115 32 = a310ffff ffffffff ffff7fef ffff7eef dff75fe7 9ff7bff7 7ecef894 0b22c500
ffff8e2301f33740 2328104918 C Bo:2:011:2 0 32 >
ffff8e2301f33740 2328104923 S Bo:2:011:2 -115 32 = 4e1bf43c b434563d b63dd635 172e372e 162ed52d 173e7956 9a6e9b6e bb7ebb7e
ffff8e2301f32240 2328107689 C Bo:2:011:2 0 32 >
ffff8e2301f32240 2328107694 S Bo:2:011:2 -115 32 = 7a767a6e 7a6ef85d b23c6d13 cb122601 e9191dcf ffff1fdf 5fe73fe7 1ee7ffee
ffff8e2301f33740 2328110418 C Bo:2:011:2 0 32 >
ffff8e2301f33740 2328110421 S Bo:2:011:2 -115 32 = 1fef5ff7 5ff77ff7 9ff79eef ffffffff ffffffff ffffffff a3100000 00000000
ffff8e2301f32240 2328113250 C Bo:2:011:2 0 32 >
ffff8e2301f32240 2328113254 S Bo:2:011:2 -115 32 = 00000000 00000000 a3100000 a310a310 ffffa310 a310ffff ffffffff ffffffff
ffff8e2301f33740 2328115989 C Bo:2:011:2 0 32 >
ffff8e2301f33740 2328115993 S Bo:2:011:2 -115 32 = ffffffff ffffffff ffffffff bffffff6 1ff73fff 7fffffff ffffffff ffffbffe
ffff8e2301f32240 2328118845 C Bo:2:011:2 0 32 >
ffff8e2301f32240 2328118850 S Bo:2:011:2 -115 32 = dffd9ffd 7ffd5ff5 7ffdbffe ffffffff ffffffff ffffbfff ffffffff ffffffff
ffff8e2301f33740 2328121508 C Bo:2:011:2 0 32 >
ffff8e2301f33740 2328121513 S Bo:2:011:2 -115 32 = 3fffffff ffffffff 7ffe9ef4 dffe7ffe bffeffff ffffffff ffff5ffe bffd7ffd
ffff8e2301f32240 2328124273 C Bo:2:011:2 0 32 >
ffff8e2301f32240 2328124278 S Bo:2:011:2 -115 32 = 9ffdbffd fff53ffe 5ffe7ffe 9ffebffe bfff7fff ffffffff ffffffff ffffa310
ffff8e2301f33740 2328127056 C Bo:2:011:2 0 32 >
ffff8e2301f33740 2328127061 S Bo:2:011:2 -115 32 = 00000000 00000000 00000000 00000000 00000000 00000000 00000000 00000000
ffff8e2301f32240 2328129843 C Bo:2:011:2 0 32 >
ffff8e2301f32240 2328129847 S Bo:2:011:2 -115 32 = 00000000 00000000 00000000 00000000 00000000 00000000 00000000 00000000
ffff8e2301f33740 2328132633 C Bo:2:011:2 0 32 >
ffff8e2301f33740 2328132638 S Bo:2:011:2 -115 32 = 00000000 00000000 00000000 00000000 00000000 00000000 00000000 00000000
ffff8e2301f32240 2328135342 C Bo:2:011:2 0 32 >
ffff8e2301f32240 2328135353 S Bo:2:011:2 -115 32 = 00000000 00000000 00000000 00000000 00000000 00000000 00000000 00000000
ffff8e2301f33740 2328138123 C Bo:2:011:2 0 32 >
ffff8e2301f33740 2328138126 S Bo:2:011:2 -115 32 = 00000000 00000000 00000000 00000000 00000000 00000000 00000000 00000000
ffff8e2301f32240 2328140923 C Bo:2:011:2 0 32 >
ffff8e2301f32240 2328140928 S Bo:2:011:2 -115 32 = 00000000 00000000 00000000 00000000 00000000 00000000 00000000 00000000
ffff8e2301f33740 2328143647 C Bo:2:011:2 0 32 >
ffff8e2301f33740 2328143652 S Bo:2:011:2 -115 32 = a310ffff ffffffff ffff7ff7 ffff9fe7 bff71fdf bff7ffff 189d0c2a 2a12ac12
ffff8e2301f32240 2328146447 C Bo:2:011:2 0 32 >
ffff8e2301f32240 2328146451 S Bo:2:011:2 -115 8 = 7234153d 932ce566
ffff8e2301f33740 2328149195 C Bo:2:011:2 0 32 >
ffff8e2301f32240 2328151968 C Bo:2:011:2 0 8 >
ffff8e2301f326c0 2328165829 C Bi:2:011:2 0 9 = a557002f 000159a3 98
ffff8e2301f326c0 2328165835 S Bi:2:011:2 -115 32 <
ffff8e2301f32240 2328167096 S Bo:2:011:2 -115 32 = a5570030 0400763d 583e1626 162e372e 3726572e 3736173e 795ebb76 7a769b7e
ffff8e2301f33740 2328167100 S Bo:2:011:2 -115 32 = fc86fc86 db7edc7e 596e344d 10344701 07091aae dff7bede ffee3ff7 ffeedfee
ffff8e2301f32240 2328167169 C Bo:2:011:2 0 32 >
ffff8e2301f32240 2328167172 S Bo:2:011:2 -115 32 = 1fef3ff7 5ff77ff7 9ff7bff7 9feffff7 dff7ffff ffffffff a3100000 00000000
ffff8e2301f33740 2328167219 C Bo:2:011:2 0 32 >
ffff8e2301f33740 2328167221 S Bo:2:011:2 -115 32 = 00000000 a310a310 ffffa310 a3100000 a3100000 0000a310 a310ffff ffffffff
ffff8e2301f32240 2328169986 C Bo:2:011:2 0 32 >
ffff8e2301f32240 2328169989 S Bo:2:011:2 -115 32 = ffffffff ffffffff 7fff7fff bfff9fff 9fff5fff ffffffff ffff3fff 5ffe1ffe
ffff8e2301f33740 2328172843 C Bo:2:011:2 0 32 >
ffff8e2301f33740 2328172848 S Bo:2:011:2 -115 32 = dff59ffd 7ffd9ffd 9ffeffff ffffffff fffffffe 1ffedfff ffffffff ffffffff
ffff8e2301f32240 2328175534 C Bo:2:011:2 0 32 >
ffff8e2301f32240 2328175539 S Bo:2:011:2 -115 32 = 7ffeffff ffffffff def5bbda dffdbffe dffd5ffe ffffffff ffffffff bffefffd
ffff8e2301f33740 2328178283 C Bo:2:011:2 0 32 >
ffff8e2301f33740 2328178288 S Bo:2:011:2 -115 32 = bff5fff5 fff53ffe 5ffe7ffe 7ffefffe 1fffffff ffffffff ffffffff ffffa310
ffff8e2301f32240 2328181051 C Bo:2:011:2 0 32 >
ffff8e2301f32240 2328181054 S Bo:2:011:2 -115 32 = 00000000 00000000 00000000 00000000 00000000 00000000 00000000 00000000
ffff8e2301f33740 2328183839 C Bo:2:011:2 0 32 >
ffff8e2301f33740 2328183844 S Bo:2:011:2 -115 32 = 00000000 00000000 00000000 00000000 00000000 00000000 00000000 00000000
ffff8e2301f32240 2328186628 C Bo:2:011:2 0 32 >
ffff8e2301f32240 2328186631 S Bo:2:011:2 -115 32 = 00000000 00000000 00000000 00000000 00000000 00000000 00000000 00000000
ffff8e2301f33740 2328189357 C Bo:2:011:2 0 32 >
ffff8e2301f33740 2328189362 S Bo:2:011:2 -115 32 = 00000000 00000000 00000000 00000000 00000000 00000000 00000000 00000000
ffff8e2301f32240 2328192191 C Bo:2:011:2 0 32 >
ffff8e2301f32240 2328192194 S Bo:2:011:2 -115 32 = 00000000 00000000 00000000 00000000 00000000 00000000 00000000 00000000
ffff8e2301f33740 2328194943 C Bo:2:011:2 0 32 >
ffff8e2301f33740 2328194948 S Bo:2:011:2 -115 32 = 00000000 00000000 00000000 00000000 00000000 00000000 00000000 0000a310
ffff8e2301f32240 2328197691 C Bo:2:011:2 0 32 >
ffff8e2301f32240 2328197694 S Bo:2:011:2 -115 32 = ffffffff ffffffff ffffffff ffff5edf bff77fef ffffffff b25b0300 0a12723c
ffff8e2301f33740 2328200482 C Bo:2:011:2 0 32 >
ffff8e2301f33740 2328200487 S Bo:2:011:2 -115 32 = 153d353d f5341535 1736572e 3726572e 37263726 372e373e 9956bb6e bb7edb7e
ffff8e2301f32240 2328203271 C Bo:2:011:2 0 32 >
ffff8e2301f32240 2328203274 S Bo:2:011:2 -115 32 = fc86dc86 9b7edc86 1d8fbb7e b765ed2a 4809ce3a dba5bff7 5fefbfe6 1ff7dfee
ffff8e2301f33740 2328205990 C Bo:2:011:2 0 32 >
ffff8e2301f33740 2328205996 S Bo:2:011:2 -115 32 = ffee3ff7 7ff79ff7 9ff7bff7 bfefdfef ffffffff ffffffff a3100000 00000000
ffff8e2301f32240 2328208880 C Bo:2:011:2 0 32 >
ffff8e2301f32240 2328208882 S Bo:2:011:2 -115 32 = 0000a310 ffffffff ffffffff ffffa310 a3100000 00000000 a310ffff ffffffff
ffff8e2301f33740 2328211597 C Bo:2:011:2 0 32 >
ffff8e2301f33740 2328211601 S Bo:2:011:2 -115 32 = dfff7fff ffffffff 9fff3fff 1fff1fff fffebfff ffffffff 3fff5ffe fff5dffd
ffff8e2301f32240 2328214342 C Bo:2:011:2 0 32 >
ffff8e2301f32240 2328214345 S Bo:2:011:2 -115 32 = dff5fffd 7ffefffe ffffffff ffffffff 5ef61ffe fffd7ffe ffff9ef6 ffffffff
ffff8e2301f33740 2328217127 C Bo:2:011:2 0 32 >
ffff8e2301f33740 2328217132 S Bo:2:011:2 -115 32 = 3ffd5ff6 ffffffff fef51aca 7eecfffe bffd9ffd 3ffeffff ffffffff ffffbffe
ffff8e2301f32240 2328219839 C Bo:2:011:2 0 32 >
ffff8e2301f32240 2328219844 S Bo:2:011:2 -115 32 = 1ffedffd 1ffe3ffe 5ffe7ffe 7ffefffe 1fffffff ffffffff ffffa310 a3100000
ffff8e2301f33740 2328222672 C Bo:2:011:2 0 32 >
ffff8e2301f33740 2328222677 S Bo:2:011:2 -115 32 = 00000000 00000000 00000000 00000000 00000000 00000000 00000000 00000000
ffff8e2301f32240 2328225394 C Bo:2:011:2 0 32 >
ffff8e2301f32240 2328225397 S Bo:2:011:2 -115 32 = 00000000 00000000 00000000 00000000 00000000 00000000 00000000 00000000
ffff8e2301f33740 2328228205 C Bo:2:011:2 0 32 >
ffff8e2301f33740 2328228209 S Bo:2:011:2 -115 32 = 00000000 00000000 00000000 00000000 00000000 00000000 00000000 00000000
ffff8e2301f32240 2328230979 C Bo:2:011:2 0 32 >
ffff8e2301f32240 2328230981 S Bo:2:011:2 -115 32 = 00000000 00000000 00000000 00000000 00000000 00000000 00000000 00000000
ffff8e2301f33740 2328233696 C Bo:2:011:2 0 32 >
ffff8e2301f33740 2328233700 S Bo:2:011:2 -115 32 = 00000000 00000000 00000000 00000000 00000000 00000000 00000000 00000000
ffff8e2301f32240 2328236477 C Bo:2:011:2 0 32 >
ffff8e2301f32240 2328236480 S Bo:2:011:2 -115 32 = 00000000 00000000 00000000 00000000 00000000 00000000 00000000 00000000
ffff8e2301f33740 2328239277 C Bo:2:011:2 0 32 >
ffff8e2301f33740 2328239281 S Bo:2:011:2 -115 32 = a310ffff ffffffff ffffdff7 ffff5ee7 9fefbff7 1ed7d995 cd2a0601 0e23364d
ffff8e2301f32240 2328242000 C Bo:2:011:2 0 32 >
ffff8e2301f32240 2328242003 S Bo:2:011:2 -115 32 = 363d1535 3535152d d72d582e 3726372e 172e172e 172e3736 994eda66 db769b76
ffff8e2301f33740 2328244841 C Bo:2:011:2 0 32 >
ffff8e2301f33740 2328244846 S Bo:2:011:2 -115 32 = 196e396e fc86fc8e fc861c87 9a7e7665 0d2be600 d253ffff 9fefdfde 1ff7ffee
ffff8e2301f32240 2328247554 C Bo:2:011:2 0 32 >
ffff8e2301f32240 2328247559 S Bo:2:011:2 -115 8 = 1fef5ff7 7ff73233
ffff8e2301f33740 2328250342 C Bo:2:011:2 0 32 >
ffff8e2301f32240 2328253057 C Bo:2:011:2 0 8 >
ffff8e2301f32e40 2328266858 C Bi:2:011:2 0 9 = a5570030 0001596c d1
ffff8e2301f32e40 2328266864 S Bi:2:011:2 -115 32 <
ffff8e2301f32240 2328267924 S Bo:2:011:2 -115 32 = a5570031 04007ff7 9fef9fef bfefffff bfefffff ffffffff a3100000 00000000
ffff8e2301f33740 2328267929 S Bo:2:011:2 -115 32 = a310ffff ffffffff ffffffff ffffffff ffffa310 00000000 0000a310 ffffffff
ffff8e2301f32240 2328267997 C Bo:2:011:2 0 32 >
ffff8e2301f32240 2328268000 S Bo:2:011:2 -115 32 = ffffbfff bfff7fff 5fff5fff 3ffffffe 1ff7ffff ffffbff6 bffedff5 fff5dffd
ffff8e2301f33740 2328268037 C Bo:2:011:2 0 32 >
ffff8e2301f33740 2328268039 S Bo:2:011:2 -115 32 = def5fffe fffeffff ffffffff ffff7fff bffe9ffd 3ffe9ff5 3fff9ffe ffffffff
ffff8e2301f32240 2328270835 C Bo:2:011:2 0 32 >
ffff8e2301f32240 2328270839 S Bo:2:011:2 -115 32 = bffc5eed ffffffff 1ef6fab9 fbc27fff 3ffe7ff5 bffd5ffe ffffffff ffffffff
ffff8e2301f33740 2328273607 C Bo:2:011:2 0 32 >
ffff8e2301f33740 2328273612 S Bo:2:011:2 -115 32 = fffe3ffe fffd3ffe 5ffe7ffe 7ffefffe 3fffffff ffffffff ffffffff a3100000
ffff8e2301f32240 2328276337 C Bo:2:011:2 0 32 >
ffff8e2301f32240 2328276340 S Bo:2:011:2 -115 32 = 00000000 00000000 00000000 00000000 00000000 00000000 00000000 00000000
ffff8e2301f33740 2328279128 C Bo:2:011:2 0 32 >
ffff8e2301f33740 2328279132 S Bo:2:011:2 -115 32 = 00000000 00000000 00000000 00000000 00000000 00000000 00000000 00000000
ffff8e2301f32240 2328281907 C Bo:2:011:2 0 32 >
ffff8e2301f32240 2328281909 S Bo:2:011:2 -115 32 = 00000000 00000000 00000000 00000000 00000000 00000000 00000000 00000000
ffff8e2301f33740 2328284722 C Bo:2:011:2 0 32 >
ffff8e2301f33740 2328284734 S Bo:2:011:2 -115 32 = 00000000 00000000 00000000 00000000 00000000 00000000 00000000 00000000
ffff8e2301f32240 2328287477 C Bo:2:011:2 0 32 >
ffff8e2301f32240 2328287480 S Bo:2:011:2 -115 32 = 00000000 00000000 00000000 00000000 00000000 00000000 00000000 00000000
ffff8e2301f33740 2328290208 C Bo:2:011:2 0 32 >
ffff8e2301f33740 2328290212 S Bo:2:011:2 -115 32 = 00000000 00000000 00000000 00000000 00000000 00000000 00000000 00000000
ffff8e2301f32240 2328292989 C Bo:2:011:2 0 32 >
ffff8e2301f32240 2328292994 S Bo:2:011:2 -115 32 = a310ffff ffffffff ffffffff dfff5fe7 5fe7ffff 5995aa19 e9092d1b 11341645
ffff8e2301f33740 2328295844 C Bo:2:011:2 0 32 >
ffff8e2301f33740 2328295849 S Bo:2:011:2 -115 32 = 3635f42c 752d172e 382e372e 3726372e 172e182e 38361736 173e7956 ba6e9a76
ffff8e2301f32240 2328298552 C Bo:2:011:2 0 32 >
ffff8e2301f32240 2328298554 S Bo:2:011:2 -115 32 = 596e9a6e 1c7ffc7e da76fa76 1b7f9976 b34ce909 4b1aba9d 7fe7dff7 1fe71fe7
ffff8e2301f33740 2328301274 C Bo:2:011:2 0 32 >
ffff8e2301f33740 2328301278 S Bo:2:011:2 -115 32 = 5fef5fef 5fef7fef 9eef9fef 9eefffff ffffffff ffffffff a3100000 00000000
ffff8e2301f32240 2328304057 C Bo:2:011:2 0 32 >
ffff8e2301f32240 2328304062 S Bo:2:011:2 -115 32 = a310ffff ffffffff dfefffff ffffffff ffffa310 00000000 0000a310 ffffffff
ffff8e2301f33740 2328306852 C Bo:2:011:2 0 32 >
ffff8e2301f33740 2328306856 S Bo:2:011:2 -115 32 = ffffffff bfff7fff 7fff9fff ffffffff ffffffff 7ffebffe 3ff61ff6 fffddff5
ffff8e2301f32240 2328309627 C Bo:2:011:2 0 32 >
ffff8e2301f32240 2328309632 S Bo:2:011:2 -115 32 = 5ffe5ffe ffffffff ffffffff 1fffbffe bffe5ffe 1ffe9ffe 9ff69ffe ffffffff
ffff8e2301f33740 2328312379 C Bo:2:011:2 0 32 >
ffff8e2301f33740 2328312383 S Bo:2:011:2 -115 32 = 9ff49de4 ffffffff ffff3aba 9aba1fff dffefffd dffd9ff5 7ffeffff ffffffff
ffff8e2301f32240 2328315126 C Bo:2:011:2 0 32 >
ffff8e2301f32240 2328315130 S Bo:2:011:2 -115 32 = ffff1fff 5ffe3ff6 5ffe7ffe 7ffefffe ffffffff ffffffff ffffffff a3100000
ffff8e2301f33740 2328317907 C Bo:2:011:2 0 32 >
ffff8e2301f33740 2328317910 S Bo:2:011:2 -115 32 = 00000000 00000000 00000000 00000000 00000000 00000000 00000000 00000000
ffff8e2301f32240 2328320697 C Bo:2:011:2 0 32 >
ffff8e2301f32240 2328320702 S Bo:2:011:2 -115 32 = 00000000 00000000 00000000 00000000 00000000 00000000 00000000 00000000
ffff8e2301f33740 2328323510 C Bo:2:011:2 0 32 >
ffff8e2301f33740 2328323515 S Bo:2:011:2 -115 32 = 00000000 00000000 00000000 00000000 00000000 00000000 00000000 00000000
ffff8e2301f32240 2328326201 C Bo:2:011:2 0 32 >
ffff8e2301f32240 2328326207 S Bo:2:011:2 -115 32 = 00000000 00000000 00000000 00000000 00000000 00000000 00000000 00000000
ffff8e2301f33740 2328328985 C Bo:2:011:2 0 32 >
ffff8e2301f33740 2328328989 S Bo:2:011:2 -115 32 = 00000000 00000000 00000000 00000000 00000000 00000000 00000000 00000000
ffff8e2301f32240 2328331840 C Bo:2:011:2 0 32 >
ffff8e2301f32240 2328331845 S Bo:2:011:2 -115 32 = 00000000 00000000 00000000 00000000 00000000 00000000 00000000 0000a310
ffff8e2301f33740 2328334597 C Bo:2:011:2 0 32 >
ffff8e2301f33740 2328334602 S Bo:2:011:2 -115 32 = a310ffff ffffffff 7ff7bfff bfffdede 9eefffff d6840300 e911523c 5234b434
ffff8e2301f32240 2328337318 C Bo:2:011:2 0 32 >
ffff8e2301f32240 2328337321 S Bo:2:011:2 -115 32 = 1535f42c b52db82e 771e372e 1736f72d 372e582e 79361836 b635184e 9a66bb6e
ffff8e2301f33740 2328340057 C Bo:2:011:2 0 32 >
ffff8e2301f33740 2328340061 S Bo:2:011:2 -115 32 = da76da6e 7966ba6e 7d879d87 bd871b7f b765113c c809ae32 ddc6ffff 3fdf3fdf
ffff8e2301f32240 2328342843 C Bo:2:011:2 0 32 >
ffff8e2301f32240 2328342848 S Bo:2:011:2 -115 32 = 5fdf3fdf 5fe77fe7 9fef9eef 9eef9fef ffffffff ffffffff a310a310 0000a310
ffff8e2301f33740 2328345672 C Bo:2:011:2 0 32 >
ffff8e2301f33740 2328345677 S Bo:2:011:2 -115 32 = ffffffff ffffffff ffffffff fff7ffff ffffffff a3100000 00000000 a310ffff
ffff8e2301f32240 2328348410 C Bo:2:011:2 0 32 >
ffff8e2301f32240 2328348414 S Bo:2:011:2 -115 8 = ffffffff 9fff1cbe
ffff8e2301f33740 2328351197 C Bo:2:011:2 0 32 >
ffff8e2301f32240 2328353917 C Bo:2:011:2 0 8 >
ffff8e2301f326c0 2328367649 C Bi:2:011:2 0 9 = a5570031 0001591a 65
ffff8e2301f326c0 2328367666 S Bi:2:011:2 -115 32 <
ffff8e2301f32240 2328368988 S Bo:2:011:2 -115 32 = a5570032 0400ffff 7fffbfff 7ff7ffff 1ff79fff 7ffe5ff6 5ffefffe 5ffe1ffe
ffff8e2301f33740 2328368992 S Bo:2:011:2 -115 32 = 3fffffff ffffffff ffffffff 5efe1ffe ffff1ff6 dffd5fff dffe9ffe ffffffff
ffff8e2301f32240 2328369061 C Bo:2:011:2 0 32 >
ffff8e2301f32240 2328369065 S Bo:2:011:2 -115 32 = 7ffd18c3 ffffffff ffff5ab2 bcc2ffff ffff7ffe dffdbffd 7ff57ffe ffffffff
ffff8e2301f33740 2328369102 C Bo:2:011:2 0 32 >
ffff8e2301f33740 2328369105 S Bo:2:011:2 -115 32 = ffffffff fffe7ffe 5ff67ffe 7ffe1fff ffffffff 5fff5fff ffffffff ffffa310
ffff8e2301f32240 2328371918 C Bo:2:011:2 0 32 >
ffff8e2301f32240 2328371921 S Bo:2:011:2 -115 32 = 00000000 00000000 00000000 00000000 00000000 00000000 00000000 00000000
ffff8e2301f33740 2328374725 C Bo:2:011:2 0 32 >
ffff8e2301f33740 2328374730 S Bo:2:011:2 -115 32 = 00000000 00000000 00000000 00000000 00000000 00000000 00000000 00000000
ffff8e2301f32240 2328377407 C Bo:2:011:2 0 32 >
ffff8e2301f32240 2328377410 S Bo:2:011:2 -115 32 = 00000000 00000000 00000000 00000000 00000000 00000000 00000000 00000000
ffff8e2301f33740 2328380204 C Bo:2:011:2 0 32 >
ffff8e2301f33740 2328380208 S Bo:2:011:2 -115 32 = 00000000 00000000 00000000 00000000 00000000 00000000 00000000 00000000
ffff8e2301f32240 2328382981 C Bo:2:011:2 0 32 >
ffff8e2301f32240 2328382985 S Bo:2:011:2 -115 32 = 00000000 00000000 00000000 00000000 00000000 00000000 00000000 00000000
ffff8e2301f33740 2328385761 C Bo:2:011:2 0 32 >
ffff8e2301f33740 2328385766 S Bo:2:011:2 -115 32 = 00000000 00000000 00000000 00000000 00000000 00000000 00000000 a310ffff
ffff8e2301f32240 2328388553 C Bo:2:011:2 0 32 >
ffff8e2301f32240 2328388556 S Bo:2:011:2 -115 32 = ffffffff ffffffff 9fff7ff7 7ff73fe7 9fe7bfe7 34646500 ad1a1545 9334b434
ffff8e2301f33740 2328391276 C Bo:2:011:2 0 32 >
ffff8e2301f33740 2328391280 S Bo:2:011:2 -115 32 = 15355535 f62d5726 57263836 1836d735 3736582e 38361836 f73d3956 9a6e9a6e
ffff8e2301f32240 2328394058 C Bo:2:011:2 0 32 >
ffff8e2301f32240 2328394063 S Bo:2:011:2 -115 32 = ba6edb6e da6efb6e 1b77fb6e 1b77db76 7a7e155d 090a8c2a bdbefff7 1fd73fdf
ffff8e2301f33740 2328396843 C Bo:2:011:2 0 32 >
ffff8e2301f33740 2328396849 S Bo:2:011:2 -115 32 = 5fd73fd7 3fdf5ee7 7ee79eef 9eef9eef ffffbff7 ffffffff ffffffff a310a310
ffff8e2301f32240 2328399623 C Bo:2:011:2 0 32 >
ffff8e2301f32240 2328399626 S Bo:2:011:2 -115 32 = ffffffff ffffffff dff7dfef ffffffff ffffffff a3100000 00000000 a310ffff
ffff8e2301f33740 2328402381 C Bo:2:011:2 0 32 >
ffff8e2301f33740 2328402387 S Bo:2:011:2 -115 32 = ffffffff ffffffff 7fff7fff ffffffff 1ff71fff 9ff69ffe dff6fff6 7ffe9fff
ffff8e2301f32240 2328405122 C Bo:2:011:2 0 32 >
ffff8e2301f32240 2328405125 S Bo:2:011:2 -115 32 = ffffffff ffffffff fffffffe 3ffe7ffe fffffffd fffd1fff fffe1ef6 ffffffff
ffff8e2301f33740 2328407916 C Bo:2:011:2 0 32 >
ffff8e2301f33740 2328407920 S Bo:2:011:2 -115 32 = bde41acb ffffffff ffff1bbb 5aaaffff ffff9ffe fffdfffd 9ff59ff5 dffeffff
ffff8e2301f32240 2328410696 C Bo:2:011:2 0 32 >
ffff8e2301f32240 2328410708 S Bo:2:011:2 -115 32 = ffffffff ffff3fff 9ffe7ffe 9ffebffe ffffffff 7fff7fff ffffffff ffffa310
ffff8e2301f33740 2328413458 C Bo:2:011:2 0 32 >
ffff8e2301f33740 2328413463 S Bo:2:011:2 -115 32 = 00000000 00000000 00000000 00000000 00000000 00000000 00000000 00000000
ffff8e2301f32240 2328416196 C Bo:2:011:2 0 32 >
ffff8e2301f32240 2328416201 S Bo:2:011:2 -115 32 = 00000000 00000000 00000000 00000000 00000000 00000000 00000000 00000000
ffff8e2301f33740 2328419019 C Bo:2:011:2 0 32 >
ffff8e2301f33740 2328419023 S Bo:2:011:2 -115 32 = 00000000 00000000 00000000 00000000 00000000 00000000 00000000 00000000
ffff8e2301f32240 2328421733 C Bo:2:011:2 0 32 >
ffff8e2301f32240 2328421737 S Bo:2:011:2 -115 32 = 00000000 00000000 00000000 00000000 00000000 00000000 00000000 00000000
ffff8e2301f33740 2328424586 C Bo:2:011:2 0 32 >
ffff8e2301f33740 2328424591 S Bo:2:011:2 -115 32 = 00000000 00000000 00000000 00000000 00000000 00000000 00000000 00000000
ffff8e2301f32240 2328427269 C Bo:2:011:2 0 32 >
ffff8e2301f32240 2328427274 S Bo:2:011:2 -115 32 = 00000000 00000000 00000000 00000000 00000000 00000000 00000000 a310ffff
ffff8e2301f33740 2328430059 C Bo:2:011:2 0 32 >
ffff8e2301f33740 2328430063 S Bo:2:011:2 -115 32 = ffffffff ffffffff 5ff73fef 3eefffff bed6d77c ef320a0a d12b3645 153dd534
ffff8e2301f32240 2328432886 C Bo:2:011:2 0 32 >
ffff8e2301f32240 2328432891 S Bo:2:011:2 -115 32 = 1635d83d 193ef72d f7251736 f7351736 572e172e 162e1736 594e7a5e 7a667a6e
ffff8e2301f33740 2328435624 C Bo:2:011:2 0 32 >
ffff8e2301f33740 2328435627 S Bo:2:011:2 -115 32 = 7a76db76 1b77da6e 385ed755 7655344d 765db34c e9096c22 fdc6ffff ffce3fdf
ffff8e2301f32240 2328438410 C Bo:2:011:2 0 32 >
ffff8e2301f32240 2328438413 S Bo:2:011:2 -115 32 = 5fdf5fdf 5fdf5edf 7edf7ee7 9ee79eef ffffbff7 ffffffff ffffffff ffffffff
ffff8e2301f33740 2328441127 C Bo:2:011:2 0 32 >
ffff8e2301f33740 2328441132 S Bo:2:011:2 -115 32 = ffffffff fffffff7 ffffffff ffffffff ffffa310 00000000 0000a310 a310ffff
ffff8e2301f32240 2328443913 C Bo:2:011:2 0 32 >
ffff8e2301f32240 2328443917 S Bo:2:011:2 -115 32 = ffffffff ffffffff 7fff7fff 9fff5ff7 dfffdff6 9ff67ff6 5fffffff ffffffff
ffff8e2301f33740 2328446733 C Bo:2:011:2 0 32 >
ffff8e2301f33740 2328446738 S Bo:2:011:2 -115 32 = ffffffff ffffffff 3fff7ffe 7ffeffff ffff3ffe 1ffedffe 9ffedff5 ffffffff
ffff8e2301f32240 2328449468 C Bo:2:011:2 0 32 >
ffff8e2301f32240 2328449472 S Bo:2:011:2 -115 8 = ffff1ff4 bffe7c89
ffff8e2301f33740 2328452273 C Bo:2:011:2 0 32 >
ffff8e2301f32240 2328454980 C Bo:2:011:2 0 8 >
ffff8e2301f32e40 2328468835 C Bi:2:011:2 0 9 = a5570032 00015981 b9
ffff8e2301f32e40 2328468847 S Bi:2:011:2 -115 32 <
ffff8e2301f32240 2328470091 S Bo:2:011:2 -115 32 = a5570033 0400ffff ffffbccb d891ffff ffff5fff fff51ffe fffd9ff5 bff5fffe
ffff8e2301f33740 2328470096 S Bo:2:011:2 -115 32 = ffffffff ffffffff 1fffbffe 9ffe9ffe 5fffffff ffff7fff ffffffff ffffa310
ffff8e2301f32240 2328470164 C Bo:2:011:2 0 32 >
ffff8e2301f32240 2328470167 S Bo:2:011:2 -115 32 = 00000000 00000000 00000000 00000000 00000000 00000000 00000000 00000000
ffff8e2301f33740 2328470218 C Bo:2:011:2 0 32 >
ffff8e2301f33740 2328470220 S Bo:2:011:2 -115 32 = 00000000 00000000 00000000 00000000 00000000 00000000 00000000 00000000
ffff8e2301f32240 2328472988 C Bo:2:011:2 0 32 >
ffff8e2301f32240 2328472993 S Bo:2:011:2 -115 32 = 00000000 00000000 00000000 00000000 00000000 00000000 00000000 00000000
ffff8e2301f33740 2328475843 C Bo:2:011:2 0 32 >
ffff8e2301f33740 2328475847 S Bo:2:011:2 -115 32 = 00000000 00000000 00000000 00000000 00000000 00000000 00000000 00000000
ffff8e2301f32240 2328478567 C Bo:2:011:2 0 32 >
ffff8e2301f32240 2328478573 S Bo:2:011:2 -115 32 = 00000000 00000000 00000000 00000000 00000000 00000000 00000000 00000000
ffff8e2301f33740 2328481322 C Bo:2:011:2 0 32 >
ffff8e2301f33740 2328481326 S Bo:2:011:2 -115 32 = 00000000 00000000 00000000 00000000 00000000 00000000 0000a310 ffffffff
ffff8e2301f32240 2328484055 C Bo:2:011:2 0 32 >
ffff8e2301f32240 2328484059 S Bo:2:011:2 -115 32 = ffff9ff7 ffffffff 7ff71fe7 5ee7ffff 7ab5ab29 4b1a8f23 9334f53c f534f534
ffff8e2301f33740 2328486840 C Bo:2:011:2 0 32 >
ffff8e2301f33740 2328486844 S Bo:2:011:2 -115 32 = 363d983d 9735972d d72df735 172e5736 582e1726 172e3836 9a569a5e 7a669b76
ffff8e2301f32240 2328489588 C Bo:2:011:2 0 32 >
ffff8e2301f32240 2328489591 S Bo:2:011:2 -115 32 = 7a767a76 ba761b77 5c773c77 79667555 b2446f2b a801c909 f995dfe7 3fcf3fd7
ffff8e2301f33740 2328492423 C Bo:2:011:2 0 32 >
ffff8e2301f33740 2328492427 S Bo:2:011:2 -115 32 = 3fd75fdf 5fdf5fdf 7ee77ee7 7fe77fef 9ff79ff7 ffffdfff ffffffff ffffffff
ffff8e2301f32240 2328495123 C Bo:2:011:2 0 32 >
ffff8e2301f32240 2328495127 S Bo:2:011:2 -115 32 = ffffffff ffffffff ffffffff ffffffff ffffa310 00000000 a310ffff ffffffff
ffff8e2301f33740 2328497921 C Bo:2:011:2 0 32 >
ffff8e2301f33740 2328497925 S Bo:2:011:2 -115 32 = ffffffff ffffffff 7fff7fff 5fff9fff ffff3fff bff6dffe fffedef6 ffffffff
ffff8e2301f32240 2328500703 C Bo:2:011:2 0 32 >
ffff8e2301f32240 2328500706 S Bo:2:011:2 -115 32 = ffffffff ffffffff 9ffe1ffe 7ffeffff ffff1ffe 3ffefffe 7ffedffd ffffffff
ffff8e2301f33740 2328503493 C Bo:2:011:2 0 32 >
ffff8e2301f33740 2328503497 S Bo:2:011:2 -115 32 = ffff7ce3 dbdcffff ffff3ccc b2605ab4 ffffdff6 5ffe3ff6 3ffefffd bff55ffe
ffff8e2301f32240 2328506271 C Bo:2:011:2 0 32 >
ffff8e2301f32240 2328506274 S Bo:2:011:2 -115 32 = 7ff6ffff ffffffff ffff9fff 1fff7ffe ffff7fff ffffffff ffffffff a3100000
ffff8e2301f33740 2328508988 C Bo:2:011:2 0 32 >
ffff8e2301f33740 2328508994 S Bo:2:011:2 -115 32 = 00000000 00000000 00000000 00000000 00000000 00000000 00000000 00000000
ffff8e2301f32240 2328511848 C Bo:2:011:2 0 32 >
ffff8e2301f32240 2328511851 S Bo:2:011:2 -115 32 = 00000000 00000000 00000000 00000000 00000000 00000000 00000000 00000000
ffff8e2301f33740 2328514523 C Bo:2:011:2 0 32 >
ffff8e2301f33740 2328514528 S Bo:2:011:2 -115 32 = 00000000 00000000 00000000 00000000 00000000 00000000 00000000 00000000
ffff8e2301f32240 2328517349 C Bo:2:011:2 0 32 >
ffff8e2301f32240 2328517352 S Bo:2:011:2 -115 32 = 00000000 00000000 00000000 00000000 00000000 00000000 00000000 00000000
ffff8e2301f33740 2328520126 C Bo:2:011:2 0 32 >
ffff8e2301f33740 2328520130 S Bo:2:011:2 -115 32 = 00000000 00000000 00000000 00000000 00000000 00000000 00000000 00000000
ffff8e2301f32240 2328522842 C Bo:2:011:2 0 32 >
ffff8e2301f32240 2328522847 S Bo:2:011:2 -115 32 = 00000000 00000000 00000000 00000000 00000000 00000000 a310ffff ffffffff
ffff8e2301f33740 2328525688 C Bo:2:011:2 0 32 >
ffff8e2301f33740 2328525693 S Bo:2:011:2 -115 32 = ffffffff 9ff77eef 9ff73ee7 7fefffff 958c0300 c911733c d53cd434 d42c1635
ffff8e2301f32240 2328528411 C Bo:2:011:2 0 32 >
ffff8e2301f32240 2328528414 S Bo:2:011:2 -115 32 = 773df52c d42cb73d 383e1736 162e3726 782e582e 372e1736 383e794e bb669b6e
ffff8e2301f33740 2328531161 C Bo:2:011:2 0 32 >
ffff8e2301f33740 2328531166 S Bo:2:011:2 -115 32 = 9a767a76 796efb76 5c7f5c7f 1b77996e d655513c 8b12a801 ed2a587d 7fdfbfe7
ffff8e2301f32240 2328533978 C Bo:2:011:2 0 32 >
ffff8e2301f32240 2328533980 S Bo:2:011:2 -115 32 = 1fcf3fdf 1fdf3fdf 5fe77fe7 7fef7fef 7fef9ff7 7ff7ffff 9fffffff ffffffff
ffff8e2301f33740 2328536708 C Bo:2:011:2 0 32 >
ffff8e2301f33740 2328536712 S Bo:2:011:2 -115 32 = ffffffff ffffffff ffffffff ffffa310 a3100000 00000000 a310ffff ffffffff
ffff8e2301f32240 2328539513 C Bo:2:011:2 0 32 >
ffff8e2301f32240 2328539518 S Bo:2:011:2 -115 32 = ffffffff ffffffff 7ff77ff7 5ff71ff7 3ff71fff bffe7fff ffffffff ffffffff
ffff8e2301f33740 2328542273 C Bo:2:011:2 0 32 >
ffff8e2301f33740 2328542277 S Bo:2:011:2 -115 32 = ffffffff fffffffe 3ffe5ffe ffffffff 9ff69ffe 9ffebffe 9ffefffd ffffffff
ffff8e2301f32240 2328545030 C Bo:2:011:2 0 32 >
ffff8e2301f32240 2328545033 S Bo:2:011:2 -115 32 = fffffbd2 75aaffff ffff9dd4 f2587bb4 ffffffff 1fff5ff6 5ff63ffe 3ff6ffed
ffff8e2301f33740 2328547845 C Bo:2:011:2 0 32 >
ffff8e2301f33740 2328547850 S Bo:2:011:2 -115 32 = 5ffe7fff ffffffff ffffffff 7fff5fff ffffffff ffffffff ffffffff a3100000
ffff8e2301f32240 2328550560 C Bo:2:011:2 0 32 >
ffff8e2301f32240 2328550566 S Bo:2:011:2 -115 8 = 00000000 0000b5ca
ffff8e2301f33740 2328553344 C Bo:2:011:2 0 32 >
ffff8e2301f32240 2328556079 C Bo:2:011:2 0 8 >
ffff8e2301f326c0 2328569697 C Bi:2:011:2 0 9 = a5570033 000159f7 0d
ffff8e2301f326c0 2328569702 S Bi:2:011:2 -115 32 <
ffff8e2301f32240 2328570843 S Bo:2:011:2 -115 32 = a5570034 04000000 00000000 00000000 00000000 00000000 00000000 00000000
ffff8e2301f33740 2328570847 S Bo:2:011:2 -115 32 = 00000000 00000000 00000000 00000000 00000000 00000000 00000000 00000000
ffff8e2301f32240 2328570916 C Bo:2:011:2 0 32 >
ffff8e2301f32240 2328570920 S Bo:2:011:2 -115 32 = 00000000 00000000 00000000 00000000 00000000 00000000 00000000 00000000
ffff8e2301f33740 2328570967 C Bo:2:011:2 0 32 >
ffff8e2301f33740 2328570969 S Bo:2:011:2 -115 32 = 00000000 00000000 00000000 00000000 00000000 00000000 00000000 00000000
ffff8e2301f32240 2328573836 C Bo:2:011:2 0 32 >
ffff8e2301f32240 2328573839 S Bo:2:011:2 -115 32 = 00000000 00000000 00000000 00000000 00000000 00000000 00000000 00000000
ffff8e2301f33740 2328576522 C Bo:2:011:2 0 32 >
ffff8e2301f33740 2328576527 S Bo:2:011:2 -115 32 = 00000000 00000000 00000000 00000000 00000000 0000a310 a310ffff ffffffff
ffff8e2301f32240 2328579308 C Bo:2:011:2 0 32 >
ffff8e2301f32240 2328579314 S Bo:2:011:2 -115 32 = ffffffff bff7bff7 9ff75ee7 bfefffff 737c0300 4a1a1545 b434b434 1535152d
ffff8e2301f33740 2328582064 C Bo:2:011:2 0 32 >
ffff8e2301f33740 2328582069 S Bo:2:011:2 -115 32 = 352dd42c 1535f73d 3836372e 372e3726 582e782e 582ef72d d62d5846 db5e7a66
ffff8e2301f32240 2328584842 C Bo:2:011:2 0 32 >
ffff8e2301f32240 2328584847 S Bo:2:011:2 -115 32 = 9a769a76 796e996e 99769976 796eda6e 5b7ffa76 7555ab1a 6300ce32 bfefffff
ffff8e2301f33740 2328587618 C Bo:2:011:2 0 32 >
ffff8e2301f33740 2328587623 S Bo:2:011:2 -115 32 = dfce1fdf 1fdf1fdf 1fe73fe7 5fe75fef 5fef7fef 7ff77ff7 ffffffff ffffbff7
ffff8e2301f32240 2328590345 C Bo:2:011:2 0 32 >
ffff8e2301f32240 2328590349 S Bo:2:011:2 -115 32 = ffffffff ffffffff ffffffff ffffa310 00000000 0000a310 ffffffff ffff9ff7
ffff8e2301f33740 2328593184 C Bo:2:011:2 0 32 >
ffff8e2301f33740 2328593189 S Bo:2:011:2 -115 32 = ffff7ff7 ffff7ff7 5ff75ff7 3ff7fff6 fff69ffe 3ffedffe 3fffffff ffffffff
ffff8e2301f32240 2328595913 C Bo:2:011:2 0 32 >
ffff8e2301f32240 2328595917 S Bo:2:011:2 -115 32 = ffffffff dffe5ff6 fffebffe ffffffff dffe3ffe 7ffe3ffe bffe5ffe ffffffff
ffff8e2301f33740 2328598713 C Bo:2:011:2 0 32 >
ffff8e2301f33740 2328598720 S Bo:2:011:2 -115 32 = ffff99ba f391ffff ffff3de5 53613aac ffffffff 5fff7ff6 7ff67ffe 5ff67ff6
ffff8e2301f32240 2328601483 C Bo:2:011:2 0 32 >
ffff8e2301f32240 2328601488 S Bo:2:011:2 -115 32 = 3ff6bffe fffeffff ffffffff ffffffff ffffffff ffffffff a310a310 00000000
ffff8e2301f33740 2328604204 C Bo:2:011:2 0 32 >
ffff8e2301f33740 2328604207 S Bo:2:011:2 -115 32 = 00000000 00000000 00000000 00000000 00000000 00000000 00000000 00000000
ffff8e2301f32240 2328606984 C Bo:2:011:2 0 32 >
ffff8e2301f32240 2328606987 S Bo:2:011:2 -115 32 = 00000000 00000000 00000000 00000000 00000000 00000000 00000000 00000000
ffff8e2301f33740 2328609847 C Bo:2:011:2 0 32 >
ffff8e2301f33740 2328609850 S Bo:2:011:2 -115 32 = 00000000 00000000 00000000 00000000 00000000 00000000 00000000 00000000
ffff8e2301f32240 2328612565 C Bo:2:011:2 0 32 >
ffff8e2301f32240 2328612569 S Bo:2:011:2 -115 32 = 00000000 00000000 00000000 00000000 00000000 00000000 00000000 00000000
ffff8e2301f33740 2328615340 C Bo:2:011:2 0 32 >
ffff8e2301f33740 2328615343 S Bo:2:011:2 -115 32 = 00000000 00000000 00000000 00000000 00000000 00000000 00000000 00000000
ffff8e2301f32240 2328618060 C Bo:2:011:2 0 32 >
ffff8e2301f32240 2328618066 S Bo:2:011:2 -115 32 = 00000000 00000000 00000000 00000000 00000000 a310ffff ffffffff ffffbff7
ffff8e2301f33740 2328620838 C Bo:2:011:2 0 32 >
ffff8e2301f33740 2328620840 S Bo:2:011:2 -115 32 = ffffffff 9ff75ee7 5eef7fe7 7fdfbfe7 f25b6400 ac1a354d b334d434 553df42c
ffff8e2301f32240 2328623594 C Bo:2:011:2 0 32 >
ffff8e2301f32240 2328623598 S Bo:2:011:2 -115 32 = f42c963d d83dd735 b625172e 772e3726 f625172e 382e382e 1736173e 584edb6e
ffff8e2301f33740 2328626420 C Bo:2:011:2 0 32 >
ffff8e2301f33740 2328626423 S Bo:2:011:2 -115 32 = fc769a76 9a769a6e da761b7f 1b7f3b7f 7c7f9d87 1c87113c 26092a1a d89d5ee7
ffff8e2301f32240 2328629199 C Bo:2:011:2 0 32 >
ffff8e2301f32240 2328629203 S Bo:2:011:2 -115 32 = 3fe7ffe6 bfdeffe6 ffde1fdf 3fdf3fe7 3fe75fef 7fef7ff7 7ff7ffff ffffffff
ffff8e2301f33740 2328631915 C Bo:2:011:2 0 32 >
ffff8e2301f33740 2328631918 S Bo:2:011:2 -115 32 = ffffffff ffffffff ffffa310 a310a310 a3100000 0000a310 a310ffff ffffffff
ffff8e2301f32240 2328634698 C Bo:2:011:2 0 32 >
ffff8e2301f32240 2328634702 S Bo:2:011:2 -115 32 = ffffdfff dfff7ff7 5ff73ff7 1ff7dff6 bff65ff6 9ffe1fff ffffffff ffffffff
ffff8e2301f33740 2328637531 C Bo:2:011:2 0 32 >
ffff8e2301f33740 2328637536 S Bo:2:011:2 -115 32 = ffffdffe 9ffe9ffe fffeffff ffffbffe 9ffe3ff6 5ffe5ffe bffe9ffe ffffffff
ffff8e2301f32240 2328640277 C Bo:2:011:2 0 32 >
ffff8e2301f32240 2328640281 S Bo:2:011:2 -115 32 = ffff98aa fac3ffff fffffff5 9269578b ffffffff 1fffdffe 9ff69ff6 9ff6bff6
ffff8e2301f33740 2328643000 C Bo:2:011:2 0 32 >
ffff8e2301f33740 2328643004 S Bo:2:011:2 -115 32 = 9ff65ff6 1fffbfff ffffffff ffffffff ffffffff a310a310 00000000 00000000
ffff8e2301f32240 2328645842 C Bo:2:011:2 0 32 >
ffff8e2301f32240 2328645846 S Bo:2:011:2 -115 32 = 00000000 00000000 00000000 00000000 00000000 00000000 00000000 00000000
ffff8e2301f33740 2328648564 C Bo:2:011:2 0 32 >
ffff8e2301f33740 2328648567 S Bo:2:011:2 -115 32 = 00000000 00000000 00000000 00000000 00000000 00000000 00000000 00000000
ffff8e2301f32240 2328651343 C Bo:2:011:2 0 32 >
ffff8e2301f32240 2328651348 S Bo:2:011:2 -115 8 = 00000000 0000a9ac
ffff8e2301f33740 2328654123 C Bo:2:011:2 0 32 >
ffff8e2301f32240 2328656902 C Bo:2:011:2 0 8 >
ffff8e2301f32e40 2328670832 C Bi:2:011:2 0 9 = a5570034 000159a6 20
ffff8e2301f32e40 2328670837 S Bi:2:011:2 -115 32 <
ffff8e2301f32240 2328672162 S Bo:2:011:2 -115 32 = a5570035 04000000 00000000 00000000 00000000 00000000 00000000 00000000
ffff8e2301f33740 2328672166 S Bo:2:011:2 -115 32 = 00000000 00000000 00000000 00000000 00000000 00000000 00000000 00000000
ffff8e2301f32240 2328672233 C Bo:2:011:2 0 32 >
ffff8e2301f32240 2328672236 S Bo:2:011:2 -115 32 = 00000000 00000000 00000000 00000000 00000000 00000000 00000000 00000000
ffff8e2301f33740 2328672284 C Bo:2:011:2 0 32 >
ffff8e2301f33740 2328672287 S Bo:2:011:2 -115 32 = 00000000 00000000 00000000 00000000 00000000 a310ffff ffffffff ffffbff7
ffff8e2301f32240 2328675057 C Bo:2:011:2 0 32 >
ffff8e2301f32240 2328675062 S Bo:2:011:2 -115 32 = ffff7fef bff79fef 7fefbff7 debe787d ee2aa909 6f23f444 b334d434 f5341535
ffff8e2301f33740 2328677845 C Bo:2:011:2 0 32 >
ffff8e2301f33740 2328677850 S Bo:2:011:2 -115 32 = b73df73d d735f72d f72d372e 582e372e f62d1836 5936382e f72dd635 3746db66
ffff8e2301f32240 2328680654 C Bo:2:011:2 0 32 >
ffff8e2301f32240 2328680659 S Bo:2:011:2 -115 32 = bb6e9a76 9a76996e ba76fb76 1b771b7f db763c7f 9d8f3976 f45cac22 e909d684
ffff8e2301f33740 2328683340 C Bo:2:011:2 0 32 >
ffff8e2301f33740 2328683343 S Bo:2:011:2 -115 32 = bfff7ff7 bfe6ffee ffe61fdf 3fdf1fdf 3fe75fe7 7fef9ff7 9ff79ff7 bfff9ff7
ffff8e2301f32240 2328686129 C Bo:2:011:2 0 32 >
ffff8e2301f32240 2328686133 S Bo:2:011:2 -115 32 = ffffffff ffffffff ffffffff ffffffff ffffa310 a310ffff ffffffff ffff9ff7
ffff8e2301f33740 2328688887 C Bo:2:011:2 0 32 >
ffff8e2301f33740 2328688891 S Bo:2:011:2 -115 32 = ffffdfff 7ff75ff7 5ff73ff7 fff6dff6 7ff6bffe bffeffff ffffffff ffffffff
ffff8e2301f32240 2328691711 C Bo:2:011:2 0 32 >
ffff8e2301f32240 2328691716 S Bo:2:011:2 -115 32 = fffe7ffe 7ffe1fff ffffffff ffff1fff 3ff65ff6 5ff67ffe bffe5ffe ffffffff
ffff8e2301f33740 2328694426 C Bo:2:011:2 0 32 >
ffff8e2301f33740 2328694430 S Bo:2:011:2 -115 32 = dffe9ee4 78b3ffff ffff1cdd 9482b159 ffffffff fef63fff bff6bff6 bff6bff6
ffff8e2301f32240 2328697198 C Bo:2:011:2 0 32 >
ffff8e2301f32240 2328697203 S Bo:2:011:2 -115 32 = 9ff67ff6 9ff63fff 5fffffff ffffffff ffffa310 00000000 00000000 00000000
ffff8e2301f33740 2328699991 C Bo:2:011:2 0 32 >
ffff8e2301f33740 2328699995 S Bo:2:011:2 -115 32 = 00000000 00000000 00000000 00000000 00000000 00000000 00000000 00000000
ffff8e2301f32240 2328702850 C Bo:2:011:2 0 32 >
ffff8e2301f32240 2328702856 S Bo:2:011:2 -115 32 = 00000000 00000000 00000000 00000000 00000000 00000000 00000000 00000000
ffff8e2301f33740 2328705540 C Bo:2:011:2 0 32 >
ffff8e2301f33740 2328705544 S Bo:2:011:2 -115 32 = 00000000 00000000 00000000 00000000 00000000 00000000 00000000 00000000
ffff8e2301f32240 2328708370 C Bo:2:011:2 0 32 >
ffff8e2301f32240 2328708375 S Bo:2:011:2 -115 32 = 00000000 00000000 00000000 00000000 00000000 00000000 00000000 00000000
ffff8e2301f33740 2328711059 C Bo:2:011:2 0 32 >
ffff8e2301f33740 2328711063 S Bo:2:011:2 -115 32 = 00000000 00000000 00000000 00000000 00000000 00000000 00000000 00000000
ffff8e2301f32240 2328713845 C Bo:2:011:2 0 32 >
ffff8e2301f32240 2328713850 S Bo:2:011:2 -115 32 = 00000000 00000000 00000000 00000000 0000a310 ffffffff ffffbff7 ffff9fef
ffff8e2301f33740 2328716634 C Bo:2:011:2 0 32 >
ffff8e2301f33740 2328716639 S Bo:2:011:2 -115 32 = 7fef9ff7 5fef1edf bff7ffff da9dee32 6b1aed1a 112cd344 b334d53c d4343635
ffff8e2301f32240 2328719420 C Bo:2:011:2 0 32 >
ffff8e2301f32240 2328719422 S Bo:2:011:2 -115 32 = d73d9635 9625182e 7936582e 172e372e 17363836 582e3726 1626f62d 37465856
ffff8e2301f33740 2328722213 C Bo:2:011:2 0 32 >
ffff8e2301f33740 2328722220 S Bo:2:011:2 -115 32 = 39665a6e 9b76bb76 db7efb7e da769a76 9a76fb7e 5c871c87 7a86324c 0a122b22
ffff8e2301f32240 2328724910 C Bo:2:011:2 0 32 >
ffff8e2301f32240 2328724913 S Bo:2:011:2 -115 32 = 5895ffff 7ff7bfde 1fe71fdf 1fdf3fdf 3fe75fe7 5fef7fef 7fef9fef 9ff7bff7
ffff8e2301f33740 2328727720 C Bo:2:011:2 0 32 >
ffff8e2301f33740 2328727724 S Bo:2:011:2 -115 32 = dfffffff ffffffff ffffffff ffffffff ffffffff ffffffff ffffffff ffff9ff7
ffff8e2301f32240 2328730514 C Bo:2:011:2 0 32 >
ffff8e2301f32240 2328730519 S Bo:2:011:2 -115 32 = ffff7ff7 7fff5ff7 3ff71ff7 dff6bff6 1fff5fff ffffffff ffffffff fffffffe
ffff8e2301f33740 2328733279 C Bo:2:011:2 0 32 >
ffff8e2301f33740 2328733284 S Bo:2:011:2 -115 32 = dffe3ffe dffe1ff7 ffffffff fffe7ffe 7ff65ff6 7ff69ff6 9fffbffe ffffffff
ffff8e2301f32240 2328736056 C Bo:2:011:2 0 32 >
ffff8e2301f32240 2328736059 S Bo:2:011:2 -115 32 = ffff1de5 17b3ffff ffff7de5 569b6f49 5abdffff ffff3ff7 1ff7fff6 dff6fff6
ffff8e2301f33740 2328738846 C Bo:2:011:2 0 32 >
ffff8e2301f33740 2328738850 S Bo:2:011:2 -115 32 = bff6bff6 dff6bff6 bff67fff ffffffff ffffffff a3100000 00000000 00000000
ffff8e2301f32240 2328741584 C Bo:2:011:2 0 32 >
ffff8e2301f32240 2328741588 S Bo:2:011:2 -115 32 = 00000000 00000000 00000000 00000000 00000000 00000000 00000000 00000000
ffff8e2301f33740 2328744345 C Bo:2:011:2 0 32 >
ffff8e2301f33740 2328744349 S Bo:2:011:2 -115 32 = 00000000 00000000 00000000 00000000 00000000 00000000 00000000 00000000
ffff8e2301f32240 2328747129 C Bo:2:011:2 0 32 >
ffff8e2301f32240 2328747134 S Bo:2:011:2 -115 32 = 00000000 00000000 00000000 00000000 00000000 00000000 00000000 00000000
ffff8e2301f33740 2328749903 C Bo:2:011:2 0 32 >
ffff8e2301f33740 2328749907 S Bo:2:011:2 -115 32 = 00000000 00000000 00000000 00000000 00000000 00000000 00000000 00000000
ffff8e2301f32240 2328752656 C Bo:2:011:2 0 32 >
ffff8e2301f32240 2328752661 S Bo:2:011:2 -115 8 = 00000000 0000ce46
ffff8e2301f33740 2328755425 C Bo:2:011:2 0 32 >
ffff8e2301f32240 2328758182 C Bo:2:011:2 0 8 >
ffff8e2301f326c0 2328771832 C Bi:2:011:2 0 9 = a5570035 000159d0 94
ffff8e2301f326c0 2328771838 S Bi:2:011:2 -115 32 <
ffff8e2301f32240 2328773258 S Bo:2:011:2 -115 32 = a5570036 04000000 00000000 00000000 00000000 00000000 00000000 00000000
ffff8e2301f33740 2328773263 S Bo:2:011:2 -115 32 = 00000000 00000000 a3100000 00000000 a310ffff ffffffff ffffbff7 bff77fef
ffff8e2301f32240 2328773333 C Bo:2:011:2 0 32 >
ffff8e2301f32240 2328773337 S Bo:2:011:2 -115 32 = 7fef9ff7 1ee7ddd6 fffffff7 d5744809 2a0aaf23 5134933c b43cf644 f63cd534
ffff8e2301f33740 2328773379 C Bo:2:011:2 0 32 >
ffff8e2301f33740 2328773382 S Bo:2:011:2 -115 32 = f52c352d b735182e 382e382e 18361836 1736372e 57267726 5626162e 173e7956
ffff8e2301f32240 2328776129 C Bo:2:011:2 0 32 >
ffff8e2301f32240 2328776132 S Bo:2:011:2 -115 32 = 1c77bb76 5a769a76 ba76ba7e db7efb7e fb7eda7e fb7efa76 9a763a86 945c0501
ffff8e2301f33740 2328778916 C Bo:2:011:2 0 32 >
ffff8e2301f33740 2328778921 S Bo:2:011:2 -115 32 = cd32dfef 9ff7bfde 3fe7ffde 1fdf3fdf 3fdf3fdf 5fe75fe7 5fe75ee7 7fef9ff7
ffff8e2301f32240 2328781723 C Bo:2:011:2 0 32 >
ffff8e2301f32240 2328781728 S Bo:2:011:2 -115 32 = bff7ffff 9ff79ff7 ffffffff ffffffff ffffffff ffffffff ffff9ff7 bfff9ff7
ffff8e2301f33740 2328784484 C Bo:2:011:2 0 32 >
ffff8e2301f33740 2328784488 S Bo:2:011:2 -115 32 = 9fff7ff7 5ff75ff7 1ff7dfee bff69ffe 3fffffff ffffffff ffffffff 5fff5ffe
ffff8e2301f32240 2328787289 C Bo:2:011:2 0 32 >
ffff8e2301f32240 2328787294 S Bo:2:011:2 -115 32 = 7ffe5ffe 3fffffff ffff1ff7 5fff7ff6 7ff69ff6 5ff6fff6 ffffbff6 ffffffff
ffff8e2301f33740 2328789992 C Bo:2:011:2 0 32 >
ffff8e2301f33740 2328789996 S Bo:2:011:2 -115 32 = ffffffff 539219d5 ffff3ef6 f7ab0d39 757bffff ffffdfff 3ff73ff7 3ff73ff7
ffff8e2301f32240 2328792843 C Bo:2:011:2 0 32 >
ffff8e2301f32240 2328792848 S Bo:2:011:2 -115 32 = 1ff7fff6 fff61ff7 fff67fff 7fffffff ffffffff a3100000 00000000 00000000
ffff8e2301f33740 2328795560 C Bo:2:011:2 0 32 >
ffff8e2301f33740 2328795565 S Bo:2:011:2 -115 32 = 00000000 00000000 00000000 00000000 00000000 00000000 00000000 00000000
ffff8e2301f32240 2328798377 C Bo:2:011:2 0 32 >
ffff8e2301f32240 2328798382 S Bo:2:011:2 -115 32 = 00000000 00000000 00000000 00000000 00000000 00000000 00000000 00000000
ffff8e2301f33740 2328801110 C Bo:2:011:2 0 32 >
ffff8e2301f33740 2328801114 S Bo:2:011:2 -115 32 = 00000000 00000000 00000000 00000000 00000000 00000000 00000000 00000000
ffff8e2301f32240 2328803843 C Bo:2:011:2 0 32 >
ffff8e2301f32240 2328803847 S Bo:2:011:2 -115 32 = 00000000 00000000 00000000 00000000 00000000 00000000 00000000 00000000
ffff8e2301f33740 2328806650 C Bo:2:011:2 0 32 >
ffff8e2301f33740 2328806654 S Bo:2:011:2 -115 32 = 00000000 00000000 00000000 00000000 00000000 00000000 00000000 00000000
ffff8e2301f32240 2328809449 C Bo:2:011:2 0 32 >
ffff8e2301f32240 2328809454 S Bo:2:011:2 -115 32 = 00000000 a310a310 ffffa310 a310a310 ffffffff ffffffff dfffdfff 7fef7fef
ffff8e2301f33740 2328812206 C Bo:2:011:2 0 32 >
ffff8e2301f33740 2328812210 S Bo:2:011:2 -115 32 = 7fef5fef 9ff73ee7 bfe77fd7 b253a500 2a129344 b444943c b53cb63c d53cf534
ffff8e2301f32240 2328814987 C Bo:2:011:2 0 32 >
ffff8e2301f32240 2328814991 S Bo:2:011:2 -115 32 = 15353635 b735d735 d72df735 193ef83d 1836593e 993e9836 b83e9846 37467956
ffff8e2301f33740 2328817755 C Bo:2:011:2 0 32 >
ffff8e2301f33740 2328817759 S Bo:2:011:2 -115 32 = bb6e9b76 7b769b7e bb7ebb7e bb7ebb7e bb7e9a7e ba7e3b7f 5c7f5d8f 197e0d2b
ffff8e2301f32240 2328820490 C Bo:2:011:2 0 32 >
ffff8e2301f32240 2328820493 S Bo:2:011:2 -115 32 = e911125c bdc6bff7 ffdeffde 1fdf1fdf 3fdf3fdf 3fdf5fdf 5fe71edf 3ee7dfff
ffff8e2301f33740 2328823274 C Bo:2:011:2 0 32 >
ffff8e2301f33740 2328823279 S Bo:2:011:2 -115 32 = ffff7fef 3ee7bff7 ffffffff 7ff7bfff 9ff7ffff ffffffff ffff9ff7 ffff9ff7
ffff8e2301f32240 2328826054 C Bo:2:011:2 0 32 >
ffff8e2301f32240 2328826057 S Bo:2:011:2 -115 32 = 7ff77ff7 3ff73ff7 fff6dff6 9ff61fff fffeffff ffffffff ffff5fff 3fff7ffe
ffff8e2301f33740 2328828847 C Bo:2:011:2 0 32 >
ffff8e2301f33740 2328828851 S Bo:2:011:2 -115 32 = 7ff6fffe 9ffeffff ffff5fff 9ff69ff6 9ff69ff6 7ff61ff7 7fff7fff ffffffff
ffff8e2301f32240 2328831554 C Bo:2:011:2 0 32 >
ffff8e2301f32240 2328831557 S Bo:2:011:2 -115 32 = ffff5de6 2d6956c4 ffff9dfe b8c42d41 547bbfff ffffbfff dfff3ff7 5ff75ff7
ffff8e2301f33740 2328834360 C Bo:2:011:2 0 32 >
ffff8e2301f33740 2328834364 S Bo:2:011:2 -115 32 = 5ff71ff7 1ff73ff7 3fff3fff bfff9fff ffffffff ffffa310 00000000 00000000
ffff8e2301f32240 2328837125 C Bo:2:011:2 0 32 >
ffff8e2301f32240 2328837128 S Bo:2:011:2 -115 32 = 00000000 00000000 00000000 00000000 00000000 00000000 00000000 00000000
ffff8e2301f33740 2328839926 C Bo:2:011:2 0 32 >
ffff8e2301f33740 2328839931 S Bo:2:011:2 -115 32 = 00000000 00000000 00000000 00000000 00000000 00000000 00000000 00000000
ffff8e2301f32240 2328842695 C Bo:2:011:2 0 32 >
ffff8e2301f32240 2328842698 S Bo:2:011:2 -115 32 = 00000000 00000000 00000000 00000000 00000000 00000000 00000000 00000000
ffff8e2301f33740 2328845439 C Bo:2:011:2 0 32 >
ffff8e2301f33740 2328845444 S Bo:2:011:2 -115 32 = 00000000 00000000 00000000 00000000 00000000 00000000 00000000 00000000
ffff8e2301f32240 2328848199 C Bo:2:011:2 0 32 >
ffff8e2301f32240 2328848203 S Bo:2:011:2 -115 32 = 00000000 00000000 00000000 00000000 00000000 00000000 00000000 00000000
ffff8e2301f33740 2328850992 C Bo:2:011:2 0 32 >
ffff8e2301f33740 2328850996 S Bo:2:011:2 -115 32 = 0000a310 ffffffff ffffffff ffffa310 ffffffff ffffbff7 ffff7fef 7fef9fef
ffff8e2301f32240 2328853734 C Bo:2:011:2 0 32 >
ffff8e2301f32240 2328853739 S Bo:2:011:2 -115 8 = 5fe71edf 9ff79e11
ffff8e2301f33740 2328856523 C Bo:2:011:2 0 32 >
ffff8e2301f32240 2328859257 C Bo:2:011:2 0 8 >
ffff8e2301f32e40 2328872699 C Bi:2:011:2 0 9 = a5570036 0001594b 48
ffff8e2301f32e40 2328872710 S Bi:2:011:2 -115 32 <
ffff8e2301f32240 2328873828 S Bo:2:011:2 -115 32 = a5570037 04001fe7 bfef3ecf 103ba500 ac1ad54c b53c953c 953c7434 b53c3745
ffff8e2301f33740 2328873832 S Bo:2:011:2 -115 32 = 7745563d 3535552d 3425f41c d4249324 931cb424 93249224 d32cb22c 5124722c
ffff8e2301f32240 2328873901 C Bo:2:011:2 0 32 >
ffff8e2301f32240 2328873904 S Bo:2:011:2 -115 32 = 52349444 1555775d b86d3a76 9b7e9b86 dc86fc8e db86fb7e 1b7ffa76 db86d87d
ffff8e2301f33740 2328873945 C Bo:2:011:2 0 32 >
ffff8e2301f33740 2328873946 S Bo:2:011:2 -115 32 = c9118500 3ab6ffff bfdebfde 1fdf1fd7 1fdf3fdf 3fdf5fdf 5fdf5fe7 5fe77fef
ffff8e2301f32240 2328876695 C Bo:2:011:2 0 32 >
ffff8e2301f32240 2328876699 S Bo:2:011:2 -115 32 = 7eef7eef 9ff77ef7 ffffffff 3eefdfff ffffffff ffffffff ffff9ff7 7ff77ff7
ffff8e2301f33740 2328879509 C Bo:2:011:2 0 32 >
ffff8e2301f33740 2328879514 S Bo:2:011:2 -115 32 = 5ff73ff7 1ff7fff6 bff6bff6 3ffffffe ffffffff ffffffff 5fff3fff fffe9ff6
ffff8e2301f32240 2328882287 C Bo:2:011:2 0 32 >
ffff8e2301f32240 2328882292 S Bo:2:011:2 -115 32 = 9ffe1fff bffeffff fff61fff bff6bff6 bff6bff6 9ff6fff6 5fffffff ffffffff
ffff8e2301f33740 2328885060 C Bo:2:011:2 0 32 >
ffff8e2301f33740 2328885065 S Bo:2:011:2 -115 32 = ffffdde5 ab60d5c3 ffffbdfe 7ae5cf51 336bdfff ffffffff bfffbfff 5ff75ff7
ffff8e2301f32240 2328887841 C Bo:2:011:2 0 32 >
ffff8e2301f32240 2328887844 S Bo:2:011:2 -115 32 = 5ff75ff7 7fff9fff dfff5fff ffffbfff ffffffff ffffa310 00000000 00000000
ffff8e2301f33740 2328890585 C Bo:2:011:2 0 32 >
ffff8e2301f33740 2328890589 S Bo:2:011:2 -115 32 = 00000000 00000000 00000000 00000000 00000000 00000000 00000000 00000000
ffff8e2301f32240 2328893348 C Bo:2:011:2 0 32 >
ffff8e2301f32240 2328893354 S Bo:2:011:2 -115 32 = 00000000 00000000 00000000 00000000 00000000 00000000 00000000 00000000
ffff8e2301f33740 2328896129 C Bo:2:011:2 0 32 >
ffff8e2301f33740 2328896133 S Bo:2:011:2 -115 32 = 00000000 00000000 00000000 00000000 00000000 00000000 00000000 00000000
ffff8e2301f32240 2328898920 C Bo:2:011:2 0 32 >
ffff8e2301f32240 2328898925 S Bo:2:011:2 -115 32 = 00000000 00000000 00000000 00000000 00000000 00000000 00000000 00000000
ffff8e2301f33740 2328901662 C Bo:2:011:2 0 32 >
ffff8e2301f33740 2328901667 S Bo:2:011:2 -115 32 = 00000000 00000000 00000000 00000000 00000000 00000000 00000000 00000000
ffff8e2301f32240 2328904416 C Bo:2:011:2 0 32 >
ffff8e2301f32240 2328904419 S Bo:2:011:2 -115 32 = 0000a310 ffffffff ffffffff ffffffff ffffffff ffffdff7 9ff7bff7 7fef3fe7
ffff8e2301f33740 2328907209 C Bo:2:011:2 0 32 >
ffff8e2301f33740 2328907213 S Bo:2:011:2 -115 32 = 3ee79eef 5eefbed6 fffffdd6 0b228400 0e2b754c 7544743c 753c9544 953c122c
ffff8e2301f32240 2328909987 C Bo:2:011:2 0 32 >
ffff8e2301f32240 2328909989 S Bo:2:011:2 -115 32 = b023d023 d01bcf13 cf13af13 6f0b2e0b ad024b02 ea01a901 c901e901 8801c901
ffff8e2301f33740 2328912899 C Bo:2:011:2 0 32 >
ffff8e2301f33740 2328912905 S Bo:2:011:2 -115 32 = ea010a0a ad126f2b f13b734c 944cb454 165d3665 776df975 bb7e1c7f 9e973d9f
ffff8e2301f32240 2328915480 C Bo:2:011:2 0 32 >
ffff8e2301f32240 2328915483 S Bo:2:011:2 -115 32 = 0e3be600 778dbfef dfde1fdf 1fdf1fdf 1fdf1fdf 3fdf3fd7 3fdf7fe7 7fe7fede
ffff8e2301f33740 2328918278 C Bo:2:011:2 0 32 >
ffff8e2301f33740 2328918283 S Bo:2:011:2 -115 32 = ddd63ee7 ffffffff 3eef7fff 5eefdfff ffffffff 9ff7ffff 9ff79ff7 7ff75ff7
ffff8e2301f32240 2328921084 C Bo:2:011:2 0 32 >
ffff8e2301f32240 2328921089 S Bo:2:011:2 -115 32 = 5ff73ff7 dfee9fee 7ff69ffe bffeffff ffffffff fffffff6 dffe7ff6 dffefffe
ffff8e2301f33740 2328923867 C Bo:2:011:2 0 32 >
ffff8e2301f33740 2328923872 S Bo:2:011:2 -115 32 = dffeffff 3ff7ffff 9fff1ff7 fff6dff6 fff6dff6 bff6fff6 5fffffff ffffffff
ffff8e2301f32240 2328926655 C Bo:2:011:2 0 32 >
ffff8e2301f32240 2328926660 S Bo:2:011:2 -115 32 = ffffdcdd ab58b5c3 3fffbcfe 3cfe716a b26279b5 ffffffff 7ff7dfff 5ff79fff
ffff8e2301f33740 2328929430 C Bo:2:011:2 0 32 >
ffff8e2301f33740 2328929435 S Bo:2:011:2 -115 32 = ffff7ff7 7fff7fff 7fffbfff 9fffffff ffffffff a3100000 00000000 00000000
ffff8e2301f32240 2328932160 C Bo:2:011:2 0 32 >
ffff8e2301f32240 2328932164 S Bo:2:011:2 -115 32 = 00000000 00000000 00000000 00000000 00000000 00000000 00000000 00000000
ffff8e2301f33740 2328934941 C Bo:2:011:2 0 32 >
ffff8e2301f33740 2328934946 S Bo:2:011:2 -115 32 = 00000000 00000000 00000000 00000000 00000000 00000000 00000000 00000000
ffff8e2301f32240 2328937708 C Bo:2:011:2 0 32 >
ffff8e2301f32240 2328937713 S Bo:2:011:2 -115 32 = 00000000 00000000 00000000 00000000 00000000 00000000 00000000 00000000
ffff8e2301f33740 2328940454 C Bo:2:011:2 0 32 >
ffff8e2301f33740 2328940459 S Bo:2:011:2 -115 32 = 00000000 00000000 00000000 00000000 00000000 00000000 00000000 00000000
ffff8e2301f32240 2328943224 C Bo:2:011:2 0 32 >
ffff8e2301f32240 2328943229 S Bo:2:011:2 -115 32 = 00000000 00000000 00000000 00000000 00000000 00000000 00000000 00000000
ffff8e2301f33740 2328946012 C Bo:2:011:2 0 32 >
ffff8e2301f33740 2328946017 S Bo:2:011:2 -115 32 = a310ffff ffffffff 9ef7ffff ffffffff ffffffff ffff3fe7 bff79ff7 5fe71edf
ffff8e2301f32240 2328948840 C Bo:2:011:2 0 32 >
ffff8e2301f32240 2328948844 S Bo:2:011:2 -115 32 = 1edf5fe7 1edfbece ffff3ddf ca218400 cd2af243 3444333c 343c3334 4f1b2a02
ffff8e2301f33740 2328951559 C Bo:2:011:2 0 32 >
ffff8e2301f33740 2328951563 S Bo:2:011:2 -115 32 = a901a901 e9014b02 ec0a6e1b d023d02b d02bb02b b0339033 90336f33 4f332e2b
ffff8e2301f32240 2328954284 C Bo:2:011:2 0 32 >
ffff8e2301f32240 2328954287 S Bo:2:011:2 -115 8 = 0e2b0e2b 2f2b2fde
ffff8e2301f33740 2328957063 C Bo:2:011:2 0 32 >
ffff8e2301f32240 2328959830 C Bo:2:011:2 0 8 >
ffff8e2301f326c0 2328973837 C Bi:2:011:2 0 9 = a5570037 0001593d fc
ffff8e2301f326c0 2328973846 S Bi:2:011:2 -115 32 <
ffff8e2301f32240 2328975130 S Bo:2:011:2 -115 32 = a5570038 04004f2b 0e23ad12 eb098a01 ca090b0a ee22323c 565d196e 7a7e5a86
ffff8e2301f33740 2328975135 S Bo:2:011:2 -115 32 = 95646d2a 68113043 3ed7ffff ffd6bfce bfcebece dfcedfd6 1fdf3fdf 5fe75fe7
ffff8e2301f32240 2328975209 C Bo:2:011:2 0 32 >
ffff8e2301f32240 2328975213 S Bo:2:011:2 -115 32 = 5ee75ee7 bff7bff7 5ef71eef bfff7ff7 7ef77ff7 bff75fef bff79ff7 5ff75ff7
ffff8e2301f33740 2328975253 C Bo:2:011:2 0 32 >
ffff8e2301f33740 2328975255 S Bo:2:011:2 -115 32 = 3ff71ff7 9ff67ff6 3ff61fff ffffffff ffffffff ffffdffe 9ff69ff6 bff6fffe
ffff8e2301f32240 2328978084 C Bo:2:011:2 0 32 >
ffff8e2301f32240 2328978091 S Bo:2:011:2 -115 32 = 7fffdfff ffff3ff7 bfff1ff7 fff6fff6 fff6fff6 fff63ff7 5fffffff ffffffff
ffff8e2301f33740 2328980850 C Bo:2:011:2 0 32 >
ffff8e2301f33740 2328980856 S Bo:2:011:2 -115 32 = ffff7de6 0c5933ab bffebcfe befe317b 6b315694 ffffffff ffff7ff7 dfff9ff7
ffff8e2301f32240 2328983611 C Bo:2:011:2 0 32 >
ffff8e2301f32240 2328983625 S Bo:2:011:2 -115 32 = dfff7ff7 ffffffff ffffffff ffffffff ffffffff a3100000 00000000 00000000
ffff8e2301f33740 2328986374 C Bo:2:011:2 0 32 >
ffff8e2301f33740 2328986379 S Bo:2:011:2 -115 32 = 00000000 00000000 00000000 00000000 00000000 00000000 00000000 00000000
ffff8e2301f32240 2328989130 C Bo:2:011:2 0 32 >
ffff8e2301f32240 2328989144 S Bo:2:011:2 -115 32 = 00000000 00000000 00000000 00000000 00000000 00000000 00000000 00000000
ffff8e2301f33740 2328991942 C Bo:2:011:2 0 32 >
ffff8e2301f33740 2328991947 S Bo:2:011:2 -115 32 = 00000000 00000000 00000000 00000000 00000000 00000000 00000000 00000000
ffff8e2301f32240 2328994689 C Bo:2:011:2 0 32 >
ffff8e2301f32240 2328994694 S Bo:2:011:2 -115 32 = 00000000 00000000 00000000 00000000 00000000 00000000 00000000 00000000
ffff8e2301f33740 2328997477 C Bo:2:011:2 0 32 >
ffff8e2301f33740 2328997482 S Bo:2:011:2 -115 32 = 00000000 00000000 00000000 00000000 00000000 00000000 00000000 00000000
ffff8e2301f32240 2329000234 C Bo:2:011:2 0 32 >
ffff8e2301f32240 2329000239 S Bo:2:011:2 -115 32 = a310ffff ffffffff ffff7def ffffffff fff7ffff bff79fef 7feffede 5fe7bff7
ffff8e2301f33740 2329003012 C Bo:2:011:2 0 32 >
ffff8e2301f33740 2329003017 S Bo:2:011:2 -115 32 = 5fe71ed7 1edffece bfef3bbe 4b2a4701 4b1a6c1a 0b12eb09 c9092a0a 8b0aec12
ffff8e2301f32240 2329005867 C Bo:2:011:2 0 32 >
ffff8e2301f32240 2329005873 S Bo:2:011:2 -115 32 = ed1a0e1b 2e236f2b f133523c d44c365d b7653976 9b7edc86 dc7ebb7e 9b7e5a7e
ffff8e2301f33740 2329008591 C Bo:2:011:2 0 32 >
ffff8e2301f33740 2329008596 S Bo:2:011:2 -115 32 = 1a7ed975 7765f65c 744c534c f343b243 b23b7133 4f2b4e23 0d1b8c1a 6c1a2f2b
ffff8e2301f32240 2329011299 C Bo:2:011:2 0 32 >
ffff8e2301f32240 2329011304 S Bo:2:011:2 -115 32 = 703b4c22 04000811 dbbeffff 3fcf7fe7 7fef7fef 9fef7fef 5fe71fdf 1fdf7fef
ffff8e2301f33740 2329014085 C Bo:2:011:2 0 32 >
ffff8e2301f33740 2329014090 S Bo:2:011:2 -115 32 = bff75ee7 dddedee6 9fffdfff 7fff9fff dfff9ff7 7fefbff7 bff77fef 5fef1fef
ffff8e2301f32240 2329016872 C Bo:2:011:2 0 32 >
ffff8e2301f32240 2329016877 S Bo:2:011:2 -115 32 = ffeebfee 7fee7ff6 3fffffff ffffffff ffffffff 3fffbffe bff6bff6 1fffbfff
ffff8e2301f33740 2329019665 C Bo:2:011:2 0 32 >
ffff8e2301f33740 2329019679 S Bo:2:011:2 -115 32 = bfffffff ffffbfff 5fff3ff7 1ff71ff7 1ff71ff7 3ff7dfff 3fff1fff 7fffffff
ffff8e2301f32240 2329022442 C Bo:2:011:2 0 32 >
ffff8e2301f32240 2329022453 S Bo:2:011:2 -115 32 = ffffffff 8d619092 7efe9bf6 ddfe75a4 48291584 ffffffff ffff7ff7 ffffffff
ffff8e2301f33740 2329025209 C Bo:2:011:2 0 32 >
ffff8e2301f33740 2329025221 S Bo:2:011:2 -115 32 = ffffffff ffffffff ffffffff ffffffff ffffa310 00000000 00000000 00000000
ffff8e2301f32240 2329027949 C Bo:2:011:2 0 32 >
ffff8e2301f32240 2329027962 S Bo:2:011:2 -115 32 = 00000000 00000000 00000000 00000000 00000000 00000000 00000000 00000000
ffff8e2301f33740 2329030739 C Bo:2:011:2 0 32 >
ffff8e2301f33740 2329030750 S Bo:2:011:2 -115 32 = 00000000 00000000 00000000 00000000 00000000 00000000 00000000 00000000
ffff8e2301f32240 2329033509 C Bo:2:011:2 0 32 >
ffff8e2301f32240 2329033522 S Bo:2:011:2 -115 32 = 00000000 00000000 00000000 00000000 00000000 00000000 00000000 00000000
ffff8e2301f33740 2329036280 C Bo:2:011:2 0 32 >
ffff8e2301f33740 2329036291 S Bo:2:011:2 -115 32 = 00000000 00000000 00000000 00000000 00000000 00000000 00000000 00000000
ffff8e2301f32240 2329038987 C Bo:2:011:2 0 32 >
ffff8e2301f32240 2329038998 S Bo:2:011:2 -115 32 = 00000000 00000000 00000000 00000000 00000000 00000000 00000000 00000000
ffff8e2301f33740 2329041760 C Bo:2:011:2 0 32 >
ffff8e2301f33740 2329041770 S Bo:2:011:2 -115 32 = a310ffff ffffffff 9ef7ffff ffffbff7 bff77fef ffffffff 3fe79ed6 bed6bff7
ffff8e2301f32240 2329044570 C Bo:2:011:2 0 32 >
ffff8e2301f32240 2329044585 S Bo:2:011:2 -115 32 = ffffffff fffffece 304b4719 67098701 c9090b12 2b120b12 0a128b12 af23d33c
ffff8e2301f33740 2329047354 C Bo:2:011:2 0 32 >
ffff8e2301f33740 2329047365 S Bo:2:011:2 -115 32 = 154d565d 9765f96d 39765a76 7a765a76 7a767a76 9a769b76 9b76bb76 bb76bb7e
ffff8e2301f32240 2329050134 C Bo:2:011:2 0 32 >
ffff8e2301f32240 2329050145 S Bo:2:011:2 -115 32 = bb7e9b7e 7b7e7b7e 5b7e9b86 dc8efd8e 1d979c86 976d934c 9033cd22 6b1a6c1a
ffff8e2301f33740 2329052845 C Bo:2:011:2 0 32 >
ffff8e2301f33740 2329052853 S Bo:2:011:2 -115 32 = 6c1a0b12 4809e700 0e43b66c db9dbfef bff7dfef dfefdfef 5fdf3fdf ffd6fede
ffff8e2301f32240 2329055659 C Bo:2:011:2 0 32 >
ffff8e2301f32240 2329055673 S Bo:2:011:2 -115 8 = 5fef3ee7 dede8333
ffff8e2301f33740 2329058449 C Bo:2:011:2 0 32 >
ffff8e2301f32240 2329061157 C Bo:2:011:2 0 8 >
ffff8e2301f32e40 2329074833 C Bi:2:011:2 0 9 = a5570038 000159e9 12
ffff8e2301f32e40 2329074845 S Bi:2:011:2 -115 32 <
ffff8e2301f32240 2329076283 S Bo:2:011:2 -115 32 = a5570039 0400dee6 3fef1fef feeebede ded63ee7 9ff79ff7 9ff75fef 3fef1fef
ffff8e2301f33740 2329076288 S Bo:2:011:2 -115 32 = ffee9fee 7ff61fff ffffffff ffffffff 1fff3fff 9ff69ff6 dff63fff 1ff7ffff
ffff8e2301f32240 2329076354 C Bo:2:011:2 0 32 >
ffff8e2301f32240 2329076358 S Bo:2:011:2 -115 32 = ffffffff bfff7fff 5ff75ff7 3ff73ff7 3ff73ff7 9fffffff 3ff7fff6 9fffffff
ffff8e2301f33740 2329076396 C Bo:2:011:2 0 32 >
ffff8e2301f33740 2329076397 S Bo:2:011:2 -115 32 = ffffffff ee616f82 1cf6bcfe bdfe7be6 cd62eb41 3cceffff ffffffff dfffffff
ffff8e2301f32240 2329079200 C Bo:2:011:2 0 32 >
ffff8e2301f32240 2329079210 S Bo:2:011:2 -115 32 = ffffffff ffffffff ffffffff ffffa310 a3100000 00000000 00000000 00000000
ffff8e2301f33740 2329081982 C Bo:2:011:2 0 32 >
ffff8e2301f33740 2329081991 S Bo:2:011:2 -115 32 = 00000000 00000000 00000000 00000000 00000000 00000000 00000000 00000000
ffff8e2301f32240 2329084725 C Bo:2:011:2 0 32 >
ffff8e2301f32240 2329084738 S Bo:2:011:2 -115 32 = 00000000 00000000 00000000 00000000 00000000 00000000 00000000 00000000
ffff8e2301f33740 2329087483 C Bo:2:011:2 0 32 >
ffff8e2301f33740 2329087491 S Bo:2:011:2 -115 32 = 00000000 00000000 00000000 00000000 00000000 00000000 00000000 00000000
ffff8e2301f32240 2329090279 C Bo:2:011:2 0 32 >
ffff8e2301f32240 2329090289 S Bo:2:011:2 -115 32 = 00000000 00000000 00000000 00000000 00000000 00000000 00000000 00000000
ffff8e2301f33740 2329093060 C Bo:2:011:2 0 32 >
ffff8e2301f33740 2329093072 S Bo:2:011:2 -115 32 = 00000000 00000000 00000000 00000000 00000000 00000000 00000000 0000a310
ffff8e2301f32240 2329095882 C Bo:2:011:2 0 32 >
ffff8e2301f32240 2329095895 S Bo:2:011:2 -115 32 = ffffffff ffffffff ffffffff 5eefffff 5fef3fe7 1fe71fe7 5fef9ff7 9ff7bff7
ffff8e2301f33740 2329098573 C Bo:2:011:2 0 32 >
ffff8e2301f33740 2329098582 S Bo:2:011:2 -115 32 = ddce1aae 5ab6f574 07090200 0501a801 4a126f33 3244155d d86d1976 396e5976
ffff8e2301f32240 2329101372 C Bo:2:011:2 0 32 >
ffff8e2301f32240 2329101385 S Bo:2:011:2 -115 32 = 39761976 39767a76 bb7edb7e db7e9a76 7a76596e 58663866 79665966 38663866
ffff8e2301f33740 2329104131 C Bo:2:011:2 0 32 >
ffff8e2301f33740 2329104140 S Bo:2:011:2 -115 32 = 596e7a76 bb7ebb7e dc86fc86 fb7efb7e db7edb7e dc869b86 5b7e9b86 9b86d975
ffff8e2301f32240 2329106930 C Bo:2:011:2 0 32 >
ffff8e2301f32240 2329106944 S Bo:2:011:2 -115 32 = 534c7033 ad226809 a6002809 ef3ab35b d363356c d77c1cb6 5fdfffff ffffffff
ffff8e2301f33740 2329109664 C Bo:2:011:2 0 32 >
ffff8e2301f33740 2329109673 S Bo:2:011:2 -115 32 = ffffffff ffffffff dfffbff7 9ff79ff7 bff7dfff dfff9ff7 3fef3fef 1fefffee
ffff8e2301f32240 2329112418 C Bo:2:011:2 0 32 >
ffff8e2301f32240 2329112428 S Bo:2:011:2 -115 32 = dfee9fee 3fffffff ffffffff ffffffff fffe9ff6 9ff6bff6 dff6dfff ffffffff
ffff8e2301f33740 2329115197 C Bo:2:011:2 0 32 >
ffff8e2301f33740 2329115205 S Bo:2:011:2 -115 32 = ffff5ff7 9fff5ff7 bfffbfff 5ff75ff7 5ff73ff7 7ff7ffff 3ff7dff6 5fffffff
ffff8e2301f32240 2329117985 C Bo:2:011:2 0 32 >
ffff8e2301f32240 2329117992 S Bo:2:011:2 -115 32 = ffffffff 4f6a8b59 3bee3eff 19eed7dd 4f7b2829 38adffff ffffffff ffffffff
ffff8e2301f33740 2329120713 C Bo:2:011:2 0 32 >
ffff8e2301f33740 2329120723 S Bo:2:011:2 -115 32 = ffffffff a310a310 a310a310 a3100000 00000000 00000000 00000000 00000000
ffff8e2301f32240 2329123522 C Bo:2:011:2 0 32 >
ffff8e2301f32240 2329123534 S Bo:2:011:2 -115 32 = 00000000 00000000 00000000 00000000 00000000 00000000 00000000 00000000
ffff8e2301f33740 2329126280 C Bo:2:011:2 0 32 >
ffff8e2301f33740 2329126289 S Bo:2:011:2 -115 32 = 00000000 00000000 00000000 00000000 00000000 00000000 00000000 00000000
ffff8e2301f32240 2329129057 C Bo:2:011:2 0 32 >
ffff8e2301f32240 2329129066 S Bo:2:011:2 -115 32 = 00000000 00000000 00000000 00000000 00000000 00000000 00000000 00000000
ffff8e2301f33740 2329131841 C Bo:2:011:2 0 32 >
ffff8e2301f33740 2329131852 S Bo:2:011:2 -115 32 = 00000000 00000000 00000000 00000000 00000000 00000000 00000000 00000000
ffff8e2301f32240 2329134656 C Bo:2:011:2 0 32 >
ffff8e2301f32240 2329134667 S Bo:2:011:2 -115 32 = 00000000 00000000 00000000 00000000 00000000 00000000 00000000 a310ffff
ffff8e2301f33740 2329137401 C Bo:2:011:2 0 32 >
ffff8e2301f33740 2329137407 S Bo:2:011:2 -115 32 = ffffffff ffffffff ffff5eef 9fff3ef7 bfff7ff7 1fdfffd6 3fdfffff ffff1ddf
ffff8e2301f32240 2329140131 C Bo:2:011:2 0 32 >
ffff8e2301f32240 2329140142 S Bo:2:011:2 -115 32 = 1053e608 47090a0a 6b122d2b d03b7244 1455b665 186e9a76 dc7efc86 bb7ebb76
ffff8e2301f33740 2329142919 C Bo:2:011:2 0 32 >
ffff8e2301f33740 2329142929 S Bo:2:011:2 -115 32 = 9a6e7a6e 7a6e596e 3866f755 f85d185e 385e385e 375e175e 585e9866 98669866
ffff8e2301f32240 2329145724 C Bo:2:011:2 0 32 >
ffff8e2301f32240 2329145737 S Bo:2:011:2 -115 32 = 98567856 595e585e 79667966 79669966 9a6eba6e fc7e3d87 1c871c87 3d8fdc86
ffff8e2301f33740 2329148486 C Bo:2:011:2 0 32 >
ffff8e2301f33740 2329148498 S Bo:2:011:2 -115 32 = 3976f975 986db454 9043ee32 6b222701 e7008909 4c2ad363 188dfbad 3bbe5cc6
ffff8e2301f32240 2329151209 C Bo:2:011:2 0 32 >
ffff8e2301f32240 2329151218 S Bo:2:011:2 -115 32 = 7cc6fdde 1ddf1ee7 1ee79ff7 dfffdfff ffffffff dff7fede ffffdfff bfff9fff
ffff8e2301f33740 2329153992 C Bo:2:011:2 0 32 >
ffff8e2301f33740 2329154002 S Bo:2:011:2 -115 32 = 7fff7fff ffffffff ffffffff ffff3fff bff6bff6 bff6dff6 fff69fff 7fffffff
ffff8e2301f32240 2329156850 C Bo:2:011:2 0 32 >
ffff8e2301f32240 2329156865 S Bo:2:011:2 -115 8 = ffff7fff ffffcb79
ffff8e2301f33740 2329159564 C Bo:2:011:2 0 32 >
ffff8e2301f32240 2329162256 C Bo:2:011:2 0 8 >
ffff8e2301f326c0 2329175701 C Bi:2:011:2 0 9 = a5570039 0001599f a6
ffff8e2301f326c0 2329175711 S Bi:2:011:2 -115 32 <
ffff8e2301f32240 2329177118 S Bo:2:011:2 -115 32 = a557003a 0400bfff 7fff7ff7 9fff7ff7 5ff75ff7 5ff77ff7 3ff71ff7 3fffffff
ffff8e2301f33740 2329177123 S Bo:2:011:2 -115 32 = ffffffff d17ae940 fbe59fff 18eed6e5 319c6931 18a5ffff ffffffff ffffffff
ffff8e2301f32240 2329177190 C Bo:2:011:2 0 32 >
ffff8e2301f32240 2329177193 S Bo:2:011:2 -115 32 = ffffa310 00000000 00000000 00000000 00000000 00000000 00000000 00000000
ffff8e2301f33740 2329177233 C Bo:2:011:2 0 32 >
ffff8e2301f33740 2329177236 S Bo:2:011:2 -115 32 = 00000000 00000000 00000000 00000000 00000000 00000000 00000000 00000000
ffff8e2301f32240 2329179991 C Bo:2:011:2 0 32 >
ffff8e2301f32240 2329179995 S Bo:2:011:2 -115 32 = 00000000 00000000 00000000 00000000 00000000 00000000 00000000 00000000
ffff8e2301f33740 2329182840 C Bo:2:011:2 0 32 >
ffff8e2301f33740 2329182843 S Bo:2:011:2 -115 32 = 00000000 00000000 00000000 00000000 00000000 00000000 00000000 00000000
ffff8e2301f32240 2329185568 C Bo:2:011:2 0 32 >
ffff8e2301f32240 2329185573 S Bo:2:011:2 -115 32 = 00000000 00000000 00000000 00000000 00000000 00000000 00000000 00000000
ffff8e2301f33740 2329188358 C Bo:2:011:2 0 32 >
ffff8e2301f33740 2329188362 S Bo:2:011:2 -115 32 = 00000000 00000000 00000000 00000000 00000000 00000000 a310a310 ffffffff
ffff8e2301f32240 2329191133 C Bo:2:011:2 0 32 >
ffff8e2301f32240 2329191137 S Bo:2:011:2 -115 32 = ffffffff bff7ffff ffffbfff 9fff1eef bedebff7 ffffffff 3fcf3785 f584f25b
ffff8e2301f33740 2329193855 C Bo:2:011:2 0 32 >
ffff8e2301f33740 2329193860 S Bo:2:011:2 -115 32 = ca196811 0a122e2b b344965d 396ebb86 fd86fc86 db7ebb76 9a6e5966 3866595e
ffff8e2301f32240 2329196664 C Bo:2:011:2 0 32 >
ffff8e2301f32240 2329196669 S Bo:2:011:2 -115 32 = 795e995e 9956574e 584e374e d645f64d 375ef765 555df34c f34c945d 1666765e
ffff8e2301f33740 2329199416 C Bo:2:011:2 0 32 >
ffff8e2301f33740 2329199421 S Bo:2:011:2 -115 32 = 76461536 36363646 16461746 384e5856 b95eba66 375e586e 9976797e 797e7a7e
ffff8e2301f32240 2329202209 C Bo:2:011:2 0 32 >
ffff8e2301f32240 2329202213 S Bo:2:011:2 -115 32 = db861d8f 3d8fdc86 7a86f775 145d1144 b03b4e33 cc22cc2a 2b1aca19 cb19ab21
ffff8e2301f33740 2329204988 C Bo:2:011:2 0 32 >
ffff8e2301f33740 2329204993 S Bo:2:011:2 -115 32 = cb210d2a ec298f42 d04a7263 d36bf47b b6941bbe 7fe7ffff ffffffff ffffffff
ffff8e2301f32240 2329207761 C Bo:2:011:2 0 32 >
ffff8e2301f32240 2329207766 S Bo:2:011:2 -115 32 = ffffffff ffffffff ffffffff 3fffbff6 bfeebff6 fff61ff7 3ff75ff7 ffffffff
ffff8e2301f33740 2329210482 C Bo:2:011:2 0 32 >
ffff8e2301f33740 2329210485 S Bo:2:011:2 -115 32 = ffffffff 9fffffff 9fff9ff7 ffff7ff7 7ff77ff7 5ff75ff7 5ff73ff7 7fff5ff7
ffff8e2301f32240 2329213297 C Bo:2:011:2 0 32 >
ffff8e2301f32240 2329213301 S Bo:2:011:2 -115 32 = ffffffff 738be938 59d57fff 78f6d4e5 92acec41 536bffff ffffffff ffffffff
ffff8e2301f33740 2329216063 C Bo:2:011:2 0 32 >
ffff8e2301f33740 2329216068 S Bo:2:011:2 -115 32 = ffffa310 00000000 00000000 00000000 00000000 00000000 00000000 00000000
ffff8e2301f32240 2329218847 C Bo:2:011:2 0 32 >
ffff8e2301f32240 2329218851 S Bo:2:011:2 -115 32 = 00000000 00000000 00000000 00000000 00000000 00000000 00000000 00000000
ffff8e2301f33740 2329221597 C Bo:2:011:2 0 32 >
ffff8e2301f33740 2329221601 S Bo:2:011:2 -115 32 = 00000000 00000000 00000000 00000000 00000000 00000000 00000000 00000000
ffff8e2301f32240 2329224385 C Bo:2:011:2 0 32 >
ffff8e2301f32240 2329224390 S Bo:2:011:2 -115 32 = 00000000 00000000 00000000 00000000 00000000 00000000 00000000 00000000
ffff8e2301f33740 2329227127 C Bo:2:011:2 0 32 >
ffff8e2301f33740 2329227130 S Bo:2:011:2 -115 32 = 00000000 00000000 00000000 00000000 00000000 00000000 00000000 00000000
ffff8e2301f32240 2329229916 C Bo:2:011:2 0 32 >
ffff8e2301f32240 2329229921 S Bo:2:011:2 -115 32 = 00000000 00000000 00000000 00000000 00000000 0000a310 ffffffff ffffffff
ffff8e2301f33740 2329232713 C Bo:2:011:2 0 32 >
ffff8e2301f33740 2329232717 S Bo:2:011:2 -115 32 = ffffbff7 ffffdff7 ffffbff7 3eef5eef 9ff7fede bdc6fcce 7785c911 8400a809
ffff8e2301f32240 2329235451 C Bo:2:011:2 0 32 >
ffff8e2301f32240 2329235455 S Bo:2:011:2 -115 32 = 903b3565 3976bb7e bc7e9b76 9b767a76 7a6e7966 795e795e 79565856 374e1746
ffff8e2301f33740 2329238203 C Bo:2:011:2 0 32 >
ffff8e2301f33740 2329238206 S Bo:2:011:2 -115 32 = f63df635 173e1636 d52dd535 364e944d b1445044 0f4cad43 8c436c3b 4a2bac23
ffff8e2301f32240 2329240991 C Bo:2:011:2 0 32 >
ffff8e2301f32240 2329240996 S Bo:2:011:2 -115 32 = 323d9856 773e1626 16361736 173e3846 573e5746 5866176e d565d56d 377e9986
ffff8e2301f33740 2329243732 C Bo:2:011:2 0 32 >
ffff8e2301f33740 2329243735 S Bo:2:011:2 -115 32 = 9986797e 7a76fc86 3d8f5c8f 1c8ffc8e bb8ed76d d4543144 2d2b4b1a 0a12a909
ffff8e2301f32240 2329246561 C Bo:2:011:2 0 32 >
ffff8e2301f32240 2329246566 S Bo:2:011:2 -115 32 = 68098801 48018909 28010801 e7000701 8a19cf42 d9ad1ddf ffffffff ffffffff
ffff8e2301f33740 2329249327 C Bo:2:011:2 0 32 >
ffff8e2301f33740 2329249332 S Bo:2:011:2 -115 32 = ffffffff ffffffff ffff3ff7 5ffffff6 bfeedfee 5ff73ff7 5ff75ff7 ffffffff
ffff8e2301f32240 2329252061 C Bo:2:011:2 0 32 >
ffff8e2301f32240 2329252067 S Bo:2:011:2 -115 32 = ffffffff ffffffff ffffffff dfff9fff bfff5ff7 7ff77ff7 5ff73ff7 9fff5fff
ffff8e2301f33740 2329254848 C Bo:2:011:2 0 32 >
ffff8e2301f33740 2329254853 S Bo:2:011:2 -115 32 = ffffffff 57acc838 d7c45eff 99f6f5ed 72acea41 2e4affff ffffffff ffffffff
ffff8e2301f32240 2329257587 C Bo:2:011:2 0 32 >
ffff8e2301f32240 2329257592 S Bo:2:011:2 -115 8 = ffffa310 0000273c
ffff8e2301f33740 2329260378 C Bo:2:011:2 0 32 >
ffff8e2301f32240 2329263115 C Bo:2:011:2 0 8 >
ffff8e2301f32e40 2329276837 C Bi:2:011:2 0 9 = a557003a 00015904 7a
ffff8e2301f32e40 2329276851 S Bi:2:011:2 -115 32 <
ffff8e2301f32240 2329278413 S Bo:2:011:2 -115 32 = a557003b 04000000 00000000 00000000 00000000 00000000 00000000 00000000
ffff8e2301f33740 2329278419 S Bo:2:011:2 -115 32 = 00000000 00000000 00000000 00000000 00000000 00000000 00000000 00000000
ffff8e2301f32240 2329278485 C Bo:2:011:2 0 32 >
ffff8e2301f32240 2329278489 S Bo:2:011:2 -115 32 = 00000000 00000000 00000000 00000000 00000000 00000000 00000000 00000000
ffff8e2301f33740 2329278535 C Bo:2:011:2 0 32 >
ffff8e2301f33740 2329278536 S Bo:2:011:2 -115 32 = 00000000 00000000 00000000 00000000 00000000 00000000 00000000 00000000
ffff8e2301f32240 2329281326 C Bo:2:011:2 0 32 >
ffff8e2301f32240 2329281334 S Bo:2:011:2 -115 32 = 00000000 00000000 00000000 00000000 00000000 00000000 00000000 00000000
ffff8e2301f33740 2329284056 C Bo:2:011:2 0 32 >
ffff8e2301f33740 2329284066 S Bo:2:011:2 -115 32 = 00000000 00000000 00000000 00000000 00000000 a310ffff ffffffff ffffffff
ffff8e2301f32240 2329286869 C Bo:2:011:2 0 32 >
ffff8e2301f32240 2329286882 S Bo:2:011:2 -115 32 = ffff9ff7 dff7bff7 9fef3edf fecedff7 ffff3895 8a21a911 8b1acc22 2d2b313c
ffff8e2301f33740 2329289629 C Bo:2:011:2 0 32 >
ffff8e2301f33740 2329289636 S Bo:2:011:2 -115 32 = 765d386e 7a767a6e 7a6e7a66 595e5956 3856184e 3746373e 373e1736 f635d635
ffff8e2301f32240 2329292419 C Bo:2:011:2 0 32 >
ffff8e2301f32240 2329292431 S Bo:2:011:2 -115 32 = d535d62d f62d172e f625f535 f54d903c 681a2622 e9426a63 6a63e752 45328732
ffff8e2301f33740 2329295160 C Bo:2:011:2 0 32 >
ffff8e2301f33740 2329295168 S Bo:2:011:2 -115 32 = 8c3bb03c d53d5836 372e5836 5836372e 77365746 d55d5365 6f4c0d4c 4e4c6f4c
ffff8e2301f32240 2329297939 C Bo:2:011:2 0 32 >
ffff8e2301f32240 2329297951 S Bo:2:011:2 -115 32 = f154d575 797eba7e da76ba76 db7efc86 dc7ebb7e 9a7e9a7e 7b867b86 7b863a7e
ffff8e2301f33740 2329300702 C Bo:2:011:2 0 32 >
ffff8e2301f33740 2329300713 S Bo:2:011:2 -115 32 = d875976d f5647354 d143ee2a 4c220a12 a909a911 2b2aee42 9163f36b 7584548c
ffff8e2301f32240 2329303510 C Bo:2:011:2 0 32 >
ffff8e2301f32240 2329303521 S Bo:2:011:2 -115 32 = 5abdffff ffffffff ffffffff 9ff73ff7 1ff73ff7 5ff75ff7 7ff7bfff bfffffff
ffff8e2301f33740 2329306278 C Bo:2:011:2 0 32 >
ffff8e2301f33740 2329306286 S Bo:2:011:2 -115 32 = ffffffff ffffffff ffffffff ffffffff dfffffff bfff7ff7 5ff73ff7 9fff5fff
ffff8e2301f32240 2329309064 C Bo:2:011:2 0 32 >
ffff8e2301f32240 2329309077 S Bo:2:011:2 -115 32 = ffffffff 3abdc938 d7c43eff 99f616ee 13c52a4a 4d427cce ffffffff 9ff7ffff
ffff8e2301f33740 2329311842 C Bo:2:011:2 0 32 >
ffff8e2301f33740 2329311850 S Bo:2:011:2 -115 32 = ffffffff a3100000 00000000 00000000 00000000 00000000 00000000 00000000
ffff8e2301f32240 2329314561 C Bo:2:011:2 0 32 >
ffff8e2301f32240 2329314573 S Bo:2:011:2 -115 32 = 00000000 00000000 00000000 00000000 00000000 00000000 00000000 00000000
ffff8e2301f33740 2329317345 C Bo:2:011:2 0 32 >
ffff8e2301f33740 2329317358 S Bo:2:011:2 -115 32 = 00000000 00000000 00000000 00000000 00000000 00000000 00000000 00000000
ffff8e2301f32240 2329320131 C Bo:2:011:2 0 32 >
ffff8e2301f32240 2329320142 S Bo:2:011:2 -115 32 = 00000000 00000000 00000000 00000000 00000000 00000000 00000000 00000000
ffff8e2301f33740 2329322849 C Bo:2:011:2 0 32 >
ffff8e2301f33740 2329322860 S Bo:2:011:2 -115 32 = 00000000 00000000 00000000 00000000 00000000 00000000 00000000 00000000
ffff8e2301f32240 2329325631 C Bo:2:011:2 0 32 >
ffff8e2301f32240 2329325641 S Bo:2:011:2 -115 32 = 00000000 00000000 00000000 00000000 0000a310 ffffffff ffffffff bff7ffff
ffff8e2301f33740 2329328418 C Bo:2:011:2 0 32 >
ffff8e2301f33740 2329328429 S Bo:2:011:2 -115 32 = ffffdfff 9ff73fe7 3ecffff7 ffff1aae 905b4b2a e6004809 0d1bb344 f765b96e
ffff8e2301f32240 2329331201 C Bo:2:011:2 0 32 >
ffff8e2301f32240 2329331211 S Bo:2:011:2 -115 32 = b9669856 374ef74d d745d73d f73d173e 173e1736 1736f625 f625f625 f62d1636
ffff8e2301f33740 2329333984 C Bo:2:011:2 0 32 >
ffff8e2301f33740 2329333991 S Bo:2:011:2 -115 32 = 1636f62d d61df625 d94eb43d a80a8722 0953286b 89832aac 8cbcccbc 8cb44c9c
ffff8e2301f32240 2329336701 C Bo:2:011:2 0 32 >
ffff8e2301f32240 2329336712 S Bo:2:011:2 -115 32 = e75a6309 ef2bb956 3736782e 782e772e f94e1656 6b2bc92a 8b53cb6b 29538732
ffff8e2301f33740 2329339512 C Bo:2:011:2 0 32 >
ffff8e2301f33740 2329339525 S Bo:2:011:2 -115 32 = 4a3b8f54 d46d366e 1656374e 795eba66 ba76db7e 1c871c87 1d87fd86 1e8f1e8f
ffff8e2301f32240 2329342282 C Bo:2:011:2 0 32 >
ffff8e2301f32240 2329342291 S Bo:2:011:2 -115 32 = 1e8ffd86 9b863a7e f875776d 1565d45c 524cd143 ed2ae911 88094701 08190b31
ffff8e2301f33740 2329345044 C Bo:2:011:2 0 32 >
ffff8e2301f33740 2329345056 S Bo:2:011:2 -115 32 = dac59de6 5abd1bce ffff5ff7 9fff1fef 7ff77ff7 5ff79ff7 ffffffff ffffffff
ffff8e2301f32240 2329347840 C Bo:2:011:2 0 32 >
ffff8e2301f32240 2329347849 S Bo:2:011:2 -115 32 = ffffffff ffffffff ffffffff ffffffff ffffdfff 9ff77ff7 5ff73ff7 9fff5fff
ffff8e2301f33740 2329350592 C Bo:2:011:2 0 32 >
ffff8e2301f33740 2329350603 S Bo:2:011:2 -115 32 = ffffffff ffff0b41 b2a31dff 98f677f6 d5ddcb62 4921758c ffffffff ffffffff
ffff8e2301f32240 2329353347 C Bo:2:011:2 0 32 >
ffff8e2301f32240 2329353358 S Bo:2:011:2 -115 32 = ffffa310 00000000 00000000 00000000 00000000 00000000 00000000 00000000
ffff8e2301f33740 2329356133 C Bo:2:011:2 0 32 >
ffff8e2301f33740 2329356145 S Bo:2:011:2 -115 32 = 00000000 00000000 00000000 00000000 00000000 00000000 00000000 00000000
ffff8e2301f32240 2329358918 C Bo:2:011:2 0 32 >
ffff8e2301f32240 2329358929 S Bo:2:011:2 -115 8 = 00000000 0000b19c
ffff8e2301f33740 2329361695 C Bo:2:011:2 0 32 >
ffff8e2301f32240 2329364381 C Bo:2:011:2 0 8 >
ffff8e2301f326c0 2329377835 C Bi:2:011:2 0 9 = a557003b 00015972 ce
ffff8e2301f326c0 2329377846 S Bi:2:011:2 -115 32 <
ffff8e2301f32240 2329379495 S Bo:2:011:2 -115 32 = a557003c 04000000 00000000 00000000 00000000 00000000 00000000 00000000
ffff8e2301f33740 2329379499 S Bo:2:011:2 -115 32 = 00000000 00000000 00000000 00000000 00000000 00000000 00000000 00000000
ffff8e2301f32240 2329379567 C Bo:2:011:2 0 32 >
ffff8e2301f32240 2329379572 S Bo:2:011:2 -115 32 = 00000000 00000000 00000000 00000000 00000000 00000000 00000000 00000000
ffff8e2301f33740 2329379610 C Bo:2:011:2 0 32 >
ffff8e2301f33740 2329379612 S Bo:2:011:2 -115 32 = 00000000 00000000 00000000 00000000 a310ffff ffffffff ffff9ff7 ffff9ff7
ffff8e2301f32240 2329382417 C Bo:2:011:2 0 32 >
ffff8e2301f32240 2329382428 S Bo:2:011:2 -115 32 = bff71fe7 1edfdfff ffff5dcf 39aecd3a 0200a809 32445655 d7551856 f74d1746
ffff8e2301f33740 2329385206 C Bo:2:011:2 0 32 >
ffff8e2301f33740 2329385215 S Bo:2:011:2 -115 32 = 373e773e 783e372e d62db62d d6351736 1736372e 372e372e 372e372e 372e372e
ffff8e2301f32240 2329387924 C Bo:2:011:2 0 32 >
ffff8e2301f32240 2329387935 S Bo:2:011:2 -115 32 = f62d172e f83df845 5335cd23 84198652 8dacedd4 8bdc29dc 6adccce4 ece4abd4
ffff8e2301f33740 2329390702 C Bo:2:011:2 0 32 >
ffff8e2301f33740 2329390717 S Bo:2:011:2 -115 32 = 2aaca76a 262acd2b 174e9946 5836784e 323dac33 a73ac652 2c9ceebc adb42c9c
ffff8e2301f32240 2329393472 C Bo:2:011:2 0 32 >
ffff8e2301f32240 2329393482 S Bo:2:011:2 -115 32 = 8a6b862a 0823325d 375e3746 5846794e 5856585e 9a6eba76 9a767a76 5a6e396e
ffff8e2301f33740 2329396274 C Bo:2:011:2 0 32 >
ffff8e2301f33740 2329396284 S Bo:2:011:2 -115 32 = 7a767b7e 9b7e9b7e db7e1c7f 3c875d8f 5e971d97 9b8e3a96 d98d756c f3623cce
ffff8e2301f32240 2329399058 C Bo:2:011:2 0 32 >
ffff8e2301f32240 2329399065 S Bo:2:011:2 -115 32 = 9ff71473 4b29ca31 6e4a19ad 7ff7ffff 7ff7dfff 7ff7dfff 9ff7dfff dfffffff
ffff8e2301f33740 2329401845 C Bo:2:011:2 0 32 >
ffff8e2301f33740 2329401856 S Bo:2:011:2 -115 32 = ffffffff ffffffff a310ffff ffffffff ffffffff ffff9fff 7fff7fff 9fffffff
ffff8e2301f32240 2329404562 C Bo:2:011:2 0 32 >
ffff8e2301f32240 2329404573 S Bo:2:011:2 -115 32 = ffffffff ffffec38 8d7adbfe 97f676f6 56eead83 6408d794 ffffffff ffffffff
ffff8e2301f33740 2329407390 C Bo:2:011:2 0 32 >
ffff8e2301f33740 2329407401 S Bo:2:011:2 -115 32 = ffffa310 00000000 00000000 00000000 00000000 00000000 00000000 00000000
ffff8e2301f32240 2329410138 C Bo:2:011:2 0 32 >
ffff8e2301f32240 2329410148 S Bo:2:011:2 -115 32 = 00000000 00000000 00000000 00000000 00000000 00000000 00000000 00000000
ffff8e2301f33740 2329412849 C Bo:2:011:2 0 32 >
ffff8e2301f33740 2329412860 S Bo:2:011:2 -115 32 = 00000000 00000000 00000000 00000000 00000000 00000000 00000000 00000000
ffff8e2301f32240 2329415638 C Bo:2:011:2 0 32 >
ffff8e2301f32240 2329415647 S Bo:2:011:2 -115 32 = 00000000 00000000 00000000 00000000 00000000 00000000 00000000 00000000
ffff8e2301f33740 2329418416 C Bo:2:011:2 0 32 >
ffff8e2301f33740 2329418422 S Bo:2:011:2 -115 32 = 00000000 00000000 00000000 00000000 00000000 00000000 00000000 00000000
ffff8e2301f32240 2329421202 C Bo:2:011:2 0 32 >
ffff8e2301f32240 2329421213 S Bo:2:011:2 -115 32 = 00000000 00000000 00000000 0000a310 ffffffff ffffffff ffffbff7 bff75fef
ffff8e2301f33740 2329423987 C Bo:2:011:2 0 32 >
ffff8e2301f33740 2329423999 S Bo:2:011:2 -115 32 = 5fefdfff dfffdff7 dcc6ac2a 4300a809 2e23923c 96553856 794e7946 58363736
ffff8e2301f32240 2329426702 C Bo:2:011:2 0 32 >
ffff8e2301f32240 2329426713 S Bo:2:011:2 -115 32 = f62d1636 5736582e 7836793e 383e1736 3736572e 5736783e 79465946 79463846
ffff8e2301f33740 2329429512 C Bo:2:011:2 0 32 >
ffff8e2301f33740 2329429524 S Bo:2:011:2 -115 32 = d73db645 9755d344 48024722 0b9c6bc4 4bcc4adc 29e409e4 e8dbc7d3 29dc6adc
ffff8e2301f32240 2329432276 C Bo:2:011:2 0 32 >
ffff8e2301f32240 2329432286 S Bo:2:011:2 -115 32 = ede4adcc 0452c519 1455195e 9745d344 88220532 4b9c2dd5 eddccde4 0eed2fe5
ffff8e2301f33740 2329435066 C Bo:2:011:2 0 32 >
ffff8e2301f33740 2329435080 S Bo:2:011:2 -115 32 = 8cb4e65a 4532ac3b 54553856 793e7836 573e174e 58569966 9a6edb6e db769a76
ffff8e2301f32240 2329437844 C Bo:2:011:2 0 32 >
ffff8e2301f32240 2329437853 S Bo:2:011:2 -115 32 = db7efc7e 1d873d87 3d7f5d7f 5d7f3d87 1d879c86 b975f66c d7749563 1aa5ffff
ffff8e2301f33740 2329440562 C Bo:2:011:2 0 32 >
ffff8e2301f33740 2329440572 S Bo:2:011:2 -115 32 = 567b5031 8a198500 65000f53 7cd6ffff 1eefbfff bfffffff ffffffff bff7ffff
ffff8e2301f32240 2329443383 C Bo:2:011:2 0 32 >
ffff8e2301f32240 2329443396 S Bo:2:011:2 -115 32 = ffffffff ffffffff ffffffff ffffffff bfffffff ffff7ff7 ffff1ff7 9fffffff
ffff8e2301f33740 2329446136 C Bo:2:011:2 0 32 >
ffff8e2301f33740 2329446149 S Bo:2:011:2 -115 32 = ffffffff ffff6e49 2c6adafe 77f615e6 55ee6f9c e518926b ffffffff ffffa310
ffff8e2301f32240 2329448924 C Bo:2:011:2 0 32 >
ffff8e2301f32240 2329448936 S Bo:2:011:2 -115 32 = a3100000 00000000 00000000 00000000 00000000 00000000 00000000 00000000
ffff8e2301f33740 2329451638 C Bo:2:011:2 0 32 >
ffff8e2301f33740 2329451649 S Bo:2:011:2 -115 32 = 00000000 00000000 00000000 00000000 00000000 00000000 00000000 00000000
ffff8e2301f32240 2329454447 C Bo:2:011:2 0 32 >
ffff8e2301f32240 2329454458 S Bo:2:011:2 -115 32 = 00000000 00000000 00000000 00000000 00000000 00000000 00000000 00000000
ffff8e2301f33740 2329457238 C Bo:2:011:2 0 32 >
ffff8e2301f33740 2329457247 S Bo:2:011:2 -115 32 = 00000000 00000000 00000000 00000000 00000000 00000000 00000000 00000000
ffff8e2301f32240 2329459993 C Bo:2:011:2 0 32 >
ffff8e2301f32240 2329460002 S Bo:2:011:2 -115 8 = 00000000 0000a9b6
ffff8e2301f33740 2329462873 C Bo:2:011:2 0 32 >
ffff8e2301f32240 2329465479 C Bo:2:011:2 0 8 >
ffff8e2301f32e40 2329478878 C Bi:2:011:2 0 9 = a557003c 00015923 e3
ffff8e2301f32e40 2329478887 S Bi:2:011:2 -115 32 <
ffff8e2301f32240 2329479993 S Bo:2:011:2 -115 32 = a557003d 04000000 00000000 00000000 00000000 00000000 00000000 00000000
ffff8e2301f33740 2329479998 S Bo:2:011:2 -115 32 = 00000000 00000000 00000000 a310a310 ffffffff ffffdff7 ffffbff7 9ff73fef
ffff8e2301f32240 2329480063 C Bo:2:011:2 0 32 >
ffff8e2301f32240 2329480066 S Bo:2:011:2 -115 32 = 5ee7ffff dcce914b 2b1a6801 a809af2b b64d794e 583ef62d f62d5736 77367736
ffff8e2301f33740 2329480108 C Bo:2:011:2 0 32 >
ffff8e2301f33740 2329480110 S Bo:2:011:2 -115 32 = 3736d63d b73db735 383e583e 383e5946 7946d63d 55351435 b32c732c 522c1124
ffff8e2301f32240 2329482918 C Bo:2:011:2 0 32 >
ffff8e2301f32240 2329482930 S Bo:2:011:2 -115 32 = f123b023 2d1baa1a 2632087b ade46bec e9db09e4 48e449e4 09e408dc 49e469dc
ffff8e2301f33740 2329485702 C Bo:2:011:2 0 32 >
ffff8e2301f33740 2329485711 S Bo:2:011:2 -115 32 = 8adc8cdc aaabc962 2c3bf13b af3beb3a 0863a99b ccd40ced 6ae42ae4 4becacec
ffff8e2301f32240 2329488441 C Bo:2:011:2 0 32 >
ffff8e2301f32240 2329488454 S Bo:2:011:2 -115 32 = acdc2ed5 ca83e419 ad333866 994e7736 9736573e 3846584e 384e3856 9a66db76
ffff8e2301f33740 2329491211 C Bo:2:011:2 0 32 >
ffff8e2301f33740 2329491221 S Bo:2:011:2 -115 32 = 1c773c7f 3c7ffc7e bc7e7b76 d96d375d 344c723b af32ed21 2d19b673 5eeff88b
ffff8e2301f32240 2329493990 C Bo:2:011:2 0 32 >
ffff8e2301f32240 2329493999 S Bo:2:011:2 -115 32 = 1242913a af2a6c22 8909ce42 99b5ffff feeeffff 9effffff ffffffff 7ee7ffff
ffff8e2301f33740 2329496849 C Bo:2:011:2 0 32 >
ffff8e2301f33740 2329496854 S Bo:2:011:2 -115 32 = 7fefffff ffffffff ffffffff ffffdfff ffffffff ffffffff dfffffff ffffbfff
ffff8e2301f32240 2329499526 C Bo:2:011:2 0 32 >
ffff8e2301f32240 2329499545 S Bo:2:011:2 -115 32 = ffffffff ffffae51 eb6198f6 97f6f4dd 34e611bd 66316e4a ffffffff ffffa310
ffff8e2301f33740 2329502291 C Bo:2:011:2 0 32 >
ffff8e2301f33740 2329502300 S Bo:2:011:2 -115 32 = 00000000 00000000 00000000 00000000 00000000 00000000 00000000 00000000
ffff8e2301f32240 2329505036 C Bo:2:011:2 0 32 >
ffff8e2301f32240 2329505046 S Bo:2:011:2 -115 32 = 00000000 00000000 00000000 00000000 00000000 00000000 00000000 00000000
ffff8e2301f33740 2329507849 C Bo:2:011:2 0 32 >
ffff8e2301f33740 2329507854 S Bo:2:011:2 -115 32 = 00000000 00000000 00000000 00000000 00000000 00000000 00000000 00000000
ffff8e2301f32240 2329510660 C Bo:2:011:2 0 32 >
ffff8e2301f32240 2329510666 S Bo:2:011:2 -115 32 = 00000000 00000000 00000000 00000000 00000000 00000000 00000000 00000000
ffff8e2301f33740 2329513348 C Bo:2:011:2 0 32 >
ffff8e2301f33740 2329513352 S Bo:2:011:2 -115 32 = 00000000 00000000 00000000 00000000 00000000 00000000 00000000 00000000
ffff8e2301f32240 2329516133 C Bo:2:011:2 0 32 >
ffff8e2301f32240 2329516137 S Bo:2:011:2 -115 32 = 00000000 00000000 0000a310 ffffffff ffffffff bff7ffff 9fef7fef ffd6ffff
ffff8e2301f33740 2329518917 C Bo:2:011:2 0 32 >
ffff8e2301f33740 2329518921 S Bo:2:011:2 -115 32 = dff7705b 68194701 a801af23 764dd755 d63d1626 772e772e 9736984e 584e1746
ffff8e2301f32240 2329521690 C Bo:2:011:2 0 32 >
ffff8e2301f32240 2329521696 S Bo:2:011:2 -115 32 = 963df434 322cb01b 311c121c b11bb01b d123901b 901b701b ce124c0a ea018901
ffff8e2301f33740 2329524438 C Bo:2:011:2 0 32 >
ffff8e2301f33740 2329524442 S Bo:2:011:2 -115 32 = cb01c909 2501062a 8a8b0ac4 e9e387e3 e9e329ec 27dc27e4 08e4e8e3 e8db28dc
ffff8e2301f32240 2329527202 C Bo:2:011:2 0 32 >
ffff8e2301f32240 2329527206 S Bo:2:011:2 -115 32 = 69dcabe4 8ddc4b8b e639e729 0732885a 0aac8bdc 6ae428e4 29ec29f4 09ec6aec
ffff8e2301f33740 2329529994 C Bo:2:011:2 0 32 >
ffff8e2301f33740 2329530000 S Bo:2:011:2 -115 32 = 8beccde4 6cbc0763 e832b144 5756b846 78361836 1736383e 594e3956 7a66bb76
ffff8e2301f32240 2329532856 C Bo:2:011:2 0 32 >
ffff8e2301f32240 2329532861 S Bo:2:011:2 -115 32 = dc767b6e f865154d 5344d233 71337233 1133b032 b1429342 96737fef 799c3342
ffff8e2301f33740 2329535594 C Bo:2:011:2 0 32 >
ffff8e2301f33740 2329535599 S Bo:2:011:2 -115 32 = f342323b 713b2f2b e6008921 99adffff feee7eff beffbff7 ffffffff 9fefffff
ffff8e2301f32240 2329538312 C Bo:2:011:2 0 32 >
ffff8e2301f32240 2329538317 S Bo:2:011:2 -115 32 = ffffffff dfff9ff7 ffffdfff ffffffff ffffffff ffffffff ffffffff ffff7fff
ffff8e2301f33740 2329541063 C Bo:2:011:2 0 32 >
ffff8e2301f33740 2329541067 S Bo:2:011:2 -115 32 = 3ff7ffff ffffae51 ca5937ee b7f614de 34e6d3d5 aa5ac610 7584ffff ffffffff
ffff8e2301f32240 2329543845 C Bo:2:011:2 0 32 >
ffff8e2301f32240 2329543851 S Bo:2:011:2 -115 32 = a3100000 00000000 00000000 00000000 00000000 00000000 00000000 00000000
ffff8e2301f33740 2329546669 C Bo:2:011:2 0 32 >
ffff8e2301f33740 2329546674 S Bo:2:011:2 -115 32 = 00000000 00000000 00000000 00000000 00000000 00000000 00000000 00000000
ffff8e2301f32240 2329549417 C Bo:2:011:2 0 32 >
ffff8e2301f32240 2329549422 S Bo:2:011:2 -115 32 = 00000000 00000000 00000000 00000000 00000000 00000000 00000000 00000000
ffff8e2301f33740 2329552132 C Bo:2:011:2 0 32 >
ffff8e2301f33740 2329552137 S Bo:2:011:2 -115 32 = 00000000 00000000 00000000 00000000 00000000 00000000 00000000 00000000
ffff8e2301f32240 2329554925 C Bo:2:011:2 0 32 >
ffff8e2301f32240 2329554929 S Bo:2:011:2 -115 32 = 00000000 00000000 00000000 00000000 00000000 00000000 00000000 00000000
ffff8e2301f33740 2329557748 C Bo:2:011:2 0 32 >
ffff8e2301f33740 2329557752 S Bo:2:011:2 -115 32 = 00000000 00000000 0000a310 ffffffff ffffffff bff7dfff 1fdfbff7 ffff9cc6
ffff8e2301f32240 2329560486 C Bo:2:011:2 0 32 >
ffff8e2301f32240 2329560490 S Bo:2:011:2 -115 8 = f3738508 e500b904
ffff8e2301f33740 2329563211 C Bo:2:011:2 0 32 >
ffff8e2301f32240 2329565985 C Bo:2:011:2 0 8 >
ffff8e2301f326c0 2329579838 C Bi:2:011:2 0 9 = a557003d 00015955 57
ffff8e2301f326c0 2329579847 S Bi:2:011:2 -115 32 <
ffff8e2301f32240 2329581402 S Bo:2:011:2 -115 32 = a557003e 0400b033 923c554d d645f635 f6351736 573e773e 1636132d 5224f01b
ffff8e2301f33740 2329581406 S Bo:2:011:2 -115 32 = af1b6f1b 0e138c0a 8c0a0b0a 8a014901 6a01ca01 4c12ae12 ad128d1a 6d1a4d1a
ffff8e2301f32240 2329581474 C Bo:2:011:2 0 32 >
ffff8e2301f32240 2329581477 S Bo:2:011:2 -115 32 = 2c1a0a1a a529e66a 8bc42ad4 e8e3c8eb e8e308dc 07dc07dc e8eb09ec e9eb08e4
ffff8e2301f33740 2329581519 C Bo:2:011:2 0 32 >
ffff8e2301f33740 2329581521 S Bo:2:011:2 -115 32 = 29dc49dc 2bd46aa3 c5510752 0a730ca4 6bd40ae4 29e448e4 48ec28ec 07e469ec
ffff8e2301f32240 2329584282 C Bo:2:011:2 0 32 >
ffff8e2301f32240 2329584293 S Bo:2:011:2 -115 32 = 6bec4ae4 2ef54fd5 864aa82a 945d775e 584e9a56 3846f845 d84d5645 f544d544
ffff8e2301f33740 2329587088 C Bo:2:011:2 0 32 >
ffff8e2301f33740 2329587096 S Bo:2:011:2 -115 32 = 743cd22b 902b0f1b 4c12ab09 ec11b02a 12331243 d34a3884 dfffdaac 334ad342
ffff8e2301f32240 2329589848 C Bo:2:011:2 0 32 >
ffff8e2301f32240 2329589858 S Bo:2:011:2 -115 32 = f33af12a 0f230f2b c6004821 99b5ffff 1eef5ef7 ffffffff ffffffff ffffffff
ffff8e2301f33740 2329592660 C Bo:2:011:2 0 32 >
ffff8e2301f33740 2329592673 S Bo:2:011:2 -115 32 = ffffffff dfff9ff7 ffffdfff ffffffff ffffffff ffffffff ffffffff ffff1ef7
ffff8e2301f32240 2329595417 C Bo:2:011:2 0 32 >
ffff8e2301f32240 2329595429 S Bo:2:011:2 -115 32 = fef6ffff fffff79b 8a51d5e5 5aff56e6 f3e5f4dd ae83a410 916bffff ffffffff
ffff8e2301f33740 2329598134 C Bo:2:011:2 0 32 >
ffff8e2301f33740 2329598143 S Bo:2:011:2 -115 32 = a3100000 00000000 00000000 00000000 00000000 00000000 00000000 00000000
ffff8e2301f32240 2329600965 C Bo:2:011:2 0 32 >
ffff8e2301f32240 2329600973 S Bo:2:011:2 -115 32 = 00000000 00000000 00000000 00000000 00000000 00000000 00000000 00000000
ffff8e2301f33740 2329603715 C Bo:2:011:2 0 32 >
ffff8e2301f33740 2329603731 S Bo:2:011:2 -115 32 = 00000000 00000000 00000000 00000000 00000000 00000000 00000000 00000000
ffff8e2301f32240 2329606497 C Bo:2:011:2 0 32 >
ffff8e2301f32240 2329606508 S Bo:2:011:2 -115 32 = 00000000 00000000 00000000 00000000 00000000 00000000 00000000 00000000
ffff8e2301f33740 2329609276 C Bo:2:011:2 0 32 >
ffff8e2301f33740 2329609287 S Bo:2:011:2 -115 32 = 00000000 00000000 00000000 00000000 00000000 00000000 00000000 00000000
ffff8e2301f32240 2329611986 C Bo:2:011:2 0 32 >
ffff8e2301f32240 2329611996 S Bo:2:011:2 -115 32 = 00000000 00000000 a310ffff ffffffff bff7bff7 ffff7fef 5ee7fff7 7edf2b32
ffff8e2301f33740 2329614852 C Bo:2:011:2 0 32 >
ffff8e2301f33740 2329614867 S Bo:2:011:2 -115 32 = 0100ac1a b344d655 17563756 37463636 f63d9645 343df334 5124cc0a ea01ca01
ffff8e2301f32240 2329617551 C Bo:2:011:2 0 32 >
ffff8e2301f32240 2329617560 S Bo:2:011:2 -115 32 = ea016c0a cd12cd1a cd1aae1a 8e1a6e1a 6e1a6e22 8e1aae1a ef22302b 31331033
ffff8e2301f33740 2329620348 C Bo:2:011:2 0 32 >
ffff8e2301f33740 2329620359 S Bo:2:011:2 -115 32 = 2c1a092a 086b2aac ebdc49d4 29dc29e4 08dc28dc 48dc08dc e7e309ec 09ece8e3
ffff8e2301f32240 2329623129 C Bo:2:011:2 0 32 >
ffff8e2301f32240 2329623136 S Bo:2:011:2 -115 32 = e9e3e8d3 4be4ebc3 c461686a 50b48ec4 4bd429dc 49dc08d4 07dc07e4 48ec68ec
ffff8e2301f33740 2329625846 C Bo:2:011:2 0 32 >
ffff8e2301f33740 2329625858 S Bo:2:011:2 -115 32 = 69ec6aec abeccce4 48938852 ed4bd04c 123d5545 d434732c 122c9023 2f1b8e12
ffff8e2301f32240 2329628635 C Bo:2:011:2 0 32 >
ffff8e2301f32240 2329628642 S Bo:2:011:2 -115 32 = 0c02cb01 0c0a8e1a 8e22af2a f13af13a 123b1343 155b3eef 5bb53452 d452f43a
ffff8e2301f33740 2329631418 C Bo:2:011:2 0 32 >
ffff8e2301f33740 2329631427 S Bo:2:011:2 -115 32 = 13331123 2f234f2b e600aa31 1cc6ffff 3eef7ef7 ffffffff ffffbef7 ffffffff
ffff8e2301f32240 2329634208 C Bo:2:011:2 0 32 >
ffff8e2301f32240 2329634216 S Bo:2:011:2 -115 32 = ffffbff7 ffffffff ffffffff ffffffff dfffffff ffffffff dfffffff ffff5ff7
ffff8e2301f33740 2329636926 C Bo:2:011:2 0 32 >
ffff8e2301f33740 2329636935 S Bo:2:011:2 -115 32 = 3ff7ffff ffff7cc5 294153cd deff1af7 f3e514e6 90a42529 0b3affff ffffffff
ffff8e2301f32240 2329639704 C Bo:2:011:2 0 32 >
ffff8e2301f32240 2329639719 S Bo:2:011:2 -115 32 = a3100000 00000000 00000000 00000000 00000000 00000000 00000000 00000000
ffff8e2301f33740 2329642492 C Bo:2:011:2 0 32 >
ffff8e2301f33740 2329642503 S Bo:2:011:2 -115 32 = 00000000 00000000 00000000 00000000 00000000 00000000 00000000 00000000
ffff8e2301f32240 2329645284 C Bo:2:011:2 0 32 >
ffff8e2301f32240 2329645294 S Bo:2:011:2 -115 32 = 00000000 00000000 00000000 00000000 00000000 00000000 00000000 00000000
ffff8e2301f33740 2329648063 C Bo:2:011:2 0 32 >
ffff8e2301f33740 2329648073 S Bo:2:011:2 -115 32 = 00000000 00000000 00000000 00000000 00000000 00000000 00000000 00000000
ffff8e2301f32240 2329650859 C Bo:2:011:2 0 32 >
ffff8e2301f32240 2329650874 S Bo:2:011:2 -115 32 = 00000000 00000000 00000000 00000000 00000000 00000000 00000000 00000000
ffff8e2301f33740 2329653563 C Bo:2:011:2 0 32 >
ffff8e2301f33740 2329653572 S Bo:2:011:2 -115 32 = 00000000 0000a310 a310a310 ffffffff ffffffff dfefffff ffff779d a7210812
ffff8e2301f32240 2329656359 C Bo:2:011:2 0 32 >
ffff8e2301f32240 2329656364 S Bo:2:011:2 -115 32 = 0b23b23c f655f745 f645f645 1746d63d d32cb023 8b0a0902 6b0a8c12 6c126d1a
ffff8e2301f33740 2329659145 C Bo:2:011:2 0 32 >
ffff8e2301f33740 2329659150 S Bo:2:011:2 -115 32 = 8d1ace1a ee1a0f23 0f23512b 722b922b 72333133 102b1023 102bf022 ef22ef2a
ffff8e2301f32240 2329661921 C Bo:2:011:2 0 32 >
ffff8e2301f32240 2329661928 S Bo:2:011:2 -115 8 = 8909e729 0c9cc2b2
ffff8e2301f33740 2329664639 C Bo:2:011:2 0 32 >
ffff8e2301f32240 2329667452 C Bo:2:011:2 0 8 >
ffff8e2301f32e40 2329680878 C Bi:2:011:2 0 9 = a557003e 000159ce 8b
ffff8e2301f32e40 2329680883 S Bi:2:011:2 -115 32 <
ffff8e2301f32240 2329682599 S Bo:2:011:2 -115 32 = a557003f 04008bcc 69dc48dc 08e409e4 08e449e4 49dc28dc e8dbc8e3 e8ebe9eb
ffff8e2301f33740 2329682604 S Bo:2:011:2 -115 32 = e9ebc8d3 4be42cd4 056ae559 ea822993 07ab46b3 e8c36adc 6ae449ec 69ec48ec
ffff8e2301f32240 2329682671 C Bo:2:011:2 0 32 >
ffff8e2301f32240 2329682675 S Bo:2:011:2 -115 32 = 49e46aec 4aec4aec 4cdcc982 a521a92a 0b238c0a 2b0aea01 2c0a8d12 8d1a8e1a
ffff8e2301f33740 2329682715 C Bo:2:011:2 0 32 >
ffff8e2301f33740 2329682718 S Bo:2:011:2 -115 32 = 8f1a8e1a af1acf22 102b5233 533b3343 1343f44a fed65cce 5342d342 f3321433
ffff8e2301f32240 2329685485 C Bo:2:011:2 0 32 >
ffff8e2301f32240 2329685495 S Bo:2:011:2 -115 32 = 54335223 912b7033 0601ca29 dbbdffff 5eefffff ffffffff ffffdfff ffffffff
ffff8e2301f33740 2329688276 C Bo:2:011:2 0 32 >
ffff8e2301f33740 2329688285 S Bo:2:011:2 -115 32 = ffffffff ffffffff ffffffff ffffffff 9ff77eef ffffffff ffffffff ffffffff
ffff8e2301f32240 2329691064 C Bo:2:011:2 0 32 >
ffff8e2301f32240 2329691074 S Bo:2:011:2 -115 32 = ffffffff fffff57a a730f1bc 9cff3bff f4e5d3dd 12b5294a 8929ffff ffffffff
ffff8e2301f33740 2329693862 C Bo:2:011:2 0 32 >
ffff8e2301f33740 2329693877 S Bo:2:011:2 -115 32 = a3100000 00000000 00000000 00000000 00000000 00000000 00000000 00000000
ffff8e2301f32240 2329696563 C Bo:2:011:2 0 32 >
ffff8e2301f32240 2329696572 S Bo:2:011:2 -115 32 = 00000000 00000000 00000000 00000000 00000000 00000000 00000000 00000000
ffff8e2301f33740 2329699382 C Bo:2:011:2 0 32 >
ffff8e2301f33740 2329699387 S Bo:2:011:2 -115 32 = 00000000 00000000 00000000 00000000 00000000 00000000 00000000 00000000
ffff8e2301f32240 2329702139 C Bo:2:011:2 0 32 >
ffff8e2301f32240 2329702144 S Bo:2:011:2 -115 32 = 00000000 00000000 00000000 00000000 00000000 00000000 00000000 00000000
ffff8e2301f33740 2329704920 C Bo:2:011:2 0 32 >
ffff8e2301f33740 2329704925 S Bo:2:011:2 -115 32 = 00000000 00000000 00000000 00000000 00000000 00000000 00000000 00000000
ffff8e2301f32240 2329707663 C Bo:2:011:2 0 32 >
ffff8e2301f32240 2329707667 S Bo:2:011:2 -115 32 = 0000a310 a310ffff ffffffff ffffffff ffffffff ffff5ddf 59a6ec32 62004c23
ffff8e2301f33740 2329710449 C Bo:2:011:2 0 32 >
ffff8e2301f33740 2329710454 S Bo:2:011:2 -115 32 = b555165e 3756584e d6455124 4d134e13 ed0a6c0a 0a0aca09 6b0a0e1b 502b502b
ffff8e2301f32240 2329713259 C Bo:2:011:2 0 32 >
ffff8e2301f32240 2329713263 S Bo:2:011:2 -115 32 = 7133502b 0f1bef1a ef221023 301b311b 311bf022 10233023 102bcf22 ef22ef2a
ffff8e2301f33740 2329715995 C Bo:2:011:2 0 32 >
ffff8e2301f33740 2329716000 S Bo:2:011:2 -115 32 = 47092842 4dbc6bdc 6ae46ae4 4ae42aec 4bec4aec 09dce8d3 e8d309e4 09ec09f4
ffff8e2301f32240 2329718850 C Bo:2:011:2 0 32 >
ffff8e2301f32240 2329718854 S Bo:2:011:2 -115 32 = e9ebc8d3 4ae40bcc 867a2662 c97a4a9b 6aab48ab 68b30acc 4bd40ad4 e9db09e4
ffff8e2301f33740 2329721553 C Bo:2:011:2 0 32 >
ffff8e2301f33740 2329721558 S Bo:2:011:2 -115 32 = 29ec29ec 6aec4af4 2cece992 65318b2a ed226c12 0c12ec11 6d1ace22 f022512b
ffff8e2301f32240 2329724283 C Bo:2:011:2 0 32 >
ffff8e2301f32240 2329724287 S Bo:2:011:2 -115 32 = 72335233 112bd022 f12a122b f232333b f4421cb6 7cceb44a f43a1333 13233323
ffff8e2301f33740 2329727062 C Bo:2:011:2 0 32 >
ffff8e2301f33740 2329727066 S Bo:2:011:2 -115 32 = 74235123 2f23ee22 68016d32 fbbdffff 3ee7ffff ffffffff ffffbef7 ffffffff
ffff8e2301f32240 2329729856 C Bo:2:011:2 0 32 >
ffff8e2301f32240 2329729861 S Bo:2:011:2 -115 32 = ffffffff ffffffff ffffffff ffffffff ffffffff ffffffff ffffffff ffffffff
ffff8e2301f33740 2329732666 C Bo:2:011:2 0 32 >
ffff8e2301f33740 2329732671 S Bo:2:011:2 -115 32 = ffffffff ffff357b 093153c5 f8feb7f6 f4ddb3dd 72c5cc62 aa29dab5 ffffffff
ffff8e2301f32240 2329735443 C Bo:2:011:2 0 32 >
ffff8e2301f32240 2329735448 S Bo:2:011:2 -115 32 = ffffa310 00000000 00000000 00000000 00000000 00000000 00000000 00000000
ffff8e2301f33740 2329738133 C Bo:2:011:2 0 32 >
ffff8e2301f33740 2329738138 S Bo:2:011:2 -115 32 = 00000000 00000000 00000000 00000000 00000000 00000000 00000000 00000000
ffff8e2301f32240 2329740925 C Bo:2:011:2 0 32 >
ffff8e2301f32240 2329740930 S Bo:2:011:2 -115 32 = 00000000 00000000 00000000 00000000 00000000 00000000 00000000 00000000
ffff8e2301f33740 2329743738 C Bo:2:011:2 0 32 >
ffff8e2301f33740 2329743743 S Bo:2:011:2 -115 32 = 00000000 00000000 00000000 00000000 00000000 00000000 00000000 00000000
ffff8e2301f32240 2329746478 C Bo:2:011:2 0 32 >
ffff8e2301f32240 2329746483 S Bo:2:011:2 -115 32 = 00000000 00000000 00000000 00000000 00000000 00000000 00000000 0000a310
ffff8e2301f33740 2329749240 C Bo:2:011:2 0 32 >
ffff8e2301f33740 2329749245 S Bo:2:011:2 -115 32 = a310ffff ffffffff ffffffff ffffffff 5fe7bfef ffff347d a601490a 8e2bf354
ffff8e2301f32240 2329751998 C Bo:2:011:2 0 32 >
ffff8e2301f32240 2329752003 S Bo:2:011:2 -115 32 = b665d65d d3341024 b0236b0a 8801ca01 6c0aad12 4f239133 4f1b0e13 2f1b1023
ffff8e2301f33740 2329754847 C Bo:2:011:2 0 32 >
ffff8e2301f33740 2329754852 S Bo:2:011:2 -115 32 = 302b302b ef1aef1a f022f022 cf12f012 f01af022 f01aef12 101b1023 ef22ad2a
ffff8e2301f32240 2329757594 C Bo:2:011:2 0 32 >
ffff8e2301f32240 2329757599 S Bo:2:011:2 -115 32 = 8819895a 6ecc6cdc e9cbe8c3 c8c3a9cb c9d3a9cb 67bb88c3 09d44aec 29ece9eb
ffff8e2301f33740 2329760350 C Bo:2:011:2 0 32 >
ffff8e2301f33740 2329760355 S Bo:2:011:2 -115 32 = e9e3e8db 4ae4cabb c87a2a83 13cdd5e5 f1cc2dbc 299b247a 047aa692 28b32bdc
ffff8e2301f32240 2329763090 C Bo:2:011:2 0 32 >
ffff8e2301f32240 2329763094 S Bo:2:011:2 -115 8 = 8cf44aec 8aec0a2b
ffff8e2301f33740 2329765858 C Bo:2:011:2 0 32 >
ffff8e2301f32240 2329768648 C Bo:2:011:2 0 8 >
ffff8e2301f326c0 2329782836 C Bi:2:011:2 0 9 = a557003f 000159b8 3f
ffff8e2301f326c0 2329782842 S Bi:2:011:2 -115 32 <
ffff8e2301f32240 2329783992 S Bo:2:011:2 -115 32 = a5570040 04008bec 6cf48bb3 e7412b22 ef2a1023 0f230f23 302b1023 10231123
ffff8e2301f33740 2329783996 S Bo:2:011:2 -115 32 = f022f122 f122f122 122b3333 333bb32a 198d9cce 934ab43a 343b3433 1323531b
ffff8e2301f32240 2329784064 C Bo:2:011:2 0 32 >
ffff8e2301f32240 2329784068 S Bo:2:011:2 -115 32 = 9323511b 0e23ed22 47012b32 7cbeffff 3ee7ffff ffffffff ffffffff ffffffff
ffff8e2301f33740 2329784106 C Bo:2:011:2 0 32 >
ffff8e2301f33740 2329784108 S Bo:2:011:2 -115 32 = bfffffff ffffffff ffff9ff7 7ff7ffff ffffffff ffffbff7 ffffffff ffff9ff7
ffff8e2301f32240 2329786915 C Bo:2:011:2 0 32 >
ffff8e2301f32240 2329786918 S Bo:2:011:2 -115 32 = bfffffff ffff1ab5 505a119c b7fed7f6 75eeb2dd 93cd6e7b 8a21d36b ffffffff
ffff8e2301f33740 2329789668 C Bo:2:011:2 0 32 >
ffff8e2301f33740 2329789672 S Bo:2:011:2 -115 32 = ffffa310 a310a310 00000000 00000000 00000000 00000000 00000000 00000000
ffff8e2301f32240 2329792443 C Bo:2:011:2 0 32 >
ffff8e2301f32240 2329792448 S Bo:2:011:2 -115 32 = 00000000 00000000 00000000 00000000 00000000 00000000 00000000 00000000
ffff8e2301f33740 2329795209 C Bo:2:011:2 0 32 >
ffff8e2301f33740 2329795214 S Bo:2:011:2 -115 32 = 00000000 00000000 00000000 00000000 00000000 00000000 00000000 00000000
ffff8e2301f32240 2329797989 C Bo:2:011:2 0 32 >
ffff8e2301f32240 2329797993 S Bo:2:011:2 -115 32 = 00000000 00000000 00000000 00000000 00000000 00000000 00000000 00000000
ffff8e2301f33740 2329800846 C Bo:2:011:2 0 32 >
ffff8e2301f33740 2329800850 S Bo:2:011:2 -115 32 = 00000000 00000000 00000000 00000000 00000000 00000000 00000000 a310ffff
ffff8e2301f32240 2329803555 C Bo:2:011:2 0 32 >
ffff8e2301f32240 2329803561 S Bo:2:011:2 -115 32 = ffffffff ffffffff ffffffff 9fef5fe7 ffff7ecf f78deb2a c701af2b 565d766d
ffff8e2301f33740 2329806289 C Bo:2:011:2 0 32 >
ffff8e2301f33740 2329806294 S Bo:2:011:2 -115 32 = b34c1134 8c120701 4801ea09 8c1a0e1b 6f1b2f1b 4f23902b 3023ce12 ef1a3123
ffff8e2301f32240 2329809041 C Bo:2:011:2 0 32 >
ffff8e2301f32240 2329809045 S Bo:2:011:2 -115 32 = 1123cf1a f01a1123 f122f12a d122f122 f022f022 f022af12 ef1aef22 2c122b2a
ffff8e2301f33740 2329811858 C Bo:2:011:2 0 32 >
ffff8e2301f33740 2329811863 S Bo:2:011:2 -115 32 = 4a42c96a 6a9b28a3 a692648a 848ac692 e7a2869a 658a69b3 6cdc2adc e8d3e8db
ffff8e2301f32240 2329814664 C Bo:2:011:2 0 32 >
ffff8e2301f32240 2329814668 S Bo:2:011:2 -115 32 = e9e3e8e3 29dc47a3 666a4b8b d5e5f9fe f5ed73dd 90c46b9b e98a2a93 299b69b3
ffff8e2301f33740 2329817350 C Bo:2:011:2 0 32 >
ffff8e2301f33740 2329817354 S Bo:2:011:2 -115 32 = 69bba9c3 6bdcccec cdf40dbc 08428911 8f22d022 f0220f23 0f1b0f1b f01ad01a
ffff8e2301f32240 2329820132 C Bo:2:011:2 0 32 >
ffff8e2301f32240 2329820136 S Bo:2:011:2 -115 32 = af1aaf1a 11231223 f2225333 f3323664 bdce765b 9332d332 3333532b 12135213
ffff8e2301f33740 2329822920 C Bo:2:011:2 0 32 >
ffff8e2301f33740 2329822924 S Bo:2:011:2 -115 32 = 921b701b 4e23cd1a 64008921 9dc6ffff 5ee7ffff ffffffff ffffffff ffffdfff
ffff8e2301f32240 2329825694 C Bo:2:011:2 0 32 >
ffff8e2301f32240 2329825699 S Bo:2:011:2 -115 32 = ffffffff ffffffff ffffffff ffffffff ffffffff ffffffff dfffffff ffffffff
ffff8e2301f33740 2329828489 C Bo:2:011:2 0 32 >
ffff8e2301f33740 2329828494 S Bo:2:011:2 -115 32 = ffffffff ffffffff 70524b5a d8eef8fe b8f697e6 b4d5ce8b 27215584 ffffffff
ffff8e2301f32240 2329831212 C Bo:2:011:2 0 32 >
ffff8e2301f32240 2329831216 S Bo:2:011:2 -115 32 = ffffa310 ffffffff a310a310 a3100000 00000000 00000000 00000000 00000000
ffff8e2301f33740 2329833996 C Bo:2:011:2 0 32 >
ffff8e2301f33740 2329834001 S Bo:2:011:2 -115 32 = 00000000 00000000 00000000 00000000 00000000 00000000 00000000 00000000
ffff8e2301f32240 2329836847 C Bo:2:011:2 0 32 >
ffff8e2301f32240 2329836852 S Bo:2:011:2 -115 32 = 00000000 00000000 00000000 00000000 00000000 00000000 00000000 00000000
ffff8e2301f33740 2329839544 C Bo:2:011:2 0 32 >
ffff8e2301f33740 2329839550 S Bo:2:011:2 -115 32 = 00000000 00000000 00000000 00000000 00000000 00000000 00000000 00000000
ffff8e2301f32240 2329842314 C Bo:2:011:2 0 32 >
ffff8e2301f32240 2329842318 S Bo:2:011:2 -115 32 = 00000000 00000000 00000000 00000000 00000000 00000000 00000000 a310ffff
ffff8e2301f33740 2329845058 C Bo:2:011:2 0 32 >
ffff8e2301f33740 2329845061 S Bo:2:011:2 -115 32 = ffffffff ffffbff7 ffffffff 7fe77fdf ffff778d 42006609 f0333565 3665113c
ffff8e2301f32240 2329847858 C Bo:2:011:2 0 32 >
ffff8e2301f32240 2329847863 S Bo:2:011:2 -115 32 = 6b120a0a 2b0a0b12 4c1aee22 702b701b 6f134f13 0f1bef1a ef1acf22 f022322b
ffff8e2301f33740 2329850656 C Bo:2:011:2 0 32 >
ffff8e2301f33740 2329850661 S Bo:2:011:2 -115 32 = f1229012 f122112b d022d02a 1233f12a cf1acf1a 5123ef22 0b0a8909 47090a3a
ffff8e2301f32240 2329853419 C Bo:2:011:2 0 32 >
ffff8e2301f32240 2329853423 S Bo:2:011:2 -115 32 = 49524762 a77ae88a 09932a9b 8ba3edb3 2dbcabab e88aa88a 28a388c3 09d429dc
ffff8e2301f33740 2329856198 C Bo:2:011:2 0 32 >
ffff8e2301f33740 2329856201 S Bo:2:011:2 -115 32 = 09e408e4 2ae4c792 0562ad9b d5e557f6 35ee56f6 97feb8fe 77f674d5 2fb4a882
ffff8e2301f32240 2329858919 C Bo:2:011:2 0 32 >
ffff8e2301f32240 2329858923 S Bo:2:011:2 -115 32 = c4692572 69a34cc4 8ddcedab e839ca11 d022b01a d01af01a ef1af012 f012d01a
ffff8e2301f33740 2329861742 C Bo:2:011:2 0 32 >
ffff8e2301f33740 2329861747 S Bo:2:011:2 -115 32 = f022f022 11231223 122bf222 d5539dc6 9663d43a 132bd222 33235323 32135213
ffff8e2301f32240 2329864487 C Bo:2:011:2 0 32 >
ffff8e2301f32240 2329864492 S Bo:2:011:2 -115 8 = b10bd013 0d132cdc
ffff8e2301f33740 2329867297 C Bo:2:011:2 0 32 >
ffff8e2301f32240 2329870027 C Bo:2:011:2 0 8 >
ffff8e2301f32e40 2329883704 C Bi:2:011:2 0 9 = a5570040 0001592e a4
ffff8e2301f32e40 2329883712 S Bi:2:011:2 -115 32 <
ffff8e2301f32240 2329885254 S Bo:2:011:2 -115 32 = a5570041 04000a0a 8c2ab57c 1ed7ffff 7fefffff ffffffff ffffffff 9ef7ffff
ffff8e2301f33740 2329885260 S Bo:2:011:2 -115 32 = ffffffff ffffffff ffffffff ffffffff 7ef7ffff ffffffff ffffffff ffffffff
ffff8e2301f32240 2329885325 C Bo:2:011:2 0 32 >
ffff8e2301f32240 2329885328 S Bo:2:011:2 -115 32 = ffffffff ffff5dd6 904ace5a ffff19f7 d8eeffff 17d6309c c939b36b ffffffff
ffff8e2301f33740 2329885369 C Bo:2:011:2 0 32 >
ffff8e2301f33740 2329885371 S Bo:2:011:2 -115 32 = ffffffff ffffffff ffffffff ffffa310 a310a310 00000000 00000000 00000000
ffff8e2301f32240 2329888137 C Bo:2:011:2 0 32 >
ffff8e2301f32240 2329888146 S Bo:2:011:2 -115 32 = 00000000 00000000 00000000 00000000 00000000 00000000 00000000 00000000
ffff8e2301f33740 2329890946 C Bo:2:011:2 0 32 >
ffff8e2301f33740 2329890955 S Bo:2:011:2 -115 32 = 00000000 00000000 00000000 00000000 00000000 00000000 00000000 00000000
ffff8e2301f32240 2329893737 C Bo:2:011:2 0 32 >
ffff8e2301f32240 2329893749 S Bo:2:011:2 -115 32 = 00000000 00000000 00000000 00000000 00000000 00000000 00000000 00000000
ffff8e2301f33740 2329896501 C Bo:2:011:2 0 32 >
ffff8e2301f33740 2329896512 S Bo:2:011:2 -115 32 = 00000000 00000000 00000000 00000000 00000000 00000000 0000a310 ffffffff
ffff8e2301f32240 2329899284 C Bo:2:011:2 0 32 >
ffff8e2301f32240 2329899295 S Bo:2:011:2 -115 32 = ffffdfff 9ff7ffff ffffbff7 ffff5ed7 7aae4e43 05090d33 924ccf33 0e236b12
ffff8e2301f33740 2329901992 C Bo:2:011:2 0 32 >
ffff8e2301f33740 2329902002 S Bo:2:011:2 -115 32 = 8901ca09 cd222f2b 2f2b912b 912b2f13 0f13501b 10238f12 cf1a312b f022d01a
ffff8e2301f32240 2329904906 C Bo:2:011:2 0 32 >
ffff8e2301f32240 2329904923 S Bo:2:011:2 -115 32 = f01af122 f122d022 f022f022 d022d022 112bae1a 6c122a1a 292ac829 46212952
ffff8e2301f33740 2329907567 C Bo:2:011:2 0 32 >
ffff8e2301f33740 2329907581 S Bo:2:011:2 -115 32 = 696aea82 4fb433d5 53dd94e5 d5edd4ed d4edd4e5 b0c46872 0141c592 cce46be4
ffff8e2301f32240 2329910373 C Bo:2:011:2 0 32 >
ffff8e2301f32240 2329910384 S Bo:2:011:2 -115 32 = 09dc2ae4 4ce4667a a451b0bc 57fe36f6 36f656f6 56f697f6 98fe57f6 d5dd32cd
ffff8e2301f33740 2329913159 C Bo:2:011:2 0 32 >
ffff8e2301f33740 2329913170 S Bo:2:011:2 -115 32 = 6fb48c9b 2a93088b a782e551 66212b1a cf1ab012 f11a3123 3123111b f11ad01a
ffff8e2301f32240 2329915871 C Bo:2:011:2 0 32 >
ffff8e2301f32240 2329915882 S Bo:2:011:2 -115 32 = 112b1123 f01a3223 332b1333 fda51874 b22a122b 33237423 331b531b 931b931b
ffff8e2301f33740 2329918666 C Bo:2:011:2 0 32 >
ffff8e2301f33740 2329918679 S Bo:2:011:2 -115 32 = b113d01b ea09a500 5885ffff 7fe75fe7 ffffffff ffffa310 ffffffff ffffffff
ffff8e2301f32240 2329921404 C Bo:2:011:2 0 32 >
ffff8e2301f32240 2329921416 S Bo:2:011:2 -115 32 = ffffffff ffffffff ffffffff ffffffff 7ef7ffff ffffffff ffffffff ffffffff
ffff8e2301f33740 2329924200 C Bo:2:011:2 0 32 >
ffff8e2301f33740 2329924209 S Bo:2:011:2 -115 32 = ffffffff ffff9ed6 f1528a29 59d6f8f6 97eeb9ee d4ddd7d5 8d52305b ffffffff
ffff8e2301f32240 2329926997 C Bo:2:011:2 0 32 >
ffff8e2301f32240 2329927012 S Bo:2:011:2 -115 32 = ffffffff ffffffff ffffffff ffffffff ffffffff a310a310 00000000 00000000
ffff8e2301f33740 2329929721 C Bo:2:011:2 0 32 >
ffff8e2301f33740 2329929730 S Bo:2:011:2 -115 32 = 00000000 00000000 00000000 00000000 00000000 00000000 00000000 00000000
ffff8e2302151980 2329930078 S Bo:2:002:2 -115 31 = 55534243 d30d0000 00000000 00000600 00000000 00000000 00000000 000000
ffff8e2302151980 2329930099 C Bo:2:002:2 0 31 >
ffff8e2302151980 2329930107 S Bi:2:002:1 -115 13 <
ffff8e2302151980 2329930158 C Bi:2:002:1 0 13 = 55534253 d30d0000 00000000 00
ffff8e2301f32240 2329932492 C Bo:2:011:2 0 32 >
ffff8e2301f32240 2329932501 S Bo:2:011:2 -115 32 = 00000000 00000000 00000000 00000000 00000000 00000000 00000000 00000000
ffff8e2301f33740 2329935280 C Bo:2:011:2 0 32 >
ffff8e2301f33740 2329935288 S Bo:2:011:2 -115 32 = 00000000 00000000 00000000 00000000 00000000 00000000 00000000 00000000
ffff8e2301f32240 2329938090 C Bo:2:011:2 0 32 >
ffff8e2301f32240 2329938103 S Bo:2:011:2 -115 32 = 00000000 00000000 00000000 00000000 00000000 00000000 0000a310 a310ffff
ffff8e2301f33740 2329940858 C Bo:2:011:2 0 32 >
ffff8e2301f33740 2329940865 S Bo:2:011:2 -115 32 = ffffffff ffffffff ffffffff ffffffff 0a2ae500 cc22af33 8e2b0902 6801ea01
ffff8e2301f32240 2329943634 C Bo:2:011:2 0 32 >
ffff8e2301f32240 2329943645 S Bo:2:011:2 -115 32 = 8d1a0f2b 4f2b0e23 0f1b501b 301b0f1b 101b1123 f1228f12 d01a522b 1023cf12
ffff8e2301f33740 2329946377 C Bo:2:011:2 0 32 >
ffff8e2301f33740 2329946387 S Bo:2:011:2 -115 32 = f01a112b f022f022 5123301b cf12cf1a f022ad22 a611c529 6b6b6c73 c641ca72
ffff8e2301f32240 2329949169 C Bo:2:011:2 0 32 >
ffff8e2301f32240 2329949179 S Bo:2:011:2 -115 32 = 70b433d5 36f6b8fe 78fe57fe 36fe35f6 55fe97fe f5e56fac 8772a572 c9b32adc
ffff8e2301f33740 2329951926 C Bo:2:011:2 0 32 >
ffff8e2301f33740 2329951935 S Bo:2:011:2 -115 32 = 0ae4c9d3 8abb256a 4662b3dd 97fef4f5 36f636f6 15eef5ed 56f698fe d8fef9fe
ffff8e2301f32240 2329954669 C Bo:2:011:2 0 32 >
ffff8e2301f32240 2329954678 S Bo:2:011:2 -115 32 = f9fe57ee 2ea44662 045a2652 a6298711 6d1a112b f122f11a 111b1123 f122d11a
ffff8e2301f33740 2329957482 C Bo:2:011:2 0 32 >
ffff8e2301f33740 2329957493 S Bo:2:011:2 -115 32 = 1223f11a d1123223 33339974 b663b332 132bd11a 5323b52b 32133213 d41bb31b
ffff8e2301f32240 2329960212 C Bo:2:011:2 0 32 >
ffff8e2301f32240 2329960221 S Bo:2:011:2 -115 32 = 70136f1b 6809c708 9574ffff 3fe73fe7 ffffffff ffffa310 ffffffff ffffffff
ffff8e2301f33740 2329962993 C Bo:2:011:2 0 32 >
ffff8e2301f33740 2329963004 S Bo:2:011:2 -115 32 = ffffffff ffffffff ffffffff ffffffff ffffffff ffffffff ffffffff ffffffff
ffff8e2301f32240 2329965850 C Bo:2:011:2 0 32 >
ffff8e2301f32240 2329965862 S Bo:2:011:2 -115 8 = ffffffff ffff7f39
ffff8e2301f33740 2329968574 C Bo:2:011:2 0 32 >
ffff8e2301f32240 2329971313 C Bo:2:011:2 0 8 >
ffff8e2301f326c0 2329984704 C Bi:2:011:2 0 9 = a5570041 00015958 10
ffff8e2301f326c0 2329984716 S Bi:2:011:2 -115 32 <
ffff8e2301f32240 2329986025 S Bo:2:011:2 -115 32 = a5570042 0400ffff 726be818 f3acd7ee d7fed7fe f4e5d7d5 ee62305b ffffffff
ffff8e2301f33740 2329986029 S Bo:2:011:2 -115 32 = ffffffff 7dc69dce ffffffff ffffffff ffffffff ffffffff a3100000 00000000
ffff8e2301f32240 2329986094 C Bo:2:011:2 0 32 >
ffff8e2301f32240 2329986097 S Bo:2:011:2 -115 32 = 00000000 00000000 00000000 00000000 00000000 00000000 00000000 00000000
ffff8e2301f33740 2329986139 C Bo:2:011:2 0 32 >
ffff8e2301f33740 2329986141 S Bo:2:011:2 -115 32 = 00000000 00000000 00000000 00000000 00000000 00000000 00000000 00000000
ffff8e2301f32240 2329988917 C Bo:2:011:2 0 32 >
ffff8e2301f32240 2329988927 S Bo:2:011:2 -115 32 = 00000000 00000000 00000000 00000000 00000000 00000000 00000000 00000000
ffff8e2301f33740 2329991703 C Bo:2:011:2 0 32 >
ffff8e2301f33740 2329991714 S Bo:2:011:2 -115 32 = 00000000 00000000 00000000 00000000 00000000 00000000 a310ffff ffffffff
ffff8e2301f32240 2329994513 C Bo:2:011:2 0 32 >
ffff8e2301f32240 2329994524 S Bo:2:011:2 -115 32 = ffffffff ffffffff ffffffff 5ed7536c 44006711 ed22090a 090a4b12 6d1aae22
ffff8e2301f33740 2329997241 C Bo:2:011:2 0 32 >
ffff8e2301f33740 2329997250 S Bo:2:011:2 -115 32 = 0f2b0f2b 2f232f1b 2f1b301b ef1a1023 f12aaf1a af1af122 1123f01a f01a0f1b
ffff8e2301f32240 2329999995 C Bo:2:011:2 0 32 >
ffff8e2301f32240 2330000006 S Bo:2:011:2 -115 32 = 301b1023 f0221023 31233113 5223af1a 6701c621 2863ca8b ec936b8b 886aeea3
ffff8e2301f33740 2330002859 C Bo:2:011:2 0 32 >
ffff8e2301f33740 2330002868 S Bo:2:011:2 -115 32 = 58f698fe 36fe14f6 15fef5fd f5f515f6 35f655fe 55f656f6 d4dda772 604988ab
ffff8e2301f32240 2330005573 C Bo:2:011:2 0 32 >
ffff8e2301f32240 2330005588 S Bo:2:011:2 -115 32 = cdec68bb c3618772 8fb436ee 35fed4fd f5fd35f6 15f615f6 36f677f6 77f636f6
ffff8e2301f33740 2330008361 C Bo:2:011:2 0 32 >
ffff8e2301f33740 2330008372 S Bo:2:011:2 -115 32 = 57fed9fe 33c5c872 29830e9c a95a4511 ea19cf2a d022d012 f012f11a d122d122
ffff8e2301f32240 2330011134 C Bo:2:011:2 0 32 >
ffff8e2301f32240 2330011144 S Bo:2:011:2 -115 32 = 121b121b 121b1223 585cf653 b01a522b 32233113 731b9323 521b5313 b4137213
ffff8e2301f33740 2330013847 C Bo:2:011:2 0 32 >
ffff8e2301f33740 2330013859 S Bo:2:011:2 -115 32 = 2f13ed1a a909cb21 5cb6ffff 3fe7ffff ffffffff a310a310 a310ffff ffffffff
ffff8e2301f32240 2330016638 C Bo:2:011:2 0 32 >
ffff8e2301f32240 2330016650 S Bo:2:011:2 -115 32 = ffffffff ffffffff ffffffff ffffffff ffffffff ffffffff ffffffff ffff3fef
ffff8e2301f33740 2330019419 C Bo:2:011:2 0 32 >
ffff8e2301f33740 2330019429 S Bo:2:011:2 -115 32 = ffffffff ffffffff 968c0921 b29cb7ee 96ee96ee 16e6dbf6 949c0b3a 105b916b
ffff8e2301f32240 2330022202 C Bo:2:011:2 0 32 >
ffff8e2301f32240 2330022211 S Bo:2:011:2 -115 32 = 4d42399d 515b4d3a f8945aa5 5badffff ffffffff ffffffff a3100000 00000000
ffff8e2301f33740 2330024990 C Bo:2:011:2 0 32 >
ffff8e2301f33740 2330024999 S Bo:2:011:2 -115 32 = 00000000 00000000 00000000 00000000 00000000 00000000 00000000 00000000
ffff8e2301f32240 2330027735 C Bo:2:011:2 0 32 >
ffff8e2301f32240 2330027749 S Bo:2:011:2 -115 32 = 00000000 00000000 00000000 00000000 00000000 00000000 00000000 00000000
ffff8e2301f33740 2330030501 C Bo:2:011:2 0 32 >
ffff8e2301f33740 2330030512 S Bo:2:011:2 -115 32 = 00000000 00000000 00000000 00000000 00000000 00000000 00000000 00000000
ffff8e2301f32240 2330033260 C Bo:2:011:2 0 32 >
ffff8e2301f32240 2330033269 S Bo:2:011:2 -115 32 = 00000000 00000000 00000000 00000000 00000000 00000000 a310ffff ffffffff
ffff8e2301f33740 2330036064 C Bo:2:011:2 0 32 >
ffff8e2301f33740 2330036075 S Bo:2:011:2 -115 32 = ffffffff ffffdfff ffff1ed7 336c8500 68090a12 8c1a4a12 2b12ee22 5033302b
ffff8e2301f32240 2330038875 C Bo:2:011:2 0 32 >
ffff8e2301f32240 2330038888 S Bo:2:011:2 -115 32 = cf22ef22 1023101b 2f1b2f23 10231123 112baf1a af1a7233 522bcf12 101b501b
ffff8e2301f33740 2330041577 C Bo:2:011:2 0 32 >
ffff8e2301f33740 2330041584 S Bo:2:011:2 -115 32 = 0f13301b 1023f01a 111b3223 af1a0c1a a7218752 adbcedcc 06838772 cd9b53dd
ffff8e2301f32240 2330044352 C Bo:2:011:2 0 32 >
ffff8e2301f32240 2330044361 S Bo:2:011:2 -115 32 = 57fe36f6 15fe35fe 15fef5f5 f5fdf5f5 b3edf3f5 35f656f6 37f6ac93 a451478b
ffff8e2301f33740 2330047164 C Bo:2:011:2 0 32 >
ffff8e2301f33740 2330047173 S Bo:2:011:2 -115 32 = 6bc40793 8259ab9b 15ee36fe d5f5d5fd f5f515f6 14eef4ed f5f516f6 16f636f6
ffff8e2301f32240 2330049970 C Bo:2:011:2 0 32 >
ffff8e2301f32240 2330049983 S Bo:2:011:2 -115 32 = 57f677fe 57f6d1bc 0a830983 ac93ea6a 6619ca11 102b1123 f012f11a f122f122
ffff8e2301f33740 2330052701 C Bo:2:011:2 0 32 >
ffff8e2301f33740 2330052711 S Bo:2:011:2 -115 32 = f11a3223 32233233 f6535223 72135113 9213b213 7213721b 731b7313 73135213
ffff8e2301f32240 2330055420 C Bo:2:011:2 0 32 >
ffff8e2301f32240 2330055429 S Bo:2:011:2 -115 32 = 50236b1a a400cf4a 9dceffff 3fe79ff7 ffffffff ffffffff a310ffff ffffffff
ffff8e2301f33740 2330058200 C Bo:2:011:2 0 32 >
ffff8e2301f33740 2330058208 S Bo:2:011:2 -115 32 = ffffffff a310a310 ffffa310 a310ffff ffffffff ffffffff ffffffff ffffffff
ffff8e2301f32240 2330060990 C Bo:2:011:2 0 32 >
ffff8e2301f32240 2330060999 S Bo:2:011:2 -115 32 = ffffffff ffffffff 59a5e918 308cf8f6 55ded3cd f2ac529c ed626829 28216d52
ffff8e2301f33740 2330063737 C Bo:2:011:2 0 32 >
ffff8e2301f33740 2330063745 S Bo:2:011:2 -115 32 = 106b959c 8d528d52 58ad5373 b039b77b 5dce7ed6 ffffffff ffffa310 a3100000
ffff8e2301f32240 2330066563 C Bo:2:011:2 0 32 >
ffff8e2301f32240 2330066572 S Bo:2:011:2 -115 8 = 00000000 00004728
ffff8e2301f33740 2330069289 C Bo:2:011:2 0 32 >
ffff8e2301f32240 2330072041 C Bo:2:011:2 0 8 >
ffff8e2301f32e40 2330085837 C Bi:2:011:2 0 9 = a5570042 000159c3 cc
ffff8e2301f32e40 2330085850 S Bi:2:011:2 -115 32 <
ffff8e2301f32240 2330086881 S Bo:2:011:2 -115 32 = a5570043 04000000 00000000 00000000 00000000 00000000 00000000 00000000
ffff8e2301f33740 2330086885 S Bo:2:011:2 -115 32 = 00000000 00000000 00000000 00000000 00000000 00000000 00000000 00000000
ffff8e2301f32240 2330086950 C Bo:2:011:2 0 32 >
ffff8e2301f32240 2330086954 S Bo:2:011:2 -115 32 = 00000000 00000000 00000000 00000000 00000000 00000000 00000000 00000000
ffff8e2301f33740 2330087013 C Bo:2:011:2 0 32 >
ffff8e2301f33740 2330087016 S Bo:2:011:2 -115 32 = 00000000 00000000 00000000 00000000 00000000 0000a310 ffffffff ffff7fef
ffff8e2301f32240 2330089856 C Bo:2:011:2 0 32 >
ffff8e2301f32240 2330089865 S Bo:2:011:2 -115 32 = ffffffff ffffffff ffffffff ad420000 c9192a12 4b120e2b 0f2b0f23 0f23ef22
ffff8e2301f33740 2330092571 C Bo:2:011:2 0 32 >
ffff8e2301f33740 2330092582 S Bo:2:011:2 -115 32 = ef1a102b 3133f01a 0f1b4f23 2f1b301b 3023f01a f01a5123 512b3123 7223511b
ffff8e2301f32240 2330095346 C Bo:2:011:2 0 32 >
ffff8e2301f32240 2330095355 S Bo:2:011:2 -115 32 = 0f0b2f13 3023ef22 f12ad12a 89016619 8c838ebc edd40ab4 e259a77a 32d5f6f5
ffff8e2301f33740 2330098093 C Bo:2:011:2 0 32 >
ffff8e2301f33740 2330098105 S Bo:2:011:2 -115 32 = 56fe15f6 f4f514f6 14f615f6 f5fd16fe 35fe34f6 15f6d5f5 f6f5d5ed 6fb4866a
ffff8e2301f32240 2330100846 C Bo:2:011:2 0 32 >
ffff8e2301f32240 2330100855 S Bo:2:011:2 -115 32 = 035aa67a 0cacb3e5 16f6d5f5 d5fdd4f5 d4ed15ee 35f615f6 f5fdf6fd 36f677fe
ffff8e2301f33740 2330103670 C Bo:2:011:2 0 32 >
ffff8e2301f33740 2330103679 S Bo:2:011:2 -115 32 = 57f6f5f5 98fe57ee 6b8b4672 edb32eb4 e749a719 cd221023 f01af122 3223311b
ffff8e2301f32240 2330106428 C Bo:2:011:2 0 32 >
ffff8e2301f32240 2330106436 S Bo:2:011:2 -115 32 = 101b311b 3123b01a f11ab323 5113100b b213d213 7113931b b31b7213 93139223
ffff8e2301f33740 2330109206 C Bo:2:011:2 0 32 >
ffff8e2301f33740 2330109216 S Bo:2:011:2 -115 32 = ee22c911 0709d68c 9fefffff 5fefffff ffffffff ffffffff ffffffff ffff9ff7
ffff8e2301f32240 2330111922 C Bo:2:011:2 0 32 >
ffff8e2301f32240 2330111930 S Bo:2:011:2 -115 32 = ffffffff ffffa310 a310a310 ffffffff ffffffff ffffffff ffff9fff ffffffff
ffff8e2301f33740 2330114725 C Bo:2:011:2 0 32 >
ffff8e2301f33740 2330114736 S Bo:2:011:2 -115 32 = ffffffff ffffffff dbb54a21 ae7b19f7 b4c52c73 c8416831 2b4ad183 56b51ad6
ffff8e2301f32240 2330117499 C Bo:2:011:2 0 32 >
ffff8e2301f32240 2330117512 S Bo:2:011:2 -115 32 = 9be67ae6 fcee7ef7 ffffdfff 717bb16a 3273536b ffffffff ffffffff ffffa310
ffff8e2301f33740 2330120293 C Bo:2:011:2 0 32 >
ffff8e2301f33740 2330120303 S Bo:2:011:2 -115 32 = 00000000 00000000 00000000 00000000 00000000 00000000 00000000 00000000
ffff8e2301f32240 2330123063 C Bo:2:011:2 0 32 >
ffff8e2301f32240 2330123071 S Bo:2:011:2 -115 32 = 00000000 00000000 00000000 00000000 00000000 00000000 00000000 00000000
ffff8e2301f33740 2330125851 C Bo:2:011:2 0 32 >
ffff8e2301f33740 2330125862 S Bo:2:011:2 -115 32 = 00000000 00000000 00000000 00000000 00000000 00000000 00000000 00000000
ffff8e2301f32240 2330128571 C Bo:2:011:2 0 32 >
ffff8e2301f32240 2330128580 S Bo:2:011:2 -115 32 = 00000000 00000000 00000000 00000000 00000000 00000000 a310ffff ffffffff
ffff8e2301f33740 2330131349 C Bo:2:011:2 0 32 >
ffff8e2301f33740 2330131357 S Bo:2:011:2 -115 32 = ffffffff ffffffff ffff7aae 8c2a8300 4b22ad2a 8d1a0f23 502b5023 101b1123
ffff8e2301f32240 2330134131 C Bo:2:011:2 0 32 >
ffff8e2301f32240 2330134140 S Bo:2:011:2 -115 32 = 1223d122 d022112b 1023ef12 ef12301b 101b101b ef1aef12 301b5123 0f133013
ffff8e2301f33740 2330136918 C Bo:2:011:2 0 32 >
ffff8e2301f33740 2330136926 S Bo:2:011:2 -115 32 = 7123501b 0f1b312b 8e1aa909 292a2a6b 4db48cd4 6bcc689b a351cd9b b9fe16f6
ffff8e2301f32240 2330139630 C Bo:2:011:2 0 32 >
ffff8e2301f32240 2330139639 S Bo:2:011:2 -115 32 = f5f515f6 15f614f6 35f656f6 d5f5d5f5 f5f515f6 f5f5f5fd 16fe57fe 53d50983
ffff8e2301f33740 2330142430 C Bo:2:011:2 0 32 >
ffff8e2301f33740 2330142439 S Bo:2:011:2 -115 32 = 4562cba3 15f656fe 15f6f5f5 d4f5d4f5 d4ed15ee 35ee15f6 d5f5d5f5 16f657f6
ffff8e2301f32240 2330145186 C Bo:2:011:2 0 32 >
ffff8e2301f32240 2330145194 S Bo:2:011:2 -115 32 = 36f6f5f5 57fe57f6 f2c40a8b e892ccbb eeb36952 6609ab12 4f23101b 311b501b
ffff8e2301f33740 2330147997 C Bo:2:011:2 0 32 >
ffff8e2301f33740 2330148011 S Bo:2:011:2 -115 32 = 5023301b 301b101b 111b311b 111b311b 91139113 71139213 b3139213 b21b5123
ffff8e2301f32240 2330150845 C Bo:2:011:2 0 32 >
ffff8e2301f32240 2330150853 S Bo:2:011:2 -115 32 = 27098819 168d9dc6 ffffffff ffffffff 7ff79ff7 ffffffff ffffffff ffffffff
ffff8e2301f33740 2330153510 C Bo:2:011:2 0 32 >
ffff8e2301f33740 2330153522 S Bo:2:011:2 -115 32 = ffffffff a3100000 0000a310 ffffffff ffffffff ffffffff ffffffff ffffffff
ffff8e2301f32240 2330156297 C Bo:2:011:2 0 32 >
ffff8e2301f32240 2330156308 S Bo:2:011:2 -115 32 = ffffffff ffffffff ded6926b cc5af2a4 0b6be949 8c5af18b 19d6ffff ffffbfff
ffff8e2301f33740 2330159065 C Bo:2:011:2 0 32 >
ffff8e2301f33740 2330159075 S Bo:2:011:2 -115 32 = dfffffff ffffffff bef7ffff dbeedfff d193ef72 dac5ffff ffffffff ffffa310
ffff8e2301f32240 2330161856 C Bo:2:011:2 0 32 >
ffff8e2301f32240 2330161864 S Bo:2:011:2 -115 32 = 00000000 00000000 00000000 00000000 00000000 00000000 00000000 00000000
ffff8e2301f33740 2330164580 C Bo:2:011:2 0 32 >
ffff8e2301f33740 2330164592 S Bo:2:011:2 -115 32 = 00000000 00000000 00000000 00000000 00000000 00000000 00000000 00000000
ffff8e2301f32240 2330167381 C Bo:2:011:2 0 32 >
ffff8e2301f32240 2330167392 S Bo:2:011:2 -115 8 = 00000000 0000692c
ffff8e2301f33740 2330170139 C Bo:2:011:2 0 32 >
ffff8e2301f32240 2330172881 C Bo:2:011:2 0 8 >
ffff8e2301f326c0 2330186838 C Bi:2:011:2 0 9 = a5570043 000159b5 78
ffff8e2301f326c0 2330186851 S Bi:2:011:2 -115 32 <
ffff8e2301f32240 2330188100 S Bo:2:011:2 -115 32 = a5570044 04000000 00000000 00000000 00000000 00000000 00000000 00000000
ffff8e2301f33740 2330188105 S Bo:2:011:2 -115 32 = 00000000 00000000 00000000 00000000 00000000 00000000 a310ffff ffffffff
ffff8e2301f32240 2330188170 C Bo:2:011:2 0 32 >
ffff8e2301f32240 2330188174 S Bo:2:011:2 -115 32 = ffff1ee7 ffffffff 77957043 09126a12 0d2b4f33 0f230f1b 2f1b0f13 1013321b
ffff8e2301f33740 2330188222 C Bo:2:011:2 0 32 >
ffff8e2301f33740 2330188224 S Bo:2:011:2 -115 32 = 3323f11a d01a322b 112bcf1a f01a5123 101bcf1a 101b101b 0f133013 5013511b
ffff8e2301f32240 2330190994 C Bo:2:011:2 0 32 >
ffff8e2301f32240 2330191010 S Bo:2:011:2 -115 32 = 51235023 301bf022 ca096511 ab7bced4 6bd429cc a9b30893 a97ab1bc b8fe16f6
ffff8e2301f33740 2330193858 C Bo:2:011:2 0 32 >
ffff8e2301f33740 2330193869 S Bo:2:011:2 -115 32 = 16f635f6 f4ed15ee f4e593d5 94dd74dd 73ddf5e5 f5edf5f5 f5f5b4f5 b4ed93dd
ffff8e2301f32240 2330196595 C Bo:2:011:2 0 32 >
ffff8e2301f32240 2330196608 S Bo:2:011:2 -115 32 = 73ddd4ed 16f6f6f5 16f635f6 d4f5f4f5 16f616ee f4e5d4dd d5e5d4dd 93d594d5
ffff8e2301f33740 2330199315 C Bo:2:011:2 0 32 >
ffff8e2301f33740 2330199325 S Bo:2:011:2 -115 32 = f5ed56fe 36fe98fe 37e68c93 4782cbc3 cfec4a93 65212912 ed1a2f1b 3013701b
ffff8e2301f32240 2330202066 C Bo:2:011:2 0 32 >
ffff8e2301f32240 2330202073 S Bo:2:011:2 -115 32 = b1235023 0f137123 5123d01a f022301b 901bb11b 50135013 d21bb11b ee122c12
ffff8e2301f33740 2330204849 C Bo:2:011:2 0 32 >
ffff8e2301f33740 2330204860 S Bo:2:011:2 -115 32 = 65009053 ffe7ffff fff7ffff ffffffff dfff7ef7 ffffffff ffff7ff7 ffffffff
ffff8e2301f32240 2330207624 C Bo:2:011:2 0 32 >
ffff8e2301f32240 2330207637 S Bo:2:011:2 -115 32 = ffffffff a3100000 0000a310 ffffffff ffffffff ffffffff ffffffff 1bbed373
ffff8e2301f33740 2330210432 C Bo:2:011:2 0 32 >
ffff8e2301f33740 2330210441 S Bo:2:011:2 -115 32 = 716b5063 5063fcde ffff758c a8316a5a 6a6272a4 58e65cff beffffff beff5cff
ffff8e2301f32240 2330213205 C Bo:2:011:2 0 32 >
ffff8e2301f32240 2330213214 S Bo:2:011:2 -115 32 = 3bf71bff fafe1aff 1bff9dff deffbdff 1bffdbf6 3be68e62 f7a4ffff ffffffff
ffff8e2301f33740 2330215920 C Bo:2:011:2 0 32 >
ffff8e2301f33740 2330215932 S Bo:2:011:2 -115 32 = a3100000 00000000 00000000 00000000 00000000 00000000 00000000 00000000
ffff8e2301f32240 2330218718 C Bo:2:011:2 0 32 >
ffff8e2301f32240 2330218740 S Bo:2:011:2 -115 32 = 00000000 00000000 00000000 00000000 00000000 00000000 00000000 00000000
ffff8e2301f33740 2330221509 C Bo:2:011:2 0 32 >
ffff8e2301f33740 2330221515 S Bo:2:011:2 -115 32 = 00000000 00000000 00000000 00000000 00000000 00000000 00000000 00000000
ffff8e2301f32240 2330224289 C Bo:2:011:2 0 32 >
ffff8e2301f32240 2330224302 S Bo:2:011:2 -115 32 = 00000000 00000000 00000000 00000000 00000000 00000000 0000a310 ffffffff
ffff8e2301f33740 2330227024 C Bo:2:011:2 0 32 >
ffff8e2301f33740 2330227035 S Bo:2:011:2 -115 32 = ffffdee6 ffffffff 2f530200 e9112d2b 4e2b6f2b 4f234f1b 4f133013 521b531b
ffff8e2301f32240 2330229849 C Bo:2:011:2 0 32 >
ffff8e2301f32240 2330229865 S Bo:2:011:2 -115 32 = f112111b 1123f01a f122322b 11231023 f01af01a 11233123 ef12501b d32b5123
ffff8e2301f33740 2330232578 C Bo:2:011:2 0 32 >
ffff8e2301f33740 2330232585 S Bo:2:011:2 -115 32 = ef12712b 3023a909 c8192a6b 4cbc6be4 8ae409d4 e692e98a eeab33d5 37f6f6f5
ffff8e2301f32240 2330235350 C Bo:2:011:2 0 32 >
ffff8e2301f32240 2330235365 S Bo:2:011:2 -115 32 = 36f636f6 b3ddb3dd d5e5f6dd 57e657ee 57e6d4dd 73ddb4ed b4edb4ed 35fe56fe
ffff8e2301f33740 2330238131 C Bo:2:011:2 0 32 >
ffff8e2301f33740 2330238138 S Bo:2:011:2 -115 32 = 56fe36fe 16f6f6f5 d5f5d5f5 f5f515f6 f5edf5e5 f5dd36e6 97ee97ee 15deb4d5
ffff8e2301f32240 2330240904 C Bo:2:011:2 0 32 >
ffff8e2301f32240 2330240914 S Bo:2:011:2 -115 32 = d4dd15ee f6f578fe 98f68d93 26728bb3 4cdc4bcc 6a8b8521 a7014f23 50230f13
ffff8e2301f33740 2330243633 C Bo:2:011:2 0 32 >
ffff8e2301f33740 2330243643 S Bo:2:011:2 -115 32 = 4f1b5023 5023501b 301bf022 1023301b 5013901b 701b0f1b 701b2f1b 0601a500
ffff8e2301f32240 2330246431 C Bo:2:011:2 0 32 >
ffff8e2301f32240 2330246442 S Bo:2:011:2 -115 32 = f57cbfe7 bfe75fdf ffffbff7 ffffffff ffffffff ffffffff ffffffff ffffffff
ffff8e2301f33740 2330249201 C Bo:2:011:2 0 32 >
ffff8e2301f33740 2330249209 S Bo:2:011:2 -115 32 = a310a310 0000a310 a310ffff ffffffff ffffffff ffffffff 1695f273 ca310619
ffff8e2301f32240 2330251997 C Bo:2:011:2 0 32 >
ffff8e2301f32240 2330252018 S Bo:2:011:2 -115 32 = c5102729 67310e63 b06be929 46218b5a 73b439f6 dafe3cff 9dff7cff fafe1aff
ffff8e2301f33740 2330254713 C Bo:2:011:2 0 32 >
ffff8e2301f33740 2330254722 S Bo:2:011:2 -115 32 = f9feb8fe 97fe1aff d9fef9fe 3aff5aff 5afffeff 7ef74e7b 1384ffff ffffffff
ffff8e2301f32240 2330257476 C Bo:2:011:2 0 32 >
ffff8e2301f32240 2330257485 S Bo:2:011:2 -115 32 = a3100000 00000000 00000000 00000000 00000000 00000000 00000000 00000000
ffff8e2301f33740 2330260322 C Bo:2:011:2 0 32 >
ffff8e2301f33740 2330260333 S Bo:2:011:2 -115 32 = 00000000 00000000 00000000 00000000 00000000 00000000 00000000 00000000
ffff8e2301f32240 2330263065 C Bo:2:011:2 0 32 >
ffff8e2301f32240 2330263075 S Bo:2:011:2 -115 32 = 00000000 00000000 00000000 00000000 00000000 00000000 00000000 00000000
ffff8e2301f33740 2330265837 C Bo:2:011:2 0 32 >
ffff8e2301f33740 2330265847 S Bo:2:011:2 -115 32 = 00000000 00000000 00000000 00000000 00000000 00000000 a310ffff ffffffff
ffff8e2301f32240 2330268569 C Bo:2:011:2 0 32 >
ffff8e2301f32240 2330268580 S Bo:2:011:2 -115 8 = ffffffff 7fefa099
ffff8e2301f33740 2330271378 C Bo:2:011:2 0 32 >
ffff8e2301f32240 2330274075 C Bo:2:011:2 0 8 >
ffff8e2301f32e40 2330287709 C Bi:2:011:2 0 9 = a5570044 000159e4 55
ffff8e2301f32e40 2330287722 S Bi:2:011:2 -115 32 <
ffff8e2301f32240 2330289035 S Bo:2:011:2 -115 32 = a5570045 0400bcbe ee42c500 8c1a2e2b 2e1b4f13 4f1b701b 701b5113 931b531b
ffff8e2301f33740 2330289039 S Bo:2:011:2 -115 32 = f00af012 111bd012 1123512b 1023f01a f022f122 11231123 31233123 301b301b
ffff8e2301f32240 2330289105 C Bo:2:011:2 0 32 >
ffff8e2301f32240 2330289108 S Bo:2:011:2 -115 32 = 501b5123 6c1a2509 88524dbc 4cdc09dc 8ae409cc 257a0a8b f2ccd5e5 37fe16f6
ffff8e2301f33740 2330289149 C Bo:2:011:2 0 32 >
ffff8e2301f33740 2330289151 S Bo:2:011:2 -115 32 = 16f6f5ed b4ddd4dd faf6ffff ffffffff deffd9ee 15de94dd 94e5f5f5 35fef4f5
ffff8e2301f32240 2330291921 C Bo:2:011:2 0 32 >
ffff8e2301f32240 2330291932 S Bo:2:011:2 -115 32 = d4edd4ed 16fe16fe b5fd74f5 f6fd36fe 94ddd5e5 ffffffff ffffffff deff7cff
ffff8e2301f33740 2330294704 C Bo:2:011:2 0 32 >
ffff8e2301f33740 2330294714 S Bo:2:011:2 -115 32 = 15deb4dd d5e557f6 98f60fa4 68722a9b eacbacec 6ccc0652 66196b22 ae22cf1a
ffff8e2301f32240 2330297531 C Bo:2:011:2 0 32 >
ffff8e2301f32240 2330297545 S Bo:2:011:2 -115 32 = ef1a5023 912b101b f01a1023 10235123 2f132f13 912b702b 4c124701 27096f4b
ffff8e2301f33740 2330300284 C Bo:2:011:2 0 32 >
ffff8e2301f33740 2330300294 S Bo:2:011:2 -115 32 = bfdfffff bfe7bfef 7fe7ffff bff7ffff ffffffff 7ef7ffff ffffffff ffffffff
ffff8e2301f32240 2330302990 C Bo:2:011:2 0 32 >
ffff8e2301f32240 2330302998 S Bo:2:011:2 -115 32 = a3100000 a310ffff ffffffff ffffffff bff7ffff ffff5484 c929a831 cb5acb62
ffff8e2301f33740 2330305762 C Bo:2:011:2 0 32 >
ffff8e2301f33740 2330305772 S Bo:2:011:2 -115 32 = d09399e6 b6d5ae9b 095ac418 083a15c5 96e575e5 b5edd5f5 16f6b9fe d9fef9fe
ffff8e2301f32240 2330308574 C Bo:2:011:2 0 32 >
ffff8e2301f32240 2330308587 S Bo:2:011:2 -115 32 = d8fe98fe b8fe3bff 98fe77fe d8fef8fe f8fe7cff fffffcee 5494fbbd ffffffff
ffff8e2301f33740 2330311351 C Bo:2:011:2 0 32 >
ffff8e2301f33740 2330311362 S Bo:2:011:2 -115 32 = ffffa310 00000000 00000000 00000000 00000000 00000000 00000000 00000000
ffff8e2301f32240 2330314132 C Bo:2:011:2 0 32 >
ffff8e2301f32240 2330314141 S Bo:2:011:2 -115 32 = 00000000 00000000 00000000 00000000 00000000 00000000 00000000 00000000
ffff8e2301f33740 2330316877 C Bo:2:011:2 0 32 >
ffff8e2301f33740 2330316890 S Bo:2:011:2 -115 32 = 00000000 00000000 00000000 00000000 00000000 00000000 00000000 00000000
ffff8e2301f32240 2330319667 C Bo:2:011:2 0 32 >
ffff8e2301f32240 2330319674 S Bo:2:011:2 -115 32 = 00000000 00000000 00000000 00000000 00000000 00000000 a310ffff ffffffff
ffff8e2301f33740 2330322431 C Bo:2:011:2 0 32 >
ffff8e2301f33740 2330322439 S Bo:2:011:2 -115 32 = 7eefffff fede756c 6809e911 ed1a0e1b 4f1b501b 301b711b 921b310b 3213721b
ffff8e2301f32240 2330325201 C Bo:2:011:2 0 32 >
ffff8e2301f32240 2330325209 S Bo:2:011:2 -115 32 = 11131013 111b1123 11233023 5123301b f022f022 112b3123 301b301b 101b711b
ffff8e2301f33740 2330328023 C Bo:2:011:2 0 32 >
ffff8e2301f33740 2330328035 S Bo:2:011:2 -115 32 = 501b0b0a 87094742 8a932bd4 0ae408dc 8ae4c8bb c3616b93 f6edf6f5 16fe37fe
ffff8e2301f32240 2330330700 C Bo:2:011:2 0 32 >
ffff8e2301f32240 2330330704 S Bo:2:011:2 -115 32 = d5ed93dd 57eeffff ffffffff ffffffff ffffffff 7cffb4d5 94d536f6 f4f5d3ed
ffff8e2301f33740 2330333511 C Bo:2:011:2 0 32 >
ffff8e2301f33740 2330333516 S Bo:2:011:2 -115 32 = f4f515f6 15f6f5fd d5f5b5f5 f5f5f6ed b5ddffff ffffffff ffffffff ffffffff
ffff8e2301f32240 2330336284 C Bo:2:011:2 0 32 >
ffff8e2301f32240 2330336287 S Bo:2:011:2 -115 32 = 7cf777e6 b4d556ee 98f6d1b4 2b830993 eac38ae4 6be40cc4 886aa300 8709ad22
ffff8e2301f33740 2330339024 C Bo:2:011:2 0 32 >
ffff8e2301f33740 2330339029 S Bo:2:011:2 -115 32 = ee22ef1a 30233123 312b112b 112b1023 50232f23 ed12ad1a 4801c600 578dfff7
ffff8e2301f32240 2330341861 C Bo:2:011:2 0 32 >
ffff8e2301f32240 2330341865 S Bo:2:011:2 -115 32 = 9fdf5fe7 3fe73fe7 bfefffff bfefffff ffffffff ffffffff ffffffff a310a310
ffff8e2301f33740 2330344581 C Bo:2:011:2 0 32 >
ffff8e2301f33740 2330344586 S Bo:2:011:2 -115 32 = 0000a310 a310ffff ffffffff ffff9ff7 ffffffff 5bc6e931 ec6a39de 3cf73bff
ffff8e2301f32240 2330347381 C Bo:2:011:2 0 32 >
ffff8e2301f32240 2330347386 S Bo:2:011:2 -115 32 = beffffff 3bff1bff fbf66d8b 0c7bb6e5 17ee53dd f6ed37f6 74e5d9fe fafeb9fe
ffff8e2301f33740 2330350138 C Bo:2:011:2 0 32 >
ffff8e2301f33740 2330350142 S Bo:2:011:2 -115 32 = 98fe77f6 77feb8fe b8fe97fe b7feb7fe b8fe5cff ffff1cf7 cd7299b5 ffffffff
ffff8e2301f32240 2330352905 C Bo:2:011:2 0 32 >
ffff8e2301f32240 2330352909 S Bo:2:011:2 -115 32 = ffffffff a310a310 00000000 00000000 00000000 00000000 00000000 00000000
ffff8e2301f33740 2330355716 C Bo:2:011:2 0 32 >
ffff8e2301f33740 2330355721 S Bo:2:011:2 -115 32 = 00000000 00000000 00000000 00000000 00000000 00000000 00000000 00000000
ffff8e2301f32240 2330358448 C Bo:2:011:2 0 32 >
ffff8e2301f32240 2330358454 S Bo:2:011:2 -115 32 = 00000000 00000000 00000000 00000000 00000000 00000000 00000000 00000000
ffff8e2301f33740 2330361246 C Bo:2:011:2 0 32 >
ffff8e2301f33740 2330361252 S Bo:2:011:2 -115 32 = 00000000 00000000 00000000 00000000 00000000 0000a310 ffffffff ffffbfef
ffff8e2301f32240 2330364001 C Bo:2:011:2 0 32 >
ffff8e2301f32240 2330364006 S Bo:2:011:2 -115 32 = 5ee7ffff bdd6304b 2601c909 cd1a0f1b 50235123 5123721b 921b3113 110b731b
ffff8e2301f33740 2330366853 C Bo:2:011:2 0 32 >
ffff8e2301f33740 2330366857 S Bo:2:011:2 -115 32 = 73233123 311b522b 112b101b 511b501b 101bd022 10233123 0f135013 9123311b
ffff8e2301f32240 2330369570 C Bo:2:011:2 0 32 >
ffff8e2301f32240 2330369575 S Bo:2:011:2 -115 8 = af122801 8621531e
ffff8e2301f33740 2330372351 C Bo:2:011:2 0 32 >
ffff8e2301f32240 2330375078 C Bo:2:011:2 0 8 >
ffff8e2301f326c0 2330388706 C Bi:2:011:2 0 9 = a5570045 00015992 e1
ffff8e2301f326c0 2330388711 S Bi:2:011:2 -115 32 <
ffff8e2301f32240 2330389704 S Bo:2:011:2 -115 32 = a5570046 0400cb83 2bc40ae4 09ec28e4 8adc87ab 6251ad9b 98fe16fe f6fdf6f5
ffff8e2301f33740 2330389708 S Bo:2:011:2 -115 32 = 94e5b4e5 5bffffff ffffffff ffffffff ffffffff ffff1bef f6ddb4dd d4edf4f5
ffff8e2301f32240 2330389838 C Bo:2:011:2 0 32 >
ffff8e2301f32240 2330389842 S Bo:2:011:2 -115 32 = 15f615f6 f4f5f4f5 f4f515fe f5ed94dd ffffffff ffffffff ffffffff ffffffff
ffff8e2301f33740 2330389883 C Bo:2:011:2 0 32 >
ffff8e2301f33740 2330389887 S Bo:2:011:2 -115 32 = ffff7cf7 d5d556ee 98f673cd 4b83887a cabb6ae4 4ae4cdfc 6aab8441 85298511
ffff8e2301f32240 2330392700 C Bo:2:011:2 0 32 >
ffff8e2301f32240 2330392702 S Bo:2:011:2 -115 32 = c8098c12 ee1a0f23 10233133 313bf032 0f33cd22 090a8801 47095153 7ee7ffff
ffff8e2301f33740 2330395445 C Bo:2:011:2 0 32 >
ffff8e2301f33740 2330395450 S Bo:2:011:2 -115 32 = 1fdf3fe7 9feffff7 9fefffff bfefffff 7ff7ffff ffffffff ffffffff a3100000
ffff8e2301f32240 2330398201 C Bo:2:011:2 0 32 >
ffff8e2301f32240 2330398204 S Bo:2:011:2 -115 32 = a310ffff ffffffff ffffffff dfffffff ffffffff f26b8b52 75cd9cff 9cfffaf6
ffff8e2301f33740 2330400969 C Bo:2:011:2 0 32 >
ffff8e2301f33740 2330400973 S Bo:2:011:2 -115 32 = f9f65bff dafe9dff ffff54d5 8d9b51bc f3cc33dd 5dff79ee 12e578fe fafe1aff
ffff8e2301f32240 2330403881 C Bo:2:011:2 0 32 >
ffff8e2301f32240 2330403886 S Bo:2:011:2 -115 32 = d9fe98fe 97fe98fe d8fef9fe d8feb7fe d8fe7dff ffff5dff 0d7b548c ffffffff
ffff8e2301f33740 2330406566 C Bo:2:011:2 0 32 >
ffff8e2301f33740 2330406571 S Bo:2:011:2 -115 32 = ffffffff ffffffff a3100000 00000000 00000000 00000000 00000000 00000000
ffff8e2301f32240 2330409280 C Bo:2:011:2 0 32 >
ffff8e2301f32240 2330409284 S Bo:2:011:2 -115 32 = 00000000 00000000 00000000 00000000 00000000 00000000 00000000 00000000
ffff8e2301f33740 2330412061 C Bo:2:011:2 0 32 >
ffff8e2301f33740 2330412065 S Bo:2:011:2 -115 32 = 00000000 00000000 00000000 00000000 00000000 00000000 00000000 00000000
ffff8e2301f32240 2330414847 C Bo:2:011:2 0 32 >
ffff8e2301f32240 2330414852 S Bo:2:011:2 -115 32 = 00000000 00000000 00000000 00000000 00000000 00000000 a310ffff ffffffff
ffff8e2301f33740 2330417611 C Bo:2:011:2 0 32 >
ffff8e2301f33740 2330417613 S Bo:2:011:2 -115 32 = 7fefffff 3fdf304b a5004709 0e23702b ce123123 72233113 5213931b 52133113
ffff8e2301f32240 2330420421 C Bo:2:011:2 0 32 >
ffff8e2301f32240 2330420425 S Bo:2:011:2 -115 32 = 521b101b 101b3123 112baf1a af12501b 7123ef1a af12101b 501b4f13 501bf022
ffff8e2301f33740 2330423133 C Bo:2:011:2 0 32 >
ffff8e2301f33740 2330423136 S Bo:2:011:2 -115 32 = ed194719 474a8db4 6bdcc8db 09f449ec 8adc269b 22490eac b9fe16fe f6fd74e5
ffff8e2301f32240 2330425931 C Bo:2:011:2 0 32 >
ffff8e2301f32240 2330425935 S Bo:2:011:2 -115 32 = b5e5b9f6 ffffffff ffffffff ffffffff ffffffff ffffffff b9ee33cd d5ed36fe
ffff8e2301f33740 2330428711 C Bo:2:011:2 0 32 >
ffff8e2301f33740 2330428714 S Bo:2:011:2 -115 32 = 15f615f6 d4f5f4f5 15f615f6 f5edd5dd ffffffff ffffffff ffffffff ffffffff
ffff8e2301f32240 2330431502 C Bo:2:011:2 0 32 >
ffff8e2301f32240 2330431506 S Bo:2:011:2 -115 32 = ffffffff 1bf737e6 37eef5dd 4b8be561 8aab8be4 6aecabf4 6ce42cc4 c7724221
ffff8e2301f33740 2330434289 C Bo:2:011:2 0 32 >
ffff8e2301f33740 2330434293 S Bo:2:011:2 -115 32 = 03096609 c809090a 4b0aae22 ae2a6d22 ea118809 67094709 06093053 7dc6bfef
ffff8e2301f32240 2330436987 C Bo:2:011:2 0 32 >
ffff8e2301f32240 2330436990 S Bo:2:011:2 -115 32 = dfde5fef dff7dfef ffffffff ffffffff 7ff7ffff ffffffff ffffffff ffffa310
ffff8e2301f33740 2330439854 C Bo:2:011:2 0 32 >
ffff8e2301f33740 2330439857 S Bo:2:011:2 -115 32 = a310ffff ffffffff ffffbff7 ffffffff ffff169d 06191094 7bff18ff 55fe55fe
ffff8e2301f32240 2330442571 C Bo:2:011:2 0 32 >
ffff8e2301f32240 2330442575 S Bo:2:011:2 -115 32 = 56f697fe b8fe1aff 3bff95e5 ceab0fb4 d3cc95dd 34d5f3dc 54ed37fe 78ee9dff
ffff8e2301f33740 2330445395 C Bo:2:011:2 0 32 >
ffff8e2301f33740 2330445400 S Bo:2:011:2 -115 32 = fafe98fe 98feb8fe d8fed8fe f9fef9f6 b8fe3bff deff7cff 31a4f383 ffffffff
ffff8e2301f32240 2330448141 C Bo:2:011:2 0 32 >
ffff8e2301f32240 2330448146 S Bo:2:011:2 -115 32 = ffffffff ffffffff a3100000 00000000 00000000 00000000 00000000 00000000
ffff8e2301f33740 2330450861 C Bo:2:011:2 0 32 >
ffff8e2301f33740 2330450866 S Bo:2:011:2 -115 32 = 00000000 00000000 00000000 00000000 00000000 00000000 00000000 00000000
ffff8e2301f32240 2330453671 C Bo:2:011:2 0 32 >
ffff8e2301f32240 2330453675 S Bo:2:011:2 -115 32 = 00000000 00000000 00000000 00000000 00000000 00000000 00000000 00000000
ffff8e2301f33740 2330456458 C Bo:2:011:2 0 32 >
ffff8e2301f33740 2330456463 S Bo:2:011:2 -115 32 = 00000000 00000000 00000000 00000000 00000000 00000000 a310ffff ffffffff
ffff8e2301f32240 2330459206 C Bo:2:011:2 0 32 >
ffff8e2301f32240 2330459211 S Bo:2:011:2 -115 32 = ffffffff 9fef9cc6 4f4b6709 2a0a0e1b 7023711b 31131013 5113b323 721b100b
ffff8e2301f33740 2330461992 C Bo:2:011:2 0 32 >
ffff8e2301f33740 2330461995 S Bo:2:011:2 -115 32 = f00a1013 3013101b f01aaf1a cf1a101b 501b101b d01a101b 511b3013 0f132c12
ffff8e2301f32240 2330464744 C Bo:2:011:2 0 32 >
ffff8e2301f32240 2330464749 S Bo:2:011:2 -115 32 = 4819484a 8a8b6bcc 49e408e4 09ec4aec 8adcc692 435170b4 b8fef6f5 f7fd54e5
ffff8e2301f33740 2330467528 C Bo:2:011:2 0 32 >
ffff8e2301f33740 2330467532 S Bo:2:011:2 -115 32 = 17eebeff ffffffff ffffffff 4611ffff ffffffff ffffffff 3bf7d5dd d5edd5ed
ffff8e2301f32240 2330470284 C Bo:2:011:2 0 32 >
ffff8e2301f32240 2330470289 S Bo:2:011:2 -115 8 = 15ee15f6 d5f56004
ffff8e2301f33740 2330473060 C Bo:2:011:2 0 32 >
ffff8e2301f32240 2330475836 C Bo:2:011:2 0 8 >
ffff8e2301f32e40 2330489660 C Bi:2:011:2 0 9 = a5570046 00015909 3d
ffff8e2301f32e40 2330489666 S Bi:2:011:2 -115 32 <
ffff8e2301f32240 2330490981 S Bo:2:011:2 -115 32 = a5570047 0400f5f5 15fed4ed f5e5ffff ffffffff ffff4611 ffffffff ffffffff
ffff8e2301f33740 2330490986 S Bo:2:011:2 -115 32 = ffffffff dfff36de 16e678ee 4b8b6349 69ab8ce4 49ec49ec 8beccdec 2bbc298b
ffff8e2301f32240 2330491051 C Bo:2:011:2 0 32 >
ffff8e2301f32240 2330491054 S Bo:2:011:2 -115 32 = 88624429 a1002401 87016701 47014601 46094509 45114619 a4000611 f79cffff
ffff8e2301f33740 2330491095 C Bo:2:011:2 0 32 >
ffff8e2301f33740 2330491097 S Bo:2:011:2 -115 32 = 3fe75fef ffff9fe7 ffffffff ffffffff ffffffff dfffbfff ffffffff ffffffff
ffff8e2301f32240 2330493857 C Bo:2:011:2 0 32 >
ffff8e2301f32240 2330493861 S Bo:2:011:2 -115 32 = ffffffff ffffffff 9ff7ffff dfffffff ffff6f63 453974cd 9bff18f7 77fe76fe
ffff8e2301f33740 2330496640 C Bo:2:011:2 0 32 >
ffff8e2301f33740 2330496645 S Bo:2:011:2 -115 32 = 56fe35fe b8fe3aff d9fed8fe 53ddceab 92bcf7dd b2d4f3dc 13e5d6f5 58f67dff
ffff8e2301f32240 2330499446 C Bo:2:011:2 0 32 >
ffff8e2301f32240 2330499452 S Bo:2:011:2 -115 32 = dafe78fe 78fe98fe 98fe97fe 5cff9dff 57fe98fe 3aff97f6 4c8bd27b ffffffff
ffff8e2301f33740 2330502205 C Bo:2:011:2 0 32 >
ffff8e2301f33740 2330502210 S Bo:2:011:2 -115 32 = ffff9eef ffffffff ffffa310 00000000 00000000 00000000 00000000 00000000
ffff8e2301f32240 2330504988 C Bo:2:011:2 0 32 >
ffff8e2301f32240 2330504992 S Bo:2:011:2 -115 32 = 00000000 00000000 00000000 00000000 00000000 00000000 00000000 00000000
ffff8e2301f33740 2330507741 C Bo:2:011:2 0 32 >
ffff8e2301f33740 2330507746 S Bo:2:011:2 -115 32 = 00000000 00000000 00000000 00000000 00000000 00000000 00000000 00000000
ffff8e2301f32240 2330510489 C Bo:2:011:2 0 32 >
ffff8e2301f32240 2330510492 S Bo:2:011:2 -115 32 = 00000000 00000000 00000000 00000000 00000000 00000000 0000a310 ffffffff
ffff8e2301f33740 2330513262 C Bo:2:011:2 0 32 >
ffff8e2301f33740 2330513267 S Bo:2:011:2 -115 32 = ffff3ee7 ffffffff 5bbee919 26018c12 d12b901b 4f0b9113 911b3113 5113721b
ffff8e2301f32240 2330516061 C Bo:2:011:2 0 32 >
ffff8e2301f32240 2330516065 S Bo:2:011:2 -115 32 = 721b711b 501b0f1b f01a312b 312bef1a ef12301b 512b3123 cf123013 301b6809
ffff8e2301f33740 2330518850 C Bo:2:011:2 0 32 >
ffff8e2301f33740 2330518854 S Bo:2:011:2 -115 32 = 45198b83 6dc429dc 07e408ec e8e32ae4 6be4c692 8459b1bc b8fef6fd f7f575e5
ffff8e2301f32240 2330521572 C Bo:2:011:2 0 32 >
ffff8e2301f32240 2330521576 S Bo:2:011:2 -115 32 = 99f6ffff ffffffff ffffffff 46114611 ffffffff ffffffff ffffb9f6 94e5b5ed
ffff8e2301f33740 2330524367 C Bo:2:011:2 0 32 >
ffff8e2301f33740 2330524372 S Bo:2:011:2 -115 32 = 16f615f6 f5f5d5f5 f5f5b4e5 16e6ffff ffffffff ffffffff 4611ffff ffffffff
ffff8e2301f32240 2330527136 C Bo:2:011:2 0 32 >
ffff8e2301f32240 2330527141 S Bo:2:011:2 -115 32 = ffffffff ffff78e6 57e698f6 2b834249 8aab8cec 4ae449e4 89ecaaec ace4addc
ffff8e2301f33740 2330529931 C Bo:2:011:2 0 32 >
ffff8e2301f33740 2330529936 S Bo:2:011:2 -115 32 = 0bbc0783 455a264a e6394521 e3102419 e6312642 895a2c6b 6729a400 f69cffff
ffff8e2301f32240 2330532701 C Bo:2:011:2 0 32 >
ffff8e2301f32240 2330532703 S Bo:2:011:2 -115 32 = 3fe73fef bff7ffff ffffffff ffffffff ffffffff ffffffff ffffffff ffffffff
ffff8e2301f33740 2330535433 C Bo:2:011:2 0 32 >
ffff8e2301f33740 2330535438 S Bo:2:011:2 -115 32 = ffffffff ffffbff7 dfffffff 5eefffff ffff6b4a 8d8bd8fe 18ff75f6 35fe76fe
ffff8e2301f32240 2330538211 C Bo:2:011:2 0 32 >
ffff8e2301f32240 2330538214 S Bo:2:011:2 -115 32 = 56fe35fe 1aff7cff b9f67bff d9feceb3 aa82f0b3 d3dcd3dc b2d413dd d7ed5dff
ffff8e2301f33740 2330540994 C Bo:2:011:2 0 32 >
ffff8e2301f33740 2330541009 S Bo:2:011:2 -115 32 = bafe96f5 34ed34e5 54e554dd 54dd74dd d2dcb5f5 98fe16f6 496aeb41 ffffffff
ffff8e2301f32240 2330543767 C Bo:2:011:2 0 32 >
ffff8e2301f32240 2330543772 S Bo:2:011:2 -115 32 = ffffffff ffffffff a3100000 00000000 00000000 00000000 00000000 00000000
ffff8e2301f33740 2330546559 C Bo:2:011:2 0 32 >
ffff8e2301f33740 2330546564 S Bo:2:011:2 -115 32 = 00000000 00000000 00000000 00000000 00000000 00000000 00000000 00000000
ffff8e2301f32240 2330549325 C Bo:2:011:2 0 32 >
ffff8e2301f32240 2330549330 S Bo:2:011:2 -115 32 = 00000000 00000000 00000000 00000000 00000000 00000000 00000000 00000000
ffff8e2301f33740 2330552069 C Bo:2:011:2 0 32 >
ffff8e2301f33740 2330552074 S Bo:2:011:2 -115 32 = 00000000 00000000 00000000 00000000 00000000 00000000 0000a310 ffffffff
ffff8e2301f32240 2330554877 C Bo:2:011:2 0 32 >
ffff8e2301f32240 2330554882 S Bo:2:011:2 -115 32 = ffff7fef ffffdff7 fdc6535c 2a12a809 ac129023 b01bb013 9113500b 7113921b
ffff8e2301f33740 2330557631 C Bo:2:011:2 0 32 >
ffff8e2301f33740 2330557636 S Bo:2:011:2 -115 32 = 931b711b 301b1013 101b3023 312b1023 ef1a101b 51233023 ef12f01a 6e226719
ffff8e2301f32240 2330560449 C Bo:2:011:2 0 32 >
ffff8e2301f32240 2330560454 S Bo:2:011:2 -115 32 = 074a2cb4 8cec29e4 07e4e7e3 e8e30ae4 4bdc27a3 467ab1c4 57f617fe f7f575dd
ffff8e2301f33740 2330563231 C Bo:2:011:2 0 32 >
ffff8e2301f33740 2330563236 S Bo:2:011:2 -115 32 = baeeffff ffffffff ffffffff ffff4611 4611ffff ffffffff ffff3af7 94ddb4ed
ffff8e2301f32240 2330565950 C Bo:2:011:2 0 32 >
ffff8e2301f32240 2330565954 S Bo:2:011:2 -115 32 = 16f6d5ed d5edd5f5 16f6b4e5 15deffff ffff4611 ffffffff 46114611 ffffffff
ffff8e2301f33740 2330568744 C Bo:2:011:2 0 32 >
ffff8e2301f33740 2330568749 S Bo:2:011:2 -115 32 = ffffffff ffff5cf7 78eed5dd 0b83c459 8ab36ce4 4ae48ae4 caeccae4 abec8bec
ffff8e2301f32240 2330571491 C Bo:2:011:2 0 32 >
ffff8e2301f32240 2330571496 S Bo:2:011:2 -115 8 = 8be4ace4 8cd42258
ffff8e2301f33740 2330574283 C Bo:2:011:2 0 32 >
ffff8e2301f32240 2330577022 C Bo:2:011:2 0 8 >
ffff8e2301f326c0 2330590849 C Bi:2:011:2 0 9 = a5570047 0001597f 89
ffff8e2301f326c0 2330590855 S Bi:2:011:2 -115 32 <
ffff8e2301f32240 2330592102 S Bo:2:011:2 -115 32 = a5570048 04000bbc cbab6a93 4a8b6a8b ca9b0ba4 2dacef9b 6629a400 58a5ffff
ffff8e2301f33740 2330592107 S Bo:2:011:2 -115 32 = 3edfdfde 3fe79fef 7fefffff 7ff7ffff 7effffff ffffffff ffffffff dfffffff
ffff8e2301f32240 2330592174 C Bo:2:011:2 0 32 >
ffff8e2301f32240 2330592177 S Bo:2:011:2 -115 32 = ffffffff dfffbff7 9ff7dfff ffffffff b273c939 f6d5f9fe 55fe34fe 35fe56fe
ffff8e2301f33740 2330592219 C Bo:2:011:2 0 32 >
ffff8e2301f33740 2330592221 S Bo:2:011:2 -115 32 = 56fe77fe 5cff1bff b8fe5bff 5bfff2d4 aa7a8e9b 92d4b3d4 b2ccd3d4 92c411b4
ffff8e2301f32240 2330595025 C Bo:2:011:2 0 32 >
ffff8e2301f32240 2330595030 S Bo:2:011:2 -115 32 = 52bcb4d4 73bcf1a3 4e9b2d93 2c934d9b cfb3f3d4 58fe3cff 51b48841 35adffff
ffff8e2301f33740 2330597860 C Bo:2:011:2 0 32 >
ffff8e2301f33740 2330597864 S Bo:2:011:2 -115 32 = ffffffff ffffffff a3100000 00000000 00000000 00000000 00000000 00000000
ffff8e2301f32240 2330600575 C Bo:2:011:2 0 32 >
ffff8e2301f32240 2330600583 S Bo:2:011:2 -115 32 = 00000000 00000000 00000000 00000000 00000000 00000000 00000000 00000000
ffff8e2301f33740 2330603316 C Bo:2:011:2 0 32 >
ffff8e2301f33740 2330603320 S Bo:2:011:2 -115 32 = 00000000 00000000 00000000 00000000 00000000 00000000 00000000 00000000
ffff8e2301f32240 2330606066 C Bo:2:011:2 0 32 >
ffff8e2301f32240 2330606069 S Bo:2:011:2 -115 32 = 00000000 00000000 00000000 00000000 00000000 00000000 00000000 a310ffff
ffff8e2301f33740 2330608904 C Bo:2:011:2 0 32 >
ffff8e2301f33740 2330608909 S Bo:2:011:2 -115 32 = ffffffff dff77fe7 7ed7bfdf b3646300 88098f23 90234e0b 900bd113 91133013
ffff8e2301f32240 2330611636 C Bo:2:011:2 0 32 >
ffff8e2301f32240 2330611641 S Bo:2:011:2 -115 32 = 100b3013 511b301b 0f130f0b 5123312b f0221023 101b0f1b 31234d1a 27110842
ffff8e2301f33740 2330614434 C Bo:2:011:2 0 32 >
ffff8e2301f33740 2330614438 S Bo:2:011:2 -115 32 = 2a830bcc 4aec28e4 48e469ec e9e3cae3 0adc0ac4 08932a8b 94dd98fe 17eeb5dd
ffff8e2301f32240 2330617201 C Bo:2:011:2 0 32 >
ffff8e2301f32240 2330617204 S Bo:2:011:2 -115 32 = daeeffff ffffffff 4611ffff 46114611 4611ffff ffffffff ffff7cff d5e5b4ed
ffff8e2301f33740 2330619922 C Bo:2:011:2 0 32 >
ffff8e2301f33740 2330619927 S Bo:2:011:2 -115 32 = 93edf1cc 32d5d5f5 36fe93dd f5ddffff ffff4611 ffffffff 46114611 ffffffff
ffff8e2301f32240 2330622711 C Bo:2:011:2 0 32 >
ffff8e2301f32240 2330622717 S Bo:2:011:2 -115 32 = ffffffff ffffffff 79e6b1b4 e97a877a cbbb0bdc 89c306a3 a49208cc cbf48aec
ffff8e2301f33740 2330625488 C Bo:2:011:2 0 32 >
ffff8e2301f33740 2330625493 S Bo:2:011:2 -115 32 = 8bf4abf4 abecabe4 8ce48cdc cde48cd4 ccd44fe5 adc42b83 86290822 3ab6ffff
ffff8e2301f32240 2330628284 C Bo:2:011:2 0 32 >
ffff8e2301f32240 2330628287 S Bo:2:011:2 -115 32 = 5fe73fe7 5fef3fef dfffffff bfffbfff ffffffff 5ef7ffff ffffffff dfffbff7
ffff8e2301f33740 2330631067 C Bo:2:011:2 0 32 >
ffff8e2301f33740 2330631072 S Bo:2:011:2 -115 32 = ffffffff bff7bff7 ffffffff ffffbab5 0c3a094a 98f619ff d4edd4f5 56fe99fe
ffff8e2301f32240 2330633857 C Bo:2:011:2 0 32 >
ffff8e2301f32240 2330633860 S Bo:2:011:2 -115 32 = fafebeff b9f657fe 98febeff deff78f6 2c8bcb7a 72c4d8ed d4cc94bc b5c4ad7a
ffff8e2301f33740 2330636577 C Bo:2:011:2 0 32 >
ffff8e2301f33740 2330636580 S Bo:2:011:2 -115 32 = 2b6af2a3 54acd8cd 56cdd4c4 15cd76dd d7e538ee dbfeffff 7eff38de f3ac4e73
ffff8e2301f32240 2330639383 C Bo:2:011:2 0 32 >
ffff8e2301f32240 2330639388 S Bo:2:011:2 -115 32 = ffffffff ffffffff a3100000 00000000 00000000 00000000 00000000 00000000
ffff8e2301f33740 2330642090 C Bo:2:011:2 0 32 >
ffff8e2301f33740 2330642095 S Bo:2:011:2 -115 32 = 00000000 00000000 00000000 00000000 00000000 00000000 00000000 00000000
ffff8e2301f32240 2330644929 C Bo:2:011:2 0 32 >
ffff8e2301f32240 2330644934 S Bo:2:011:2 -115 32 = 00000000 00000000 00000000 00000000 00000000 00000000 00000000 00000000
ffff8e2301f33740 2330647652 C Bo:2:011:2 0 32 >
ffff8e2301f33740 2330647655 S Bo:2:011:2 -115 32 = 00000000 00000000 00000000 00000000 00000000 00000000 00000000 a310ffff
ffff8e2301f32240 2330650450 C Bo:2:011:2 0 32 >
ffff8e2301f32240 2330650455 S Bo:2:011:2 -115 32 = ffffffff dff79fef dff7ffff fcb64e3b 47098809 ed12b123 b113b013 90134f0b
ffff8e2301f33740 2330653243 C Bo:2:011:2 0 32 >
ffff8e2301f33740 2330653247 S Bo:2:011:2 -115 32 = f00a1113 721b721b 51133013 511b3123 f122112b 1023ce12 ef2aca19 e410e96a
ffff8e2301f32240 2330656002 C Bo:2:011:2 0 32 >
ffff8e2301f32240 2330656008 S Bo:2:011:2 -115 32 = 0bb42adc 29e428d4 69dc69e4 e8e30aec eadbcdec e792c038 90bcfafe f7e5f6dd
ffff8e2301f33740 2330658718 C Bo:2:011:2 0 32 >
ffff8e2301f33740 2330658722 S Bo:2:011:2 -115 32 = 1bf7ffff ffffffff 46114611 46114611 4611ffff ffffffff ffffbdff 35e6b4ed
ffff8e2301f32240 2330661517 C Bo:2:011:2 0 32 >
ffff8e2301f32240 2330661521 S Bo:2:011:2 -115 32 = 93e5d0cc 11d5f5f5 15f652d5 f5ddffff ffff4611 46114611 46114611 ffffffff
ffff8e2301f33740 2330664282 C Bo:2:011:2 0 32 >
ffff8e2301f33740 2330664285 S Bo:2:011:2 -115 32 = ffffffff ffffffff 38dead93 877a0893 cbbbaabb 29a3a782 c361e792 2acc6bec
ffff8e2301f32240 2330667067 C Bo:2:011:2 0 32 >
ffff8e2301f32240 2330667072 S Bo:2:011:2 -115 32 = 8af449ec 49e48aec 8aec6ae4 cbecccec cde44cc4 86724331 ef7379b6 3ed75fdf
ffff8e2301f33740 2330669842 C Bo:2:011:2 0 32 >
ffff8e2301f33740 2330669846 S Bo:2:011:2 -115 32 = 5fe7ffff dfff9ff7 dfffdfff 5ef7bfff ffffffff 7ff7ffff ffffffff ffffffff
ffff8e2301f32240 2330672640 C Bo:2:011:2 0 32 >
ffff8e2301f32240 2330672645 S Bo:2:011:2 -115 8 = ffffffff 7ff71b4c
ffff8e2301f33740 2330675352 C Bo:2:011:2 0 32 >
ffff8e2301f32240 2330678088 C Bo:2:011:2 0 8 >
ffff8e2301f32e40 2330691839 C Bi:2:011:2 0 9 = a5570048 000159ab 67
ffff8e2301f32e40 2330691844 S Bi:2:011:2 -115 32 <
ffff8e2301f32240 2330692773 S Bo:2:011:2 -115 32 = a5570049 04007fef ffff7fef ffffbaad ce4a8b62 98f659ff d4f512e5 36f61bff
ffff8e2301f33740 2330692778 S Bo:2:011:2 -115 32 = bbeedfff 99f6f6fd 37fed9fe fafe3aff 13c58b72 f29bf6c4 b19bb2a3 54bc53b4
ffff8e2301f32240 2330692865 C Bo:2:011:2 0 32 >
ffff8e2301f32240 2330692870 S Bo:2:011:2 -115 32 = b5c416d5 78ddbbf6 bfffffff ffffffff ffffffff dfff9eff ffffffff bae66a5a
ffff8e2301f33740 2330692918 C Bo:2:011:2 0 32 >
ffff8e2301f33740 2330692920 S Bo:2:011:2 -115 32 = f59cffff ffffffff a3100000 00000000 00000000 00000000 00000000 00000000
ffff8e2301f32240 2330695711 C Bo:2:011:2 0 32 >
ffff8e2301f32240 2330695714 S Bo:2:011:2 -115 32 = 00000000 00000000 00000000 00000000 00000000 00000000 00000000 00000000
ffff8e2301f33740 2330698520 C Bo:2:011:2 0 32 >
ffff8e2301f33740 2330698525 S Bo:2:011:2 -115 32 = 00000000 00000000 00000000 00000000 00000000 00000000 00000000 00000000
ffff8e2301f32240 2330701215 C Bo:2:011:2 0 32 >
ffff8e2301f32240 2330701220 S Bo:2:011:2 -115 32 = 00000000 00000000 00000000 00000000 00000000 00000000 00000000 a310ffff
ffff8e2301f33740 2330703995 C Bo:2:011:2 0 32 >
ffff8e2301f33740 2330703998 S Bo:2:011:2 -115 32 = ffffffff 9ff7ffff bff77ee7 dfe7dfef 2d430100 2a12b123 701b7013 b123911b
ffff8e2301f32240 2330706851 C Bo:2:011:2 0 32 >
ffff8e2301f32240 2330706856 S Bo:2:011:2 -115 32 = 711b3113 100b5113 921b7113 1013d012 f01a1123 1023ae22 6d22c819 c631eb9b
ffff8e2301f33740 2330709603 C Bo:2:011:2 0 32 >
ffff8e2301f33740 2330709608 S Bo:2:011:2 -115 32 = ccdc28dc 29dc49dc 29dc08d4 28dc69ec 28dcebec 06a30149 2fb478fe f7edf6e5
ffff8e2301f32240 2330712364 C Bo:2:011:2 0 32 >
ffff8e2301f32240 2330712368 S Bo:2:011:2 -115 32 = 3bf7ffff ffffffff 46114611 46114611 4611ffff ffffffff ffffdeff 36ee94e5
ffff8e2301f33740 2330715070 C Bo:2:011:2 0 32 >
ffff8e2301f33740 2330715074 S Bo:2:011:2 -115 32 = d5f5b4ed b4ed15fe f4f531d5 15deffff ffff4611 46114611 46114611 ffffffff
ffff8e2301f32240 2330717850 C Bo:2:011:2 0 32 >
ffff8e2301f32240 2330717855 S Bo:2:011:2 -115 32 = ffffffff ffffffff f6cdc97a a682cab3 aaab6782 8c9bd5dd 94d5a982 a369cac3
ffff8e2301f33740 2330720632 C Bo:2:011:2 0 32 >
ffff8e2301f33740 2330720635 S Bo:2:011:2 -115 32 = ccfc6aec 8aec6aec 6aec8aec 8aececec 8cd44993 22316100 18b6ffff 9fe7fece
ffff8e2301f32240 2330723421 C Bo:2:011:2 0 32 >
ffff8e2301f32240 2330723425 S Bo:2:011:2 -115 32 = 5fe7ffff dfff7ef7 9effdfff dfff9ff7 bfffffff 9ff7ffff ffff9ff7 ffffffff
ffff8e2301f33740 2330726209 C Bo:2:011:2 0 32 >
ffff8e2301f33740 2330726213 S Bo:2:011:2 -115 32 = ffffffff 7fef9fef 5fefffff ffffffff ef522d73 78f6f8fe 76feb4ed 13dd55d5
ffff8e2301f32240 2330728930 C Bo:2:011:2 0 32 >
ffff8e2301f32240 2330728936 S Bo:2:011:2 -115 32 = 1cefdfff deff98fe 57fe76fe b8fef9fe fafe8f93 07318a41 318b13b4 32bc76dd
ffff8e2301f33740 2330731703 C Bo:2:011:2 0 32 >
ffff8e2301f33740 2330731706 S Bo:2:011:2 -115 32 = 9eff7eff 3dff7eff 9effffff ffffffff ffffffff ffffdfff ffffffff 5cff309c
ffff8e2301f32240 2330734490 C Bo:2:011:2 0 32 >
ffff8e2301f32240 2330734495 S Bo:2:011:2 -115 32 = 6f6b78a5 ffffffff ffffa310 00000000 00000000 00000000 00000000 00000000
ffff8e2301f33740 2330737260 C Bo:2:011:2 0 32 >
ffff8e2301f33740 2330737263 S Bo:2:011:2 -115 32 = 00000000 00000000 00000000 00000000 00000000 00000000 00000000 00000000
ffff8e2301f32240 2330740069 C Bo:2:011:2 0 32 >
ffff8e2301f32240 2330740073 S Bo:2:011:2 -115 32 = 00000000 00000000 00000000 00000000 00000000 00000000 00000000 00000000
ffff8e2301f33740 2330742845 C Bo:2:011:2 0 32 >
ffff8e2301f33740 2330742848 S Bo:2:011:2 -115 32 = 00000000 00000000 00000000 00000000 00000000 00000000 00000000 a310ffff
ffff8e2301f32240 2330745567 C Bo:2:011:2 0 32 >
ffff8e2301f32240 2330745572 S Bo:2:011:2 -115 32 = ffffffff ffffdff7 ffff3edf bff7dfff bbc68f5b e5002601 ee1a9123 3023311b
ffff8e2301f33740 2330748392 C Bo:2:011:2 0 32 >
ffff8e2301f33740 2330748396 S Bo:2:011:2 -115 32 = 711b5113 f00a110b 52137213 31131013 1013f01a cf228e22 c9110832 2a736cbc
ffff8e2301f32240 2330751137 C Bo:2:011:2 0 32 >
ffff8e2301f32240 2330751142 S Bo:2:011:2 -115 32 = ecdc6adc 4adc4be4 2bdc09d4 29dc48e4 48dc89dc e8c3a68a 2a9333d5 58fe37ee
ffff8e2301f33740 2330753854 C Bo:2:011:2 0 32 >
ffff8e2301f33740 2330753859 S Bo:2:011:2 -115 32 = 3bf7ffff ffffffff ffff4611 46114611 ffffffff ffffffff ffffbdff 35e6b4e5
ffff8e2301f32240 2330756637 C Bo:2:011:2 0 32 >
ffff8e2301f32240 2330756642 S Bo:2:011:2 -115 32 = 15f616fe 15f636fe 15ee11c5 b3d5ffff ffffffff 46114611 4611ffff ffffffff
ffff8e2301f33740 2330759450 C Bo:2:011:2 0 32 >
ffff8e2301f33740 2330759454 S Bo:2:011:2 -115 32 = ffffffff ffffffff b5cd887a 858a4bc4 caab0562 cd93f9f6 3bff50b4 266ae89a
ffff8e2301f32240 2330762205 C Bo:2:011:2 0 32 >
ffff8e2301f32240 2330762210 S Bo:2:011:2 -115 32 = 0ad46ae4 4aec2ae4 4ae48bec ccf46cd4 e88a2331 2942948c fdc6bff7 7fe79fe7
ffff8e2301f33740 2330764993 C Bo:2:011:2 0 32 >
ffff8e2301f33740 2330764997 S Bo:2:011:2 -115 32 = 9fef5ee7 3eef5eef 7ef7bfff ffffbfff 3fefffff ffffffff ffff7fef 9fefffff
ffff8e2301f32240 2330767766 C Bo:2:011:2 0 32 >
ffff8e2301f32240 2330767771 S Bo:2:011:2 -115 32 = 9ff79ff7 7fef7fef 5fefbff7 dcd6af4a 2c3a92a4 d9fe56fe 35f6d5e5 d2ccb3bc
ffff8e2301f33740 2330770499 C Bo:2:011:2 0 32 >
ffff8e2301f33740 2330770502 S Bo:2:011:2 -115 32 = dfff9eff d9fe97fe 97fe97fe d8fe5bff 9dff75d5 8839a939 7193d6cc b7ed17f6
ffff8e2301f32240 2330773282 C Bo:2:011:2 0 32 >
ffff8e2301f32240 2330773287 S Bo:2:011:2 -115 8 = b9f61bff 3bff1297
ffff8e2301f33740 2330776062 C Bo:2:011:2 0 32 >
ffff8e2301f32240 2330778868 C Bo:2:011:2 0 8 >
ffff8e2301f326c0 2330792707 C Bi:2:011:2 0 9 = a5570049 000159dd d3
ffff8e2301f326c0 2330792713 S Bi:2:011:2 -115 32 <
ffff8e2301f32240 2330793927 S Bo:2:011:2 -115 32 = a557004a 04001aff fafe7cff beff5df7 dfffffff ffffffff 9dffbeff ffff58e6
ffff8e2301f33740 2330793931 S Bo:2:011:2 -115 32 = 4a4a706b ffffffff ffffa310 00000000 00000000 00000000 00000000 00000000
ffff8e2301f32240 2330793998 C Bo:2:011:2 0 32 >
ffff8e2301f32240 2330794000 S Bo:2:011:2 -115 32 = 00000000 00000000 00000000 00000000 00000000 00000000 00000000 00000000
ffff8e2301f33740 2330794041 C Bo:2:011:2 0 32 >
ffff8e2301f33740 2330794043 S Bo:2:011:2 -115 32 = 00000000 00000000 00000000 00000000 00000000 00000000 00000000 00000000
ffff8e2301f32240 2330796847 C Bo:2:011:2 0 32 >
ffff8e2301f32240 2330796851 S Bo:2:011:2 -115 32 = 00000000 00000000 00000000 00000000 00000000 00000000 00000000 a310ffff
ffff8e2301f33740 2330799572 C Bo:2:011:2 0 32 >
ffff8e2301f33740 2330799577 S Bo:2:011:2 -115 32 = ffffffff ffffbff7 dff77eef 7fef1dcf ffffbfef 6a2a6300 c9096c1a af1a1023
ffff8e2301f32240 2330802382 C Bo:2:011:2 0 32 >
ffff8e2301f32240 2330802384 S Bo:2:011:2 -115 32 = 511b711b 51233113 110b5213 9423721b 10130f1b ee2a4b22 2509a952 8fb4adcc
ffff8e2301f33740 2330805139 C Bo:2:011:2 0 32 >
ffff8e2301f33740 2330805144 S Bo:2:011:2 -115 32 = 88b3e59a e6a228ab 69bb89c3 e9d349e4 28dc48dc aae468ab 8359ac9b d9fe36e6
ffff8e2301f32240 2330807927 C Bo:2:011:2 0 32 >
ffff8e2301f32240 2330807930 S Bo:2:011:2 -115 32 = d9eeffff ffffffff ffffffff 4611ffff ffffffff ffffffff ffff9cff 15e6d4e5
ffff8e2301f33740 2330810732 C Bo:2:011:2 0 32 >
ffff8e2301f33740 2330810737 S Bo:2:011:2 -115 32 = f5edf5ed f5ed56f6 36eed1bc d1b4b9e6 ffffffff ffff4611 ffffffff ffffffff
ffff8e2301f32240 2330813493 C Bo:2:011:2 0 32 >
ffff8e2301f32240 2330813497 S Bo:2:011:2 -115 32 = ffffffff ffffdeff 75cdea82 e79a4bcc caab666a b0acdafe 99f659f6 f3cc477a
ffff8e2301f33740 2330816203 C Bo:2:011:2 0 32 >
ffff8e2301f33740 2330816206 S Bo:2:011:2 -115 32 = 868a2ce4 2cf42be4 8be4cce4 2bcc49a3 c5514100 d484ffff 9fe71fcf 7fefffff
ffff8e2301f32240 2330819049 C Bo:2:011:2 0 32 >
ffff8e2301f32240 2330819054 S Bo:2:011:2 -115 32 = 9fefddde 1eefdfff dfff9ff7 7ff77ff7 5fefffff ffffffff 7ff7ffff 9fefffff
ffff8e2301f33740 2330821739 C Bo:2:011:2 0 32 >
ffff8e2301f33740 2330821743 S Bo:2:011:2 -115 32 = 9ff77fef 7fef5fef 7fefdfff 9feff052 ca3175c5 f9fef4f5 b7fe16ee 4c8b4d83
ffff8e2301f32240 2330824565 C Bo:2:011:2 0 32 >
ffff8e2301f32240 2330824569 S Bo:2:011:2 -115 32 = dcf6fbfe 37f677fe b8fef9fe f9fe7dff ffffb9f6 8d626931 33ac39fe 18fed6f5
ffff8e2301f33740 2330827279 C Bo:2:011:2 0 32 >
ffff8e2301f33740 2330827282 S Bo:2:011:2 -115 32 = 16fe78fe b8fed8fe b8feb8f6 9dff7dff 5dffffff ffffbeff dafe5bff ffff7dff
ffff8e2301f32240 2330830072 C Bo:2:011:2 0 32 >
ffff8e2301f32240 2330830078 S Bo:2:011:2 -115 32 = 2d6bce52 ffffffff ffffa310 00000000 00000000 00000000 00000000 00000000
ffff8e2301f33740 2330832891 C Bo:2:011:2 0 32 >
ffff8e2301f33740 2330832894 S Bo:2:011:2 -115 32 = 00000000 00000000 00000000 00000000 00000000 00000000 00000000 00000000
ffff8e2301f32240 2330835643 C Bo:2:011:2 0 32 >
ffff8e2301f32240 2330835648 S Bo:2:011:2 -115 32 = 00000000 00000000 00000000 00000000 00000000 00000000 00000000 00000000
ffff8e2301f33740 2330838451 C Bo:2:011:2 0 32 >
ffff8e2301f33740 2330838456 S Bo:2:011:2 -115 32 = 00000000 00000000 00000000 00000000 00000000 00000000 0000a310 ffffffff
ffff8e2301f32240 2330841140 C Bo:2:011:2 0 32 >
ffff8e2301f32240 2330841146 S Bo:2:011:2 -115 32 = ffffbff7 ffffbff7 9ef79ef7 9ff79ff7 9fef7ed7 9edff584 43004400 8d1a712b
ffff8e2301f33740 2330843921 C Bo:2:011:2 0 32 >
ffff8e2301f33740 2330843925 S Bo:2:011:2 -115 32 = 3023301b 5023301b 10137213 931b1113 101b0f23 4b128711 c731ce83 6eb48aa3
ffff8e2301f32240 2330846708 C Bo:2:011:2 0 32 >
ffff8e2301f32240 2330846712 S Bo:2:011:2 -115 32 = 86820472 8782e892 668a8692 cac36be4 29e429e4 aae488ab 62512a83 37ee16de
ffff8e2301f33740 2330849507 C Bo:2:011:2 0 32 >
ffff8e2301f33740 2330849512 S Bo:2:011:2 -115 32 = 98e6dfff ffffffff ffffffff ffffffff ffffffff 9eefffff ffff7bff 15e6d4e5
ffff8e2301f32240 2330852283 C Bo:2:011:2 0 32 >
ffff8e2301f32240 2330852288 S Bo:2:011:2 -115 32 = f5ed15ee 36ee36ee 16eef2bc cd9394c5 ffffffff ffffffff ffffffff ffffffff
ffff8e2301f33740 2330854992 C Bo:2:011:2 0 32 >
ffff8e2301f33740 2330854995 S Bo:2:011:2 -115 32 = ffffffff ffff1bf7 34cd2c93 09ab6cd4 a9ab6662 0e9cb5d5 13c538ee 59f62b93
ffff8e2301f32240 2330857854 C Bo:2:011:2 0 32 >
ffff8e2301f32240 2330857859 S Bo:2:011:2 -115 32 = 6782cdd3 edeb0cd4 6cd40bbc 6672e230 483a1485 5ed7dfff 9fef3fe7 5ff7bff7
ffff8e2301f33740 2330860577 C Bo:2:011:2 0 32 >
ffff8e2301f33740 2330860583 S Bo:2:011:2 -115 32 = 7eefdde6 3eefffff ffff9ff7 1ee73fe7 9ff7ffff ffffffff dfff7ff7 7ff77fef
ffff8e2301f32240 2330863353 C Bo:2:011:2 0 32 >
ffff8e2301f32240 2330863357 S Bo:2:011:2 -115 32 = 7fef7fef 5fef5fef 5fefffff ffffb36b aa31b6cd d8feb4ed b3f5b5f5 0b836a62
ffff8e2301f33740 2330866086 C Bo:2:011:2 0 32 >
ffff8e2301f33740 2330866089 S Bo:2:011:2 -115 32 = 7aeedbfe 57f698fe d8fe19ff 3aff1bff 1bfffafe 4f7b6831 f1a3b7f5 76f5b6f5
ffff8e2301f32240 2330868854 C Bo:2:011:2 0 32 >
ffff8e2301f32240 2330868859 S Bo:2:011:2 -115 32 = 56fe77fe b8fed8fe f8fef9fe 3bffbeff beffffff ffffdeff 3bff5cff bdffffff
ffff8e2301f33740 2330871649 C Bo:2:011:2 0 32 >
ffff8e2301f33740 2330871655 S Bo:2:011:2 -115 32 = 3294ce5a ffffffff ffffa310 00000000 00000000 00000000 00000000 00000000
ffff8e2301f32240 2330874423 C Bo:2:011:2 0 32 >
ffff8e2301f32240 2330874428 S Bo:2:011:2 -115 8 = 00000000 000011a1
ffff8e2301f33740 2330877202 C Bo:2:011:2 0 32 >
ffff8e2301f32240 2330879932 C Bo:2:011:2 0 8 >
ffff8e2301f32e40 2330893841 C Bi:2:011:2 0 9 = a557004a 00015946 0f
ffff8e2301f32e40 2330893850 S Bi:2:011:2 -115 32 <
ffff8e2301f32240 2330895081 S Bo:2:011:2 -115 32 = a557004b 04000000 00000000 00000000 00000000 00000000 00000000 00000000
ffff8e2301f33740 2330895085 S Bo:2:011:2 -115 32 = 00000000 00000000 00000000 00000000 00000000 00000000 00000000 00000000
ffff8e2301f32240 2330895153 C Bo:2:011:2 0 32 >
ffff8e2301f32240 2330895156 S Bo:2:011:2 -115 32 = 00000000 00000000 00000000 00000000 00000000 00000000 00000000 a310ffff
ffff8e2301f33740 2330895197 C Bo:2:011:2 0 32 >
ffff8e2301f33740 2330895199 S Bo:2:011:2 -115 32 = ffffffff 9ff7ffff 7eef7eef 9ff7dfff 7fef1fd7 ffff7fdf 746cac32 06096809
ffff8e2301f32240 2330898012 C Bo:2:011:2 0 32 >
ffff8e2301f32240 2330898017 S Bo:2:011:2 -115 32 = ad1a5023 2f232e23 50235123 301bf01a 102bad22 66096519 0b63509c c97ac459
ffff8e2301f33740 2330900851 C Bo:2:011:2 0 32 >
ffff8e2301f33740 2330900855 S Bo:2:011:2 -115 32 = eda332cd 52cdf1cc 8ba3c88a 6aabebc3 0ae409e4 29dcc9c3 87820a83 54c5f6dd
ffff8e2301f32240 2330903557 C Bo:2:011:2 0 32 >
ffff8e2301f32240 2330903562 S Bo:2:011:2 -115 32 = 78e6beff ffffffff ffffffff ffffffff ffffffff ffffffff ffff3af7 f5ddf5e5
ffff8e2301f33740 2330906288 C Bo:2:011:2 0 32 >
ffff8e2301f33740 2330906293 S Bo:2:011:2 -115 32 = 15ee36f6 57fe36f6 98fe74d5 0a730e8c 5cefffff ffffffff ffffffff ffffffff
ffff8e2301f32240 2330909070 C Bo:2:011:2 0 32 >
ffff8e2301f32240 2330909075 S Bo:2:011:2 -115 32 = ffffffff deff98ee f4c4eb92 c8a22cd4 a9ab666a 0973ee93 ee93d6d5 fbfe13cd
ffff8e2301f33740 2330911855 C Bo:2:011:2 0 32 >
ffff8e2301f33740 2330911859 S Bo:2:011:2 -115 32 = 0a8b0aa3 acc3abab c782266a 8541c308 1164ffff dff71ed7 ffde9fde 7fde7ede
ffff8e2301f32240 2330914665 C Bo:2:011:2 0 32 >
ffff8e2301f32240 2330914670 S Bo:2:011:2 -115 32 = 3fef9eff 3eef5eef 7fef3fe7 1fe7bff7 ffff9ff7 9ff7dfff bfff7ff7 5ff77fef
ffff8e2301f33740 2330917352 C Bo:2:011:2 0 32 >
ffff8e2301f33740 2330917356 S Bo:2:011:2 -115 32 = 7fef5fef bff7bff7 5fefbff7 dff7b36b 0b3ad7cd f9fe16f6 73f512ed 50b4ab6a
ffff8e2301f32240 2330920138 C Bo:2:011:2 0 32 >
ffff8e2301f32240 2330920143 S Bo:2:011:2 -115 32 = f8d5dbfe b9fef9fe 19ff39ff 5aff1aff 3bff7dff 1194a839 d19b16e5 f3e4b5ed
ffff8e2301f33740 2330922926 C Bo:2:011:2 0 32 >
ffff8e2301f33740 2330922930 S Bo:2:011:2 -115 32 = 77fe98fe d8fef8fe f9fe19ff 1aff7dff ffffffff ffffffff ffffffff 9dff9dff
ffff8e2301f32240 2330925701 C Bo:2:011:2 0 32 >
ffff8e2301f32240 2330925705 S Bo:2:011:2 -115 32 = 749c6d4a ffffffff ffffa310 00000000 00000000 00000000 00000000 00000000
ffff8e2301f33740 2330928430 C Bo:2:011:2 0 32 >
ffff8e2301f33740 2330928433 S Bo:2:011:2 -115 32 = 00000000 00000000 00000000 00000000 00000000 00000000 00000000 00000000
ffff8e2301f32240 2330931243 C Bo:2:011:2 0 32 >
ffff8e2301f32240 2330931247 S Bo:2:011:2 -115 32 = 00000000 00000000 00000000 00000000 00000000 00000000 00000000 00000000
ffff8e2301f33740 2330934005 C Bo:2:011:2 0 32 >
ffff8e2301f33740 2330934010 S Bo:2:011:2 -115 32 = 00000000 00000000 00000000 00000000 00000000 00000000 00000000 a310ffff
ffff8e2301f32240 2330936881 C Bo:2:011:2 0 32 >
ffff8e2301f32240 2330936886 S Bo:2:011:2 -115 32 = ffffffff ffffbef7 9ff73de7 5eef9fef 3fe71fdf 3fdf3fcf fff77edf a8192300
ffff8e2301f33740 2330939564 C Bo:2:011:2 0 32 >
ffff8e2301f33740 2330939567 S Bo:2:011:2 -115 32 = ea11ad1a ed1a0e1b ee1aee1a 0f232f2b ad22c811 4419884a 4b7b6c83 ea822a8b
ffff8e2301f32240 2330942286 C Bo:2:011:2 0 32 >
ffff8e2301f32240 2330942290 S Bo:2:011:2 -115 32 = 74d51aff d8fe56f6 d4e56fbc 47726682 0bdce9eb e8db0ad4 089b0a83 91b4b6d5
ffff8e2301f33740 2330945112 C Bo:2:011:2 0 32 >
ffff8e2301f33740 2330945115 S Bo:2:011:2 -115 32 = 17e63bf7 ffffffff ffffffff ffffffff 5de7ffff ffffffff feffd9ee d5d5f5e5
ffff8e2301f32240 2330947881 C Bo:2:011:2 0 32 >
ffff8e2301f32240 2330947886 S Bo:2:011:2 -115 32 = 16ee36f6 36fe58fe f9fef6e5 ce936c7b 33adbef7 ffffffff ffffffff ffffffff
ffff8e2301f33740 2330950640 C Bo:2:011:2 0 32 >
ffff8e2301f33740 2330950644 S Bo:2:011:2 -115 32 = ffffffff bdff58ee b2bc0b93 e9a22cd4 aaab666a 4a7b70a4 b1acb5d5 bafef7ed
ffff8e2301f32240 2330953451 C Bo:2:011:2 0 32 >
ffff8e2301f32240 2330953456 S Bo:2:011:2 -115 32 = 4c934772 8ba3aba3 e459e228 86296619 ed3a1ab6 dfce9fef dfffbff7 9ff79ff7
ffff8e2301f33740 2330956202 C Bo:2:011:2 0 32 >
ffff8e2301f33740 2330956205 S Bo:2:011:2 -115 32 = bfffdfff 3ef7fee6 fede3fe7 5fefbff7 ffff9ff7 3ee77ff7 bfffbfff 9ff77fef
ffff8e2301f32240 2330958933 C Bo:2:011:2 0 32 >
ffff8e2301f32240 2330958938 S Bo:2:011:2 -115 32 = 7fef7fef 9ff7bff7 5fef7fef bff7347c 6c3af7cd 5aff97fe 76fe36f6 78f66d7b
ffff8e2301f33740 2330961690 C Bo:2:011:2 0 32 >
ffff8e2301f33740 2330961693 S Bo:2:011:2 -115 32 = b09379f6 3bff3aff 19ff3aff 5bff7cff 9dff7dff 8f830942 74bc16ed 15e558f6
ffff8e2301f32240 2330964492 C Bo:2:011:2 0 32 >
ffff8e2301f32240 2330964496 S Bo:2:011:2 -115 32 = 1bffdafe f9fe19ff 19ff19ff 19ff7bff deffffff ffffffff ffffffff ffff18e6
ffff8e2301f33740 2330967286 C Bo:2:011:2 0 32 >
ffff8e2301f33740 2330967290 S Bo:2:011:2 -115 32 = a841506b ffffffff ffffffff a310a310 00000000 00000000 00000000 00000000
ffff8e2301f32240 2330970001 C Bo:2:011:2 0 32 >
ffff8e2301f32240 2330970006 S Bo:2:011:2 -115 32 = 00000000 00000000 00000000 00000000 00000000 00000000 00000000 00000000
ffff8e2301f33740 2330972855 C Bo:2:011:2 0 32 >
ffff8e2301f33740 2330972860 S Bo:2:011:2 -115 32 = 00000000 00000000 00000000 00000000 00000000 00000000 00000000 00000000
ffff8e2301f32240 2330975628 C Bo:2:011:2 0 32 >
ffff8e2301f32240 2330975633 S Bo:2:011:2 -115 8 = 00000000 0000d97b
ffff8e2301f33740 2330978362 C Bo:2:011:2 0 32 >
ffff8e2301f32240 2330981073 C Bo:2:011:2 0 8 >
ffff8e2301f326c0 2330994841 C Bi:2:011:2 0 9 = a557004b 00015930 bb
ffff8e2301f326c0 2330994846 S Bi:2:011:2 -115 32 <
ffff8e2301f32240 2330995878 S Bo:2:011:2 -115 32 = a557004c 04000000 00000000 00000000 00000000 00000000 00000000 a310ffff
ffff8e2301f33740 2330995883 S Bo:2:011:2 -115 32 = ffffffff ffff7eef ffff5ee7 3de79fef 5fef1fe7 3fe71fd7 3fdf5fdf 5cb6d67c
ffff8e2301f32240 2330995950 C Bo:2:011:2 0 32 >
ffff8e2301f32240 2330995954 S Bo:2:011:2 -115 32 = 27016400 c9096b12 ac122e2b 6f33cc22 c811e308 a531cd93 c982e561 b2c499f6
ffff8e2301f33740 2330995992 C Bo:2:011:2 0 32 >
ffff8e2301f33740 2330995994 S Bo:2:011:2 -115 32 = 58f6d9fe d8fed8f6 3affb5dd c559c461 2cdc2aec e8db09d4 289b2a83 70ac95d5
ffff8e2301f32240 2330998880 C Bo:2:011:2 0 32 >
ffff8e2301f32240 2330998884 S Bo:2:011:2 -115 32 = f6ddb9ee deffffff ffffffff ffffffff ffffffff ffffffff 5bf736de d5d5f5e5
ffff8e2301f33740 2331001558 C Bo:2:011:2 0 32 >
ffff8e2301f33740 2331001563 S Bo:2:011:2 -115 32 = 36f636f6 f6f537f6 98f678f6 d6d56d7b 0b63dade ffffffff ffffffff ffffffff
ffff8e2301f32240 2331004378 C Bo:2:011:2 0 32 >
ffff8e2301f32240 2331004382 S Bo:2:011:2 -115 32 = ffffdeff faf616de b1bc4c9b 2aab2dd4 49a3045a 8b8b16e6 37e612c5 95e599fe
ffff8e2301f33740 2331007094 C Bo:2:011:2 0 32 >
ffff8e2301f33740 2331007099 S Bo:2:011:2 -115 32 = efa30562 499becb3 256ae128 e410a400 c500ee42 5a9dded6 9ff7dfff ffffffff
ffff8e2301f32240 2331009893 C Bo:2:011:2 0 32 >
ffff8e2301f32240 2331009898 S Bo:2:011:2 -115 32 = bfff7ff7 7ff77ff7 9ff7dff7 bff77fef 7ff77fef 3fef7ff7 9fffbfff 9ff77ff7
ffff8e2301f33740 2331012669 C Bo:2:011:2 0 32 >
ffff8e2301f33740 2331012673 S Bo:2:011:2 -115 32 = 7fef7fef 5fef5fef 5fef9ff7 fffff794 2b32b29c 5bff39f7 5affbcff d9f6e759
ffff8e2301f32240 2331015459 C Bo:2:011:2 0 32 >
ffff8e2301f32240 2331015464 S Bo:2:011:2 -115 32 = ed72d8dd fafe3aff 19ff1aff 3aff7cff 9dffb7cd 8839ed6a 19ee97f5 39f699f6
ffff8e2301f33740 2331018221 C Bo:2:011:2 0 32 >
ffff8e2301f33740 2331018226 S Bo:2:011:2 -115 32 = b9f61aff 3aff1aff 19fff9fe 19ff1aff 3bffdfff ffffffff beffbeff beffd7dd
ffff8e2301f32240 2331020931 C Bo:2:011:2 0 32 >
ffff8e2301f32240 2331020935 S Bo:2:011:2 -115 32 = d18bb8bd ffffffff ffffffff ffffffff a3100000 00000000 00000000 00000000
ffff8e2301f33740 2331023718 C Bo:2:011:2 0 32 >
ffff8e2301f33740 2331023722 S Bo:2:011:2 -115 32 = 00000000 00000000 00000000 00000000 00000000 00000000 00000000 00000000
ffff8e2301f32240 2331026529 C Bo:2:011:2 0 32 >
ffff8e2301f32240 2331026534 S Bo:2:011:2 -115 32 = 00000000 00000000 00000000 00000000 00000000 00000000 00000000 00000000
ffff8e2301f33740 2331029289 C Bo:2:011:2 0 32 >
ffff8e2301f33740 2331029294 S Bo:2:011:2 -115 32 = 00000000 00000000 00000000 00000000 00000000 00000000 0000a310 ffffffff
ffff8e2301f32240 2331032064 C Bo:2:011:2 0 32 >
ffff8e2301f32240 2331032067 S Bo:2:011:2 -115 32 = ffffffff ffffffff ffff5ee7 dff77fef 3fe71edf 3fdf7fef 3fe7ffce ffffffef
ffff8e2301f33740 2331034852 C Bo:2:011:2 0 32 >
ffff8e2301f33740 2331034857 S Bo:2:011:2 -115 32 = 4f3be600 47016701 290aab1a 491a6609 4419a539 e9728fbc c982c661 74d51bff
ffff8e2301f32240 2331037628 C Bo:2:011:2 0 32 >
ffff8e2301f32240 2331037633 S Bo:2:011:2 -115 32 = 78f616e6 d5d536de f8f636e6 2b83a87a ebc32ae4 49e429d4 48a32a8b 2fa495d5
ffff8e2301f33740 2331040364 C Bo:2:011:2 0 32 >
ffff8e2301f33740 2331040368 S Bo:2:011:2 -115 32 = 37e6f6d5 98e6ffff ffffffff ffffffff ffffffff ffffffff 77e6b5d5 f5dd15e6
ffff8e2301f32240 2331043141 C Bo:2:011:2 0 32 >
ffff8e2301f32240 2331043145 S Bo:2:011:2 -115 32 = 36f616f6 f5ed16ee 98f61aff b9f6ce8b 274a33a5 7defffff ffffffff ffffffff
ffff8e2301f33740 2331045923 C Bo:2:011:2 0 32 >
ffff8e2301f33740 2331045927 S Bo:2:011:2 -115 32 = ffff5bf7 f6d5d5d5 53cd4b93 c8920dbc 298ba872 4fa4d5dd 16e6b4dd d6e5fafe
ffff8e2301f32240 2331048671 C Bo:2:011:2 0 32 >
ffff8e2301f32240 2331048676 S Bo:2:011:2 -115 32 = 50ac0562 a9ab4bd4 079ba77a 685a8631 2519c829 0d534f53 7063b27b f3831484
ffff8e2301f33740 2331051419 C Bo:2:011:2 0 32 >
ffff8e2301f33740 2331051422 S Bo:2:011:2 -115 32 = babdbfff dfff7ff7 dfffffff bff73fe7 3fe77ff7 bfffbfff 7ff77ff7 7ff79ff7
ffff8e2301f32240 2331054208 C Bo:2:011:2 0 32 >
ffff8e2301f32240 2331054212 S Bo:2:011:2 -115 32 = 9fef7fef 7fef5fe7 3fe7dfff ffff379d eb290d63 baeefdff f8f6f8fe d7fe2fac
ffff8e2301f33740 2331056971 C Bo:2:011:2 0 32 >
ffff8e2301f33740 2331056975 S Bo:2:011:2 -115 32 = e9496e83 96d51aff 1aff98f6 79f618de af832a52 0e6b73ac b7e556e5 f8f5f7ed
ffff8e2301f32240 2331059852 C Bo:2:011:2 0 32 >
ffff8e2301f32240 2331059857 S Bo:2:011:2 -115 32 = 95edb9fe fafe78fe f6f5d6ed 95ed34dd 13dd14dd 79ee79f6 b6ed17f6 59fe53bc
ffff8e2301f33740 2331062509 C Bo:2:011:2 0 32 >
ffff8e2301f33740 2331062512 S Bo:2:011:2 -115 32 = 57b5ffff ffffffff ffffffff ffffffff a3100000 00000000 00000000 00000000
ffff8e2301f32240 2331065293 C Bo:2:011:2 0 32 >
ffff8e2301f32240 2331065297 S Bo:2:011:2 -115 32 = 00000000 00000000 00000000 00000000 00000000 00000000 00000000 00000000
ffff8e2301f33740 2331068067 C Bo:2:011:2 0 32 >
ffff8e2301f33740 2331068071 S Bo:2:011:2 -115 32 = 00000000 00000000 00000000 00000000 00000000 00000000 00000000 00000000
ffff8e2301f32240 2331070863 C Bo:2:011:2 0 32 >
ffff8e2301f32240 2331070867 S Bo:2:011:2 -115 32 = 00000000 00000000 00000000 00000000 00000000 00000000 a310a310 a310ffff
ffff8e2301f33740 2331073614 C Bo:2:011:2 0 32 >
ffff8e2301f33740 2331073617 S Bo:2:011:2 -115 32 = ffffffff ffffbeef ffff9fef bff71fe7 1fdf3fdf 3fdf5fe7 3fe7ffde ffd61ecf
ffff8e2301f32240 2331076385 C Bo:2:011:2 0 32 >
ffff8e2301f32240 2331076390 S Bo:2:011:2 -115 8 = 5ecf7bae b04357e6
ffff8e2301f33740 2331079138 C Bo:2:011:2 0 32 >
ffff8e2301f32240 2331081886 C Bo:2:011:2 0 8 >
ffff8e2301f32e40 2331095707 C Bi:2:011:2 0 9 = a557004c 00015961 96
ffff8e2301f32e40 2331095712 S Bi:2:011:2 -115 32 <
ffff8e2301f32240 2331097046 S Bo:2:011:2 -115 32 = a557004d 04000912 67014601 0409a208 a439aa9b 2cbccbab 2b938d9b 17eeb9f6
ffff8e2301f33740 2331097050 S Bo:2:011:2 -115 32 = 73cd4fa4 ad836f9c 73c536de b4cd6b8b a78acacb 6aec29d4 68a3e882 0d9cd4dd
ffff8e2301f32240 2331097113 C Bo:2:011:2 0 32 >
ffff8e2301f32240 2331097116 S Bo:2:011:2 -115 32 = 77f6b4cd f5cd5bf7 dfffffff ffffffff ffffffff dfff1aef f6d5b5d5 36ee36f6
ffff8e2301f33740 2331097167 C Bo:2:011:2 0 32 >
ffff8e2301f33740 2331097169 S Bo:2:011:2 -115 32 = 16fef6fd 16f637ee b8f6fafe b9f674c5 6c7bea5a 33a5ffff ffffffff ffffffff
ffff8e2301f32240 2331099961 C Bo:2:011:2 0 32 >
ffff8e2301f32240 2331099966 S Bo:2:011:2 -115 32 = 7cf778e6 b4cdf5dd f5dd6b8b a87aeda3 ad9350ac 95dd70b4 70b437f6 b9fe1aff
ffff8e2301f33740 2331102736 C Bo:2:011:2 0 32 >
ffff8e2301f33740 2331102740 S Bo:2:011:2 -115 32 = 0e9c8351 88a3acec 4be44cd4 0bb46b93 886a064a a6394521 04114300 63008408
ffff8e2301f32240 2331105503 C Bo:2:011:2 0 32 >
ffff8e2301f32240 2331105508 S Bo:2:011:2 -115 32 = 2f639ef7 dfff1edf 9fef7fef 5fe75fe7 7fefbff7 dfffdfff 7ff71ee7 7fef9fef
ffff8e2301f33740 2331108285 C Bo:2:011:2 0 32 >
ffff8e2301f33740 2331108290 S Bo:2:011:2 -115 32 = 7fef7fef 7fef5fe7 3fdf9ff7 ffffbbd6 0f532a42 d7d5ffff 5bffd8fe f7fe36ee
ffff8e2301f32240 2331111067 C Bo:2:011:2 0 32 >
ffff8e2301f32240 2331111071 S Bo:2:011:2 -115 32 = 109ce949 4a52729c 93a4529c b3a40d6b ca412f73 57c5d9e5 97e597ed d7f5f8f5
ffff8e2301f33740 2331113877 C Bo:2:011:2 0 32 >
ffff8e2301f33740 2331113882 S Bo:2:011:2 -115 32 = 55ed75e5 95dd30b4 6d9b8e9b 92c48ea3 efb3f3d4 b6e530cc 50cc13ed b7fd18de
ffff8e2301f32240 2331116570 C Bo:2:011:2 0 32 >
ffff8e2301f32240 2331116573 S Bo:2:011:2 -115 32 = ffffffff ffffffff ffff9ff7 ffffffff ffffa310 00000000 00000000 00000000
ffff8e2301f33740 2331119385 C Bo:2:011:2 0 32 >
ffff8e2301f33740 2331119389 S Bo:2:011:2 -115 32 = 00000000 00000000 00000000 00000000 00000000 00000000 00000000 00000000
ffff8e2301f32240 2331122169 C Bo:2:011:2 0 32 >
ffff8e2301f32240 2331122174 S Bo:2:011:2 -115 32 = 00000000 00000000 00000000 00000000 00000000 00000000 00000000 00000000
ffff8e2301f33740 2331124878 C Bo:2:011:2 0 32 >
ffff8e2301f33740 2331124883 S Bo:2:011:2 -115 32 = 00000000 00000000 00000000 00000000 00000000 a310a310 ffffffff ffffffff
ffff8e2301f32240 2331127671 C Bo:2:011:2 0 32 >
ffff8e2301f32240 2331127676 S Bo:2:011:2 -115 32 = ffffffff bff7fff7 ffffdfef 1fdf1fdf 5fe73fe7 decebece 9fcedfce dfd6dfd6
ffff8e2301f33740 2331130460 C Bo:2:011:2 0 32 >
ffff8e2301f33740 2331130464 S Bo:2:011:2 -115 32 = ffffffff 3aaed15b 66116200 4429265a 288bccd4 4bcc878a 2c9313c5 99f6f6e5
ffff8e2301f32240 2331133233 C Bo:2:011:2 0 32 >
ffff8e2301f32240 2331133238 S Bo:2:011:2 -115 32 = 90ac50a4 509c70a4 91a4b4cd d8eeec93 e46189b3 2adc2acc a9ab088b eda393dd
ffff8e2301f33740 2331136019 C Bo:2:011:2 0 32 >
ffff8e2301f33740 2331136023 S Bo:2:011:2 -115 32 = 56f6d5e5 b5d5b5d5 daeeffff ffffffff ffffdeff b9e6b4cd d5d5f5dd f5ed15f6
ffff8e2301f32240 2331138877 C Bo:2:011:2 0 32 >
ffff8e2301f32240 2331138882 S Bo:2:011:2 -115 32 = 15fef5fd f6f516ee 57ee98f6 d9fe3bff f2b4274a ee83fbe6 5cf73bf7 1beffaee
ffff8e2301f33740 2331141520 C Bo:2:011:2 0 32 >
ffff8e2301f33740 2331141524 S Bo:2:011:2 -115 32 = f5d594cd 36e676ee 35e68fac 2a830a7b ee9375cd f7ed70bc eea3d1cc 78f67cff
ffff8e2301f32240 2331144315 C Bo:2:011:2 0 32 >
ffff8e2301f32240 2331144319 S Bo:2:011:2 -115 32 = ce932241 479babec 6bf44be4 4adc6cdc 2cd4cbb3 6ba30a8b ea724842 6521c308
ffff8e2301f33740 2331147095 C Bo:2:011:2 0 32 >
ffff8e2301f33740 2331147100 S Bo:2:011:2 -115 32 = ad4a5eef dff7fede 7ee73edf 1edf7fef dff7bfff 9ff77ff7 7ff75fef 5fe77fef
ffff8e2301f32240 2331149891 C Bo:2:011:2 0 32 >
ffff8e2301f32240 2331149896 S Bo:2:011:2 -115 32 = 7fef7fef 3fe77fe7 9ff75fe7 dff7ffff 9bce4a3a f08bbeff deff39ff d8fe56f6
ffff8e2301f33740 2331152611 C Bo:2:011:2 0 32 >
ffff8e2301f33740 2331152616 S Bo:2:011:2 -115 32 = 7cff76c5 4a52e520 2729c939 0a420a3a 2f6bb5b4 77dd39f6 d7e534dd 34dd14d5
ffff8e2301f32240 2331155414 C Bo:2:011:2 0 32 >
ffff8e2301f32240 2331155419 S Bo:2:011:2 -115 32 = 31b4af9b 4d8b10a4 8e9b10ac 92c471c4 f3d45dff ffffd7f5 57fefafe 5cffffff
ffff8e2301f33740 2331158173 C Bo:2:011:2 0 32 >
ffff8e2301f33740 2331158178 S Bo:2:011:2 -115 32 = ffff3ace 37adffff ffffffff ffffffff a3100000 00000000 00000000 00000000
ffff8e2301f32240 2331160951 C Bo:2:011:2 0 32 >
ffff8e2301f32240 2331160965 S Bo:2:011:2 -115 32 = 00000000 00000000 00000000 00000000 00000000 00000000 00000000 00000000
ffff8e2301f33740 2331163684 C Bo:2:011:2 0 32 >
ffff8e2301f33740 2331163695 S Bo:2:011:2 -115 32 = 00000000 00000000 00000000 0000a310 a310a310 a310a310 00000000 00000000
ffff8e2301f32240 2331166522 C Bo:2:011:2 0 32 >
ffff8e2301f32240 2331166533 S Bo:2:011:2 -115 32 = 00000000 00000000 a310a310 a310a310 a310a310 ffffffff ffffffff ffffffff
ffff8e2301f33740 2331169289 C Bo:2:011:2 0 32 >
ffff8e2301f33740 2331169302 S Bo:2:011:2 -115 32 = ffffdfff dfff9fef 5edf5fdf 5fdf1fdf 3fdfbfef ffffffff ffffffff 3fdf9cad
ffff8e2301f32240 2331172022 C Bo:2:011:2 0 32 >
ffff8e2301f32240 2331172035 S Bo:2:011:2 -115 32 = 76841274 2f5b093a 04212329 6662caab 6bc4cbdc a8b3e569 cfa358ee f7e5f3c4
ffff8e2301f33740 2331174892 C Bo:2:011:2 0 32 >
ffff8e2301f33740 2331174897 S Bo:2:011:2 -115 32 = 71b454cd 38eef7dd 54bd90ac d0acafac 6a93c78a 68b36cd4 eab34993 0dac72dd
ffff8e2301f32240 2331177593 C Bo:2:011:2 0 32 >
ffff8e2301f32240 2331177599 S Bo:2:011:2 -115 8 = f5f516f6 b5e5ae65
ffff8e2301f33740 2331180309 C Bo:2:011:2 0 32 >
ffff8e2301f32240 2331183099 C Bo:2:011:2 0 8 >
ffff8e2301f326c0 2331196847 C Bi:2:011:2 0 9 = a557004d 00015917 22
ffff8e2301f326c0 2331196854 S Bi:2:011:2 -115 32 <
ffff8e2301f32240 2331198189 S Bo:2:011:2 -115 32 = a557004e 040033cd d5dd57e6 57de37de f6d536e6 d4dd73d5 f5edf5ed b4e5d4ed
ffff8e2301f33740 2331198193 S Bo:2:011:2 -115 32 = 15fef5fd d5edf5e5 57eed9f6 3aff3bff 95cd2b73 ce8313b5 94cd74cd 12c532c5
ffff8e2301f32240 2331198257 C Bo:2:011:2 0 32 >
ffff8e2301f32240 2331198260 S Bo:2:011:2 -115 32 = 52d573dd 15ee55ee 56ee56ee 2ea46441 6d8b18ee d7ed34dd 30b48c9b 95dd9cff
ffff8e2301f33740 2331198313 C Bo:2:011:2 0 32 >
ffff8e2301f33740 2331198316 S Bo:2:011:2 -115 32 = ce936441 68a38be4 29ec49ec 8aecabf4 acec6ce4 6dd44ecc b0bc2f94 44210000
ffff8e2301f32240 2331201114 C Bo:2:011:2 0 32 >
ffff8e2301f32240 2331201118 S Bo:2:011:2 -115 32 = 9063bff7 bff71edf 7fe73edf 3ee79ff7 dfffbff7 3ee7fde6 7ff7ffff bff77fe7
ffff8e2301f33740 2331203880 C Bo:2:011:2 0 32 >
ffff8e2301f33740 2331203885 S Bo:2:011:2 -115 32 = 5fe75fe7 1ed75ee7 dfff5eef bfffffff 5ee78c3a e931b6c5 fdff7aff f8fe56fe
ffff8e2301f32240 2331206669 C Bo:2:011:2 0 32 >
ffff8e2301f32240 2331206674 S Bo:2:011:2 -115 32 = b5ed78fe 13cd6962 ec6a4e7b 6b526731 4b521ade 1ae693bc 10a4af9b 8e936e8b
ffff8e2301f33740 2331209414 C Bo:2:011:2 0 32 >
ffff8e2301f33740 2331209419 S Bo:2:011:2 -115 32 = 2d836e8b f0a379ee 1bf75cff 79fe58fe 58fefafe fbfe1aff 1aff7bff bdffffff
ffff8e2301f32240 2331212244 C Bo:2:011:2 0 32 >
ffff8e2301f32240 2331212249 S Bo:2:011:2 -115 32 = ffff5394 7594ffff ffffffff ffffffff a3100000 00000000 00000000 00000000
ffff8e2301f33740 2331214953 C Bo:2:011:2 0 32 >
ffff8e2301f33740 2331214958 S Bo:2:011:2 -115 32 = 00000000 00000000 00000000 00000000 00000000 00000000 00000000 00000000
ffff8e2301f32240 2331217726 C Bo:2:011:2 0 32 >
ffff8e2301f32240 2331217731 S Bo:2:011:2 -115 32 = 00000000 00000000 0000a310 a310ffff ffffffff ffffffff a310a310 a310a310
ffff8e2301f33740 2331220495 C Bo:2:011:2 0 32 >
ffff8e2301f33740 2331220499 S Bo:2:011:2 -115 32 = a3100000 a310a310 ffffffff ffffffff ffffffff ffffffff ffffffff ffffffff
ffff8e2301f32240 2331223321 C Bo:2:011:2 0 32 >
ffff8e2301f32240 2331223326 S Bo:2:011:2 -115 32 = 9ff7ffff bff79fef ffde3fdf 7fe77fe7 1fd7fece ddd6fdd6 fdd6bcbe 7995f052
ffff8e2301f33740 2331226008 C Bo:2:011:2 0 32 >
ffff8e2301f33740 2331226014 S Bo:2:011:2 -115 32 = a5082200 a3100329 07624a93 ebbb6cd4 8adcaad4 489ba451 51ac1bff 95d5b2c4
ffff8e2301f32240 2331228853 C Bo:2:011:2 0 32 >
ffff8e2301f32240 2331228857 S Bo:2:011:2 -115 32 = 95dd37f6 99fe99f6 17de2f9c 6b7b14d6 d3dde461 a682efd4 cbab088b 4eb4b4ed
ffff8e2301f33740 2331231574 C Bo:2:011:2 0 32 >
ffff8e2301f33740 2331231579 S Bo:2:011:2 -115 32 = f5fdd5f5 b5f594ed 94e511cd d0bcb0bc 6fb431d5 d4edd4f5 d4f5f5f5 d4f5d4f5
ffff8e2301f32240 2331234396 C Bo:2:011:2 0 32 >
ffff8e2301f32240 2331234400 S Bo:2:011:2 -115 32 = f5fdf5f5 15f636ee 77eeb8f6 d9fef9fe 37e691a4 8d830f9c 54d553dd f1d411d5
ffff8e2301f33740 2331237137 C Bo:2:011:2 0 32 >
ffff8e2301f33740 2331237142 S Bo:2:011:2 -115 32 = d4ed15f6 f4ed14f6 35f6b7fe f1c4e659 4c8b76dd b7edf8f5 d2c46c93 94d55bff
ffff8e2301f32240 2331239858 C Bo:2:011:2 0 32 >
ffff8e2301f32240 2331239864 S Bo:2:011:2 -115 32 = 8d8ba551 aaab8bdc 29e449ec 89ec69e4 4adc6bdc cde48ecc 2983264a c6298b3a
ffff8e2301f33740 2331242641 C Bo:2:011:2 0 32 >
ffff8e2301f33740 2331242644 S Bo:2:011:2 -115 32 = f9a5ffff bff73fdf bff75fe7 7fefbff7 dff79ff7 5ee71ee7 5fefdff7 bff77fe7
ffff8e2301f32240 2331245451 C Bo:2:011:2 0 32 >
ffff8e2301f32240 2331245456 S Bo:2:011:2 -115 32 = 5fe75fe7 9fe75fe7 fede1edf fffffcd6 b05b4b1a ac1a0c53 98ee39ff d7feb7fe
ffff8e2301f33740 2331248209 C Bo:2:011:2 0 32 >
ffff8e2301f33740 2331248213 S Bo:2:011:2 -115 32 = 97fe74e5 37f6b5dd 34c596cd 329c6731 c941bce6 57c58f93 4d8bec7a cb722d83
ffff8e2301f32240 2331251003 C Bo:2:011:2 0 32 >
ffff8e2301f32240 2331251008 S Bo:2:011:2 -115 32 = 10ac55d5 9afe1bff beffffff 5bff5bff 1affb8fe 98feb8fe b8fe98fe fafeffff
ffff8e2301f33740 2331253725 C Bo:2:011:2 0 32 >
ffff8e2301f33740 2331253728 S Bo:2:011:2 -115 32 = ffffb083 348cffff ffffffff ffffffff a3100000 00000000 00000000 00000000
ffff8e2301f32240 2331256525 C Bo:2:011:2 0 32 >
ffff8e2301f32240 2331256529 S Bo:2:011:2 -115 32 = 00000000 00000000 00000000 00000000 00000000 00000000 00000000 00000000
ffff8e2301f33740 2331259290 C Bo:2:011:2 0 32 >
ffff8e2301f33740 2331259294 S Bo:2:011:2 -115 32 = 00000000 00000000 a310ffff ffffffff ffffffff ffffffff ffffffff ffffffff
ffff8e2301f32240 2331262069 C Bo:2:011:2 0 32 >
ffff8e2301f32240 2331262074 S Bo:2:011:2 -115 32 = ffffa310 ffffffff ffffffff ffffffff ffffffff ffffffff bff7bff7 ffffffff
ffff8e2301f33740 2331264909 C Bo:2:011:2 0 32 >
ffff8e2301f33740 2331264913 S Bo:2:011:2 -115 32 = 7fef9fef bff77fef 1fdf3fdf 5fd7ffff 1ed7f46b cb31ca21 ea21c811 292a0842
ffff8e2301f32240 2331267604 C Bo:2:011:2 0 32 >
ffff8e2301f32240 2331267608 S Bo:2:011:2 -115 32 = a6390752 886ae982 abab2ccc 2bdc09dc 48d4cad4 68938449 71ac1bff 13cdd1c4
ffff8e2301f33740 2331270350 C Bo:2:011:2 0 32 >
ffff8e2301f33740 2331270353 S Bo:2:011:2 -115 32 = 77fe97fe 57f677f6 37ee53c5 4e9c31bd 93cdcc9b 8b934eb4 6a9b098b b0c415f6
ffff8e2301f32240 2331273141 C Bo:2:011:2 0 32 >
ffff8e2301f32240 2331273146 S Bo:2:011:2 -115 32 = f5fdb4f5 f5fd36fe f5f593e5 93e573e5 72ddb3ed 15fef5fd b4f5d4fd 15fef5f5
ffff8e2301f33740 2331275935 C Bo:2:011:2 0 32 >
ffff8e2301f33740 2331275939 S Bo:2:011:2 -115 32 = d4ed15f6 36f615ee 36ee77ee d9fe1aff d9f654c5 8a624d83 17eed5ed f5f5f4fd
ffff8e2301f32240 2331278734 C Bo:2:011:2 0 32 >
ffff8e2301f32240 2331278740 S Bo:2:011:2 -115 8 = f4f5f4f5 f4f54e59
ffff8e2301f33740 2331281479 C Bo:2:011:2 0 32 >
ffff8e2301f32240 2331284193 C Bo:2:011:2 0 8 >
ffff8e2301f32e40 2331297843 C Bi:2:011:2 0 9 = a557004e 0001598c fe
ffff8e2301f32e40 2331297848 S Bi:2:011:2 -115 32 <
ffff8e2301f32240 2331298886 S Bo:2:011:2 -115 32 = a557004f 040015fe f4f535f6 16ee30ac 4c8b30ac 96e518ee d2bcad93 b5d5bafe
ffff8e2301f33740 2331298890 S Bo:2:011:2 -115 32 = 4d93276a cbb36bdc 49e469ec 69ec69e4 aae4abe4 8cd4aaa3 e120a200 5695bff7
ffff8e2301f32240 2331298956 C Bo:2:011:2 0 32 >
ffff8e2301f32240 2331298961 S Bo:2:011:2 -115 32 = bfe77fdf 3fdf1fdf 9fef7fef 7fef9fef 7eef7eef bff7dff7 7fef3edf 7fe75fe7
ffff8e2301f33740 2331298999 C Bo:2:011:2 0 32 >
ffff8e2301f33740 2331299009 S Bo:2:011:2 -115 32 = 5edf7fe7 7fe71edf bff7ffff 947c0a22 0a021545 7a760912 509cd8fe b7fe18ff
ffff8e2301f32240 2331301847 C Bo:2:011:2 0 32 >
ffff8e2301f32240 2331301850 S Bo:2:011:2 -115 32 = b8fef6fd b8fed5ed 54ddd7e5 d3bc2d7b a841a941 6b62b09b f0a3f0a3 31acf4cc
ffff8e2301f33740 2331304575 C Bo:2:011:2 0 32 >
ffff8e2301f33740 2331304580 S Bo:2:011:2 -115 32 = f7f5d9fe 3bff1aff 3bff7cff 5aff7bff 3bff1bff f9feb8fe 98feb8fe 3bffffff
ffff8e2301f32240 2331307367 C Bo:2:011:2 0 32 >
ffff8e2301f32240 2331307370 S Bo:2:011:2 -115 32 = ffff7294 8d525cce ffffffff ffffffff a3100000 00000000 00000000 00000000
ffff8e2301f33740 2331310074 C Bo:2:011:2 0 32 >
ffff8e2301f33740 2331310080 S Bo:2:011:2 -115 32 = 00000000 00000000 00000000 00000000 00000000 00000000 00000000 00000000
ffff8e2301f32240 2331312897 C Bo:2:011:2 0 32 >
ffff8e2301f32240 2331312901 S Bo:2:011:2 -115 32 = 00000000 a310a310 ffffffff ffffffff ffffffff ffffffff ffffffff ffffffff
ffff8e2301f33740 2331315640 C Bo:2:011:2 0 32 >
ffff8e2301f33740 2331315644 S Bo:2:011:2 -115 32 = ffffffff ffffffff ffffffff ffffffff ffffffff bff7dfff ffffffff bff77fef
ffff8e2301f32240 2331318424 C Bo:2:011:2 0 32 >
ffff8e2301f32240 2331318428 S Bo:2:011:2 -115 32 = 9ff79ff7 7fef9ff7 bff75fe7 1ecfffff 9bbe6819 0000c308 a6214321 e5490883
ffff8e2301f33740 2331321211 C Bo:2:011:2 0 32 >
ffff8e2301f33740 2331321215 S Bo:2:011:2 -115 32 = 6a9bcbb3 0dc46dd4 4cdceae3 c9e309e4 47dccad4 67936349 50acfbfe b5e513d5
ffff8e2301f32240 2331323925 C Bo:2:011:2 0 32 >
ffff8e2301f32240 2331323929 S Bo:2:011:2 -115 32 = b4e572dd 72d535f6 77f677f6 32c52a7b 2fa499f6 f2c46b8b eda3b0bc 52d515f6
ffff8e2301f33740 2331326734 C Bo:2:011:2 0 32 >
ffff8e2301f33740 2331326738 S Bo:2:011:2 -115 32 = 15fed5fd d5fdf5fd 15fe15fe 15fe15fe 15fef4fd d4fdd4f5 b4f5b4fd f5fd15f6
ffff8e2301f32240 2331329478 C Bo:2:011:2 0 32 >
ffff8e2301f32240 2331329482 S Bo:2:011:2 -115 32 = d4ed15f6 35f6f5ed 16eeb8f6 1aff1aff 3bffd6d5 084aaa62 17e656ee 15ee15fe
ffff8e2301f33740 2331332285 C Bo:2:011:2 0 32 >
ffff8e2301f33740 2331332290 S Bo:2:011:2 -115 32 = d4f5d4f5 d4f5d4f5 b3f5f5f5 d9fe95d5 8d8bef93 75d5b5d5 50ac2fa4 d6ddb6e5
ffff8e2301f32240 2331335065 C Bo:2:011:2 0 32 >
ffff8e2301f32240 2331335068 S Bo:2:011:2 -115 32 = 0b83a882 0bc44adc 69e468e4 89e4cbec 0df52abc 6149e120 8d63558d 5dcfffff
ffff8e2301f33740 2331337887 C Bo:2:011:2 0 32 >
ffff8e2301f33740 2331337891 S Bo:2:011:2 -115 32 = bfef5fe7 ffde1fdf 5fe79fef 7fef3edf 1edf1edf 9fefdfff 9fef5fe7 5fe73fdf
ffff8e2301f32240 2331340565 C Bo:2:011:2 0 32 >
ffff8e2301f32240 2331340568 S Bo:2:011:2 -115 32 = 3ed73fdf 9fef3de7 ffff39ae e600a909 1966ffb7 fd962f13 ae5395d5 b8fef8fe
ffff8e2301f33740 2331343367 C Bo:2:011:2 0 32 >
ffff8e2301f33740 2331343371 S Bo:2:011:2 -115 32 = b7f636fe f5f553e5 95e534d5 54cd18e6 b083e528 4a5a93bc 55dd75e5 75e5d6f5
ffff8e2301f32240 2331346140 C Bo:2:011:2 0 32 >
ffff8e2301f32240 2331346143 S Bo:2:011:2 -115 32 = 57fe19ff 19fff9fe 1aff9cff 7cff1aff 1af7bdff 19ffb7fe 97feb8fe 5bffdfff
ffff8e2301f33740 2331348962 C Bo:2:011:2 0 32 >
ffff8e2301f33740 2331348966 S Bo:2:011:2 -115 32 = 79de4a52 2f5b7cc6 ffffdfff ffffffff ffffa310 00000000 a3100000 00000000
ffff8e2301f32240 2331351670 C Bo:2:011:2 0 32 >
ffff8e2301f32240 2331351673 S Bo:2:011:2 -115 32 = 00000000 00000000 00000000 00000000 00000000 00000000 00000000 00000000
ffff8e2301f33740 2331354426 C Bo:2:011:2 0 32 >
ffff8e2301f33740 2331354430 S Bo:2:011:2 -115 32 = a310a310 ffffffff ffffffff ffffbff7 7fef7fef dfff9ff7 ffffffff ffffffff
ffff8e2301f32240 2331357204 C Bo:2:011:2 0 32 >
ffff8e2301f32240 2331357207 S Bo:2:011:2 -115 32 = ffffffff ffffffff 9ff7bff7 7fef9fef bff7ffff ffff9ff7 ffff9ff7 ffffbff7
ffff8e2301f33740 2331360013 C Bo:2:011:2 0 32 >
ffff8e2301f33740 2331360018 S Bo:2:011:2 -115 32 = 7fef7fef 5fef1ee7 5fef5fef 5edfffff 9bbec921 4200e731 0b6b4a8b caabeabb
ffff8e2301f32240 2331362851 C Bo:2:011:2 0 32 >
ffff8e2301f32240 2331362855 S Bo:2:011:2 -115 32 = 2ac40ad4 e9d3eadb e9e3c8e3 c8e328ec 47dc8adc 479ba459 0fac99fe bafeb5e5
ffff8e2301f33740 2331365504 C Bo:2:011:2 0 32 >
ffff8e2301f33740 2331365509 S Bo:2:011:2 -115 32 = 6fbceda3 4eb472d5 15eeb8fe f5d50a7b 8d8b38e6 54c52ea4 d4dd97fe f5edf5f5
ffff8e2301f32240 2331368286 C Bo:2:011:2 0 32 >
ffff8e2301f32240 2331368290 S Bo:2:011:2 -115 32 = f5f5d5f5 b5f5b4f5 d4f5f4f5 f4f5f4f5 f5fdd4f5 b4f5b5f5 d5fdd5fd d4f515f6
ffff8e2301f33740 2331371070 C Bo:2:011:2 0 32 >
ffff8e2301f33740 2331371075 S Bo:2:011:2 -115 32 = 15f6f4ed 15ee36f6 36ee77ee d9fe19ff 3afff6dd cb6a2c73 b5cd77ee 15f6d4f5
ffff8e2301f32240 2331373851 C Bo:2:011:2 0 32 >
ffff8e2301f32240 2331373853 S Bo:2:011:2 -115 32 = f5fdf5f5 d4f5d4f5 b3f5f5fd 57fe17e6 2f9c8d83 13bdd2b4 8d8b33bd 99f613cd
ffff8e2301f33740 2331376647 C Bo:2:011:2 0 32 >
ffff8e2301f33740 2331376651 S Bo:2:011:2 -115 32 = 26620893 8cdc4adc abeccbec 6bdcc9bb a682045a a431a93a 3cd7ffff 7fe75fd7
ffff8e2301f32240 2331379414 C Bo:2:011:2 0 32 >
ffff8e2301f32240 2331379419 S Bo:2:011:2 -115 8 = 3fe75fef 5fef4b51
ffff8e2301f33740 2331382145 C Bo:2:011:2 0 32 >
ffff8e2301f32240 2331384882 C Bo:2:011:2 0 8 >
ffff8e2301f326c0 2331398785 C Bi:2:011:2 0 9 = a557004f 000159fa 4a
ffff8e2301f326c0 2331398791 S Bi:2:011:2 -115 32 <
ffff8e2301f32240 2331400122 S Bo:2:011:2 -115 32 = a5570050 04007fef 5fe79fef bff7bff7 bff73ee7 1edf3edf 7fef9fef 7fe75fdf
ffff8e2301f33740 2331400127 S Bo:2:011:2 -115 32 = fece3ed7 ffffffff 7bbe0a22 06013234 bf97ffcf 5d97bc76 d444ec4a d6e5f8fe
ffff8e2301f32240 2331400196 C Bo:2:011:2 0 32 >
ffff8e2301f32240 2331400200 S Bo:2:011:2 -115 32 = d7f6d8fe d9fefafe dafeb5ed 75ddd8dd 4e7b0a52 73acd8e5 96e595ed 74e595ed
ffff8e2301f33740 2331400250 C Bo:2:011:2 0 32 >
ffff8e2301f33740 2331400252 S Bo:2:011:2 -115 32 = 16feb8f6 d8fed8fe 7cffffff deff1aff 1aff3aff d8feb7fe b7fed9fe 5bffdeff
ffff8e2301f32240 2331403003 C Bo:2:011:2 0 32 >
ffff8e2301f32240 2331403008 S Bo:2:011:2 -115 32 = 34bde520 98adffff ffffffff ffffffff a3100000 a310a310 ffff0000 00000000
ffff8e2301f33740 2331405856 C Bo:2:011:2 0 32 >
ffff8e2301f33740 2331405861 S Bo:2:011:2 -115 32 = 00000000 00000000 00000000 00000000 00000000 00000000 00000000 0000a310
ffff8e2301f32240 2331408598 C Bo:2:011:2 0 32 >
ffff8e2301f32240 2331408603 S Bo:2:011:2 -115 32 = ffffffff ffffffff ffffffff ffff9ff7 3ee73ee7 3ee71edf 3ee75fe7 5fe7ffff
ffff8e2301f33740 2331411367 C Bo:2:011:2 0 32 >
ffff8e2301f33740 2331411380 S Bo:2:011:2 -115 32 = dfffffff ffffffff ffffffff 9fefffff dfffbff7 bff79ff7 7fef9ff7 9ff75eef
ffff8e2301f32240 2331414138 C Bo:2:011:2 0 32 >
ffff8e2301f32240 2331414150 S Bo:2:011:2 -115 32 = 3ee77eef 5fefbede bdde3fef bff79fef 1ed7bcc6 d58cc829 2329e982 8ecc8cdc
ffff8e2301f33740 2331416852 C Bo:2:011:2 0 32 >
ffff8e2301f33740 2331416863 S Bo:2:011:2 -115 32 = 6bdc4ae4 e8d3e8d3 09e4e9eb c8e3e8db 28dc69dc 47ab8782 eea317ee bafef2cc
ffff8e2301f32240 2331419675 C Bo:2:011:2 0 32 >
ffff8e2301f32240 2331419686 S Bo:2:011:2 -115 32 = 8c9b4eb4 f1cc52dd b4ed77f6 16e670ac ce9b91ac 74cdf6e5 36f636ee 15f615f6
ffff8e2301f33740 2331422435 C Bo:2:011:2 0 32 >
ffff8e2301f33740 2331422444 S Bo:2:011:2 -115 32 = f5f5f5f5 16fef5f5 f5f515f6 15f615f6 f5f5d5f5 d5f5d5f5 f5f5f5fd d4fd15f6
ffff8e2301f32240 2331425191 C Bo:2:011:2 0 32 >
ffff8e2301f32240 2331425199 S Bo:2:011:2 -115 32 = 35f6f4ed 15ee76f6 36ee56ee f9fe3aff f9fe16de 0f948e83 53bd77ee 15f6d5f5
ffff8e2301f33740 2331427991 C Bo:2:011:2 0 32 >
ffff8e2301f33740 2331427998 S Bo:2:011:2 -115 32 = d5f5d5f5 f5f5f5f5 f5f5f4f5 15ee98f6 b2b4ca6a 2f943094 ce8b16de dafe70ac
ffff8e2301f32240 2331430732 C Bo:2:011:2 0 32 >
ffff8e2301f32240 2331430747 S Bo:2:011:2 -115 32 = 62394793 0eed0acc 4bcc2bc4 499b055a 20080311 f7ad9ee7 9fef3ee7 5fe7dff7
ffff8e2301f33740 2331433516 C Bo:2:011:2 0 32 >
ffff8e2301f33740 2331433527 S Bo:2:011:2 -115 32 = 1fdfbed6 9ff79fef 1fdf3fdf 7fefbfef bff77fe7 1fdf1fdf 3fe75fe7 3fdfdff7
ffff8e2301f32240 2331436285 C Bo:2:011:2 0 32 >
ffff8e2301f32240 2331436295 S Bo:2:011:2 -115 32 = 9fef7ee7 ffffbedf 4f3bc600 8f331c87 9e97be97 be8fdf8f b43ca801 4c8377fe
ffff8e2301f33740 2331439066 C Bo:2:011:2 0 32 >
ffff8e2301f33740 2331439074 S Bo:2:011:2 -115 32 = f8feb7fe 77fe57fe b5edb1cc 30b4f09b 6739cd6a 9bee59ee 55dd95e5 13d533e5
ffff8e2301f32240 2331441880 C Bo:2:011:2 0 32 >
ffff8e2301f32240 2331441893 S Bo:2:011:2 -115 32 = b5f557fe b8feb8fe 7cffffff deffffff ffff5bff b8fed9fe 19ff5aff 3afff6dd
ffff8e2301f33740 2331444573 C Bo:2:011:2 0 32 >
ffff8e2301f33740 2331444582 S Bo:2:011:2 -115 32 = f08bd073 b8adffff ffffffff ffffffff a310a310 ffffffff ffff0000 00000000
ffff8e2301f32240 2331447355 C Bo:2:011:2 0 32 >
ffff8e2301f32240 2331447365 S Bo:2:011:2 -115 32 = 00000000 00000000 00000000 00000000 00000000 00000000 00000000 0000a310
ffff8e2301f33740 2331450136 C Bo:2:011:2 0 32 >
ffff8e2301f33740 2331450145 S Bo:2:011:2 -115 32 = ffffffff ffffffff ffff7fef ffffffff ffffffff ffffffff ffffffff ffffffff
ffff8e2301f32240 2331452951 C Bo:2:011:2 0 32 >
ffff8e2301f32240 2331452965 S Bo:2:011:2 -115 32 = ffff3fe7 dfdebfde dede7fef 7eefbff7 dff7dff7 9ff75fef 3fe77fef bfffbff7
ffff8e2301f33740 2331455659 C Bo:2:011:2 0 32 >
ffff8e2301f33740 2331455668 S Bo:2:011:2 -115 32 = 3eef1ee7 1fe7ffe6 ffe6ffe6 ffe69ed6 fed6ffff 3edf3053 86290652 c87a69a3
ffff8e2301f32240 2331458460 C Bo:2:011:2 0 32 >
ffff8e2301f32240 2331458471 S Bo:2:011:2 -115 32 = eac32ad4 29d449d4 49dc09e4 e9e32ae4 4ae429dc 88bbc89a 8c9bb5dd 78feac9b
ffff8e2301f33740 2331461243 C Bo:2:011:2 0 32 >
ffff8e2301f33740 2331461251 S Bo:2:011:2 -115 32 = e98273dd 36f6d4f5 d5f5f5f5 37ee95d5 50ac30a4 95d557fe 16f6f4ed f4edd5ed
ffff8e2301f32240 2331464032 C Bo:2:011:2 0 32 >
ffff8e2301f32240 2331464046 S Bo:2:011:2 -115 32 = f5f515fe 15f616f6 15f615f6 15f615ee f5f515f6 f5f5d5f5 d5f5d5fd f5fdf4f5
ffff8e2301f33740 2331466857 C Bo:2:011:2 0 32 >
ffff8e2301f33740 2331466868 S Bo:2:011:2 -115 32 = 14ee15ee 36f656f6 36ee77ee fafe3aff f9fe58ee f3bc6d83 50a436ee 15fed5f5
ffff8e2301f32240 2331469536 C Bo:2:011:2 0 32 >
ffff8e2301f32240 2331469540 S Bo:2:011:2 -115 32 = d5f5f5f5 15f636fe 15f6f4f5 15eeb9fe d2b4695a 4c7b70a4 74cdd9f6 d4cd6a7b
ffff8e2301f33740 2331472322 C Bo:2:011:2 0 32 >
ffff8e2301f33740 2331472327 S Bo:2:011:2 -115 32 = e2492783 4bb46893 246a6241 c2288629 b05b5685 bfe7ffff 1fe71fe7 3fe73fe7
ffff8e2301f32240 2331475070 C Bo:2:011:2 0 32 >
ffff8e2301f32240 2331475075 S Bo:2:011:2 -115 32 = 3fe75fe7 5fe73fe7 3fdf3fdf 3fdf1fdf 3fe75fe7 5fe75fe7 1fdf1fdf 1fdffede
ffff8e2301f33740 2331477840 C Bo:2:011:2 0 32 >
ffff8e2301f33740 2331477842 S Bo:2:011:2 -115 32 = bff7ffff bbb60e2b 67016b12 f96dffa7 df9f7d8f 7d7f3c6f 31240802 a73191bc
ffff8e2301f32240 2331480641 C Bo:2:011:2 0 32 >
ffff8e2301f32240 2331480645 S Bo:2:011:2 -115 8 = 97fe36fe b4f56e14
ffff8e2301f33740 2331483450 C Bo:2:011:2 0 32 >
ffff8e2301f32240 2331486144 C Bo:2:011:2 0 8 >
ffff8e2301f32e40 2331499715 C Bi:2:011:2 0 9 = a5570050 00015935 03
ffff8e2301f32e40 2331499728 S Bi:2:011:2 -115 32 <
ffff8e2301f32240 2331501005 S Bo:2:011:2 -115 32 = a5570051 0400d1dc edbb0a93 8d9bb3bc 8839e949 15c535d5 75e575e5 d2ccd2d4
ffff8e2301f33740 2331501010 S Bo:2:011:2 -115 32 = 13ddf6f5 98fe97fe 7cffffff 9cff9dff 3bffd5ed 33e532dd 93e5f5ed b9fe30a4
ffff8e2301f32240 2331501078 C Bo:2:011:2 0 32 >
ffff8e2301f32240 2331501081 S Bo:2:011:2 -115 32 = 0d63ffff ffffffff ffffffff ffffffff a310a310 ffffffff ffff0000 00000000
ffff8e2301f33740 2331501120 C Bo:2:011:2 0 32 >
ffff8e2301f33740 2331501129 S Bo:2:011:2 -115 32 = 00000000 00000000 00000000 00000000 00000000 00000000 00000000 a310ffff
ffff8e2301f32240 2331503921 C Bo:2:011:2 0 32 >
ffff8e2301f32240 2331503924 S Bo:2:011:2 -115 32 = ffffffff bfef9eef ffffffff bdc61bbe 1cc6d79c bab5bdd6 ffffffff ffffdff7
ffff8e2301f33740 2331506674 C Bo:2:011:2 0 32 >
ffff8e2301f33740 2331506680 S Bo:2:011:2 -115 32 = bff7ffff ffffbfff 7ff73ee7 bff7bee7 beefdff7 bff73fe7 ffde9ff7 dfff5fef
ffff8e2301f32240 2331509454 C Bo:2:011:2 0 32 >
ffff8e2301f32240 2331509457 S Bo:2:011:2 -115 32 = 1ee7fede fede7fef 7fefffde dfd6bfd6 dfd6ffd6 dfce1ed7 f9b5ab52 4008e130
ffff8e2301f33740 2331512218 C Bo:2:011:2 0 32 >
ffff8e2301f33740 2331512222 S Bo:2:011:2 -115 32 = c782ebbb 6cdc6bdc 2ad4e9d3 eadb2ae4 2adc29dc ead3e7a2 a78233d5 b9feac93
ffff8e2301f32240 2331514996 C Bo:2:011:2 0 32 >
ffff8e2301f32240 2331514999 S Bo:2:011:2 -115 32 = 0983f4e5 76fed4f5 f5fdf6f5 17feb6e5 50b40fa4 75d516f6 36fe35fe 15f6f5f5
ffff8e2301f33740 2331517881 C Bo:2:011:2 0 32 >
ffff8e2301f33740 2331517886 S Bo:2:011:2 -115 32 = f4edf5f5 15f616f6 16ee15ee 15ee36f6 15f6f5f5 f5f5f5fd d4f5d5fd f5fdd4ed
ffff8e2301f32240 2331520505 C Bo:2:011:2 0 32 >
ffff8e2301f32240 2331520509 S Bo:2:011:2 -115 32 = f4ed35f6 36ee36ee 36ee36ee b8f61aff 1affdafe 75cdeb72 8d8316ee 16feb4f5
ffff8e2301f33740 2331523319 C Bo:2:011:2 0 32 >
ffff8e2301f33740 2331523324 S Bo:2:011:2 -115 32 = f5fd36f6 16ee15ee 15f615f6 37fe78f6 b1acca6a ef93b5d5 fafe3aff cb7b444a
ffff8e2301f32240 2331526074 C Bo:2:011:2 0 32 >
ffff8e2301f32240 2331526078 S Bo:2:011:2 -115 32 = 277b0673 0552e541 c631a729 8719b053 bfefffff 3fdf9ece ffde9ff7 3fdfdfd6
ffff8e2301f33740 2331528879 C Bo:2:011:2 0 32 >
ffff8e2301f33740 2331528884 S Bo:2:011:2 -115 32 = 1fdf5fe7 1fdfffde 1fdf3fdf 3fdf1fdf 1fdf5fe7 5fe73fdf 1fdf5fe7 5fe79cc6
ffff8e2301f32240 2331531635 C Bo:2:011:2 0 32 >
ffff8e2301f32240 2331531639 S Bo:2:011:2 -115 32 = 9eefffff 50430601 2a0a354d 5e8fdfa7 df9fbe97 5d8fffa7 15554a22 6a5aada3
ffff8e2301f33740 2331534366 C Bo:2:011:2 0 32 >
ffff8e2301f33740 2331534371 S Bo:2:011:2 -115 32 = d4f515fe 94fdb0dc 8cb30a9b 91c496dd e9492629 73b4f8ed 55ddf4dc 14ddf3d4
ffff8e2301f32240 2331537190 C Bo:2:011:2 0 32 >
ffff8e2301f32240 2331537194 S Bo:2:011:2 -115 32 = d3d434dd 58f6faf6 d7e5d7e5 17e692c4 b2cc50bc 0eb4cdab cdb312d5 f9fe2fa4
ffff8e2301f33740 2331539958 C Bo:2:011:2 0 32 >
ffff8e2301f33740 2331539963 S Bo:2:011:2 -115 32 = 2a42d9b5 ffffffff ffffffff ffffffff ffffffff ffffffff bff70000 00000000
ffff8e2301f32240 2331542716 C Bo:2:011:2 0 32 >
ffff8e2301f32240 2331542719 S Bo:2:011:2 -115 32 = 00000000 00000000 00000000 00000000 00000000 00000000 a310a310 ffffffff
ffff8e2301f33740 2331545517 C Bo:2:011:2 0 32 >
ffff8e2301f33740 2331545521 S Bo:2:011:2 -115 32 = ffffffff bfefffff ffffd7a5 a8212619 4b3ac608 c6102c3a 1374168d 3ab67fef
ffff8e2301f32240 2331548285 C Bo:2:011:2 0 32 >
ffff8e2301f32240 2331548288 S Bo:2:011:2 -115 32 = bff7ffff ffffffff ffffffff ffff9edf 9fe79fef 5fef1fdf ffde9ff7 bff71fdf
ffff8e2301f33740 2331551001 C Bo:2:011:2 0 32 >
ffff8e2301f33740 2331551006 S Bo:2:011:2 -115 32 = 3fe75fef 1fdf3fe7 3fdf1fd7 ffd61fd7 ffd6dfd6 dfceffff dff7f794 ce5a8a52
ffff8e2301f32240 2331553860 C Bo:2:011:2 0 32 >
ffff8e2301f32240 2331553863 S Bo:2:011:2 -115 32 = 4852c551 056ae68a 88a3ebc3 0bd4ebd3 0ae40aec 2aeca59a c369f1c4 d9fef0c4
ffff8e2301f33740 2331556610 C Bo:2:011:2 0 32 >
ffff8e2301f33740 2331556615 S Bo:2:011:2 -115 32 = ab93cfbc f4ed15f6 f5f5f6fd f6f5b6e5 efa38d93 74cd77f6 36fe15f6 36f635f6
ffff8e2301f32240 2331559351 C Bo:2:011:2 0 32 >
ffff8e2301f32240 2331559353 S Bo:2:011:2 -115 32 = 93ddb3e5 35f657f6 36f636ee 36ee57f6 16f6d4ed f5f515fe b4fdd4fd f4fd14f6
ffff8e2301f33740 2331562141 C Bo:2:011:2 0 32 >
ffff8e2301f33740 2331562145 S Bo:2:011:2 -115 32 = 15f636f6 16ee15e6 36ee36ee 77f6d9fe d9fe5bff f6dd2852 0b7317ee 16feb4f5
ffff8e2301f32240 2331564854 C Bo:2:011:2 0 32 >
ffff8e2301f32240 2331564859 S Bo:2:011:2 -115 32 = 16fe36f6 36e615e6 16ee36fe 37fe78f6 d2ac4c7b 13b5b9f6 f8fef3cd 2442e249
ffff8e2301f33740 2331567666 C Bo:2:011:2 0 32 >
ffff8e2301f33740 2331567671 S Bo:2:011:2 -115 32 = adc44883 60100411 b274bbc6 7baebdb6 5fdf5ee7 1fdf1fdf ffdedfd6 1fdf3fdf
ffff8e2301f32240 2331570437 C Bo:2:011:2 0 32 >
ffff8e2301f32240 2331570441 S Bo:2:011:2 -115 32 = 1fdffede 1fdf3fdf 1fdf1fdf 3fdf3fdf 3fdf3fdf 3fdf3fdf 3fdf1fd7 7fe7dff7
ffff8e2301f33740 2331573211 C Bo:2:011:2 0 32 >
ffff8e2301f33740 2331573215 S Bo:2:011:2 -115 32 = bfe71675 c9094a0a b33c1c7f 9f97dfa7 dfb7ffbf 1d87b74d 735c129c f2d470d4
ffff8e2301f32240 2331575996 C Bo:2:011:2 0 32 >
ffff8e2301f32240 2331576001 S Bo:2:011:2 -115 32 = 52ed35fe 15fe73f5 f1e433e5 58f658f6 4d832529 72a4f8e5 35d515d5 76dd34d5
ffff8e2301f33740 2331578724 C Bo:2:011:2 0 32 >
ffff8e2301f33740 2331578730 S Bo:2:011:2 -115 32 = d3c4f0b3 35c57ef7 f0a3f0ab 55d54d93 0facf3d4 13ddb1cc b1d415ee bbff54bd
ffff8e2301f32240 2331581496 C Bo:2:011:2 0 32 >
ffff8e2301f32240 2331581501 S Bo:2:011:2 -115 8 = 05217063 b9ad705f
ffff8e2301f33740 2331584289 C Bo:2:011:2 0 32 >
ffff8e2301f32240 2331587029 C Bo:2:011:2 0 8 >
ffff8e2301f326c0 2331600887 C Bi:2:011:2 0 9 = a5570051 00015943 b7
ffff8e2301f326c0 2331600900 S Bi:2:011:2 -115 32 <
ffff8e2301f32240 2331601864 S Bo:2:011:2 -115 32 = a5570052 0400ffff ffffffff ffffffff ffffffff ffffffff ffff0000 00000000
ffff8e2301f33740 2331601868 S Bo:2:011:2 -115 32 = 00000000 00000000 00000000 00000000 00000000 0000a310 ffffffff ffffffff
ffff8e2301f32240 2331601934 C Bo:2:011:2 0 32 >
ffff8e2301f32240 2331601937 S Bo:2:011:2 -115 32 = ffffffff ffff158d 106cef6b c629c631 4f7cee73 89422832 c7218611 09224a32
ffff8e2301f33740 2331601978 C Bo:2:011:2 0 32 >
ffff8e2301f33740 2331601980 S Bo:2:011:2 -115 32 = ed52d173 f59cb9bd 9cd6fdde bfeffff7 dfef7fe7 3fdf1fdf 1fdf1fdf ffdebed6
ffff8e2301f32240 2331604848 C Bo:2:011:2 0 32 >
ffff8e2301f32240 2331604851 S Bo:2:011:2 -115 32 = dfd61fe7 ffdedfde ffde1fdf 1fd7ffd6 ffd6dfd6 dfd6ffd6 ffceffd6 dfff1de7
ffff8e2301f33740 2331607580 C Bo:2:011:2 0 32 >
ffff8e2301f33740 2331607584 S Bo:2:011:2 -115 32 = 706ba310 8110a339 044a876a 098b69ab a9cb09dc 4ae4a59a c3696fbc 57fe36ee
ffff8e2301f32240 2331610288 C Bo:2:011:2 0 32 >
ffff8e2301f32240 2331610293 S Bo:2:011:2 -115 32 = 6fb4c87a afbc76fe 35f615ee 98f616e6 6c832b83 94d557f6 16f6f5f5 15f615ee
ffff8e2301f33740 2331613071 C Bo:2:011:2 0 32 >
ffff8e2301f33740 2331613076 S Bo:2:011:2 -115 32 = b3e5f4ed 55fe36f6 15ee16ee 35ee35ee 16eef5f5 f5f5f5fd b4f5d4f5 35fe55fe
ffff8e2301f32240 2331615866 C Bo:2:011:2 0 32 >
ffff8e2301f32240 2331615870 S Bo:2:011:2 -115 32 = 35f615f6 36ee36ee 36ee56ee 77f6b9fe 78f69cff 38d68539 aa6237f6 16fed5f5
ffff8e2301f33740 2331618667 C Bo:2:011:2 0 32 >
ffff8e2301f33740 2331618672 S Bo:2:011:2 -115 32 = 16f636f6 57ee57ee 37ee16f6 36f6b9fe f2b42c73 74bd7cff 30bde662 a462479b
ffff8e2301f32240 2331621426 C Bo:2:011:2 0 32 >
ffff8e2301f32240 2331621431 S Bo:2:011:2 -115 32 = acdccab3 02312511 199effff fff7bfef ffcebece fed6ffde 1fdfffde ffde1fdf
ffff8e2301f33740 2331624137 C Bo:2:011:2 0 32 >
ffff8e2301f33740 2331624140 S Bo:2:011:2 -115 32 = ffdeffde 1fdf1fdf 1fdf1fdf 3fdf3fdf 3fdf3fdf 3fdf3fdf 1fd7dece 7fe7bff7
ffff8e2301f32240 2331626933 C Bo:2:011:2 0 32 >
ffff8e2301f32240 2331626938 S Bo:2:011:2 -115 32 = febeee2a 09021024 185e9e97 ff9fde9f ffbfffaf dc5e6e03 cc42b8ed b8fe37fe
ffff8e2301f33740 2331629723 C Bo:2:011:2 0 32 >
ffff8e2301f33740 2331629730 S Bo:2:011:2 -115 32 = 15f676fe b8fe77fe 98fef9fe d9fe57fe 76ddcc6a 4a5a8e8b 8e93af9b af9bf0a3
ffff8e2301f32240 2331632499 C Bo:2:011:2 0 32 >
ffff8e2301f32240 2331632503 S Bo:2:011:2 -115 32 = 31ac35c5 9bf676e5 d3d496dd 79f695e5 54ddfbf6 ffffd9fe 98fef8fe 7bff98e6
ffff8e2301f33740 2331635244 C Bo:2:011:2 0 32 >
ffff8e2301f33740 2331635247 S Bo:2:011:2 -115 32 = 49526821 58a5ffff ffffffff ffffbef7 ffffffff ffffffff ffff0000 00000000
ffff8e2301f32240 2331638006 C Bo:2:011:2 0 32 >
ffff8e2301f32240 2331638018 S Bo:2:011:2 -115 32 = 00000000 00000000 00000000 00000000 00000000 a310ffff ffffffff ffffffff
ffff8e2301f33740 2331640855 C Bo:2:011:2 0 32 >
ffff8e2301f33740 2331640859 S Bo:2:011:2 -115 32 = ffffffff 39be6f5b 0000cd6b 1bdfd8de bbf7fdff 5aefb7de f5bdb194 cd6b6832
ffff8e2301f32240 2331643534 C Bo:2:011:2 0 32 >
ffff8e2301f32240 2331643539 S Bo:2:011:2 -115 32 = 6519c300 42004300 6821ee4a 368dfcce bff7ffff ffffffff ffffffff 9fef3fdf
ffff8e2301f33740 2331646392 C Bo:2:011:2 0 32 >
ffff8e2301f33740 2331646397 S Bo:2:011:2 -115 32 = 3fdf1fdf dfd6dfde dfdedfde dfdeffd6 dfd6dfd6 dfd6dfd6 bfceffd6 9fef7fef
ffff8e2301f32240 2331649096 C Bo:2:011:2 0 32 >
ffff8e2301f32240 2331649100 S Bo:2:011:2 -115 32 = 9bad768c b494f073 8521a008 4329255a a68267a3 2accc9c3 858aa782 32d5d9fe
ffff8e2301f33740 2331651858 C Bo:2:011:2 0 32 >
ffff8e2301f33740 2331651862 S Bo:2:011:2 -115 32 = 12cd0983 cc9b32cd 35e697ee 36de32bd 2a7bcd93 d6dd17ee 16f636fe f5ed15ee
ffff8e2301f32240 2331654647 C Bo:2:011:2 0 32 >
ffff8e2301f32240 2331654651 S Bo:2:011:2 -115 32 = 56f635f6 14f676fe 96f656f6 f4edf4e5 36f616f6 b4f5b4f5 f5fdf5fd d4edf4f5
ffff8e2301f33740 2331657462 C Bo:2:011:2 0 32 >
ffff8e2301f33740 2331657467 S Bo:2:011:2 -115 32 = 36f636f6 36ee36ee 36ee36f6 78fe98fe 57f67cff 17d64531 aa6257f6 36fed5f5
ffff8e2301f32240 2331660211 C Bo:2:011:2 0 32 >
ffff8e2301f32240 2331660215 S Bo:2:011:2 -115 32 = 56f616ee f6ed17f6 36f616ee 36f6d9fe b2ac8a62 91a415d6 086b6031 c9ab8dec
ffff8e2301f33740 2331662992 C Bo:2:011:2 0 32 >
ffff8e2301f33740 2331662995 S Bo:2:011:2 -115 32 = 0ae44bdc c7826529 4f4bba95 dec6ffd6 dfd61fdf ffd6dfd6 1fdf1fdf ffdeffd6
ffff8e2301f32240 2331665702 C Bo:2:011:2 0 32 >
ffff8e2301f32240 2331665707 S Bo:2:011:2 -115 32 = ffde1fdf 1fdfffde 1fdf3fdf 1fdf1fdf 1fdf1fdf 3fdfffd6 3fdfffff dfef1043
ffff8e2301f33740 2331668493 C Bo:2:011:2 0 32 >
ffff8e2301f33740 2331668497 S Bo:2:011:2 -115 32 = 914b4f33 2d13143d ba6e9e8f de97deb7 ffe7ff97 f9350d03 f173baf6 d8f69cff
ffff8e2301f32240 2331671291 C Bo:2:011:2 0 32 >
ffff8e2301f32240 2331671296 S Bo:2:011:2 -115 32 = f9fe97fe f9feb8fe 5bff9cff b8f616f6 75ddf4bc 6e834639 a641ab6a 6f8bcf9b
ffff8e2301f33740 2331674068 C Bo:2:011:2 0 32 >
ffff8e2301f33740 2331674071 S Bo:2:011:2 -115 32 = 55d5ffff 7dff59f6 dbfedafe d9fe1aff fafe3bff 3bffb7fe 97fed8fe 39ff9bff
ffff8e2301f32240 2331676857 C Bo:2:011:2 0 32 >
ffff8e2301f32240 2331676862 S Bo:2:011:2 -115 32 = ef8b4b3a 7484ffff ffffffff ffffffff ffffffff a310a310 ffff0000 00000000
ffff8e2301f33740 2331679602 C Bo:2:011:2 0 32 >
ffff8e2301f33740 2331679604 S Bo:2:011:2 -115 32 = 00000000 00000000 00000000 00000000 00000000 a310ffff ffffffff 7ee7bfef
ffff8e2301f32240 2331682399 C Bo:2:011:2 0 32 >
ffff8e2301f32240 2331682404 S Bo:2:011:2 -115 8 = ffffb7b5 29325514
ffff8e2301f33740 2331685141 C Bo:2:011:2 0 32 >
ffff8e2301f32240 2331687890 C Bo:2:011:2 0 8 >
ffff8e2301f32e40 2331701844 C Bi:2:011:2 0 9 = a5570052 000159d8 6b
ffff8e2301f32e40 2331701850 S Bi:2:011:2 -115 32 <
ffff8e2301f32240 2331703188 S Bo:2:011:2 -115 32 = a5570053 0400282a f28c3be7 fffffeff bbf79aef 99ef9af7 baff9aff 7af7f8de
ffff8e2301f33740 2331703193 S Bo:2:011:2 -115 32 = 36c633a5 ce73894a 28322832 cb3a0d4b ed4a5063 948478a5 1bbeddde 1edf7fe7
ffff8e2301f32240 2331703260 C Bo:2:011:2 0 32 >
ffff8e2301f32240 2331703263 S Bo:2:011:2 -115 32 = fff7fff7 9fe71fdf dedebed6 dfd6ffd6 ffcedfd6 dfd6dfde bfd69fce 9fce7ec6
ffff8e2301f33740 2331703304 C Bo:2:011:2 0 32 >
ffff8e2301f33740 2331703305 S Bo:2:011:2 -115 32 = ffd6fff7 ffff1edf 336c8f5b aa424421 e549278b 2ac4cce4 27a3e040 2eacfafe
ffff8e2301f32240 2331706071 C Bo:2:011:2 0 32 >
ffff8e2301f32240 2331706076 S Bo:2:011:2 -115 32 = f6edd1c4 eda30d9c 72c5d4cd ed934b83 2fa413c5 b5dd16ee 37fe36f6 36f656f6
ffff8e2301f33740 2331708853 C Bo:2:011:2 0 32 >
ffff8e2301f33740 2331708858 S Bo:2:011:2 -115 32 = 35f656fe 56fe76f6 b6f676f6 15ee15ee 16f616f6 b5f5d4f5 15fef4f5 31dd51d5
ffff8e2301f32240 2331711674 C Bo:2:011:2 0 32 >
ffff8e2301f32240 2331711679 S Bo:2:011:2 -115 32 = 15f656f6 16ee16ee f6ed16f6 37fe57fe 57f6fafe 75c5a639 2b6b16ee 15f697fe
ffff8e2301f33740 2331714387 C Bo:2:011:2 0 32 >
ffff8e2301f33740 2331714391 S Bo:2:011:2 -115 32 = b8fe57fe 77fe37fe d5f516f6 57f6b9fe 309ca649 685aa762 a66a6793 4bdc4bf4
ffff8e2301f32240 2331717140 C Bo:2:011:2 0 32 >
ffff8e2301f32240 2331717144 S Bo:2:011:2 -115 32 = eaeb4bec c9b30652 0419ac3a fdce9fef dfce1fd7 1fd7ffde ffdeffd6 ffdeffde
ffff8e2301f33740 2331719952 C Bo:2:011:2 0 32 >
ffff8e2301f33740 2331719957 S Bo:2:011:2 -115 32 = ffdeffde ffde1fdf 1fdf1fdf 1fdf1fdf 1fdfffd6 dfd61fd7 bff7fff7 d67c2809
ffff8e2301f32240 2331722727 C Bo:2:011:2 0 32 >
ffff8e2301f32240 2331722731 S Bo:2:011:2 -115 32 = c9094e23 712cd745 1b77be9f be97deaf ffd7ff97 35254a02 b7adffff 77f6d9fe
ffff8e2301f33740 2331725517 C Bo:2:011:2 0 32 >
ffff8e2301f33740 2331725521 S Bo:2:011:2 -115 32 = d8feb8fe 97f677f6 98f65bff f9fe37f6 74e538f6 f4bc8739 cf8b76cd f4c4f4d4
ffff8e2301f32240 2331728216 C Bo:2:011:2 0 32 >
ffff8e2301f32240 2331728219 S Bo:2:011:2 -115 32 = f8edbaf6 9af6ffff ffffdeff 7bff7aff 5affb8fe 56f656f6 55f696f6 39ffbcff
ffff8e2301f33740 2331731004 C Bo:2:011:2 0 32 >
ffff8e2301f33740 2331731010 S Bo:2:011:2 -115 32 = cf8b0a3a 958cffff ffffffff ffffffff ffffffff a3100000 a3100000 00000000
ffff8e2301f32240 2331733853 C Bo:2:011:2 0 32 >
ffff8e2301f32240 2331733856 S Bo:2:011:2 -115 32 = 00000000 00000000 00000000 00000000 0000a310 ffffffff ffffbfef ffffffff
ffff8e2301f33740 2331736578 C Bo:2:011:2 0 32 >
ffff8e2301f33740 2331736582 S Bo:2:011:2 -115 32 = 7ac6f06b 8100529d ffffffff ddfffeff fefffdff dcf7dbf7 9af79af7 9aff9aff
ffff8e2301f32240 2331739395 C Bo:2:011:2 0 32 >
ffff8e2301f32240 2331739400 S Bo:2:011:2 -115 32 = bbffbbff bcff9bf7 3aef57ce 32a5ce6b e729e408 84006400 c6088a21 ae4a557c
ffff8e2301f33740 2331742076 C Bo:2:011:2 0 32 >
ffff8e2301f33740 2331742081 S Bo:2:011:2 -115 32 = 799dbdce bff7dff7 ffffffff ffffffef bfdf1fcf dfd69fce 7fce7fce 7fce7fce
ffff8e2301f32240 2331744894 C Bo:2:011:2 0 32 >
ffff8e2301f32240 2331744897 S Bo:2:011:2 -115 32 = 9fc6dece fed67fc6 7ebeffff 19b6a308 63314ab4 6accabe4 a8b3a259 2a8bb5e5
ffff8e2301f33740 2331747640 C Bo:2:011:2 0 32 >
ffff8e2301f33740 2331747645 S Bo:2:011:2 -115 32 = 99fe38f6 12c5d1bc f1b4b0ac ac8bac93 b5d517ee 74ddd6ed 37fe36f6 36f636f6
ffff8e2301f32240 2331750452 C Bo:2:011:2 0 32 >
ffff8e2301f32240 2331750457 S Bo:2:011:2 -115 32 = 57f657fe d5e5ed9b c86a6eac 56fe35f6 f5edf5f5 16fef5f5 d4f5d4f5 52dd31dd
ffff8e2301f33740 2331753212 C Bo:2:011:2 0 32 >
ffff8e2301f33740 2331753217 S Bo:2:011:2 -115 32 = b4ed36f6 57fe17f6 f6f5f6f5 f6f557fe 3affb5cd 0b6b6a52 509c16ee 36fe36f6
ffff8e2301f32240 2331755921 C Bo:2:011:2 0 32 >
ffff8e2301f32240 2331755924 S Bo:2:011:2 -115 32 = 90b4b1bc 37f637fe d5f557f6 98fe78f6 ad8b2339 e451a572 a8ab8ae4 09ece9eb
ffff8e2301f33740 2331758722 C Bo:2:011:2 0 32 >
ffff8e2301f33740 2331758727 S Bo:2:011:2 -115 32 = 0aec09e4 4bd46a9b 8110c721 7ee7ffff ffd6bfce ffd6ffd6 ffd6dece ffd61fdf
ffff8e2301f32240 2331761507 C Bo:2:011:2 0 32 >
ffff8e2301f32240 2331761512 S Bo:2:011:2 -115 32 = ffdedfd6 ffd61fd7 ffd6ffd6 1fd71fd7 1fd71fd7 5fdffff7 ffffd25b e6004a12
ffff8e2301f33740 2331764292 C Bo:2:011:2 0 32 >
ffff8e2301f33740 2331764296 S Bo:2:011:2 -115 32 = 35553545 f334184e 3c7fbe9f be9fdea7 ffa77d6f 100c490a 34a5b8f6 36fe76fe
ffff8e2301f32240 2331767066 C Bo:2:011:2 0 32 >
ffff8e2301f32240 2331767069 S Bo:2:011:2 -115 32 = d8fe7aff d8fe94f5 94f51aff 3aff78fe 57f6f7e5 6a6a6a52 dbee38ee 54dd18f6
ffff8e2301f33740 2331769847 C Bo:2:011:2 0 32 >
ffff8e2301f33740 2331769851 S Bo:2:011:2 -115 32 = 7eff18ee 99f65cff ffffffff 9dff5aff f9fe97f6 97f676fe 76feb7fe 5affddff
ffff8e2301f32240 2331772600 C Bo:2:011:2 0 32 >
ffff8e2301f32240 2331772606 S Bo:2:011:2 -115 32 = 4d7b0a3a 57a5ffff ffffffff a310ffff a310ffff a310a310 00000000 00000000
ffff8e2301f33740 2331775355 C Bo:2:011:2 0 32 >
ffff8e2301f33740 2331775360 S Bo:2:011:2 -115 32 = 00000000 00000000 00000000 00000000 0000ffff ffffffff ffffbfe7 ffff5eef
ffff8e2301f32240 2331778142 C Bo:2:011:2 0 32 >
ffff8e2301f32240 2331778145 S Bo:2:011:2 -115 32 = 6f63a719 12959cef fffffeff ffffffff ffffffff ffffffff feffddff bdffbcff
ffff8e2301f33740 2331780859 C Bo:2:011:2 0 32 >
ffff8e2301f33740 2331780863 S Bo:2:011:2 -115 32 = 7bf759f7 59f759f7 79f779f7 59f719ef d8de36be 12950f74 2c536a3a 2a32c929
ffff8e2301f32240 2331783670 C Bo:2:011:2 0 32 >
ffff8e2301f32240 2331783673 S Bo:2:011:2 -115 8 = 88212b32 0f53ae45
ffff8e2301f33740 2331786454 C Bo:2:011:2 0 32 >
ffff8e2301f32240 2331789195 C Bo:2:011:2 0 8 >
ffff8e2301f326c0 2331802849 C Bi:2:011:2 0 9 = a5570053 000159ae df
ffff8e2301f326c0 2331802857 S Bi:2:011:2 -115 32 <
ffff8e2301f32240 2331804119 S Bo:2:011:2 -115 32 = a5570054 0400f373 57a51ab6 1ecf9fe7 fff79fe7 1fdfffd6 dfd6bfce bfce9fce
ffff8e2301f33740 2331804123 S Bo:2:011:2 -115 32 = 7fce3fc6 1fbefebd 9ecebfef d8ad0419 c449cbdc 69ec28dc 49d4c9b3 c361887a
ffff8e2301f32240 2331804191 C Bo:2:011:2 0 32 >
ffff8e2301f32240 2331804194 S Bo:2:011:2 -115 32 = 78f61bff 37ee16e6 d4d593cd f5ddf6e5 37ee17ee 53cd33cd f5ed57fe 16ee57f6
ffff8e2301f33740 2331804234 C Bo:2:011:2 0 32 >
ffff8e2301f33740 2331804236 S Bo:2:011:2 -115 32 = fafe74d5 ea7aa541 4339ac93 56f635fe d5edd5f5 16fef5f5 d5f5f5f5 d4edd4f5
ffff8e2301f32240 2331806994 C Bo:2:011:2 0 32 >
ffff8e2301f32240 2331806998 S Bo:2:011:2 -115 32 = d4edb4e5 16f637fe 17fe37fe 98feb9fe 57e68d83 6539ae83 d5d556f6 57fe13d5
ffff8e2301f33740 2331809771 C Bo:2:011:2 0 32 >
ffff8e2301f33740 2331809775 S Bo:2:011:2 -115 32 = 275a8541 2b7b95d5 d9fe78fe 98fe37ee 6c8ba351 479b4adc 49e409e4 08ec29ec
ffff8e2301f32240 2331812608 C Bo:2:011:2 0 32 >
ffff8e2301f32240 2331812613 S Bo:2:011:2 -115 32 = 29ec29e4 acec4dcc 065a274a 148ddcbe 1fd7ffd6 1fc71fcf 1fd71fd7 dfd6dfd6
ffff8e2301f33740 2331815368 C Bo:2:011:2 0 32 >
ffff8e2301f33740 2331815373 S Bo:2:011:2 -115 32 = ffd6ffd6 ffd61fd7 1fd71fd7 1fd7dfce fecedfff ffff9cbe 536ce600 8801b344
ffff8e2301f32240 2331818138 C Bo:2:011:2 0 32 >
ffff8e2301f32240 2331818141 S Bo:2:011:2 -115 32 = 596e7645 14353856 5d8fbe9f 7d97dfa7 ffa71b67 cf0b6a12 6d7313ed 56fe19ff
ffff8e2301f33740 2331820854 C Bo:2:011:2 0 32 >
ffff8e2301f33740 2331820858 S Bo:2:011:2 -115 32 = b8fe5aff d8fef2ec 4fd4b8fe 5bffb9fe f9fe74d5 04316a52 7ae6d7dd 75e5d6ed
ffff8e2301f32240 2331823674 C Bo:2:011:2 0 32 >
ffff8e2301f32240 2331823678 S Bo:2:011:2 -115 32 = baf6daf6 dafe18f6 9dffdeff 3affd9fe b8fe97f6 97fe97fe 97feb7fe 3affb9ee
ffff8e2301f33740 2331826439 C Bo:2:011:2 0 32 >
ffff8e2301f33740 2331826444 S Bo:2:011:2 -115 32 = 6a522a42 ffffffff ffffa310 a310ffff ffffffff ffffffff a3100000 00000000
ffff8e2301f32240 2331829215 C Bo:2:011:2 0 32 >
ffff8e2301f32240 2331829218 S Bo:2:011:2 -115 32 = 00000000 00000000 00000000 00000000 0000ffff ffffffff ffff1ed7 dcd6f69c
ffff8e2301f33740 2331832005 C Bo:2:011:2 0 32 >
ffff8e2301f33740 2331832011 S Bo:2:011:2 -115 32 = 84004c5b ffffffff fffffeff fffffeff ddffdeff deffdeff ffffffff ffffffff
ffff8e2301f32240 2331834730 C Bo:2:011:2 0 32 >
ffff8e2301f32240 2331834733 S Bo:2:011:2 -115 32 = feffdeff ddffdcff bbf7bbf7 9bf79af7 bbffdcff dcffbbff 3aefd8d6 f5b5d28c
ffff8e2301f33740 2331837518 C Bo:2:011:2 0 32 >
ffff8e2301f33740 2331837523 S Bo:2:011:2 -115 32 = 6d632a3a 46190611 a500c600 ca21ef4a d263178d 7bb6bfef ffffffff ffffdff7
ffff8e2301f32240 2331840317 C Bo:2:011:2 0 32 >
ffff8e2301f32240 2331840322 S Bo:2:011:2 -115 32 = 1fdf9fce 3ec61fe7 dcbdaf4a a821675a a9ab4ae4 28ec07e4 49e46be4 247aa359
ffff8e2301f33740 2331843072 C Bo:2:011:2 0 32 >
ffff8e2301f33740 2331843077 S Bo:2:011:2 -115 32 = 6fbcd5ed 57fe57f6 77ee77f6 b7fe97fe 36ee16e6 12c5cd9b 12cd98fe 37f637ee
ffff8e2301f32240 2331845853 C Bo:2:011:2 0 32 >
ffff8e2301f32240 2331845856 S Bo:2:011:2 -115 32 = f6dd4c83 23318541 ad8bd5e5 56fe15f6 f5f516fe f5fdf5f5 f5fdf5fd f5f515fe
ffff8e2301f33740 2331848579 C Bo:2:011:2 0 32 >
ffff8e2301f33740 2331848584 S Bo:2:011:2 -115 32 = b3e52eb4 4eb4f6ed 79fe38f6 37eed1b4 485a685a 8d8b53c5 57ee36f6 36fe16ee
ffff8e2301f32240 2331851386 C Bo:2:011:2 0 32 >
ffff8e2301f32240 2331851391 S Bo:2:011:2 -115 32 = ef9b8539 0329ee8b 57ee98fe 98f653cd 4a838572 a8bb4aec 29ec09e4 08dc28dc
ffff8e2301f33740 2331854145 C Bo:2:011:2 0 32 >
ffff8e2301f33740 2331854150 S Bo:2:011:2 -115 32 = 48dc49dc 69dc6bd4 4dc4275a 20009053 fffffff7 ffc6ffce 1fd71fd7 dfd6dfce
ffff8e2301f32240 2331856895 C Bo:2:011:2 0 32 >
ffff8e2301f32240 2331856898 S Bo:2:011:2 -115 32 = ffd61fd7 ffd6ffd6 1fd73fd7 3fd7bec6 5ed7ffff 3dcf7043 a500ac1a 354dbb76
ffff8e2301f33740 2331859710 C Bo:2:011:2 0 32 >
ffff8e2301f33740 2331859714 S Bo:2:011:2 -115 32 = 7a6e353d 1435595e 7d97dfaf 9d9fdea7 df97fb5e f013491a ef8b74ed 15fe19ff
ffff8e2301f32240 2331862427 C Bo:2:011:2 0 32 >
ffff8e2301f32240 2331862436 S Bo:2:011:2 -115 32 = b8fe97fe 97feb1dc 0aa3d5e5 7bffb8fe 98fed9fe 896a4531 f093d7dd b6e554e5
ffff8e2301f33740 2331865217 C Bo:2:011:2 0 32 >
ffff8e2301f33740 2331865223 S Bo:2:011:2 -115 32 = f3dc75e5 b6ed9dff baf698fe fafe77fe f9feb8fe f5f5f5f5 56fed8fe d9f68d83
ffff8e2301f32240 2331867992 C Bo:2:011:2 0 32 >
ffff8e2301f32240 2331867995 S Bo:2:011:2 -115 32 = a831f59c ffffffff ffffa310 a310ffff ffffffff ffffffff a3100000 00000000
ffff8e2301f33740 2331870859 C Bo:2:011:2 0 32 >
ffff8e2301f33740 2331870863 S Bo:2:011:2 -115 32 = 00000000 00000000 00000000 00000000 0000ffff ffff9fef fffffbbd 4c42c508
ffff8e2301f32240 2331873579 C Bo:2:011:2 0 32 >
ffff8e2301f32240 2331873584 S Bo:2:011:2 -115 32 = e929d5ad ffffddff feffdeff ddfffeff ffffffff ffffdeff fefffeff feffdeff
ffff8e2301f33740 2331876287 C Bo:2:011:2 0 32 >
ffff8e2301f33740 2331876291 S Bo:2:011:2 -115 32 = ffffffff ffffffff ffffffff feffddff 9af779ef 39ef39ef 5aef7af7 9bf7bcff
ffff8e2301f32240 2331879066 C Bo:2:011:2 0 32 >
ffff8e2301f32240 2331879069 S Bo:2:011:2 -115 32 = 9bf7d8de 16be74a5 0f74aa42 e8292511 05092609 4a2a6f4b 1164b474 578d9aa5
ffff8e2301f33740 2331881847 C Bo:2:011:2 0 32 >
ffff8e2301f33740 2331881852 S Bo:2:011:2 -115 32 = 1dbebfd6 ffd6fff7 38952300 81108a93 6bd449e4 08dce7d3 09dc2be4 2bdc48a3
ffff8e2301f32240 2331884637 C Bo:2:011:2 0 32 >
ffff8e2301f32240 2331884639 S Bo:2:011:2 -115 8 = 6259677a 73e52420
ffff8e2301f33740 2331887392 C Bo:2:011:2 0 32 >
ffff8e2301f32240 2331890119 C Bo:2:011:2 0 8 >
ffff8e2301f32e40 2331903710 C Bi:2:011:2 0 9 = a5570054 000159ff f2
ffff8e2301f32e40 2331903716 S Bi:2:011:2 -115 32 <
ffff8e2301f32240 2331904785 S Bo:2:011:2 -115 32 = a5570055 040098fe 77fe15f6 f5fd56fe f9fed9f6 70ac4762 2facb8fe 57f617ee
ffff8e2301f33740 2331904790 S Bo:2:011:2 -115 32 = 4fa4c549 e649685a 6c8374d5 57fe56fe 15f615fe f5fdd4fd d4fdf5fd f4f5f4f5
ffff8e2301f32240 2331904898 C Bo:2:011:2 0 32 >
ffff8e2301f32240 2331904902 S Bo:2:011:2 -115 32 = 93e5eda3 8b93b0bc b1bcce9b 2c83a962 485aee93 f5dd36ee 36f6f5f5 36f6b8fe
ffff8e2301f33740 2331904954 C Bo:2:011:2 0 32 >
ffff8e2301f33740 2331904958 S Bo:2:011:2 -115 32 = 13cd2852 24294752 90acf9fe b9eeed9b a772489b 0acc2ae4 4bec4be4 09d408d4
ffff8e2301f32240 2331907850 C Bo:2:011:2 0 32 >
ffff8e2301f32240 2331907854 S Bo:2:011:2 -115 32 = 68dc8ae4 aadcece4 2fed298b a2184a32 5bbe3fe7 bfd6dfde ffd6dfd6 ffd61fd7
ffff8e2301f33740 2331910535 C Bo:2:011:2 0 32 >
ffff8e2301f33740 2331910540 S Bo:2:011:2 -115 32 = ffd6ffd6 ffd61fd7 1fd7ffce 1fd7bfef ffef556c 2711e600 0d2bb75d 5d8f3d8f
ffff8e2301f32240 2331913290 C Bo:2:011:2 0 32 >
ffff8e2301f32240 2331913295 S Bo:2:011:2 -115 32 = 185ed32c 14357a66 7d97bfaf beafffaf 9e8f1846 0d036a22 309c74f5 d5f597fe
ffff8e2301f33740 2331916068 C Bo:2:011:2 0 32 >
ffff8e2301f33740 2331916071 S Bo:2:011:2 -115 32 = d8fed8fe b8fe2fc4 e67112cd 9bff77f6 16ee1aff 74cd4539 c74175d5 d7f514dd
ffff8e2301f32240 2331918854 C Bo:2:011:2 0 32 >
ffff8e2301f32240 2331918858 S Bo:2:011:2 -115 32 = f3d414dd 34dd7df7 fbfeb9fe 5bffb5f5 95ed33dd 2ec4b1d4 f5ed3aff 54c58318
ffff8e2301f33740 2331921626 C Bo:2:011:2 0 32 >
ffff8e2301f33740 2331921630 S Bo:2:011:2 -115 32 = 1284ffff ffffffff a310a310 ffffffff ffffbef7 ffffffff ffff0000 00000000
ffff8e2301f32240 2331924357 C Bo:2:011:2 0 32 >
ffff8e2301f32240 2331924361 S Bo:2:011:2 -115 32 = 00000000 00000000 00000000 00000000 0000ffff bff77fef ffff18a5 c931e408
ffff8e2301f33740 2331927137 C Bo:2:011:2 0 32 >
ffff8e2301f33740 2331927140 S Bo:2:011:2 -115 32 = af6b3ae7 feff9bff 9bff9bff 7bf7ddff fefffeff feffffff ffffffff fefffeff
ffff8e2301f32240 2331929928 C Bo:2:011:2 0 32 >
ffff8e2301f32240 2331929932 S Bo:2:011:2 -115 32 = feffdeff deffdeff fefffeff fefffeff fefffeff fefffeff ddff9cff 7bf77bff
ffff8e2301f33740 2331932707 C Bo:2:011:2 0 32 >
ffff8e2301f33740 2331932709 S Bo:2:011:2 -115 32 = 9bffbbff dcffdcff bcff7bf7 f9e657ce 74a54f7c 0b4bc721 e400a400 e5008919
ffff8e2301f32240 2331935462 C Bo:2:011:2 0 32 >
ffff8e2301f32240 2331935466 S Bo:2:011:2 -115 32 = 925b5995 3ba67ca6 b25bc731 8a938cd4 4adc09dc 49dc6ae4 09d40adc 2beccacb
ffff8e2301f33740 2331938242 C Bo:2:011:2 0 32 >
ffff8e2301f33740 2331938245 S Bo:2:011:2 -115 32 = 4482457a 8ba36fc4 11dd32ed 52ed94f5 f5edd5dd 6c834339 8c93d9fe 57f6f7ed
ffff8e2301f32240 2331941027 C Bo:2:011:2 0 32 >
ffff8e2301f32240 2331941033 S Bo:2:011:2 -115 32 = 90ac0a73 f2b491ac 275aca7a 32d556fe 36fed4f5 d4f5f5fd f5fd15fe f5fdf4f5
ffff8e2301f33740 2331943851 C Bo:2:011:2 0 32 >
ffff8e2301f33740 2331943854 S Bo:2:011:2 -115 32 = f5f573dd f0c40ea4 2a83a96a a96a6c83 f1b4f5dd 76f636f6 f5f556fe 98fe12cd
ffff8e2301f32240 2331946578 C Bo:2:011:2 0 32 >
ffff8e2301f32240 2331946582 S Bo:2:011:2 -115 32 = ea726852 4b73cd93 12bd3aff 56de6762 04622bcc 4bdc0ad4 2ad46cd4 8cdc6bd4
ffff8e2301f33740 2331949398 C Bo:2:011:2 0 32 >
ffff8e2301f33740 2331949403 S Bo:2:011:2 -115 32 = 6ad429c4 c9bb68b3 aab36b9b 4852e408 6821f99c 1fefbed6 becedfd6 ffd61fdf
ffff8e2301f32240 2331952073 C Bo:2:011:2 0 32 >
ffff8e2301f32240 2331952079 S Bo:2:011:2 -115 32 = ffd6dfce ffd63fdf 1fd7dece 5fdffff7 daa5e800 03006b12 59663d87 1d873d87
ffff8e2301f33740 2331954862 C Bo:2:011:2 0 32 >
ffff8e2301f33740 2331954864 S Bo:2:011:2 -115 32 = d74db224 5535db76 9e9f7d97 7d97bf9f 1d7ff42c ab02ab32 91b4b4f5 d4f536fe
ffff8e2301f32240 2331957670 C Bo:2:011:2 0 32 >
ffff8e2301f32240 2331957674 S Bo:2:011:2 -115 32 = f8fe39ff 97feb1dc 4782adab d9fed9fe b8f698fe 57fe0b8b c228cf9b 96e5f3cc
ffff8e2301f33740 2331960434 C Bo:2:011:2 0 32 >
ffff8e2301f33740 2331960437 S Bo:2:011:2 -115 32 = 96dd9afe 55d5d7dd b7e514d5 d2ccceb3 0b934c9b eeb3b0cc d5ed58ee cb6a2729
ffff8e2301f32240 2331963212 C Bo:2:011:2 0 32 >
ffff8e2301f32240 2331963216 S Bo:2:011:2 -115 32 = d59cffff ffffffff a3100000 a310ffff ffffffff ffffffff a3100000 00000000
ffff8e2301f33740 2331965998 C Bo:2:011:2 0 32 >
ffff8e2301f33740 2331966002 S Bo:2:011:2 -115 32 = 00000000 00000000 00000000 00000000 0000ffff 9ff77ff7 ffff3584 c9298621
ffff8e2301f32240 2331968716 C Bo:2:011:2 0 32 >
ffff8e2301f32240 2331968721 S Bo:2:011:2 -115 32 = f29cddff 9bff5af7 19ef19ef 5af75af7 5af79bf7 bcffbcff bdffddff ddfffeff
ffff8e2301f33740 2331971498 C Bo:2:011:2 0 32 >
ffff8e2301f33740 2331971503 S Bo:2:011:2 -115 32 = fefffeff fefffeff fefffeff fefffeff ffffffff ffffffff ffffffff deffbdff
ffff8e2301f32240 2331974291 C Bo:2:011:2 0 32 >
ffff8e2301f32240 2331974294 S Bo:2:011:2 -115 32 = 9cff7bf7 7af739ef 39ef59f7 79f779f7 9af75af7 f8de57c6 74adb18c cf732d5b
ffff8e2301f33740 2331977074 C Bo:2:011:2 0 32 >
ffff8e2301f33740 2331977080 S Bo:2:011:2 -115 32 = cc42e919 48096911 2709a629 097bcaab cac30adc acf4abec 2adc0adc eae30ae4
ffff8e2302151980 2331978118 S Bo:2:002:2 -115 31 = 55534243 d40d0000 00000000 00000600 00000000 00000000 00000000 000000
ffff8e2302151980 2331978140 C Bo:2:002:2 0 31 >
ffff8e2302151980 2331978152 S Bi:2:002:1 -115 13 <
ffff8e2302151980 2331978189 C Bi:2:002:1 0 13 = 55534253 d40d0000 00000000 00
ffff8e2301f32240 2331979848 C Bo:2:011:2 0 32 >
ffff8e2301f32240 2331979851 S Bo:2:011:2 -115 32 = cdeceac3 247a047a 8bb30ed4 2ed4ccbb e992c982 a972a449 2b8b16ee 37f6f6ed
ffff8e2301f33740 2331982580 C Bo:2:011:2 0 32 >
ffff8e2301f33740 2331982585 S Bo:2:011:2 -115 32 = f5e5d5e5 98fe37ee cd930652 a972d1bc 77f6b8fe 56fef5fd d4f5b4f5 d4fdf5fd
ffff8e2301f32240 2331985333 C Bo:2:011:2 0 32 >
ffff8e2301f32240 2331985335 S Bo:2:011:2 -115 8 = 15fe56fe 35f63985
ffff8e2301f33740 2331988144 C Bo:2:011:2 0 32 >
ffff8e2301f32240 2331990884 C Bo:2:011:2 0 8 >
ffff8e2301f326c0 2332004890 C Bi:2:011:2 0 9 = a5570055 00015989 46
ffff8e2301f326c0 2332004896 S Bi:2:011:2 -115 32 <
ffff8e2301f32240 2332006090 S Bo:2:011:2 -115 32 = a5570056 040073dd 11c512c5 94d515e6 56ee56f6 15f636f6 57fe57f6 74d5a972
ffff8e2301f33740 2332006095 S Bo:2:011:2 -115 32 = 643990ac 57ee36ee 56f6d8fe 32c50552 45724bcc 68ab8582 e68a2793 088b288b
ffff8e2301f32240 2332006162 C Bo:2:011:2 0 32 >
ffff8e2301f32240 2332006165 S Bo:2:011:2 -115 32 = 078b867a 05626349 23416539 05214200 43009794 9ff7bed6 ded61fdf dfd6dfd6
ffff8e2301f33740 2332006206 C Bo:2:011:2 0 32 >
ffff8e2301f33740 2332006208 S Bo:2:011:2 -115 32 = ffd6ffce dfcedfce 7fe7ffff bdbe924b 0b1ac911 cd1a554d 5d7f7e8f 5e8fdc76
ffff8e2301f32240 2332008999 C Bo:2:011:2 0 32 >
ffff8e2301f32240 2332009012 S Bo:2:011:2 -115 32 = 553dd324 d7453d87 9e9f5d97 5d8f9e97 fc76311c 6a02eb42 d2c4b4f5 f5f5d8fe
ffff8e2301f33740 2332011858 C Bo:2:011:2 0 32 >
ffff8e2301f33740 2332011862 S Bo:2:011:2 -115 32 = 39ffd8fe 97fe57fe f1d48882 eea3b9f6 bdff5aff 97f6b4e5 4b83a96a ca72cb72
ffff8e2301f32240 2332014527 C Bo:2:011:2 0 32 >
ffff8e2301f32240 2332014532 S Bo:2:011:2 -115 32 = cf93d3b4 f4b497d5 4e836b6a 6a72eb82 2c8befa3 33d5b5e5 f3c4285a a839b594
ffff8e2301f33740 2332017337 C Bo:2:011:2 0 32 >
ffff8e2301f33740 2332017341 S Bo:2:011:2 -115 32 = ffffffff ffffffff a3100000 a310ffff ffffffff ffffffff a3100000 00000000
ffff8e2301f32240 2332020069 C Bo:2:011:2 0 32 >
ffff8e2301f32240 2332020072 S Bo:2:011:2 -115 32 = 00000000 00000000 00000000 00000000 0000ffff 3ff7ffff ffffb273 2611a621
ffff8e2301f33740 2332022884 C Bo:2:011:2 0 32 >
ffff8e2301f33740 2332022889 S Bo:2:011:2 -115 32 = f6bdfeff 3af739f7 19f719ef 3aef19ef 19ef19ef 39f75af7 5af77af7 9cf7bcff
ffff8e2301f32240 2332025638 C Bo:2:011:2 0 32 >
ffff8e2301f32240 2332025641 S Bo:2:011:2 -115 32 = ddfffeff feffffff ffffffff ffffffff fffffeff defffeff ffffffff fffffeff
ffff8e2301f33740 2332028407 C Bo:2:011:2 0 32 >
ffff8e2301f33740 2332028412 S Bo:2:011:2 -115 32 = fefffeff fdfffdff dcffdcf7 bbf79af7 7af77af7 9affbbff bcff9bff 5bf7fae6
ffff8e2301f32240 2332031143 C Bo:2:011:2 0 32 >
ffff8e2301f32240 2332031147 S Bo:2:011:2 -115 32 = 16be7084 eb4a082a 8619c300 8108e328 a551056a c68a68ab 0acc8bec acfc8bf4
ffff8e2301f33740 2332033956 C Bo:2:011:2 0 32 >
ffff8e2301f33740 2332033961 S Bo:2:011:2 -115 32 = 4aece9d3 67bb47b3 49bb2ac3 6ac348b3 c79a0893 499bc882 4b93f1cc f6ed17f6
ffff8e2301f32240 2332036708 C Bo:2:011:2 0 32 >
ffff8e2301f32240 2332036710 S Bo:2:011:2 -115 32 = 16f656f6 15f657fe d5e5ad8b 475aa96a cd9312c5 b4edf5f5 16fe15fe f5fdd4f5
ffff8e2301f33740 2332039525 C Bo:2:011:2 0 32 >
ffff8e2301f33740 2332039530 S Bo:2:011:2 -115 32 = b4f5d4f5 15f656fe 76fe56fe 56fe35fe 35f656fe 77fe98fe 57f62fac e659275a
ffff8e2301f32240 2332042220 C Bo:2:011:2 0 32 >
ffff8e2301f32240 2332042225 S Bo:2:011:2 -115 32 = 8c8b16e6 98fe56fe 77fe36ee 0d9c2562 07932bcc 657a0129 84394331 8010a110
ffff8e2301f33740 2332044999 C Bo:2:011:2 0 32 >
ffff8e2301f33740 2332045011 S Bo:2:011:2 -115 32 = 03194421 c7316b42 cc428c3a 2c2a2c32 d052bcb5 5fefbfd6 dfd6ffd6 dfd6dfd6
ffff8e2301f32240 2332047858 C Bo:2:011:2 0 32 >
ffff8e2301f32240 2332047862 S Bo:2:011:2 -115 32 = 1fd71fd7 dece7dbe 5fd71ecf 7143a500 88013134 f85dfc76 9e8f9e8f 5e87595e
ffff8e2301f33740 2332050562 C Bo:2:011:2 0 32 >
ffff8e2301f33740 2332050567 S Bo:2:011:2 -115 32 = f32c1325 384e9e97 9e9f5d8f 5d8fbf9f 3d87311c 8a022c4b 13cd74ed d4f576fe
ffff8e2301f32240 2332053353 C Bo:2:011:2 0 32 >
ffff8e2301f32240 2332053356 S Bo:2:011:2 -115 32 = b7fe56fe 76fef8fe 16f60a93 a551ad9b f6e519ff 39ffb7f6 36ee91ac 084aa639
ffff8e2301f33740 2332056143 C Bo:2:011:2 0 32 >
ffff8e2301f33740 2332056147 S Bo:2:011:2 -115 32 = 084aa741 e8514a5a 2a5aa849 295af09b 34cd55d5 75cd509c 4631c518 9273ffff
ffff8e2301f32240 2332058857 C Bo:2:011:2 0 32 >
ffff8e2301f32240 2332058861 S Bo:2:011:2 -115 32 = ffffffff ffffffff a3100000 0000a310 a310ffff a310a310 00000000 00000000
ffff8e2301f33740 2332061670 C Bo:2:011:2 0 32 >
ffff8e2301f33740 2332061675 S Bo:2:011:2 -115 32 = 00000000 00000000 00000000 00000000 0000ffff 3fefffff ffff347c e9294932
ffff8e2301f32240 2332064428 C Bo:2:011:2 0 32 >
ffff8e2301f32240 2332064432 S Bo:2:011:2 -115 32 = 78cefeff 19f719ff 5af73af7 19ef39f7 39f739f7 39ef39ef 39ef3aef 3af75af7
ffff8e2301f33740 2332067212 C Bo:2:011:2 0 32 >
ffff8e2301f33740 2332067216 S Bo:2:011:2 -115 32 = 5af77bf7 9cf79cff bdffbdff ddfffeff ffffffff feffffff fefffeff fffffeff
ffff8e2301f32240 2332069998 C Bo:2:011:2 0 32 >
ffff8e2301f32240 2332070003 S Bo:2:011:2 -115 32 = ffffffff ffffffff ffffffff fefffeff fdffdcff 9bff7af7 5af73af7 3af75bff
ffff8e2301f33740 2332072725 C Bo:2:011:2 0 32 >
ffff8e2301f33740 2332072730 S Bo:2:011:2 -115 32 = bcfffdff bcf73be7 b9ceb5ad b18cad6b a94ae631 0642a762 e87a0893 69b30ad4
ffff8e2301f32240 2332075498 C Bo:2:011:2 0 32 >
ffff8e2301f32240 2332075503 S Bo:2:011:2 -115 32 = 2ae44ae4 abecabec c9d348c3 a8d3e9d3 0ad44bdc 4bdc89b3 a7828c9b f6ed58fe
ffff8e2301f33740 2332078318 C Bo:2:011:2 0 32 >
ffff8e2301f33740 2332078322 S Bo:2:011:2 -115 32 = d4f5f4ed 15f616f6 57fe16e6 b0ac275a c120e649 ee9b53d5 37ee78f6 78fe57fe
ffff8e2301f32240 2332081051 C Bo:2:011:2 0 32 >
ffff8e2301f32240 2332081056 S Bo:2:011:2 -115 32 = 97feb7fe 77fe35fe 35fe56fe 56fe56fe 77fe36fe b4e590b4 6c83275a a5412fa4
ffff8e2301f33740 2332083848 C Bo:2:011:2 0 32 >
ffff8e2301f33740 2332083852 S Bo:2:011:2 -115 32 = 57ee56f6 16f6f5f5 98fed5dd 876a4572 eac32bd4 e6826331 03116511 29226a22
ffff8e2301f32240 2332086573 C Bo:2:011:2 0 32 >
ffff8e2301f32240 2332086577 S Bo:2:011:2 -115 8 = 6b2acd3a 1464ada1
ffff8e2301f33740 2332089386 C Bo:2:011:2 0 32 >
ffff8e2301f32240 2332092098 C Bo:2:011:2 0 8 >
ffff8e2301f32e40 2332105845 C Bi:2:011:2 0 9 = a5570056 00015912 9a
ffff8e2301f32e40 2332105851 S Bi:2:011:2 -115 32 <
ffff8e2301f32240 2332107130 S Bo:2:011:2 -115 32 = a5570057 04005cae dec6bebe bdbe5db6 9ebedfd6 9fd69fce 9fcebfce ffd6bfce
ffff8e2301f33740 2332107134 S Bo:2:011:2 -115 32 = 9ec61fd7 dff7ffff 588d8911 2701ea11 4e23b74d fc765d87 df97be97 1c7f9645
ffff8e2301f32240 2332107200 C Bo:2:011:2 0 32 >
ffff8e2301f32240 2332107203 S Bo:2:011:2 -115 32 = d3245425 7956bf9f bfa75d8f 3d8f5d8f 1c775114 cb02cf63 54dd33e5 93f515fe
ffff8e2301f33740 2332107244 C Bo:2:011:2 0 32 >
ffff8e2301f33740 2332107246 S Bo:2:011:2 -115 32 = b7fe56fe 35fe56fe f5f5f1cc 0b83e659 aa7a4fac 93d5f5e5 b1bcae93 eb6a95bd
ffff8e2301f32240 2332110017 C Bo:2:011:2 0 32 >
ffff8e2301f32240 2332110022 S Bo:2:011:2 -115 32 = d7c5cf8b ae838e83 ef8b4d7b 8f8355bd 39d68e73 6729a931 b173716b 5bceffff
ffff8e2301f33740 2332112900 C Bo:2:011:2 0 32 >
ffff8e2301f33740 2332112904 S Bo:2:011:2 -115 32 = ffff7ff7 ffffffff ffffa310 00000000 0000a310 00000000 00000000 00000000
ffff8e2301f32240 2332115600 C Bo:2:011:2 0 32 >
ffff8e2301f32240 2332115604 S Bo:2:011:2 -115 32 = 00000000 00000000 00000000 00000000 0000ffff 5fef7fef ffffd694 6b3aca42
ffff8e2301f33740 2332118358 C Bo:2:011:2 0 32 >
ffff8e2301f33740 2332118362 S Bo:2:011:2 -115 32 = dad6ddff f8f619ff 39f75af7 18ef3af7 5af739f7 39f739f7 3af739ef 39ef3aef
ffff8e2301f32240 2332121143 C Bo:2:011:2 0 32 >
ffff8e2301f32240 2332121147 S Bo:2:011:2 -115 32 = 3aef1aef 3aef3aef 3aef3af7 5bf77cf7 9cffddff ddfffeff fefffeff ffffffff
ffff8e2301f33740 2332123927 C Bo:2:011:2 0 32 >
ffff8e2301f33740 2332123932 S Bo:2:011:2 -115 32 = ffffffff ffffdeff deffffff fffffeff ffffffff fffffeff fdffddff 9cff7bf7
ffff8e2301f32240 2332126670 C Bo:2:011:2 0 32 >
ffff8e2301f32240 2332126675 S Bo:2:011:2 -115 32 = 5af759ef 7aef9bf7 dcfffcff fcffbbf7 19dfd9d6 16beed73 a529c210 e2202662
ffff8e2301f33740 2332129414 C Bo:2:011:2 0 32 >
ffff8e2301f33740 2332129418 S Bo:2:011:2 -115 32 = 2bc46bdc e9cbc8cb e9d3e9e3 e8e328e4 29dcc9d3 0ae4eacb a2614672 d6ed78fe
ffff8e2301f32240 2332132212 C Bo:2:011:2 0 32 >
ffff8e2301f32240 2332132217 S Bo:2:011:2 -115 32 = 16fe35f6 35f6f5f5 36f697fe 35e690ac 4b7b0a6b a95a4752 895a0b73 ee93b1b4
ffff8e2301f33740 2332135001 C Bo:2:011:2 0 32 >
ffff8e2301f33740 2332135006 S Bo:2:011:2 -115 32 = 73cdd5d5 93cd32c5 32cd93d5 d5ddf5d5 74cd90ac 4c83e649 2329c962 12bd16ee
ffff8e2301f32240 2332137750 C Bo:2:011:2 0 32 >
ffff8e2301f32240 2332137754 S Bo:2:011:2 -115 32 = 57fe36f6 15f6f5f5 57fef2c4 e459a68a 6cec4be4 4bccc772 81088a2a dbbe1dbf
ffff8e2301f33740 2332140504 C Bo:2:011:2 0 32 >
ffff8e2301f33740 2332140507 S Bo:2:011:2 -115 32 = 5ca69eb6 dfbe9fd7 bfdfbfdf ffe7bfd7 bfdf1fd7 bfcebfce bfcedfd6 ffd6bfce
ffff8e2301f32240 2332143324 C Bo:2:011:2 0 32 >
ffff8e2301f32240 2332143328 S Bo:2:011:2 -115 32 = bece1ecf fece9cbe 2f3bc500 6b1ab43c 97559a66 5c775d7f 9e877e87 fb76d745
ffff8e2301f33740 2332146078 C Bo:2:011:2 0 32 >
ffff8e2301f33740 2332146082 S Bo:2:011:2 -115 32 = 1425952d da5eff9f 9e9f7e97 5d8f3d87 9a665114 ab0aae6b 54dd53e5 94f556fe
ffff8e2301f32240 2332148891 C Bo:2:011:2 0 32 >
ffff8e2301f32240 2332148896 S Bo:2:011:2 -115 32 = 97fe36fe d4f594f5 b4f5f5f5 94ddae8b c741a731 aa5a4c73 0b6b0742 0f8cffff
ffff8e2301f33740 2332151640 C Bo:2:011:2 0 32 >
ffff8e2301f33740 2332151643 S Bo:2:011:2 -115 32 = 1aef73c5 53c533bd 54c554c5 f08bab52 ac526f6b 748c98b5 ffffffff ffffffff
ffff8e2301f32240 2332154386 C Bo:2:011:2 0 32 >
ffff8e2301f32240 2332154390 S Bo:2:011:2 -115 32 = 9fffffff ffffffff a3100000 00000000 00000000 00000000 00000000 00000000
ffff8e2301f33740 2332157143 C Bo:2:011:2 0 32 >
ffff8e2301f33740 2332157148 S Bo:2:011:2 -115 32 = 00000000 00000000 00000000 00000000 0000ffff 7ff79ff7 ffff189d 4719e731
ffff8e2301f32240 2332159935 C Bo:2:011:2 0 32 >
ffff8e2301f32240 2332159940 S Bo:2:011:2 -115 32 = 1adfddff 19ff19f7 f8ee5af7 5af75af7 5af739f7 59f739f7 39f739f7 39f739f7
ffff8e2301f33740 2332162674 C Bo:2:011:2 0 32 >
ffff8e2301f33740 2332162677 S Bo:2:011:2 -115 32 = 3af73af7 3af73aef 3aef1aef 3aef3aef 3aef5af7 5af77bf7 9cff9cff bdffdeff
ffff8e2301f32240 2332165488 C Bo:2:011:2 0 32 >
ffff8e2301f32240 2332165493 S Bo:2:011:2 -115 32 = feffffff ffffffff ffffffff ffffffff feffffff ffffffff fefffeff fefffeff
ffff8e2301f33740 2332168222 C Bo:2:011:2 0 32 >
ffff8e2301f33740 2332168226 S Bo:2:011:2 -115 32 = feffddff dcf7baf7 9af77af7 7af7bcff fffffeff 73a54c5b 683ae731 c7290742
ffff8e2301f32240 2332171004 C Bo:2:011:2 0 32 >
ffff8e2301f32240 2332171009 S Bo:2:011:2 -115 32 = 265aa772 289368ab c9cbe9eb e8ebe8e3 09dcc8d3 2aec4be4 037a056a 33d557f6
ffff8e2301f33740 2332173856 C Bo:2:011:2 0 32 >
ffff8e2301f33740 2332173861 S Bo:2:011:2 -115 32 = 57fe15ee 15ee15f6 35f615ee 55f6b7f6 b7f652c5 4b736431 81108210 c2180321
ffff8e2301f32240 2332176582 C Bo:2:011:2 0 32 >
ffff8e2301f32240 2332176588 S Bo:2:011:2 -115 32 = 44298539 c639484a a95a6852 c6398529 6529e739 a9526c7b 4f9c93cd 77fe36f6
ffff8e2301f33740 2332179358 C Bo:2:011:2 0 32 >
ffff8e2301f33740 2332179363 S Bo:2:011:2 -115 32 = f5f5f5f5 15f6b8fe 73cde972 667247ab 2ae42aec acec689b 80104e4b fff7fff7
ffff8e2301f32240 2332182069 C Bo:2:011:2 0 32 >
ffff8e2301f32240 2332182073 S Bo:2:011:2 -115 32 = 3fc7bfe7 7fdfbfbe 5fae7fb6 7fb69fbe bfc69fc6 dfd6dfce bfcebfce dfd65fe7
ffff8e2301f33740 2332184858 C Bo:2:011:2 0 32 >
ffff8e2301f33740 2332184863 S Bo:2:011:2 -115 32 = ffff3cae ab192809 ea111134 564d595e 9a5eba56 1b679e7f 9e875d7f bb663956
ffff8e2301f32240 2332187603 C Bo:2:011:2 0 32 >
ffff8e2301f32240 2332187607 S Bo:2:011:2 -115 8 = 95351746 7d977dda
ffff8e2301f33740 2332190431 C Bo:2:011:2 0 32 >
ffff8e2301f32240 2332193140 C Bo:2:011:2 0 8 >
ffff8e2301f326c0 2332206846 C Bi:2:011:2 0 9 = a5570057 00015964 2e
ffff8e2301f326c0 2332206852 S Bi:2:011:2 -115 32 <
ffff8e2301f32240 2332207912 S Bo:2:011:2 -115 32 = a5570058 0400ffd7 9daf9d87 5d871b77 deaf3445 29028d6b 95e594ed 94ed15fe
ffff8e2301f33740 2332207916 S Bo:2:011:2 -115 32 = d4f593ed 73ed53e5 73edb5ed 95ddf09b 293a6709 937c8f5b 29326521 308cffff
ffff8e2301f32240 2332207982 C Bo:2:011:2 0 32 >
ffff8e2301f32240 2332207987 S Bo:2:011:2 -115 32 = 19f714de d3d551cd 11c532c5 ad83c410 2b3affff ffffffff ffffffff ffff9ff7
ffff8e2301f33740 2332208028 C Bo:2:011:2 0 32 >
ffff8e2301f33740 2332208031 S Bo:2:011:2 -115 32 = 9fffffff ffffffff a3100000 00000000 00000000 00000000 00000000 00000000
ffff8e2301f32240 2332210862 C Bo:2:011:2 0 32 >
ffff8e2301f32240 2332210865 S Bo:2:011:2 -115 32 = 00000000 00000000 00000000 00000000 0000ffff 9ff7ffff ffffdbbd a929c731
ffff8e2301f33740 2332213599 C Bo:2:011:2 0 32 >
ffff8e2301f33740 2332213604 S Bo:2:011:2 -115 32 = 98d6dbff 59f75af7 5af77af7 5af739ef 5af75af7 5af75af7 3af739f7 39f739f7
ffff8e2301f32240 2332216360 C Bo:2:011:2 0 32 >
ffff8e2301f32240 2332216363 S Bo:2:011:2 -115 32 = 39f73af7 3af73af7 3af73af7 3af73aef 3aef3aef 3aef3aef 3aef5af7 5af77bf7
ffff8e2301f33740 2332219146 C Bo:2:011:2 0 32 >
ffff8e2301f33740 2332219151 S Bo:2:011:2 -115 32 = 9bffbcff ddffdeff feffffff ffffffff ffffffff fefffeff feffdeff feffffff
ffff8e2301f32240 2332221923 C Bo:2:011:2 0 32 >
ffff8e2301f32240 2332221926 S Bo:2:011:2 -115 32 = ffffffff ffffffff ffffffff deffffff dad60f84 0311a629 5084b194 12a5ae73
ffff8e2301f33740 2332224737 C Bo:2:011:2 0 32 >
ffff8e2301f33740 2332224742 S Bo:2:011:2 -115 32 = e4180421 265a289b a9c3e9e3 e8eba8e3 e9e34aec 6aec2ae4 c9c36682 a87273cd
ffff8e2301f32240 2332227427 C Bo:2:011:2 0 32 >
ffff8e2301f32240 2332227431 S Bo:2:011:2 -115 32 = 77f636ee 36f615f6 35f655ee 35f635ee 14eed3dd b3cd31bd 8f9ccd7b ea620742
ffff8e2301f33740 2332230215 C Bo:2:011:2 0 32 >
ffff8e2301f33740 2332230219 S Bo:2:011:2 -115 32 = a6398531 65310742 2842c739 25292521 e739cb5a 0e8c93c5 77f697fe 56f635fe
ffff8e2301f32240 2332233006 C Bo:2:011:2 0 32 >
ffff8e2301f32240 2332233012 S Bo:2:011:2 -115 32 = 16fed5fd 15f65aff ec93e028 899b6bd4 e8d309e4 6ae429c4 866a894a 94741cae
ffff8e2301f33740 2332235858 C Bo:2:011:2 0 32 >
ffff8e2301f33740 2332235862 S Bo:2:011:2 -115 32 = 9fc65fbe 5fbebfc6 bfc6bfc6 bfc69fbe 7fbe7fc6 bfcedfd6 9ece9ece ffce3fd7
ffff8e2301f32240 2332238517 C Bo:2:011:2 0 32 >
ffff8e2301f32240 2332238526 S Bo:2:011:2 -115 32 = 9cb6d35b 85002701 4e237a6e fc767956 58465846 1c67df87 be875d7f 5956d31c
ffff8e2301f33740 2332241269 C Bo:2:011:2 0 32 >
ffff8e2301f33740 2332241273 S Bo:2:011:2 -115 32 = 5425ba5e 9fbfdfff ffff9e9f 3c7fda66 1b67b234 e801ce7b 95e594ed d5f5d5f5
ffff8e2301f32240 2332244069 C Bo:2:011:2 0 32 >
ffff8e2301f32240 2332244072 S Bo:2:011:2 -115 32 = 52e532dd 52dd32e5 53ddb1bc ae834b42 e919ea11 736cd163 6b326719 cc525cef
ffff8e2301f33740 2332246854 C Bo:2:011:2 0 32 >
ffff8e2301f33740 2332246857 S Bo:2:011:2 -115 32 = 5aff75ee 54eef3dd 30c592cd 919c2a3a f594ffff ffffffff 7ff77ff7 ffff7ff7
ffff8e2301f32240 2332249648 C Bo:2:011:2 0 32 >
ffff8e2301f32240 2332249658 S Bo:2:011:2 -115 32 = ffffffff ffffa310 00000000 00000000 00000000 00000000 00000000 00000000
ffff8e2301f33740 2332252359 C Bo:2:011:2 0 32 >
ffff8e2301f33740 2332252369 S Bo:2:011:2 -115 32 = 00000000 00000000 00000000 00000000 0000ffff 9ff7ffff 5ff7ffde 789d6d63
ffff8e2301f32240 2332255142 C Bo:2:011:2 0 32 >
ffff8e2301f32240 2332255151 S Bo:2:011:2 -115 32 = 93ad38e7 38ef79f7 9aff59f7 39f739f7 39f739f7 39f739f7 39f73af7 3af739f7
ffff8e2301f33740 2332257935 C Bo:2:011:2 0 32 >
ffff8e2301f33740 2332257944 S Bo:2:011:2 -115 32 = 3af73af7 3af73af7 3af73af7 3af75af7 5af75af7 39f73af7 39ef39ef 3aef3aef
ffff8e2301f32240 2332260748 C Bo:2:011:2 0 32 >
ffff8e2301f32240 2332260761 S Bo:2:011:2 -115 32 = 3aef3af7 5af77bf7 9bf79cff bdffddff defffeff fefffeff fefffeff fefffeff
ffff8e2301f33740 2332263544 C Bo:2:011:2 0 32 >
ffff8e2301f33740 2332263555 S Bo:2:011:2 -115 32 = feffdeff deffffff ffffffff ffff1adf ca520419 6d63708c f1a4f1ac 94bd7194
ffff8e2301f32240 2332266213 C Bo:2:011:2 0 32 >
ffff8e2301f32240 2332266224 S Bo:2:011:2 -115 32 = e8294619 843169a3 0ad4e9e3 e9eba7e3 e8e34aec 09e4a8db 8cecc69a 21498fb4
ffff8e2301f33740 2332269007 C Bo:2:011:2 0 32 >
ffff8e2301f33740 2332269021 S Bo:2:011:2 -115 32 = 97fe16f6 15f615f6 56f636ee 15ee14ee 14ee55f6 97fed7fe b7fe76f6 f4e593d5
ffff8e2301f32240 2332271887 C Bo:2:011:2 0 32 >
ffff8e2301f32240 2332271900 S Bo:2:011:2 -115 32 = 52c5f1bc 90ac90ac 4fa490ac f1bc73c5 f5d515de 15e635ee 15eef5f5 15f615fe
ffff8e2301f33740 2332274539 C Bo:2:011:2 0 32 >
ffff8e2301f33740 2332274551 S Bo:2:011:2 -115 32 = f5f5f5fd 77feb8f6 4a7b2129 eba3cddc 4bdc6bdc 6bdceeec 8dc44331 00001374
ffff8e2301f32240 2332277363 C Bo:2:011:2 0 32 >
ffff8e2301f32240 2332277375 S Bo:2:011:2 -115 32 = bfefdfd6 5fbebfc6 9fbebfc6 dfc6bfc6 bfc6bfc6 bfc6ffce 9fefdff7 3fcfb353
ffff8e2301f33740 2332280144 C Bo:2:011:2 0 32 >
ffff8e2301f33740 2332280154 S Bo:2:011:2 -115 32 = 28092701 8c22f454 396e1c7f ba66f73d 373eb956 5d77be87 9e87fc6e f745d31c
ffff8e2301f32240 2332282884 C Bo:2:011:2 0 32 >
ffff8e2301f32240 2332282900 S Bo:2:011:2 -115 32 = 952dba5e 1b775c97 beb7bfaf 5c871b77 795ecf23 c7110f8c 54dd74e5 94e594ed
ffff8e2301f33740 2332285669 C Bo:2:011:2 0 32 >
ffff8e2301f33740 2332285679 S Bo:2:011:2 -115 32 = 52dd12dd 52dd53e5 b2b4cc5a e8212b12 cd22ee22 2b122b1a ad324c32 06119194
ffff8e2301f32240 2332288439 C Bo:2:011:2 0 32 >
ffff8e2301f32240 2332288449 S Bo:2:011:2 -115 8 = 1aff59ff 9aff9988
ffff8e2301f33740 2332291176 C Bo:2:011:2 0 32 >
ffff8e2301f32240 2332293937 C Bo:2:011:2 0 8 >
ffff8e2301f32e40 2332307859 C Bi:2:011:2 0 9 = a5570058 000159b0 c0
ffff8e2301f32e40 2332307874 S Bi:2:011:2 -115 32 <
ffff8e2301f32240 2332309234 S Bo:2:011:2 -115 32 = a5570059 0400bbff f8f6f1ac 6b4ad06b ffff5eef 3ee71eef 3eefffff ffffffff
ffff8e2301f33740 2332309239 S Bo:2:011:2 -115 32 = ffffffff ffffa310 00000000 00000000 00000000 00000000 00000000 00000000
ffff8e2301f32240 2332309303 C Bo:2:011:2 0 32 >
ffff8e2301f32240 2332309305 S Bo:2:011:2 -115 32 = 00000000 00000000 00000000 00000000 0000ffff ffffdfff 9fffffff dcceaf63
ffff8e2301f33740 2332309346 C Bo:2:011:2 0 32 >
ffff8e2301f33740 2332309347 S Bo:2:011:2 -115 32 = 8d6b77d6 96de96d6 f7e6f8e6 39f759f7 7aff7aff 7aff5aff 5af75af7 3af73af7
ffff8e2301f32240 2332312147 C Bo:2:011:2 0 32 >
ffff8e2301f32240 2332312155 S Bo:2:011:2 -115 32 = 3af73af7 3af73af7 3af73af7 39f739ef 39f759f7 59f759f7 59f739f7 3af739f7
ffff8e2301f33740 2332314955 C Bo:2:011:2 0 32 >
ffff8e2301f33740 2332314973 S Bo:2:011:2 -115 32 = 3af73aef 1aef3aef 1aef39ef 3aef5af7 7bf79bf7 bcffddff fefffeff feffffff
ffff8e2301f32240 2332317704 C Bo:2:011:2 0 32 >
ffff8e2301f32240 2332317717 S Bo:2:011:2 -115 32 = ffffffff ffffffff ffffffff b9d66c63 283aec52 b6add5bd 32ad53b5 33b513ad
ffff8e2301f33740 2332320465 C Bo:2:011:2 0 32 >
ffff8e2301f33740 2332320478 S Bo:2:011:2 -115 32 = 30846619 02212bbc acece8db 09ecc8e3 e8db09e4 e9dbe9db 2be489bb a782c872
ffff8e2301f32240 2332323220 C Bo:2:011:2 0 32 >
ffff8e2301f32240 2332323228 S Bo:2:011:2 -115 32 = 90b477fe 36f615f6 56f6d5ed f5ed35f6 76fe35fe f5f5f4f5 f4f514f6 35fe55fe
ffff8e2301f33740 2332326038 C Bo:2:011:2 0 32 >
ffff8e2301f33740 2332326050 S Bo:2:011:2 -115 32 = 76fe56fe 56fe55f6 55f655f6 96feb6fe b6fe96fe 56fe15fe f5fd15fe 16fe15fe
ffff8e2301f32240 2332328860 C Bo:2:011:2 0 32 >
ffff8e2301f32240 2332328874 S Bo:2:011:2 -115 32 = 15f6b7fe 55e6b0b4 c862e541 087b899b 89abaab3 8aabcbbb 6b9b0329 0000f26b
ffff8e2301f33740 2332331567 C Bo:2:011:2 0 32 >
ffff8e2301f33740 2332331578 S Bo:2:011:2 -115 32 = dff7ffd6 7fc6dfce bfc6dfce dfcebfc6 bfc69fc6 9ebe9fdf fff71ba6 b3536909
ffff8e2301f32240 2332334292 C Bo:2:011:2 0 32 >
ffff8e2301f32240 2332334307 S Bo:2:011:2 -115 32 = a5002e2b b865fc86 3d8fdb76 184ed635 783e3b67 7d7f7e87 5d77795e 9635752d
ffff8e2301f33740 2332337122 C Bo:2:011:2 0 32 >
ffff8e2301f33740 2332337135 S Bo:2:011:2 -115 32 = f635b956 1b775c87 7d97df9f 7d8f3c7f 385eec12 e82191a4 54dd74e5 53dd73e5
ffff8e2301f32240 2332339883 C Bo:2:011:2 0 32 >
ffff8e2301f32240 2332339898 S Bo:2:011:2 -115 32 = 94e533dd f2cc92ac 8f6be921 ea09ce22 0f23ad1a 8d1aeb09 b24b757c a929a831
ffff8e2301f33740 2332342688 C Bo:2:011:2 0 32 >
ffff8e2301f33740 2332342701 S Bo:2:011:2 -115 32 = d08bd5cd b9de57ce ce830621 f05affff ffffffff ffffffff ffffffff ffffffff
ffff8e2301f32240 2332345384 C Bo:2:011:2 0 32 >
ffff8e2301f32240 2332345398 S Bo:2:011:2 -115 32 = ffffffff a3100000 00000000 00000000 00000000 00000000 00000000 00000000
ffff8e2301f33740 2332348147 C Bo:2:011:2 0 32 >
ffff8e2301f33740 2332348154 S Bo:2:011:2 -115 32 = 00000000 00000000 00000000 00000000 0000ffff ffffffff ffffffff ffff8b42
ffff8e2301f32240 2332350958 C Bo:2:011:2 0 32 >
ffff8e2301f32240 2332350973 S Bo:2:011:2 -115 32 = 652137ce 15d6d4c5 15ce35d6 76de97de b8e6f8ee f9ee19f7 3af73af7 5af75af7
ffff8e2301f33740 2332353725 C Bo:2:011:2 0 32 >
ffff8e2301f33740 2332353736 S Bo:2:011:2 -115 32 = 5af73af7 39ef3af7 3aef39f7 3af739f7 5af75af7 5af75af7 3af73af7 39f739f7
ffff8e2301f32240 2332356498 C Bo:2:011:2 0 32 >
ffff8e2301f32240 2332356508 S Bo:2:011:2 -115 32 = 39f73aef 3aef39ef 39ef39ef 39ef39ef 39ef39ef 5af77af7 7bf79cf7 bcffddff
ffff8e2301f33740 2332359318 C Bo:2:011:2 0 32 >
ffff8e2301f33740 2332359337 S Bo:2:011:2 -115 32 = defffeff ffffffff fffffeff d1940519 a7298b42 ab4a0c5b 0f7cf29c 33b533bd
ffff8e2301f32240 2332361999 C Bo:2:011:2 0 32 >
ffff8e2301f32240 2332362011 S Bo:2:011:2 -115 32 = b29c0411 84396cc4 6ae408e4 28e408e4 e8dbc8d3 08d44ae4 09dc6bdc ceccc351
ffff8e2301f33740 2332364888 C Bo:2:011:2 0 32 >
ffff8e2301f33740 2332364901 S Bo:2:011:2 -115 32 = 876216e6 57fe15f6 15f6f5f5 15f615f6 14f615f6 15f615fe 15fe15fe 34fe14fe
ffff8e2301f32240 2332367538 C Bo:2:011:2 0 32 >
ffff8e2301f32240 2332367548 S Bo:2:011:2 -115 32 = 14f615fe 55fe76fe 96fe76fe 35fe14f6 13f614fe 14f6f5fd d5fdd5f5 15fe36fe
ffff8e2301f33740 2332370360 C Bo:2:011:2 0 32 >
ffff8e2301f33740 2332370371 S Bo:2:011:2 -115 32 = 36f6f9fe 52b5c439 e2180219 23214229 a4418441 43390331 2531e941 6c42d784
ffff8e2301f32240 2332373144 C Bo:2:011:2 0 32 >
ffff8e2301f32240 2332373150 S Bo:2:011:2 -115 32 = bfce9fce 9fc6bfce bfc6bfc6 dfcedfc6 dec61fcf 9eb69eb6 96740809 a500ed22
ffff8e2301f33740 2332375885 C Bo:2:011:2 0 32 >
ffff8e2301f33740 2332375897 S Bo:2:011:2 -115 32 = 934c1866 1c7f1d87 bb767956 373e1636 98465c67 be879e87 db661846 752d1846
ffff8e2301f32240 2332378668 C Bo:2:011:2 0 32 >
ffff8e2301f32240 2332378679 S Bo:2:011:2 -115 32 = d6359956 db6e5d8f 9e975d87 3c875d87 39668b1a e829b1ac 74dd74e5 53dd53dd
ffff8e2301f33740 2332381453 C Bo:2:011:2 0 32 >
ffff8e2301f33740 2332381466 S Bo:2:011:2 -115 32 = 34ddb3c4 2e6bad3a 95643033 4c12ce1a ce1a6d12 2c0aaa01 756cbdce f69cd27b
ffff8e2301f32240 2332384213 C Bo:2:011:2 0 32 >
ffff8e2301f32240 2332384223 S Bo:2:011:2 -115 32 = ea41c520 8939eb41 0b42b173 9dceffff ffffffff ffffffff ffffffff ffffffff
ffff8e2301f33740 2332386988 C Bo:2:011:2 0 32 >
ffff8e2301f33740 2332387001 S Bo:2:011:2 -115 32 = a310a310 00000000 00000000 00000000 00000000 00000000 00000000 00000000
ffff8e2301f32240 2332389776 C Bo:2:011:2 0 32 >
ffff8e2301f32240 2332389789 S Bo:2:011:2 -115 8 = 00000000 00008e5e
ffff8e2301f33740 2332392499 C Bo:2:011:2 0 32 >
ffff8e2301f32240 2332395225 C Bo:2:011:2 0 8 >
ffff8e2301f326c0 2332408872 C Bi:2:011:2 0 9 = a5570059 000159c6 74
ffff8e2301f326c0 2332408887 S Bi:2:011:2 -115 32 <
ffff8e2301f32240 2332410112 S Bo:2:011:2 -115 32 = a557005a 04000000 00000000 00000000 0000ffff ffffffff ffffffff ffffea39
ffff8e2301f33740 2332410116 S Bo:2:011:2 -115 32 = 8208f6c5 57ded5c5 f5c5b4c5 93c5b4c5 b4c5b4c5 d5cd16ce 56deb8e6 f9ee39ef
ffff8e2301f32240 2332410183 C Bo:2:011:2 0 32 >
ffff8e2301f32240 2332410186 S Bo:2:011:2 -115 32 = 5af75af7 5af75af7 5af75af7 5af75af7 5af75af7 5af73af7 3af73af7 39f739f7
ffff8e2301f33740 2332410226 C Bo:2:011:2 0 32 >
ffff8e2301f33740 2332410227 S Bo:2:011:2 -115 32 = 39f739f7 3af73af7 39f759f7 59f759f7 59f739f7 19ef19ef 19ef19ef 3aef5bf7
ffff8e2301f32240 2332413044 C Bo:2:011:2 0 32 >
ffff8e2301f32240 2332413055 S Bo:2:011:2 -115 32 = 5bf77bf7 bcffffff bdf716c6 eb524621 6a42ec52 4942e831 4942cb52 33adf6cd
ffff8e2301f33740 2332415867 C Bo:2:011:2 0 32 >
ffff8e2301f33740 2332415879 S Bo:2:011:2 -115 32 = b29cc731 47522cbc 49d408d4 07dc08e4 08dc08d4 29cc49d4 29d46bcc adbc0873
ffff8e2301f32240 2332418563 C Bo:2:011:2 0 32 >
ffff8e2301f32240 2332418574 S Bo:2:011:2 -115 32 = e541a962 33cd98fe 36fef5fd 16fef5f5 14f635f6 15f6f5f5 f5fdd4fd d4f5f4f5
ffff8e2301f33740 2332421360 C Bo:2:011:2 0 32 >
ffff8e2301f33740 2332421372 S Bo:2:011:2 -115 32 = d4ed72e5 31dd52dd 72e572e5 93edf4f5 f4f5d3f5 d4f5d5fd d5fdd5fd f5fd16f6
ffff8e2301f32240 2332424077 C Bo:2:011:2 0 32 >
ffff8e2301f32240 2332424087 S Bo:2:011:2 -115 32 = 77f6d4cd ac7b2319 04098719 67112611 c8296719 67192611 0a323895 7dbedece
ffff8e2301f33740 2332426861 C Bo:2:011:2 0 32 >
ffff8e2301f33740 2332426872 S Bo:2:011:2 -115 32 = dfcebfce 9fc69fc6 9fc6bfc6 ffcebfe7 ffff5dae 52430d22 49090701 0a1a1555
ffff8e2301f32240 2332429675 C Bo:2:011:2 0 32 >
ffff8e2301f32240 2332429688 S Bo:2:011:2 -115 32 = fc7e3d87 1c87db76 79565846 573e773e d94e5c6f 7d7f3c6f 9a56183e 952d552d
ffff8e2301f33740 2332432432 C Bo:2:011:2 0 32 >
ffff8e2301f33740 2332432444 S Bo:2:011:2 -115 32 = 384e9956 da669e97 bf9fdb76 bb769e97 9a764a1a c72991a4 95dd94e5 53dd34dd
ffff8e2301f32240 2332435246 C Bo:2:011:2 0 32 >
ffff8e2301f32240 2332435258 S Bo:2:011:2 -115 32 = 51accc52 4b1a6d12 f022d022 af1acf1a ef1aae12 4c0aaa01 7574ffff ffffddde
ffff8e2301f33740 2332437936 C Bo:2:011:2 0 32 >
ffff8e2301f33740 2332437948 S Bo:2:011:2 -115 32 = f69cb59c 716b3484 1edfffff ffff7ef7 bfffdff7 ffffdfff ffffffff ffffa310
ffff8e2301f32240 2332440738 C Bo:2:011:2 0 32 >
ffff8e2301f32240 2332440750 S Bo:2:011:2 -115 32 = 00000000 00000000 00000000 00000000 00000000 00000000 00000000 00000000
ffff8e2301f33740 2332443530 C Bo:2:011:2 0 32 >
ffff8e2301f33740 2332443540 S Bo:2:011:2 -115 32 = 00000000 00000000 00000000 00000000 0000a310 ffffffff ffffffff ffff37a5
ffff8e2301f32240 2332446317 C Bo:2:011:2 0 32 >
ffff8e2301f32240 2332446330 S Bo:2:011:2 -115 32 = 4a42ef7b b5bd15c6 d4c5d5cd d5d5f5cd f5cdf5cd d5cdf5cd f5cdf5cd 35d677de
ffff8e2301f33740 2332449079 C Bo:2:011:2 0 32 >
ffff8e2301f33740 2332449090 S Bo:2:011:2 -115 32 = b7e6f8e6 19ef39ef 39f75af7 5af75af7 5af75af7 59f759f7 3af75af7 5af73af7
ffff8e2301f32240 2332451885 C Bo:2:011:2 0 32 >
ffff8e2301f32240 2332451899 S Bo:2:011:2 -115 32 = 5af75af7 5af75af7 3af739f7 39f739f7 39f739f7 39f739f7 39ef19ef 1aef1aef
ffff8e2301f33740 2332454605 C Bo:2:011:2 0 32 >
ffff8e2301f33740 2332454618 S Bo:2:011:2 -115 32 = 3aef3af7 5af7feff 98d6ad73 894a2c63 b19415be b9d61adf 54a5a721 a829cb52
ffff8e2301f32240 2332457397 C Bo:2:011:2 0 32 >
ffff8e2301f32240 2332457409 S Bo:2:011:2 -115 32 = 0f7cae73 274aaa9b cce449dc 48dc48e4 49dc6ad4 acdcacd4 4bcceaab e76a6742
ffff8e2301f33740 2332460144 C Bo:2:011:2 0 32 >
ffff8e2301f33740 2332460154 S Bo:2:011:2 -115 32 = c621e308 6d73f6e5 16f6f5fd d5fdd5f5 f5f515fe 15fed5fd b5fdf5fd f5f515f6
ffff8e2301f32240 2332462903 C Bo:2:011:2 0 32 >
ffff8e2301f32240 2332462914 S Bo:2:011:2 -115 32 = b3e5afc4 edabcca3 edab6ebc 51ddd4f5 14f614fe f5fdd5fd d5fdf5fd f5f577f6
ffff8e2301f33740 2332465729 C Bo:2:011:2 0 32 >
ffff8e2301f33740 2332465742 S Bo:2:011:2 -115 32 = 78e62a63 e629727c 989d398d 198df98c f98cd884 5a8dd87c 7a9d9fc6 1fd75fdf
ffff8e2301f32240 2332468433 C Bo:2:011:2 0 32 >
ffff8e2301f32240 2332468448 S Bo:2:011:2 -115 32 = ffd69fce 7fc6ffd6 7fe7bfef dfc61cae b99df03a 85008500 8c1a155d d86dbb76
ffff8e2301f33740 2332471239 C Bo:2:011:2 0 32 >
ffff8e2301f33740 2332471250 S Bo:2:011:2 -115 32 = 3d7f7d87 1c77995e 37463736 572eb946 5c679d77 3b679956 3846f83d b62d752d
ffff8e2301f32240 2332474002 C Bo:2:011:2 0 32 >
ffff8e2301f32240 2332474017 S Bo:2:011:2 -115 32 = 173e584e ba665d87 5d871c7f fb7e9e97 59760912 a62971a4 b5e5b5ed 13d531a4
ffff8e2301f33740 2332476749 C Bo:2:011:2 0 32 >
ffff8e2301f33740 2332476762 S Bo:2:011:2 -115 32 = ed526c1a f243512b f022522b 312b1123 31231023 6c128901 f35bffff ffffffff
ffff8e2301f32240 2332479513 C Bo:2:011:2 0 32 >
ffff8e2301f32240 2332479532 S Bo:2:011:2 -115 32 = ffffffff ffffffff ffffffff ffffffff 9ff7bff7 dff7ffff ffffffff ffffa310
ffff8e2301f33740 2332482296 C Bo:2:011:2 0 32 >
ffff8e2301f33740 2332482309 S Bo:2:011:2 -115 32 = 00000000 00000000 00000000 00000000 00000000 00000000 00000000 00000000
ffff8e2301f32240 2332485080 C Bo:2:011:2 0 32 >
ffff8e2301f32240 2332485095 S Bo:2:011:2 -115 32 = 00000000 00000000 00000000 00000000 0000a310 ffffffff ffff3fef dfffffff
ffff8e2301f33740 2332487877 C Bo:2:011:2 0 32 >
ffff8e2301f33740 2332487890 S Bo:2:011:2 -115 32 = 169d4100 694237ce b7e615d6 f5cd15ce 15cef5cd f5cd15ce 15cef5cd f4cdd4cd
ffff8e2301f32240 2332490577 C Bo:2:011:2 0 32 >
ffff8e2301f32240 2332490589 S Bo:2:011:2 -115 8 = f5cdf5cd 15cecb81
ffff8e2301f33740 2332493385 C Bo:2:011:2 0 32 >
ffff8e2301f32240 2332496126 C Bo:2:011:2 0 8 >
ffff8e2301f32e40 2332509894 C Bi:2:011:2 0 9 = a557005a 0001595d a8
ffff8e2301f32e40 2332509909 S Bi:2:011:2 -115 32 <
ffff8e2301f32240 2332510910 S Bo:2:011:2 -115 32 = a557005b 040056d6 77de97de d8e619ef 5af77af7 7af77af7 5af75af7 5af75af7
ffff8e2301f33740 2332510914 S Bo:2:011:2 -115 32 = 5af739f7 39f739f7 3af75af7 3af73af7 39f739f7 39f739f7 3af73af7 3af71aef
ffff8e2301f32240 2332510978 C Bo:2:011:2 0 32 >
ffff8e2301f32240 2332510981 S Bo:2:011:2 -115 32 = 3aef3af7 39f7fdff d19c4842 8d6bf29c 56ce59f7 ffff3be7 ee730932 06110511
ffff8e2301f33740 2332511020 C Bo:2:011:2 0 32 >
ffff8e2301f33740 2332511021 S Bo:2:011:2 -115 32 = 2c63ce73 6529e97a aed48bdc 6adc49d4 c8b367a3 479b289b 288b8662 e529471a
ffff8e2301f32240 2332513861 C Bo:2:011:2 0 32 >
ffff8e2301f32240 2332513872 S Bo:2:011:2 -115 32 = 6d3bec3a c7218952 2fa4b4e5 78fe57fe 16fed5fd f5fdb5fd d5fdf5fd 15f635f6
ffff8e2301f33740 2332516599 C Bo:2:011:2 0 32 >
ffff8e2301f33740 2332516612 S Bo:2:011:2 -115 32 = 15ee73dd 8fc42eb4 6fbc11d5 f4f515fe f4f5f4fd 15fef5fd f5f536f6 b8fe58e6
ffff8e2301f32240 2332519359 C Bo:2:011:2 0 32 >
ffff8e2301f32240 2332519369 S Bo:2:011:2 -115 32 = 91a48529 692a7ddf ffff5fd7 7fd79fe7 5fd77fd7 bfd75fcf 1fd7bfce 9fc67fc6
ffff8e2301f33740 2332522171 C Bo:2:011:2 0 32 >
ffff8e2301f33740 2332522183 S Bo:2:011:2 -115 32 = 7fc6dfce bfce9fe7 ffffffef 1ca60d22 8500a400 0912b03b 975dfc7e 7e8f7e87
ffff8e2301f32240 2332524858 C Bo:2:011:2 0 32 >
ffff8e2301f32240 2332524870 S Bo:2:011:2 -115 32 = 5d87fc6e 99565846 3736372e 982e1b57 7d775c6f b9567846 583ef735 75257525
ffff8e2301f33740 2332527704 C Bo:2:011:2 0 32 >
ffff8e2301f33740 2332527715 S Bo:2:011:2 -115 32 = b52df635 b95e1b77 3c7f3c7f 3c7f5c87 b765e819 e839d2b4 f6edf2cc 35c5538c
ffff8e2301f32240 2332530444 C Bo:2:011:2 0 32 >
ffff8e2301f32240 2332530456 S Bo:2:011:2 -115 32 = ce2a3023 11237333 3223b433 b4333123 11233023 6d12aa01 8e327dbe ffffffff
ffff8e2301f33740 2332533249 C Bo:2:011:2 0 32 >
ffff8e2301f33740 2332533263 S Bo:2:011:2 -115 32 = ffffffff ffffffff 7fefffff ffffffff bff7dfff bff7ffff ffffffff ffffa310
ffff8e2301f32240 2332536034 C Bo:2:011:2 0 32 >
ffff8e2301f32240 2332536047 S Bo:2:011:2 -115 32 = 00000000 00000000 00000000 00000000 00000000 00000000 00000000 00000000
ffff8e2301f33740 2332538883 C Bo:2:011:2 0 32 >
ffff8e2301f33740 2332538899 S Bo:2:011:2 -115 32 = 00000000 00000000 00000000 00000000 0000a310 ffffffff ffff5fef ffffffff
ffff8e2301f32240 2332541536 C Bo:2:011:2 0 32 >
ffff8e2301f32240 2332541547 S Bo:2:011:2 -115 32 = 1bbeac42 4a322f7c 94b5d5c5 16c616c6 36ce36ce f5cdf5cd f5cdf5cd f5cdf5cd
ffff8e2301f33740 2332544322 C Bo:2:011:2 0 32 >
ffff8e2301f33740 2332544333 S Bo:2:011:2 -115 32 = f5cdf4cd f4cdf5cd f5cdf5cd 15d656d6 97ded8e6 f8ee19ef 39ef3af7 5af75af7
ffff8e2301f32240 2332547074 C Bo:2:011:2 0 32 >
ffff8e2301f32240 2332547084 S Bo:2:011:2 -115 32 = 5af75af7 5af739f7 39f739f7 3af73af7 39f739f7 39f739f7 39f739f7 3af739ef
ffff8e2301f33740 2332549892 C Bo:2:011:2 0 32 >
ffff8e2301f33740 2332549904 S Bo:2:011:2 -115 32 = 5af759f7 7af7dcff 0b638629 9194b4bd f8e67af7 7cf7ae73 4521b6ad dad6f6bd
ffff8e2301f32240 2332552600 C Bo:2:011:2 0 32 >
ffff8e2301f32240 2332552613 S Bo:2:011:2 -115 32 = 918c083a e410c741 676aa77a 85726572 2562a341 a028c120 4329e208 c92a714c
ffff8e2301f33740 2332555363 C Bo:2:011:2 0 32 >
ffff8e2301f33740 2332555378 S Bo:2:011:2 -115 32 = 6e338b2a 8711c729 2b732ea4 12c595dd f6f5d6fd d5fdf5fd 16fe15f6 15f635f6
ffff8e2301f32240 2332558144 C Bo:2:011:2 0 32 >
ffff8e2301f32240 2332558157 S Bo:2:011:2 -115 32 = 56f656fe 15f6d4ed f4ed35fe 76fe35fe f4fdd4f5 f4f515f6 36f6b8f6 d9ee2b6b
ffff8e2301f33740 2332560905 C Bo:2:011:2 0 32 >
ffff8e2301f33740 2332560916 S Bo:2:011:2 -115 32 = e218937c dcbefece bece5fbe 5ebe7fbe 7fb69fb6 bebebfbe 9ebebfc6 ffd6bec6
ffff8e2301f32240 2332563742 C Bo:2:011:2 0 32 >
ffff8e2301f32240 2332563755 S Bo:2:011:2 -115 32 = 9ebe7fdf bfe7fcad f3639253 ae322701 2609ab1a 765dfd8e 1d871c7f 3c7f3c77
ffff8e2301f33740 2332566442 C Bo:2:011:2 0 32 >
ffff8e2301f33740 2332566453 S Bo:2:011:2 -115 32 = fb6e7956 37463736 572e572e d9363c57 3c5fda56 99467946 583ef635 7525fb66
ffff8e2301f32240 2332569223 C Bo:2:011:2 0 32 >
ffff8e2301f32240 2332569236 S Bo:2:011:2 -115 32 = 9956d535 b95e1b77 3c7f3c7f 3c873d87 965de811 695254cd 75d54c73 8f53125c
ffff8e2301f33740 2332572008 C Bo:2:011:2 0 32 >
ffff8e2301f33740 2332572020 S Bo:2:011:2 -115 32 = 0f1bd333 da85d33b 311b522b f53b5223 f01aaf12 4d12eb11 49013bae ffffffff
ffff8e2301f32240 2332574887 C Bo:2:011:2 0 32 >
ffff8e2301f32240 2332574899 S Bo:2:011:2 -115 32 = dff7ffff ffff5fef ffffffff 9ff7ffff ffffffff dfffffff ffffffff a3100000
ffff8e2301f33740 2332577555 C Bo:2:011:2 0 32 >
ffff8e2301f33740 2332577567 S Bo:2:011:2 -115 32 = 00000000 00000000 00000000 00000000 00000000 00000000 00000000 00000000
ffff8e2301f32240 2332580320 C Bo:2:011:2 0 32 >
ffff8e2301f32240 2332580333 S Bo:2:011:2 -115 32 = 00000000 00000000 00000000 00000000 0000a310 ffffffff ffff9ff7 bfff5fef
ffff8e2301f33740 2332583074 C Bo:2:011:2 0 32 >
ffff8e2301f33740 2332583086 S Bo:2:011:2 -115 32 = 9ff7ffff 7bc64619 21008629 eb52107c 54adb6c5 f6cd36d6 57de36d6 36d635d6
ffff8e2301f32240 2332585893 C Bo:2:011:2 0 32 >
ffff8e2301f32240 2332585906 S Bo:2:011:2 -115 32 = 15ce15ce f5cd15ce 15cef5cd f4cdd4c5 d4c5d4c5 d4cd15ce 56d697de d8e619ef
ffff8e2301f33740 2332588690 C Bo:2:011:2 0 32 >
ffff8e2301f33740 2332588703 S Bo:2:011:2 -115 32 = 3af77aff 7aff7bff 7aff7aff 5af75af7 39f739f7 39f739f7 39f73af7 5aff3af7
ffff8e2301f32240 2332591466 C Bo:2:011:2 0 32 >
ffff8e2301f32240 2332591479 S Bo:2:011:2 -115 8 = 5af739ef 9bffb5be
ffff8e2301f33740 2332594148 C Bo:2:011:2 0 32 >
ffff8e2301f32240 2332596916 C Bo:2:011:2 0 8 >
ffff8e2301f326c0 2332610873 C Bi:2:011:2 0 9 = a557005b 0001592b 1c
ffff8e2301f326c0 2332610887 S Bi:2:011:2 -115 32 <
ffff8e2301f32240 2332612176 S Bo:2:011:2 -115 32 = a557005c 04005bef 073a8629 33a515c6 19ef7af7 94b5ab52 ce73feff bdfffeff
ffff8e2301f33740 2332612181 S Bo:2:011:2 -115 32 = 95b5e410 c500e610 8208e318 a2102319 a6218c42 6f5b2e4b e821e300 cf3b7665
ffff8e2301f32240 2332612245 C Bo:2:011:2 0 32 >
ffff8e2301f32240 2332612248 S Bo:2:011:2 -115 32 = 4a1a0601 4a32ef73 ad83a86a c549a972 34d5b9fe 98fe36fe 36f615ee f4ed14ee
ffff8e2301f33740 2332612294 C Bo:2:011:2 0 32 >
ffff8e2301f33740 2332612295 S Bo:2:011:2 -115 32 = 35f635f6 35fe35fe 36fe16f6 f5f5f5f5 15fe35fe 76fed8fe 98f691a4 895a083a
ffff8e2301f32240 2332615073 C Bo:2:011:2 0 32 >
ffff8e2301f32240 2332615083 S Bo:2:011:2 -115 32 = ac3abcbe fff75ebe dfb5ffbd ffbd1fbe 3fbe7fbe 7fb67eb6 dfce5fe7 ffffbfef
ffff8e2301f33740 2332617885 C Bo:2:011:2 0 32 >
ffff8e2301f33740 2332617900 S Bo:2:011:2 -115 32 = fca57a95 7a95ef3a a400a400 0601ed2a 355d5976 bb861c8f 3c873c7f 1b77ba66
ffff8e2301f32240 2332620679 C Bo:2:011:2 0 32 >
ffff8e2301f32240 2332620692 S Bo:2:011:2 -115 32 = 374e3746 373e572e 572e782e da3e3b4f 5b4ffa56 b93e983e 783ef62d 9525ba5e
ffff8e2301f33740 2332623429 C Bo:2:011:2 0 32 >
ffff8e2301f33740 2332623439 S Bo:2:011:2 -115 32 = 794ed635 b9561b77 1c7f1c7f 5c877d97 765dc709 cb5ab2b4 ed726c2a 8d127133
ffff8e2301f32240 2332626178 C Bo:2:011:2 0 32 >
ffff8e2301f32240 2332626189 S Bo:2:011:2 -115 32 = 912b7123 143c9123 511b5123 31235123 101bf01a 8e120b0a 48019995 ffffffff
ffff8e2301f33740 2332628936 C Bo:2:011:2 0 32 >
ffff8e2301f33740 2332628951 S Bo:2:011:2 -115 32 = 1fe7ffff 9ff7ffff 7ff79fff 9ff7ffff ffffdfff ffffffff ffffffff a3100000
ffff8e2301f32240 2332631713 C Bo:2:011:2 0 32 >
ffff8e2301f32240 2332631725 S Bo:2:011:2 -115 32 = 00000000 00000000 00000000 00000000 00000000 00000000 00000000 00000000
ffff8e2301f33740 2332634501 C Bo:2:011:2 0 32 >
ffff8e2301f33740 2332634511 S Bo:2:011:2 -115 32 = 00000000 00000000 00000000 00000000 00000000 a310ffff ffffffff ffffdfff
ffff8e2301f32240 2332637248 C Bo:2:011:2 0 32 >
ffff8e2301f32240 2332637261 S Bo:2:011:2 -115 32 = 7ff7dfff 9fef947c 2e4bcc42 a719a721 29324942 eb5a0f84 12a5b4bd f5c516ce
ffff8e2301f33740 2332640010 C Bo:2:011:2 0 32 >
ffff8e2301f33740 2332640026 S Bo:2:011:2 -115 32 = 36ce36d6 16ce16ce 15cef5cd f5cdf5cd 15ce15ce 15ce15ce f4cdf5cd f5cd35d6
ffff8e2301f32240 2332642896 C Bo:2:011:2 0 32 >
ffff8e2301f32240 2332642909 S Bo:2:011:2 -115 32 = 56d676de 97ded8e6 f9ee39f7 5af75af7 5af75af7 5af75af7 5af73af7 3af75af7
ffff8e2301f33740 2332645541 C Bo:2:011:2 0 32 >
ffff8e2301f33740 2332645552 S Bo:2:011:2 -115 32 = 5af739ef dcff98d6 86296a42 53adf5cd 5af7d8de 2c63eb52 98d69bf7 4f94d4c5
ffff8e2301f32240 2332648390 C Bo:2:011:2 0 32 >
ffff8e2301f32240 2332648401 S Bo:2:011:2 -115 32 = 33a5c408 e6082b2a ee420e43 ee3a914b d34b9a8d ffdf1dc7 b04b491a 5144b34c
ffff8e2301f33740 2332651075 C Bo:2:011:2 0 32 >
ffff8e2301f33740 2332651085 S Bo:2:011:2 -115 32 = e9112601 8b3a9294 b1acee93 2b7bc96a 4c8b2fb4 13cd94e5 15ee56f6 77f676f6
ffff8e2301f32240 2332653885 C Bo:2:011:2 0 32 >
ffff8e2301f32240 2332653898 S Bo:2:011:2 -115 32 = 55f635f6 15fe15fe 16fef6f5 f6f5f6f5 36fe36f6 16eef6dd f3b4e739 0000d58c
ffff8e2301f33740 2332656658 C Bo:2:011:2 0 32 >
ffff8e2301f33740 2332656668 S Bo:2:011:2 -115 32 = fff79dbe 5eb65fbe 3fc65fc6 7fce5fc6 7fbebfc6 dfc6dec6 7fdfffff fff7ffef
ffff8e2301f32240 2332659454 C Bo:2:011:2 0 32 >
ffff8e2301f32240 2332659467 S Bo:2:011:2 -115 32 = 746c6811 68098809 4a1aec22 f03bb76d db86fc86 db86db7e fb7efb76 ba66384e
ffff8e2301f33740 2332662215 C Bo:2:011:2 0 32 >
ffff8e2301f33740 2332662226 S Bo:2:011:2 -115 32 = 1746373e 58367836 582e782e da3efb4e be979d87 993e983e 783ef735 b62db52d
ffff8e2301f32240 2332664956 C Bo:2:011:2 0 32 >
ffff8e2301f32240 2332664969 S Bo:2:011:2 -115 32 = b52d163e 994e1b6f 5c7f3c7f 5d8f9e97 7665a809 6b4aec62 092aad22 ef225554
ffff8e2301f33740 2332667744 C Bo:2:011:2 0 32 >
ffff8e2301f33740 2332667756 S Bo:2:011:2 -115 32 = f33b712b 7123511b 311b5123 f433511b 1013101b cf1a2c12 2801b674 ffffffff
ffff8e2301f32240 2332670526 C Bo:2:011:2 0 32 >
ffff8e2301f32240 2332670538 S Bo:2:011:2 -115 32 = ffdeffff 7ff7ffff 7ff7ffff dfffffff 9ff7ffff ffffffff ffffa310 00000000
ffff8e2301f33740 2332673296 C Bo:2:011:2 0 32 >
ffff8e2301f33740 2332673307 S Bo:2:011:2 -115 32 = 00000000 00000000 00000000 00000000 00000000 00000000 00000000 00000000
ffff8e2301f32240 2332676102 C Bo:2:011:2 0 32 >
ffff8e2301f32240 2332676113 S Bo:2:011:2 -115 32 = 00000000 00000000 00000000 00000000 00000000 a310ffff ffffffff dff7dff7
ffff8e2301f33740 2332678888 C Bo:2:011:2 0 32 >
ffff8e2301f33740 2332678899 S Bo:2:011:2 -115 32 = 3fe73fe7 5fe7ffff ffffdff7 b05b4300 29328a42 86190409 04116519 08320b53
ffff8e2301f32240 2332681585 C Bo:2:011:2 0 32 >
ffff8e2301f32240 2332681599 S Bo:2:011:2 -115 32 = 0f7cd19c 73b5d5c5 16ce36d6 15d6f5cd f4cdd4cd d4cdf4cd f5cdf5cd f5cdd4cd
ffff8e2301f33740 2332684390 C Bo:2:011:2 0 32 >
ffff8e2301f33740 2332684403 S Bo:2:011:2 -115 32 = d4c5b4c5 d4c5f4cd f5cd36d6 76de98e6 f8ee19ef 3af75af7 7aff5af7 39ef5af7
ffff8e2301f32240 2332687149 C Bo:2:011:2 0 32 >
ffff8e2301f32240 2332687162 S Bo:2:011:2 -115 32 = 7aff39ef fdfff6bd 66212c63 52ad15ce bbff15be 0419ea52 bcffd5c5 6c73d5c5
ffff8e2301f33740 2332689889 C Bo:2:011:2 0 32 >
ffff8e2301f33740 2332689901 S Bo:2:011:2 -115 32 = 0f7ce400 2b32f88c debe9eb6 3da6fea5 be9dffa5 deb6377d 0e334d33 113c0e1b
ffff8e2301f32240 2332692653 C Bo:2:011:2 0 32 >
ffff8e2301f32240 2332692665 S Bo:2:011:2 -115 8 = 4b0aea11 8b3a1bb5
ffff8e2301f33740 2332695466 C Bo:2:011:2 0 32 >
ffff8e2301f32240 2332698198 C Bo:2:011:2 0 8 >
ffff8e2301f32e40 2332711872 C Bi:2:011:2 0 9 = a557005c 0001597a 31
ffff8e2301f32e40 2332711887 S Bi:2:011:2 -115 32 <
ffff8e2301f32240 2332713117 S Bo:2:011:2 -115 32 = a557005d 0400d39c 95cd33c5 33bdce93 c651c551 2b7b70ac 73d516ee 77ee56ee
ffff8e2301f33740 2332713121 S Bo:2:011:2 -115 32 = f5e5f5e5 35ee56f6 57f678fe 98fe98fe 78f6d5dd 509ce739 a3100d53 56957cbe
ffff8e2301f32240 2332713186 C Bo:2:011:2 0 32 >
ffff8e2301f32240 2332713189 S Bo:2:011:2 -115 32 = 1fdf7ec6 5fc67fc6 3fbe3ebe 5fbe7fc6 9fc6ffce 7fdfdfef 3fcfd263 cd42504b
ffff8e2301f33740 2332713228 C Bo:2:011:2 0 32 >
ffff8e2301f33740 2332713229 S Bo:2:011:2 -115 32 = ea19c500 67092e2b 355d3976 db861c87 fc86db7e db7e1c7f db76995e 3746173e
ffff8e2301f32240 2332715999 C Bo:2:011:2 0 32 >
ffff8e2301f32240 2332716017 S Bo:2:011:2 -115 32 = 3736372e 582e782e 582e582e b9361b4f 7c5f1a4f b93e9836 7836172e b62dd62d
ffff8e2301f33740 2332718884 C Bo:2:011:2 0 32 >
ffff8e2301f33740 2332718897 S Bo:2:011:2 -115 32 = d635173e 994efb66 5c7f3c7f 7d8fdf9f 355d8711 6819a911 8c1aef22 3023712b
ffff8e2301f32240 2332721579 C Bo:2:011:2 0 32 >
ffff8e2301f32240 2332721592 S Bo:2:011:2 -115 32 = 71337885 d33b7223 511b5123 9223722b 765c301b ef1a8e22 89014c22 7cb6ffff
ffff8e2301f33740 2332724370 C Bo:2:011:2 0 32 >
ffff8e2301f33740 2332724376 S Bo:2:011:2 -115 32 = ffffffff 7ff79fff 9ff7ffff 5fefdfff 9ff7ffff ffffffff ffffa310 00000000
ffff8e2301f32240 2332727073 C Bo:2:011:2 0 32 >
ffff8e2301f32240 2332727083 S Bo:2:011:2 -115 32 = 00000000 00000000 00000000 00000000 00000000 00000000 00000000 00000000
ffff8e2301f33740 2332729889 C Bo:2:011:2 0 32 >
ffff8e2301f33740 2332729901 S Bo:2:011:2 -115 32 = 00000000 00000000 00000000 00000000 00000000 a310ffff ffffffff ffff9fef
ffff8e2301f32240 2332732676 C Bo:2:011:2 0 32 >
ffff8e2301f32240 2332732689 S Bo:2:011:2 -115 32 = bfef9ff7 7fef5fe7 9ff7ffff 73740200 ef7378d6 d2941074 6e63cb42 282ae721
ffff8e2301f33740 2332735477 C Bo:2:011:2 0 32 >
ffff8e2301f33740 2332735489 S Bo:2:011:2 -115 32 = 08328942 0b5bad73 508c12a5 b5bd36d6 77de76de 56d636d6 36ce15ce 15ce15ce
ffff8e2301f32240 2332738203 C Bo:2:011:2 0 32 >
ffff8e2301f32240 2332738214 S Bo:2:011:2 -115 32 = 15ce15ce 15cef5cd f5cdf5cd f5cd15ce 36d676de 97e6d8e6 19ef5af7 9bff7af7
ffff8e2301f33740 2332740959 C Bo:2:011:2 0 32 >
ffff8e2301f33740 2332740972 S Bo:2:011:2 -115 32 = 5af75af7 fdff94b5 c731ad6b 52b514ce 79ffd5bd e4104c5b bbff73b5 508cb5bd
ffff8e2301f32240 2332743741 C Bo:2:011:2 0 32 >
ffff8e2301f32240 2332743752 S Bo:2:011:2 -115 32 = ca522509 cd425a9d 3fcfbfbe dfc67fbe 3fb63fb6 1874e808 87095044 10344b0a
ffff8e2301f33740 2332746518 C Bo:2:011:2 0 32 >
ffff8e2301f33740 2332746532 S Bo:2:011:2 -115 32 = ad122a12 4a3ab29c 95cdf2c4 13cdb1b4 0f9ccd8b 8d834c83 ea72a96a aa6a2b7b
ffff8e2301f32240 2332749293 C Bo:2:011:2 0 32 >
ffff8e2301f32240 2332749305 S Bo:2:011:2 -115 32 = ad8bee9b 2fa450ac 50a471ac 91b471a4 0f948e7b 49422511 c81939a6 fff79ec6
ffff8e2301f33740 2332752081 C Bo:2:011:2 0 32 >
ffff8e2301f33740 2332752093 S Bo:2:011:2 -115 32 = 5fbe7fce 7fc65fbe 7fc6bece 9ec6ffce dfc6bb9d 18853885 546c8400 2200c500
ffff8e2301f32240 2332754884 C Bo:2:011:2 0 32 >
ffff8e2301f32240 2332754897 S Bo:2:011:2 -115 32 = e911d143 56655a7e bb7edb7e fc861c7f 3c7ffb76 db76da6e 995e5846 37365736
ffff8e2301f33740 2332757591 C Bo:2:011:2 0 32 >
ffff8e2301f33740 2332757602 S Bo:2:011:2 -115 32 = 372e3726 782e782e 582e582e 99361b47 3b47f93e b836b836 7836372e b52db52d
ffff8e2301f32240 2332760391 C Bo:2:011:2 0 32 >
ffff8e2301f32240 2332760402 S Bo:2:011:2 -115 32 = f635373e 994efa66 5c7f3c7f 9e9fdfa7 b3544709 68113033 102b112b 154cb33b
ffff8e2301f33740 2332763105 C Bo:2:011:2 0 32 >
ffff8e2301f33740 2332763116 S Bo:2:011:2 -115 32 = 712b522b 932bb333 521b511b 511b7123 964c301b 0f13ef22 aa096909 faa5ffff
ffff8e2301f32240 2332765956 C Bo:2:011:2 0 32 >
ffff8e2301f32240 2332765969 S Bo:2:011:2 -115 32 = ffffdfff dfffffff ffffffff ffffffff ffff9ff7 ffffffff ffffa310 00000000
ffff8e2301f33740 2332768652 C Bo:2:011:2 0 32 >
ffff8e2301f33740 2332768663 S Bo:2:011:2 -115 32 = 00000000 00000000 00000000 00000000 00000000 00000000 00000000 00000000
ffff8e2301f32240 2332771456 C Bo:2:011:2 0 32 >
ffff8e2301f32240 2332771469 S Bo:2:011:2 -115 32 = 00000000 00000000 00000000 00000000 0000a310 ffffffff ffffffff bfef9fef
ffff8e2301f33740 2332774215 C Bo:2:011:2 0 32 >
ffff8e2301f33740 2332774220 S Bo:2:011:2 -115 32 = 9fe79fe7 7fe7ffde 1fdfdff7 957c8400 cf7377d6 f4c577d6 78d637ce d6bd74ad
ffff8e2301f32240 2332777031 C Bo:2:011:2 0 32 >
ffff8e2301f32240 2332777035 S Bo:2:011:2 -115 32 = d2940f7c 4c63aa4a 48426942 ca528d6b 508cf2a4 74b5b5bd f6c536ce 36d615ce
ffff8e2301f33740 2332779887 C Bo:2:011:2 0 32 >
ffff8e2301f33740 2332779901 S Bo:2:011:2 -115 32 = d5cdd5cd d5cdf5cd 15ce15ce 15ce15ce 15cef5cd f5cdf5c5 15ce35d6 97ded8de
ffff8e2301f32240 2332782529 C Bo:2:011:2 0 32 >
ffff8e2301f32240 2332782542 S Bo:2:011:2 -115 32 = b7def8e6 9bff73b5 283a2c5b 32a5f4c5 96d673ad e731ee73 7af75af7 74b54842
ffff8e2301f33740 2332785270 C Bo:2:011:2 0 32 >
ffff8e2301f33740 2332785280 S Bo:2:011:2 -115 32 = 68426d5b e8219253 feadffad 1fcf9fd7 ffd7bfd7 945b0300 0509d244 d444101b
ffff8e2301f32240 2332788081 C Bo:2:011:2 0 32 >
ffff8e2301f32240 2332788094 S Bo:2:011:2 -115 32 = 6d128809 2a3ad3a4 b5cdf2c4 f2c4f3c4 55cd54c5 71ac6d83 6962a649 a6410852
ffff8e2301f33740 2332790912 C Bo:2:011:2 0 32 >
ffff8e2301f33740 2332790925 S Bo:2:011:2 -115 32 = a96aca72 cb72ca6a 89622852 c7416629 46210511 05098f4b fdc6bfdf 1ecfbec6
ffff8e2301f32240 2332793670 C Bo:2:011:2 0 32 >
ffff8e2301f32240 2332793683 S Bo:2:011:2 -115 8 = 5fbe5ebe 5ebe9912
ffff8e2301f33740 2332796398 C Bo:2:011:2 0 32 >
ffff8e2301f32240 2332799127 C Bo:2:011:2 0 8 >
ffff8e2301f326c0 2332812920 C Bi:2:011:2 0 9 = a557005d 0001590c 85
ffff8e2301f326c0 2332812935 S Bi:2:011:2 -115 32 <
ffff8e2301f32240 2332813986 S Bo:2:011:2 -115 32 = a557005e 0400ffd6 fff7ffff ffffdfe7 598dae32 89090701 6809a809 6a22b043
ffff8e2301f33740 2332813990 S Bo:2:011:2 -115 32 = f55c3a76 fc863d87 3c7f1c7f fb761b77 fb6eb95e 78565846 383e5836 782e782e
ffff8e2301f32240 2332814054 C Bo:2:011:2 0 32 >
ffff8e2301f32240 2332814057 S Bo:2:011:2 -115 32 = 772e782e 782e7836 78367836 9836fa46 1a47b936 98369836 7836372e b62db62d
ffff8e2301f33740 2332814096 C Bo:2:011:2 0 32 >
ffff8e2301f33740 2332814097 S Bo:2:011:2 -115 32 = f735373e 784efa66 5c7f5c7f be9fbfaf d4544701 ea193033 1123f54b 3caef874
ffff8e2301f32240 2332816943 C Bo:2:011:2 0 32 >
ffff8e2301f32240 2332816960 S Bo:2:011:2 -115 32 = 5223b32b 92239223 1544922b 921b721b 3013501b 501bef1a 89090701 faa5ffff
ffff8e2301f33740 2332819673 C Bo:2:011:2 0 32 >
ffff8e2301f33740 2332819685 S Bo:2:011:2 -115 32 = ffffffff 9ff7ffff ffffffff ffffffff ffffffff ffffffff a3100000 00000000
ffff8e2301f32240 2332822437 C Bo:2:011:2 0 32 >
ffff8e2301f32240 2332822450 S Bo:2:011:2 -115 32 = 00000000 00000000 00000000 00000000 00000000 00000000 00000000 00000000
ffff8e2301f33740 2332825216 C Bo:2:011:2 0 32 >
ffff8e2301f33740 2332825228 S Bo:2:011:2 -115 32 = 00000000 00000000 00000000 00000000 0000a310 ffffffff ffffdff7 fff7bfef
ffff8e2301f32240 2332828003 C Bo:2:011:2 0 32 >
ffff8e2301f32240 2332828018 S Bo:2:011:2 -115 32 = bfef9fe7 9fe73fe7 7fefffff d68c2609 ae6bd4bd d4c5d4c5 b4c5d4c5 f5cd15ce
ffff8e2301f33740 2332830743 C Bo:2:011:2 0 32 >
ffff8e2301f33740 2332830754 S Bo:2:011:2 -115 32 = 15ced5c5 74b5f29c ef7b0b53 27326519 e408c408 2519493a 6d63508c 54b516d6
ffff8e2301f32240 2332833556 C Bo:2:011:2 0 32 >
ffff8e2301f32240 2332833568 S Bo:2:011:2 -115 32 = 78de77e6 77de36d6 16cef5cd d4c5d4c5 f4c5f5cd f5cdf5cd d4cdd4c5 d4c5f4c5
ffff8e2301f33740 2332836329 C Bo:2:011:2 0 32 >
ffff8e2301f33740 2332836342 S Bo:2:011:2 -115 32 = 15c615ce 76de93b5 ca4ac729 0b530f7c d19cf294 af6b6d5b 919412a5 6c6be318
ffff8e2301f32240 2332839079 C Bo:2:011:2 0 32 >
ffff8e2301f32240 2332839094 S Bo:2:011:2 -115 32 = ee7b94ad c408ee3a 1fc7bfb6 7a85b664 d76cd76c 4d228500 e811d244 f64cb32b
ffff8e2301f33740 2332841888 C Bo:2:011:2 0 32 >
ffff8e2301f33740 2332841901 S Bo:2:011:2 -115 32 = 4d124709 6b4a34b5 17e633cd f2c4f3c4 d3c414c5 f4c4d3bc d3bcd3bc b3b471ac
ffff8e2301f32240 2332844646 C Bo:2:011:2 0 32 >
ffff8e2301f32240 2332844656 S Bo:2:011:2 -115 32 = 10a4cf9b cf9b8f93 af8b4e73 e8312509 47092601 47014f3b 99951ca6 dfbeffc6
ffff8e2301f33740 2332847386 C Bo:2:011:2 0 32 >
ffff8e2301f33740 2332847396 S Bo:2:011:2 -115 32 = fecedece dca53cae 7cb6faa5 78959574 8d2aa911 47014701 4a0a1134 b7657b7e
ffff8e2301f32240 2332850152 C Bo:2:011:2 0 32 >
ffff8e2301f32240 2332850162 S Bo:2:011:2 -115 32 = 9b7edc7e 1c7f1c77 fb6eda66 da66da66 79563746 373e3736 372e782e 782e5726
ffff8e2301f33740 2332852961 C Bo:2:011:2 0 32 >
ffff8e2301f33740 2332852971 S Bo:2:011:2 -115 32 = 782e782e 782e782e 78367836 782eb936 b9369836 98369836 772e372e d62db62d
ffff8e2301f32240 2332855716 C Bo:2:011:2 0 32 >
ffff8e2301f32240 2332855727 S Bo:2:011:2 -115 32 = 373e583e 7846fa5e 7c7f9d87 de9fbfaf 365dc911 0b1aaf22 522bd543 ba95144c
ffff8e2301f33740 2332858529 C Bo:2:011:2 0 32 >
ffff8e2301f33740 2332858542 S Bo:2:011:2 -115 32 = 9223922b b42bb32b 55543444 72237223 7123b22b d3332f23 88094709 957cffff
ffff8e2301f32240 2332861224 C Bo:2:011:2 0 32 >
ffff8e2301f32240 2332861234 S Bo:2:011:2 -115 32 = ffffdfff bff7ffff ffffffff ffffdff7 ffffffff ffffffff a3100000 00000000
ffff8e2301f33740 2332864041 C Bo:2:011:2 0 32 >
ffff8e2301f33740 2332864053 S Bo:2:011:2 -115 32 = 00000000 00000000 00000000 00000000 00000000 00000000 00000000 00000000
ffff8e2301f32240 2332866760 C Bo:2:011:2 0 32 >
ffff8e2301f32240 2332866772 S Bo:2:011:2 -115 32 = 00000000 00000000 00000000 00000000 00000000 a310ffff ffffffff fff7bfef
ffff8e2301f33740 2332869607 C Bo:2:011:2 0 32 >
ffff8e2301f33740 2332869618 S Bo:2:011:2 -115 32 = bfef9fe7 7fe73fe7 7fefdfff 7895ab3a ae6b73ad 15ced4c5 b3c5d4c5 d4c5d4c5
ffff8e2301f32240 2332872387 C Bo:2:011:2 0 32 >
ffff8e2301f32240 2332872398 S Bo:2:011:2 -115 32 = f5cd15ce 36ce36ce 36ce15c6 b4b5329d 50848d63 ec52aa42 493a0832 083a4942
ffff8e2301f33740 2332875101 C Bo:2:011:2 0 32 >
ffff8e2301f33740 2332875114 S Bo:2:011:2 -115 32 = ca526c6b 508433a5 d5bd36d6 57de57d6 36d615d6 15cef5cd 15cef5cd f4cdf4cd
ffff8e2301f32240 2332877886 C Bo:2:011:2 0 32 >
ffff8e2301f32240 2332877898 S Bo:2:011:2 -115 32 = f4c5f4cd f4cdf5c5 4d630511 8721a729 e831ab4a ed4a8721 0511a308 a6317094
ffff8e2301f33740 2332880677 C Bo:2:011:2 0 32 >
ffff8e2301f33740 2332880690 S Bo:2:011:2 -115 32 = b5bdf2a4 c3084b2a 797dd76c ed198700 87000801 27018809 ab22b23c f544f43b
ffff8e2301f32240 2332883467 C Bo:2:011:2 0 32 >
ffff8e2301f32240 2332883479 S Bo:2:011:2 -115 32 = 8e1aa811 8a4a55bd 98f6b5e5 53cd33cd f3c413c5 34cd35cd 35cd55cd 56d535cd
ffff8e2301f33740 2332886218 C Bo:2:011:2 0 32 >
ffff8e2301f33740 2332886229 S Bo:2:011:2 -115 32 = f4c4d4c4 f4c4d4c4 56c536b5 ed524711 27096809 89096909 4909ec19 f453ba95
ffff8e2301f32240 2332888960 C Bo:2:011:2 0 32 >
ffff8e2301f32240 2332888973 S Bo:2:011:2 -115 32 = ffefdfe7 756c6d32 ca192809 e700e700 6809cd22 903b7344 364dd85d 7a6ebb76
ffff8e2301f33740 2332891778 C Bo:2:011:2 0 32 >
ffff8e2301f33740 2332891792 S Bo:2:011:2 -115 32 = db6edb66 fb66ba5e 5856384e 37461746 173e172e 572e582e 582e782e 782e572e
ffff8e2301f32240 2332894525 C Bo:2:011:2 0 32 >
ffff8e2301f32240 2332894537 S Bo:2:011:2 -115 8 = 782e582e 582e9f01
ffff8e2301f33740 2332897274 C Bo:2:011:2 0 32 >
ffff8e2301f32240 2332900025 C Bo:2:011:2 0 8 >
ffff8e2301f32e40 2332913871 C Bi:2:011:2 0 9 = a557005e 00015997 59
ffff8e2301f32e40 2332913883 S Bi:2:011:2 -115 32 <
ffff8e2301f32240 2332915174 S Bo:2:011:2 -115 32 = a557005f 04007836 78367836 782e782e 772e782e 982e9836 7836572e f62db52d
ffff8e2301f33740 2332915178 S Bo:2:011:2 -115 32 = 17367846 984e1a5f 7c777d7f ffafbfb7 5765ca11 ca11f12a 332b742b d53b564c
ffff8e2301f32240 2332915242 C Bo:2:011:2 0 32 >
ffff8e2301f32240 2332915245 S Bo:2:011:2 -115 32 = b32b7223 d533f433 51237123 711b9223 b223922b 922b712b 4801ce32 ffffffff
ffff8e2301f33740 2332915284 C Bo:2:011:2 0 32 >
ffff8e2301f33740 2332915285 S Bo:2:011:2 -115 32 = 5eef7ff7 ffffffff 9ff7ffff ffffffff ffffffff ffffa310 00000000 00000000
ffff8e2301f32240 2332918074 C Bo:2:011:2 0 32 >
ffff8e2301f32240 2332918086 S Bo:2:011:2 -115 32 = 00000000 00000000 00000000 00000000 00000000 00000000 00000000 00000000
ffff8e2301f33740 2332920884 C Bo:2:011:2 0 32 >
ffff8e2301f33740 2332920897 S Bo:2:011:2 -115 32 = 00000000 00000000 00000000 00000000 00000000 a310ffff ffffffff ffffbfef
ffff8e2301f32240 2332923656 C Bo:2:011:2 0 32 >
ffff8e2301f32240 2332923670 S Bo:2:011:2 -115 32 = dfef9fe7 7fe75fe7 5fef3fef ddced584 2d5bf29c 19e797de 56de35d6 f5cdd4cd
ffff8e2301f33740 2332926397 C Bo:2:011:2 0 32 >
ffff8e2301f33740 2332926408 S Bo:2:011:2 -115 32 = d4c5d4c5 d4c5d4c5 d4cdf4cd 15d636d6 77de77d6 37ce95b5 d294ce73 aa4ac721
ffff8e2301f32240 2332929201 C Bo:2:011:2 0 32 >
ffff8e2301f32240 2332929211 S Bo:2:011:2 -115 32 = 65116511 e729aa4a ad739194 33adb5bd f6c516ce 36ce15ce 15cef4c5 f4c5d4c5
ffff8e2301f33740 2332931965 C Bo:2:011:2 0 32 >
ffff8e2301f33740 2332931978 S Bo:2:011:2 -115 32 = d4cdf4cd f5cd57d6 eb52e408 f073107c 0d5b4a3a 47192719 2a420c5b 0f8494bd
ffff8e2301f32240 2332934716 C Bo:2:011:2 0 32 >
ffff8e2301f32240 2332934726 S Bo:2:011:2 -115 32 = b4c59094 46110601 6909ab09 ab098c09 6b096a09 4801e911 ec2a513c 3545b544
ffff8e2301f33740 2332937526 C Bo:2:011:2 0 32 >
ffff8e2301f33740 2332937537 S Bo:2:011:2 -115 32 = ad1a6709 cc5295c5 b9fe36ee f5e594d5 32c5f2c4 13c5f3c4 f3c4f3c4 f4c4f4cc
ffff8e2301f32240 2332940291 C Bo:2:011:2 0 32 >
ffff8e2301f32240 2332940303 S Bo:2:011:2 -115 32 = 14cdf4cc f5cc15cd 76cd15b5 ac4a0609 e7080709 8a098a09 08012801 8a09ae2a
ffff8e2301f33740 2332943028 C Bo:2:011:2 0 32 >
ffff8e2301f33740 2332943039 S Bo:2:011:2 -115 32 = 3785177d eb19e600 c600c600 e6008909 4f2bf554 3a6edc7e dc76bb66 7a5e7956
ffff8e2301f32240 2332945777 C Bo:2:011:2 0 32 >
ffff8e2301f32240 2332945789 S Bo:2:011:2 -115 32 = 594e584e 3846373e 17361736 1736f62d f62d372e 782e782e 782e5726 782e782e
ffff8e2301f33740 2332948619 C Bo:2:011:2 0 32 >
ffff8e2301f33740 2332948632 S Bo:2:011:2 -115 32 = 782e582e 58367836 98367836 782e782e 782e772e 982e9836 98367836 1736b52d
ffff8e2301f32240 2332951378 C Bo:2:011:2 0 32 >
ffff8e2301f32240 2332951394 S Bo:2:011:2 -115 32 = d62d383e 984efa5e 9d7f9d9f ffc7bfbf 944cca09 ca11af1a b433b433 d32bb433
ffff8e2301f33740 2332954078 C Bo:2:011:2 0 32 >
ffff8e2301f33740 2332954090 S Bo:2:011:2 -115 32 = b86c554c 932b722b d333721b f764d764 711b911b 701bb133 ea11ea11 bcc6ffff
ffff8e2301f32240 2332956865 C Bo:2:011:2 0 32 >
ffff8e2301f32240 2332956877 S Bo:2:011:2 -115 32 = 5eefffff ffff9ff7 ffffffff ffffffff ffffffff a3100000 00000000 00000000
ffff8e2301f33740 2332959707 C Bo:2:011:2 0 32 >
ffff8e2301f33740 2332959717 S Bo:2:011:2 -115 32 = 00000000 00000000 00000000 00000000 00000000 00000000 00000000 00000000
ffff8e2301f32240 2332962459 C Bo:2:011:2 0 32 >
ffff8e2301f32240 2332962472 S Bo:2:011:2 -115 32 = 00000000 00000000 00000000 00000000 00000000 a310ffff ffffffff dff7dfff
ffff8e2301f33740 2332965216 C Bo:2:011:2 0 32 >
ffff8e2301f33740 2332965228 S Bo:2:011:2 -115 32 = bfefbfef 7fe77fef 1fefdee6 ffffd9b5 0611ee73 feff5bf7 d8e6b7e6 76de36d6
ffff8e2301f32240 2332968026 C Bo:2:011:2 0 32 >
ffff8e2301f32240 2332968039 S Bo:2:011:2 -115 32 = 15cef4cd d4c5b4c5 b4c5b4c5 b4c5b4c5 b4c5d4c5 d5c5f5cd 16ce37ce 17c6d6bd
ffff8e2301f33740 2332970755 C Bo:2:011:2 0 32 >
ffff8e2301f33740 2332970768 S Bo:2:011:2 -115 32 = 74add294 ef7b0b5b 483ac629 8621283a 2c632f84 13a5d5bd 36ce76d6 96de56de
ffff8e2301f32240 2332973529 C Bo:2:011:2 0 32 >
ffff8e2301f32240 2332973540 S Bo:2:011:2 -115 32 = 35d615ce 15d636d6 aa52c410 938cb6bd 95b5728c 46198c4a f39c95b5 b4c532b5
ffff8e2301f33740 2332976291 C Bo:2:011:2 0 32 >
ffff8e2301f33740 2332976305 S Bo:2:011:2 -115 32 = d5cdb19c 67190701 09018c01 4f12701a 0e128b09 89092a1a ab22af2b 54459655
ffff8e2301f32240 2332979103 C Bo:2:011:2 0 32 >
ffff8e2301f32240 2332979114 S Bo:2:011:2 -115 32 = 8e23e809 cb4a55bd 98f657f6 56f6f5e5 94d533cd 12c512c5 33cd54cd 34cd13cd
ffff8e2301f33740 2332981881 C Bo:2:011:2 0 32 >
ffff8e2301f33740 2332981896 S Bo:2:011:2 -115 32 = 14cdd3cc d4ccd4cc 15cdd4ac 6b4a2611 c9196911 6909ca09 cb11cb11 cb098901
ffff8e2301f32240 2332984606 C Bo:2:011:2 0 32 >
ffff8e2301f32240 2332984619 S Bo:2:011:2 -115 32 = 6901a909 0a12ad22 0e2b2e2b 4f2b5344 98653a6e 7a669a5e 994e9946 7846583e
ffff8e2301f33740 2332987373 C Bo:2:011:2 0 32 >
ffff8e2301f33740 2332987384 S Bo:2:011:2 -115 32 = 173e1736 172e372e 37263726 572e372e 372e5726 5726782e 582e582e 782e7836
ffff8e2301f32240 2332990171 C Bo:2:011:2 0 32 >
ffff8e2301f32240 2332990182 S Bo:2:011:2 -115 32 = 78367836 78367836 78367836 7836782e 982e982e 982e7836 782e7836 1736d62d
ffff8e2301f33740 2332992917 C Bo:2:011:2 0 32 >
ffff8e2301f33740 2332992929 S Bo:2:011:2 -115 32 = d62d5846 fb5eda56 3c97ffff ffefdfc7 b55ceb11 0c1a6e1a 32237223 153cb43b
ffff8e2301f32240 2332995680 C Bo:2:011:2 0 32 >
ffff8e2301f32240 2332995692 S Bo:2:011:2 -115 8 = b7645554 b76c88e5
ffff8e2301f33740 2332998432 C Bo:2:011:2 0 32 >
ffff8e2301f32240 2333001201 C Bo:2:011:2 0 8 >
ffff8e2301f326c0 2333014848 C Bi:2:011:2 0 9 = a557005f 000159e1 ed
ffff8e2301f326c0 2333014859 S Bi:2:011:2 -115 32 <
ffff8e2301f32240 2333016182 S Bo:2:011:2 -115 32 = a5570060 0400b764 b3339223 3b9e1875 511bb11b 50130e1b 0a0aa909 5bbeffff
ffff8e2301f33740 2333016187 S Bo:2:011:2 -115 32 = 7eef9ff7 ffffffff ffffffff ffffffff ffffffff a3100000 00000000 00000000
ffff8e2301f32240 2333016251 C Bo:2:011:2 0 32 >
ffff8e2301f32240 2333016254 S Bo:2:011:2 -115 32 = 00000000 00000000 00000000 00000000 00000000 00000000 00000000 00000000
ffff8e2301f33740 2333016296 C Bo:2:011:2 0 32 >
ffff8e2301f33740 2333016297 S Bo:2:011:2 -115 32 = 00000000 00000000 00000000 00000000 00000000 0000a310 ffffffff ffffffff
ffff8e2301f32240 2333019101 C Bo:2:011:2 0 32 >
ffff8e2301f32240 2333019112 S Bo:2:011:2 -115 32 = dff7bfef 9fef7fef 3fefdede ffff5ac6 4300ea52 ffff9cff 18ef5af7 39f739f7
ffff8e2301f33740 2333021890 C Bo:2:011:2 0 32 >
ffff8e2301f33740 2333021902 S Bo:2:011:2 -115 32 = 39f719ef d8ee97e6 56d615d6 f5cdd4c5 d4c5d4c5 d4c5d4c5 d4cdf5cd f5cd16ce
ffff8e2301f32240 2333024671 C Bo:2:011:2 0 32 >
ffff8e2301f32240 2333024681 S Bo:2:011:2 -115 32 = 16ce16ce f5c594b5 f194ef73 2b5bca4a aa426942 894a0b5b cd73708c 32ad93bd
ffff8e2301f33740 2333027458 C Bo:2:011:2 0 32 >
ffff8e2301f33740 2333027471 S Bo:2:011:2 -115 32 = f5cd15d6 36d677de f2a46942 0c5b33ad 54ad8e6b e5108e6b 95b512ad 94c553bd
ffff8e2301f32240 2333030146 C Bo:2:011:2 0 32 >
ffff8e2301f32240 2333030154 S Bo:2:011:2 -115 32 = 97de53ad c8298911 0d12901a 90124f12 2e12ab09 ca096b1a 6a1a2d1b 33451756
ffff8e2301f33740 2333032958 C Bo:2:011:2 0 32 >
ffff8e2301f33740 2333032971 S Bo:2:011:2 -115 32 = 754d6d23 0409cf7b fbfe78f6 56f656f6 36eef5dd 53cd12c5 12c512c5 53cd33c5
ffff8e2301f32240 2333035779 C Bo:2:011:2 0 32 >
ffff8e2301f32240 2333035792 S Bo:2:011:2 -115 32 = 13c514cd 14cdd3c4 55cd35b5 6b4a8711 6f4b8c32 26016909 ab116a09 8a090b0a
ffff8e2301f33740 2333038532 C Bo:2:011:2 0 32 >
ffff8e2301f33740 2333038544 S Bo:2:011:2 -115 32 = ea092b0a 6f239344 f54c5655 b8655a76 bc7e7a6e 584e5736 572e572e 772e7836
ffff8e2301f32240 2333041273 C Bo:2:011:2 0 32 >
ffff8e2301f32240 2333041282 S Bo:2:011:2 -115 32 = 372e1626 57269826 98269826 77267726 77265726 5726782e 782e782e 782e582e
ffff8e2301f33740 2333044040 C Bo:2:011:2 0 32 >
ffff8e2301f33740 2333044053 S Bo:2:011:2 -115 32 = 782e5836 7836782e 782e782e 7836782e 782e982e 78367836 582e5836 1736952d
ffff8e2301f32240 2333046858 C Bo:2:011:2 0 32 >
ffff8e2301f32240 2333046863 S Bo:2:011:2 -115 32 = d62dba56 1c671c87 ffffbedf fec77ea7 94448d1a 4d1a8f22 b33bf54b 7764d76c
ffff8e2301f33740 2333049636 C Bo:2:011:2 0 32 >
ffff8e2301f33740 2333049641 S Bo:2:011:2 -115 32 = 176d322b 5664ddce f453d43b 764cb32b d32b711b 72230f1b c9017143 ffffffff
ffff8e2301f32240 2333052402 C Bo:2:011:2 0 32 >
ffff8e2301f32240 2333052407 S Bo:2:011:2 -115 32 = ffffffff 9fff7ff7 ffffffff ffffffff a310a310 00000000 00000000 00000000
ffff8e2301f33740 2333055171 C Bo:2:011:2 0 32 >
ffff8e2301f33740 2333055176 S Bo:2:011:2 -115 32 = 00000000 00000000 00000000 00000000 00000000 00000000 00000000 00000000
ffff8e2301f32240 2333057898 C Bo:2:011:2 0 32 >
ffff8e2301f32240 2333057904 S Bo:2:011:2 -115 32 = 00000000 00000000 00000000 00000000 00000000 0000a310 ffffffff ffffffff
ffff8e2301f33740 2333060730 C Bo:2:011:2 0 32 >
ffff8e2301f33740 2333060734 S Bo:2:011:2 -115 32 = ffffbfef 7fef7fef 5ff7bede ffff5bc6 4811ea4a 7bef9bff 79ff7aff 39ff5aff
ffff8e2301f32240 2333063471 C Bo:2:011:2 0 32 >
ffff8e2301f32240 2333063476 S Bo:2:011:2 -115 32 = 7aff7aff 5aff39f7 f8eeb7e6 77de35d6 f4cdd4c5 b4c5b4c5 b3c593c5 b3c5b4c5
ffff8e2301f33740 2333066228 C Bo:2:011:2 0 32 >
ffff8e2301f33740 2333066233 S Bo:2:011:2 -115 32 = b4c5d4c5 f4cd35ce 56d677d6 57ced5bd 33a52f84 2b5b6842 a6290411 04094419
ffff8e2301f32240 2333069039 C Bo:2:011:2 0 32 >
ffff8e2301f32240 2333069044 S Bo:2:011:2 -115 32 = 07326c6b 709494b5 f9de3084 a729b394 f07b6621 87290f7c 33adf2ac f5d594c5
ffff8e2301f33740 2333071746 C Bo:2:011:2 0 32 >
ffff8e2301f33740 2333071752 S Bo:2:011:2 -115 32 = f9eef5c5 aa4ac911 2d0ad01a b0128f12 d11a8f12 4c0a6b12 4a124d23 333d384e
ffff8e2301f32240 2333074531 C Bo:2:011:2 0 32 >
ffff8e2301f32240 2333074536 S Bo:2:011:2 -115 32 = 5966144d 49128a32 729cf7dd 38ee17f6 57f657f6 f5e573d5 11c511c5 52cd32cd
ffff8e2301f33740 2333077296 C Bo:2:011:2 0 32 >
ffff8e2301f33740 2333077302 S Bo:2:011:2 -115 32 = f1c433cd 54d5f3cc 55cd35b5 c8312509 525c6f43 06018911 ec194901 8a090c12
ffff8e2301f32240 2333080102 C Bo:2:011:2 0 32 >
ffff8e2301f32240 2333080107 S Bo:2:011:2 -115 32 = 2b128c12 f023b64d 7a667a66 7a667a5e 9a563846 58367726 77265726 57267726
ffff8e2301f33740 2333082864 C Bo:2:011:2 0 32 >
ffff8e2301f33740 2333082869 S Bo:2:011:2 -115 32 = 57265726 77269826 9826982e 982e572e 5726782e 782e782e 782e782e 782e582e
ffff8e2301f32240 2333085641 C Bo:2:011:2 0 32 >
ffff8e2301f32240 2333085645 S Bo:2:011:2 -115 32 = 572e572e 782e782e 782e782e 782e982e 782e782e 98367836 78365836 f72d383e
ffff8e2301f33740 2333088365 C Bo:2:011:2 0 32 >
ffff8e2301f33740 2333088370 S Bo:2:011:2 -115 32 = 794eda56 da5ebebf 3dc71c8f ffc73da7 73448d1a 8e222d12 da95ddce 322b932b
ffff8e2301f32240 2333091179 C Bo:2:011:2 0 32 >
ffff8e2301f32240 2333091184 S Bo:2:011:2 -115 32 = 732bb43b f64bf87c 365c3223 722bb22b 922b364c f4432f1b 2b02303b 3cbeffff
ffff8e2301f33740 2333093933 C Bo:2:011:2 0 32 >
ffff8e2301f33740 2333093937 S Bo:2:011:2 -115 32 = ffffffff dfff7fff ffffffff ffffffff a3100000 00000000 00000000 00000000
ffff8e2301f32240 2333096752 C Bo:2:011:2 0 32 >
ffff8e2301f32240 2333096756 S Bo:2:011:2 -115 8 = 00000000 00003ccc
ffff8e2301f33740 2333099432 C Bo:2:011:2 0 32 >
ffff8e2301f32240 2333102225 C Bo:2:011:2 0 8 >
ffff8e2301f32e40 2333115850 C Bi:2:011:2 0 9 = a5570060 00015919 ea
ffff8e2301f32e40 2333115856 S Bi:2:011:2 -115 32 <
ffff8e2301f32240 2333116898 S Bo:2:011:2 -115 32 = a5570061 04000000 00000000 00000000 00000000 00000000 00000000 00000000
ffff8e2301f33740 2333116903 S Bo:2:011:2 -115 32 = 00000000 00000000 00000000 00000000 00000000 00000000 a310ffff ffffffff
ffff8e2301f32240 2333116979 C Bo:2:011:2 0 32 >
ffff8e2301f32240 2333116984 S Bo:2:011:2 -115 32 = bff7ffff 9fef7fef 5fefffe6 ffff3cc6 ea21893a 56ce9aff 39f7f9f6 39f75aff
ffff8e2301f33740 2333117031 C Bo:2:011:2 0 32 >
ffff8e2301f33740 2333117033 S Bo:2:011:2 -115 32 = 19f718ef 39f739f7 3af759f7 5af739f7 39f719ef f8eeb8e6 76de56d6 15cef4cd
ffff8e2301f32240 2333119892 C Bo:2:011:2 0 32 >
ffff8e2301f32240 2333119897 S Bo:2:011:2 -115 32 = d4c5d4c5 d4c5b3c5 b4c5d4c5 d4c5f5cd 15ce16c6 d5bd73ad f19c4f84 8d638a4a
ffff8e2301f33740 2333122577 C Bo:2:011:2 0 32 >
ffff8e2301f33740 2333122582 S Bo:2:011:2 -115 32 = 0832283a 283a083a cb52293a a408a729 8721c729 2c5b2f84 11a512ad 97de36d6
ffff8e2301f32240 2333125422 C Bo:2:011:2 0 32 >
ffff8e2301f32240 2333125426 S Bo:2:011:2 -115 32 = f9ee57d6 6d6be919 4c0acf12 101b5123 111bd012 4d0aaa01 2a0a8e23 13351846
ffff8e2301f33740 2333128177 C Bo:2:011:2 0 32 >
ffff8e2301f33740 2333128182 S Bo:2:011:2 -115 32 = 39561966 d86d6a1a a308b39c 1cff38fe d6f5f6f5 16f616f6 d5e553dd f1ccf1c4
ffff8e2301f32240 2333130961 C Bo:2:011:2 0 32 >
ffff8e2301f32240 2333130966 S Bo:2:011:2 -115 32 = f1c4f2cc 13d5d2cc 75d534b5 8629e400 3154d043 a809ca11 eb110c12 eb11aa09
ffff8e2301f33740 2333133709 C Bo:2:011:2 0 32 >
ffff8e2301f33740 2333133714 S Bo:2:011:2 -115 32 = eb092b0a 2e13953d da4eb94e 99467836 57265726 771e771e 77265726 37265726
ffff8e2301f32240 2333136459 C Bo:2:011:2 0 32 >
ffff8e2301f32240 2333136464 S Bo:2:011:2 -115 32 = 77267826 7826782e 582e372e 572e572e 582e782e 782e782e 782e582e 582e582e
ffff8e2301f33740 2333139252 C Bo:2:011:2 0 32 >
ffff8e2301f33740 2333139256 S Bo:2:011:2 -115 32 = 782e572e 772e782e 982e782e 772e782e 772e782e 782e7836 b94e1c6f d635584e
ffff8e2301f32240 2333142054 C Bo:2:011:2 0 32 >
ffff8e2301f32240 2333142059 S Bo:2:011:2 -115 32 = 7956b94e 3c77fb7e 584e1c6f ffd7bfdf 5454ef2a ae22cf1a 144cf784 d774f543
ffff8e2301f33740 2333144888 C Bo:2:011:2 0 32 >
ffff8e2301f33740 2333144893 S Bo:2:011:2 -115 32 = b4337333 d53bf322 397db76c 111b7223 7223f43b 71232f1b ee22f032 7dcebeff
ffff8e2301f32240 2333147569 C Bo:2:011:2 0 32 >
ffff8e2301f32240 2333147576 S Bo:2:011:2 -115 32 = ffffffff ffffffff ffffffff ffffa310 00000000 00000000 00000000 00000000
ffff8e2301f33740 2333150303 C Bo:2:011:2 0 32 >
ffff8e2301f33740 2333150308 S Bo:2:011:2 -115 32 = 00000000 00000000 00000000 00000000 00000000 00000000 00000000 00000000
ffff8e2301f32240 2333153056 C Bo:2:011:2 0 32 >
ffff8e2301f32240 2333153061 S Bo:2:011:2 -115 32 = 00000000 00000000 00000000 00000000 00000000 00000000 0000a310 ffffffff
ffff8e2301f33740 2333155892 C Bo:2:011:2 0 32 >
ffff8e2301f33740 2333155897 S Bo:2:011:2 -115 32 = ffffffff 7fef7ff7 5fef1fe7 ffffddd6 8d3a493a 74ad9bff 39ff19f7 5af759f7
ffff8e2301f32240 2333158647 C Bo:2:011:2 0 32 >
ffff8e2301f32240 2333158652 S Bo:2:011:2 -115 32 = 19ef19f7 39f73af7 3af759f7 7aff7aff 9bff9bff 9aff7aff 39f718ef d8e697de
ffff8e2301f33740 2333161390 C Bo:2:011:2 0 32 >
ffff8e2301f33740 2333161395 S Bo:2:011:2 -115 32 = 56d635ce 15cef4cd f4cdd4c5 d4c5d4c5 f4cd15ce 35ce56d6 77deb7e6 97de36ce
ffff8e2301f32240 2333164151 C Bo:2:011:2 0 32 >
ffff8e2301f32240 2333164157 S Bo:2:011:2 -115 32 = 94b5f29c ef738942 4519c408 06116721 cc52f39c ae730a5b 73b5d5c5 d9e6b8e6
ffff8e2301f33740 2333166960 C Bo:2:011:2 0 32 >
ffff8e2301f33740 2333166965 S Bo:2:011:2 -115 32 = 19efb8de cd73a711 6c0a1013 301b911b 711b1113 0d0a6901 8b12f033 d234d745
ffff8e2301f32240 2333169703 C Bo:2:011:2 0 32 >
ffff8e2301f32240 2333169708 S Bo:2:011:2 -115 32 = 3a4e1a56 7b76b24c 8a1a4a32 cf7b96dd 38fe37f6 17f637fe 37fed5f5 53dd53d5
ffff8e2301f33740 2333172528 C Bo:2:011:2 0 32 >
ffff8e2301f33740 2333172533 S Bo:2:011:2 -115 32 = 32cd12cd d2ccd2c4 95d513ad 8629c300 8e3bf03b ed1a2b0a aa090c1a cc194a01
ffff8e2301f32240 2333175225 C Bo:2:011:2 0 32 >
ffff8e2301f32240 2333175230 S Bo:2:011:2 -115 32 = ab09eb11 2b0af013 b52d7836 d9367826 782e7726 571e7826 78265826 57265726
ffff8e2301f33740 2333178036 C Bo:2:011:2 0 32 >
ffff8e2301f33740 2333178041 S Bo:2:011:2 -115 32 = 77265826 582e5836 3836172e 172e572e 782e782e 582e582e 582e582e 582e782e
ffff8e2301f32240 2333180861 C Bo:2:011:2 0 32 >
ffff8e2301f32240 2333180865 S Bo:2:011:2 -115 32 = 782e772e 772e782e 782e772e 772e782e 772e782e 782e782e 983eba56 373e595e
ffff8e2301f33740 2333183568 C Bo:2:011:2 0 32 >
ffff8e2301f33740 2333183573 S Bo:2:011:2 -115 32 = ba669a5e 1c77b94e b956fb66 bfa7bfc7 334c3033 1033cf1a 1023b64b bb9d3233
ffff8e2301f32240 2333186365 C Bo:2:011:2 0 32 >
ffff8e2301f32240 2333186370 S Bo:2:011:2 -115 32 = 986c3cb6 53337433 365c5a85 b33b7123 b22b3023 301b2f1b 4c128f2a ffffffff
ffff8e2301f33740 2333189105 C Bo:2:011:2 0 32 >
ffff8e2301f33740 2333189109 S Bo:2:011:2 -115 32 = ffffffff ffffffff ffffffff ffffffff a3100000 00000000 00000000 00000000
ffff8e2301f32240 2333191871 C Bo:2:011:2 0 32 >
ffff8e2301f32240 2333191876 S Bo:2:011:2 -115 32 = 00000000 00000000 00000000 00000000 00000000 00000000 00000000 00000000
ffff8e2301f33740 2333194693 C Bo:2:011:2 0 32 >
ffff8e2301f33740 2333194698 S Bo:2:011:2 -115 32 = 00000000 00000000 00000000 00000000 00000000 0000a310 a310ffff ffffffff
ffff8e2301f32240 2333197446 C Bo:2:011:2 0 32 >
ffff8e2301f32240 2333197451 S Bo:2:011:2 -115 8 = ffffffff dfff60a3
ffff8e2301f33740 2333200242 C Bo:2:011:2 0 32 >
ffff8e2301f32240 2333202967 C Bo:2:011:2 0 8 >
ffff8e2301f326c0 2333216921 C Bi:2:011:2 0 9 = a5570061 0001596f 5e
ffff8e2301f326c0 2333216938 S Bi:2:011:2 -115 32 <
ffff8e2301f32240 2333218564 S Bo:2:011:2 -115 32 = a5570062 04009fff 5fef5fef 9ff71fdf 789daf63 918c1aef 7aff5aff 59f718ef
ffff8e2301f33740 2333218568 S Bo:2:011:2 -115 32 = 5af75aff 5af739f7 5af75af7 39ef19ef 19ef19ef 19ef39f7 59f75af7 5af77af7
ffff8e2301f32240 2333218632 C Bo:2:011:2 0 32 >
ffff8e2301f32240 2333218635 S Bo:2:011:2 -115 32 = 7af75af7 39f7d8ee 97de35d6 f4cdd4c5 b3c5b3c5 b3c5b3c5 93c5b3c5 b4c5f4cd
ffff8e2301f33740 2333218676 C Bo:2:011:2 0 32 >
ffff8e2301f33740 2333218677 S Bo:2:011:2 -115 32 = 15ce36ce 36ce36ce d6c554ad 13a513a5 74b578ce 0b5ba629 77d697de 77d6d8e6
ffff8e2301f32240 2333221466 C Bo:2:011:2 0 32 >
ffff8e2301f32240 2333221477 S Bo:2:011:2 -115 32 = f8eed8e6 908cc819 ac12711b ef0a0e0b 91139323 4e0aca01 0e23d033 5124d73d
ffff8e2301f33740 2333224226 C Bo:2:011:2 0 32 >
ffff8e2301f33740 2333224237 S Bo:2:011:2 -115 32 = 5a4ed845 19663d97 d76da709 c3087294 baee99f6 f7edf6ed 16ee36f6 36f615ee
ffff8e2301f32240 2333227013 C Bo:2:011:2 0 32 >
ffff8e2301f32240 2333227024 S Bo:2:011:2 -115 32 = b4dd93d5 73dd73d5 f5d553b5 c731c300 2d331144 af2b4b12 aa11ab19 6b11ac11
ffff8e2301f33740 2333229886 C Bo:2:011:2 0 32 >
ffff8e2301f33740 2333229899 S Bo:2:011:2 -115 32 = cc19ab09 cb094c0a f01b173e 993e372e 78365726 57265826 7826782e 58265826
ffff8e2301f32240 2333232583 C Bo:2:011:2 0 32 >
ffff8e2301f32240 2333232594 S Bo:2:011:2 -115 32 = 782e582e 382e382e 3836382e 172e372e 582e582e 582e582e 582e582e 782e782e
ffff8e2301f33740 2333235292 C Bo:2:011:2 0 32 >
ffff8e2301f33740 2333235303 S Bo:2:011:2 -115 32 = 782e782e 572e572e 572e572e 772e772e 772e782e 782e7836 782e582e 993e9946
ffff8e2301f32240 2333238077 C Bo:2:011:2 0 32 >
ffff8e2301f32240 2333238087 S Bo:2:011:2 -115 32 = 794eda5e 9e9ffb8e ba5eba5e 5d7f5e9f d5640c12 5143f674 154c154c b122d122
ffff8e2301f33740 2333240889 C Bo:2:011:2 0 32 >
ffff8e2301f33740 2333240899 S Bo:2:011:2 -115 32 = b54b9874 533b543b 332b3223 722b511b 72237123 5023ef1a a901ae2a 599dffff
ffff8e2301f32240 2333243681 C Bo:2:011:2 0 32 >
ffff8e2301f32240 2333243693 S Bo:2:011:2 -115 32 = 3fefbfff dfffffff ffffffff ffffa310 00000000 00000000 00000000 00000000
ffff8e2301f33740 2333246460 C Bo:2:011:2 0 32 >
ffff8e2301f33740 2333246473 S Bo:2:011:2 -115 32 = 00000000 00000000 00000000 00000000 00000000 00000000 00000000 00000000
ffff8e2301f32240 2333249202 C Bo:2:011:2 0 32 >
ffff8e2301f32240 2333249214 S Bo:2:011:2 -115 32 = 00000000 00000000 00000000 00000000 00000000 a310ffff ffffffff ffffffff
ffff8e2301f33740 2333251946 C Bo:2:011:2 0 32 >
ffff8e2301f33740 2333251959 S Bo:2:011:2 -115 32 = ffffffff ffffdfff 3eef9ff7 fee69fef ffff317c 083a57ce fdff39f7 39f719ef
ffff8e2301f32240 2333254752 C Bo:2:011:2 0 32 >
ffff8e2301f32240 2333254764 S Bo:2:011:2 -115 32 = 5af73af7 39f739ef 5af75af7 3aef3aef 39ef39ef 59ef5af7 5af75af7 5af77af7
ffff8e2301f33740 2333257527 C Bo:2:011:2 0 32 >
ffff8e2301f33740 2333257538 S Bo:2:011:2 -115 32 = 7af75af7 5af739f7 19eff8ee b7e696de 76de56d6 35d615ce f4cdd4cd d4c5d4c5
ffff8e2301f32240 2333260325 C Bo:2:011:2 0 32 >
ffff8e2301f32240 2333260336 S Bo:2:011:2 -115 32 = d4c5d4c5 d4cdf4cd 35d676de 56de36d6 15ce97d6 ca4a4521 57cef8e6 76d6d8ee
ffff8e2301f33740 2333263038 C Bo:2:011:2 0 32 >
ffff8e2301f33740 2333263049 S Bo:2:011:2 -115 32 = b8e6d8ee 94b5082a ea01701b 50130e03 500bb31b cf0a2b02 0e1b9023 3124b635
ffff8e2301f32240 2333265893 C Bo:2:011:2 0 32 >
ffff8e2301f32240 2333265905 S Bo:2:011:2 -115 32 = 3846f745 185e9a76 59765565 0f4c8a32 6a4a518c 17d6b9ee 77ee36e6 56e656ee
ffff8e2301f33740 2333268599 C Bo:2:011:2 0 32 >
ffff8e2301f33740 2333268613 S Bo:2:011:2 -115 32 = 15eef5ed 36f636ee f8f615ce 083ae508 2d33b354 934c6c1a 49114a11 6a090d22
ffff8e2301f32240 2333271387 C Bo:2:011:2 0 32 >
ffff8e2301f32240 2333271398 S Bo:2:011:2 -115 32 = ec196a09 6a098a09 ee121435 173e7836 57363726 3726372e 582e5826 5826582e
ffff8e2301f33740 2333274151 C Bo:2:011:2 0 32 >
ffff8e2301f33740 2333274164 S Bo:2:011:2 -115 32 = 782e582e 5826372e 382e382e 382e382e 372e382e 582e582e 582e582e 582e582e
ffff8e2301f32240 2333276888 C Bo:2:011:2 0 32 >
ffff8e2301f32240 2333276901 S Bo:2:011:2 -115 32 = 782e782e 572e572e 572e572e 772e572e 782e782e 7836782e 9836782e 7836783e
ffff8e2301f33740 2333279660 C Bo:2:011:2 0 32 >
ffff8e2301f33740 2333279674 S Bo:2:011:2 -115 32 = 983efb5e 5eb7fc9e 5856b94e 3c6f3e97 37654c1a 2d221133 31339764 3233d122
ffff8e2301f32240 2333282491 C Bo:2:011:2 0 32 >
ffff8e2301f32240 2333282502 S Bo:2:011:2 -115 32 = 9543921a 7664555c 1123722b 31235123 31233023 512b7133 ca012f43 5fe7ffff
ffff8e2301f33740 2333285183 C Bo:2:011:2 0 32 >
ffff8e2301f33740 2333285198 S Bo:2:011:2 -115 32 = 9ff75fef ffffffff ffffffff ffffa310 00000000 00000000 00000000 00000000
ffff8e2301f32240 2333288038 C Bo:2:011:2 0 32 >
ffff8e2301f32240 2333288049 S Bo:2:011:2 -115 32 = 00000000 00000000 00000000 00000000 00000000 00000000 00000000 00000000
ffff8e2301f33740 2333290728 C Bo:2:011:2 0 32 >
ffff8e2301f33740 2333290739 S Bo:2:011:2 -115 32 = 00000000 00000000 00000000 00000000 00000000 a310ffff ffffffff ffffffff
ffff8e2301f32240 2333293527 C Bo:2:011:2 0 32 >
ffff8e2301f32240 2333293540 S Bo:2:011:2 -115 32 = ffffffff ffffdfff 5eefbfff fee67fef fffff16b 020095ad ffffd8ee 19ef39ef
ffff8e2301f33740 2333296304 C Bo:2:011:2 0 32 >
ffff8e2301f33740 2333296315 S Bo:2:011:2 -115 32 = 39f719f7 3af75af7 3aef19ef 39ef5af7 5af75af7 5af75af7 59ef39ef 59ef39ef
ffff8e2301f32240 2333299102 C Bo:2:011:2 0 32 >
ffff8e2301f32240 2333299113 S Bo:2:011:2 -115 8 = 39ef39ef 59f74ff0
ffff8e2301f33740 2333301860 C Bo:2:011:2 0 32 >
ffff8e2301f32240 2333304618 C Bo:2:011:2 0 8 >
ffff8e2301f32e40 2333318876 C Bi:2:011:2 0 9 = a5570062 000159f4 82
ffff8e2301f32e40 2333318891 S Bi:2:011:2 -115 32 <
ffff8e2301f32240 2333320264 S Bo:2:011:2 -115 32 = a5570063 04007af7 7aff7aff 9bff9bff 7aff5af7 19efd8e6 97de35d6 d4cdb3c5
ffff8e2301f33740 2333320269 S Bo:2:011:2 -115 32 = b3c5b4c5 b4c5b3c5 93c593c5 93c5b3c5 d4cd56ce 6c63e731 b4b519e7 f8e6f8ee
ffff8e2301f32240 2333320332 C Bo:2:011:2 0 32 >
ffff8e2301f32240 2333320336 S Bo:2:011:2 -115 32 = 97e619ef 77cec721 27010f13 b113b113 710b5213 f00a6d02 6c0a2e1b 9234963d
ffff8e2301f33740 2333320380 C Bo:2:011:2 0 32 >
ffff8e2301f33740 2333320383 S Bo:2:011:2 -115 32 = 173e163e 164e5866 db76bd97 b97e0b23 4501ec4a b38cb6bd 78de97e6 77e676ee
ffff8e2301f32240 2333323146 C Bo:2:011:2 0 32 >
ffff8e2301f32240 2333323156 S Bo:2:011:2 -115 32 = 56f656f6 36fe35f6 39ff56d6 8a4a6619 ec321565 b76d6c22 a6006a11 cb19cb11
ffff8e2301f33740 2333325942 C Bo:2:011:2 0 32 >
ffff8e2301f33740 2333325956 S Bo:2:011:2 -115 32 = ec11ac11 2a014901 2c0a6f1b 342d983e 572e5726 372ef735 1836382e 58265826
ffff8e2301f32240 2333328742 C Bo:2:011:2 0 32 >
ffff8e2301f32240 2333328755 S Bo:2:011:2 -115 32 = 58265826 78265826 582e382e 382e182e 182e382e 582e582e 582e582e 582e572e
ffff8e2301f33740 2333331503 C Bo:2:011:2 0 32 >
ffff8e2301f33740 2333331515 S Bo:2:011:2 -115 32 = 582e772e 772e572e 572e572e 572e572e 772e772e 782e7836 782eba5e 794e172e
ffff8e2301f32240 2333334251 C Bo:2:011:2 0 32 >
ffff8e2301f32240 2333334262 S Bo:2:011:2 -115 32 = b93eb946 9956573e 783eda4e 3d775e97 37654c1a cb112d12 112b943b 1123f022
ffff8e2301f33740 2333337008 C Bo:2:011:2 0 32 >
ffff8e2301f33740 2333337023 S Bo:2:011:2 -115 32 = d01a1223 12233223 522b7223 52235123 51233023 522b512b 4d12fca5 ffffffff
ffff8e2301f32240 2333339885 C Bo:2:011:2 0 32 >
ffff8e2301f32240 2333339898 S Bo:2:011:2 -115 32 = 9ff7dfff ffffffff ffffa310 a3100000 00000000 00000000 00000000 00000000
ffff8e2301f33740 2333342593 C Bo:2:011:2 0 32 >
ffff8e2301f33740 2333342602 S Bo:2:011:2 -115 32 = 00000000 00000000 00000000 00000000 00000000 00000000 00000000 00000000
ffff8e2301f32240 2333345369 C Bo:2:011:2 0 32 >
ffff8e2301f32240 2333345380 S Bo:2:011:2 -115 32 = 00000000 00000000 00000000 00000000 0000a310 ffffffff ffffbfef ffffffff
ffff8e2301f33740 2333348077 C Bo:2:011:2 0 32 >
ffff8e2301f33740 2333348087 S Bo:2:011:2 -115 32 = ffffbff7 7ff7ffff dfff9ef7 ddde5fef ffff1374 8400d294 dcff19f7 39f719ef
ffff8e2301f32240 2333350890 C Bo:2:011:2 0 32 >
ffff8e2301f32240 2333350903 S Bo:2:011:2 -115 32 = 19f719f7 39f75af7 39ef19ef 39ef5af7 59f739f7 39ef39ef 39ef39ef 39ef39ef
ffff8e2301f33740 2333353668 C Bo:2:011:2 0 32 >
ffff8e2301f33740 2333353680 S Bo:2:011:2 -115 32 = 39ef59ef 5af77af7 5af75af7 5af75af7 39f739f7 39f73af7 5af739f7 19eff8ee
ffff8e2301f32240 2333356461 C Bo:2:011:2 0 32 >
ffff8e2301f32240 2333356473 S Bo:2:011:2 -115 32 = d8e697e6 76de36d6 f5cdd4cd d4c5b4c5 d4c515ce 4f8c0b63 12a5f8de f9eed8ee
ffff8e2301f33740 2333359226 C Bo:2:011:2 0 32 >
ffff8e2301f33740 2333359235 S Bo:2:011:2 -115 32 = 97e639f7 1adfc729 c600cf12 300bf213 b213310b 5213f012 0b0a8c12 f444753d
ffff8e2301f32240 2333361968 C Bo:2:011:2 0 32 >
ffff8e2301f32240 2333361981 S Bo:2:011:2 -115 32 = 942d3636 573e795e db6eb966 78663876 14658e43 6a2acb4a f3a41aef 19f777ee
ffff8e2301f33740 2333364738 C Bo:2:011:2 0 32 >
ffff8e2301f33740 2333364748 S Bo:2:011:2 -115 32 = 56ee56ee 56f635ee 18ff16d6 eb5a8721 291a145d bb868d2a 65008a11 ca11aa09
ffff8e2301f32240 2333367530 C Bo:2:011:2 0 32 >
ffff8e2301f32240 2333367541 S Bo:2:011:2 -115 32 = 2c122d1a 8a096a09 cb090b02 f01b373e 9836982e 3836d735 3836582e 38263826
ffff8e2301f33740 2333370338 C Bo:2:011:2 0 32 >
ffff8e2301f33740 2333370349 S Bo:2:011:2 -115 32 = 37265826 78267826 782e582e 382e182e 182e382e 382e582e 582e582e 572e572e
ffff8e2301f32240 2333373078 C Bo:2:011:2 0 32 >
ffff8e2301f32240 2333373089 S Bo:2:011:2 -115 32 = 572e582e 582e582e 572e572e 572e572e 582e582e 782e7836 582eba5e 3db7795e
ffff8e2301f33740 2333375882 C Bo:2:011:2 0 32 >
ffff8e2301f33740 2333375895 S Bo:2:011:2 -115 32 = 9836b93e b93e993e 783eda4e 3d777f97 165dea11 8909af2a b33b122b f022f01a
ffff8e2301f32240 2333378605 C Bo:2:011:2 0 32 >
ffff8e2301f32240 2333378617 S Bo:2:011:2 -115 32 = 10231123 32233223 32235223 f433b22b 51233123 7223b33b 8e1a766c dedeffff
ffff8e2301f33740 2333381388 C Bo:2:011:2 0 32 >
ffff8e2301f33740 2333381398 S Bo:2:011:2 -115 32 = ffffdfff ffffffff ffffa310 00000000 00000000 00000000 00000000 00000000
ffff8e2301f32240 2333384148 C Bo:2:011:2 0 32 >
ffff8e2301f32240 2333384159 S Bo:2:011:2 -115 32 = 00000000 00000000 00000000 00000000 00000000 00000000 00000000 00000000
ffff8e2301f33740 2333386890 C Bo:2:011:2 0 32 >
ffff8e2301f33740 2333386895 S Bo:2:011:2 -115 32 = 00000000 00000000 00000000 00000000 00000000 a310ffff ffffffff ffffffff
ffff8e2301f32240 2333389711 C Bo:2:011:2 0 32 >
ffff8e2301f32240 2333389716 S Bo:2:011:2 -115 32 = ffff3eef ffffdfff dff79fef fede7fef dfffb67c 2a2a307c d8de7aff 59ff18f7
ffff8e2301f33740 2333392461 C Bo:2:011:2 0 32 >
ffff8e2301f33740 2333392466 S Bo:2:011:2 -115 32 = 19f719f7 19f719ef 3aef3af7 3af73af7 39f759f7 59f739f7 39f739f7 59f759f7
ffff8e2301f32240 2333395220 C Bo:2:011:2 0 32 >
ffff8e2301f32240 2333395225 S Bo:2:011:2 -115 32 = 5af75af7 5af759f7 39ef39ef 39ef39ef 39ef39ef 3af75af7 7aff9bff 9bff9aff
ffff8e2301f33740 2333398018 C Bo:2:011:2 0 32 >
ffff8e2301f33740 2333398023 S Bo:2:011:2 -115 32 = 7aff39f7 19efd8e6 76de35d6 15cef4cd 35d696de 72b5ad73 0f8498de f9eeb8ee
ffff8e2301f32240 2333400862 C Bo:2:011:2 0 32 >
ffff8e2301f32240 2333400866 S Bo:2:011:2 -115 8 = 77e619ef 3ae7f97b
ffff8e2301f33740 2333403570 C Bo:2:011:2 0 32 >
ffff8e2301f32240 2333406251 C Bo:2:011:2 0 8 >
ffff8e2301f326c0 2333419945 C Bi:2:011:2 0 9 = a5570063 00015982 36
ffff8e2301f326c0 2333419951 S Bi:2:011:2 -115 32 <
ffff8e2301f32240 2333421174 S Bo:2:011:2 -115 32 = a5570064 0400493a 2701101b f012110b 5113510b b31b521b eb096c12 154d553d
ffff8e2301f33740 2333421179 S Bo:2:011:2 -115 32 = f224562e 7736f63d 7956da66 ba6e1c87 da86956d ae43eb32 6d5b2f84 f2a4d5cd
ffff8e2301f32240 2333421243 C Bo:2:011:2 0 32 >
ffff8e2301f32240 2333421248 S Bo:2:011:2 -115 32 = 37de57de 97eed8f6 5afff6cd 6a420509 6a1ad665 3c8f4f33 4909cb11 eb110c12
ffff8e2301f33740 2333421289 C Bo:2:011:2 0 32 >
ffff8e2301f33740 2333421291 S Bo:2:011:2 -115 32 = 0c12ec11 0c126d1a 2d12eb09 cd0ad32c 583eb93e f72df735 582e3826 372e572e
ffff8e2301f32240 2333424109 C Bo:2:011:2 0 32 >
ffff8e2301f32240 2333424113 S Bo:2:011:2 -115 32 = 58265726 57267826 782e582e 382e382e 172e382e 382e582e 572e572e 772e572e
ffff8e2301f33740 2333426887 C Bo:2:011:2 0 32 >
ffff8e2301f33740 2333426892 S Bo:2:011:2 -115 32 = 572e582e 782e582e 572e572e 572e572e 582e582e 582e5836 782e783e 7ebf9ecf
ffff8e2301f32240 2333429638 C Bo:2:011:2 0 32 >
ffff8e2301f32240 2333429653 S Bo:2:011:2 -115 32 = ba5eb93e b93e783e 993eda4e 1c6f7f8f 3765ea11 aa11f12a 933bf122 f0221023
ffff8e2301f33740 2333432394 C Bo:2:011:2 0 32 >
ffff8e2301f33740 2333432405 S Bo:2:011:2 -115 32 = 10233123 3223965c 344c5223 b333f43b 922bb233 143c712b 6c12eb11 fab5ffff
ffff8e2301f32240 2333435149 C Bo:2:011:2 0 32 >
ffff8e2301f32240 2333435159 S Bo:2:011:2 -115 32 = ddde1fe7 ffffffff ffffa310 a3100000 00000000 00000000 00000000 00000000
ffff8e2301f33740 2333437961 C Bo:2:011:2 0 32 >
ffff8e2301f33740 2333437974 S Bo:2:011:2 -115 32 = 00000000 00000000 00000000 00000000 00000000 00000000 00000000 00000000
ffff8e2301f32240 2333440755 C Bo:2:011:2 0 32 >
ffff8e2301f32240 2333440767 S Bo:2:011:2 -115 32 = 00000000 00000000 00000000 00000000 00000000 a310ffff ffffffff ffff9ef7
ffff8e2301f33740 2333443493 C Bo:2:011:2 0 32 >
ffff8e2301f33740 2333443506 S Bo:2:011:2 -115 32 = 9ef7ffff ffffdff7 5ee79fef 7fef5fe7 7fe79cbe d16b2d53 f5bdbbff 59fff8f6
ffff8e2301f32240 2333446226 C Bo:2:011:2 0 32 >
ffff8e2301f32240 2333446236 S Bo:2:011:2 -115 32 = 19f739f7 19ef19ef 5af75af7 3aef3aef 3af73af7 39f739f7 39f73af7 39f739f7
ffff8e2301f33740 2333449035 C Bo:2:011:2 0 32 >
ffff8e2301f33740 2333449048 S Bo:2:011:2 -115 32 = 3af73af7 39f739f7 39f739f7 39f75af7 5af75af7 5af73af7 39f719ef 19ef19ef
ffff8e2301f32240 2333451903 C Bo:2:011:2 0 32 >
ffff8e2301f32240 2333451917 S Bo:2:011:2 -115 32 = 19ef19ef 39f75af7 7aff7aff 59f738f7 39f79aff 39ef6c6b 284277d6 19f7b8e6
ffff8e2301f33740 2333454618 C Bo:2:011:2 0 32 >
ffff8e2301f33740 2333454629 S Bo:2:011:2 -115 32 = 98e6f8ee 1aef8d63 09125023 301baf0a f012510b 710b3013 0c0a8c12 943c143d
ffff8e2301f32240 2333457370 C Bo:2:011:2 0 32 >
ffff8e2301f32240 2333457383 S Bo:2:011:2 -115 32 = f32c373e 772eb525 3746fb66 bb6e596e da7e3b87 da86f675 8d3b8509 4832918c
ffff8e2301f33740 2333460078 C Bo:2:011:2 0 32 >
ffff8e2301f33740 2333460090 S Bo:2:011:2 -115 32 = b5bd74b5 b5bdf6cd 37d6139d e8298611 314cba7e fb7e5244 6c1a4d12 ef227133
ffff8e2301f32240 2333462887 C Bo:2:011:2 0 32 >
ffff8e2301f32240 2333462900 S Bo:2:011:2 -115 32 = ad1aea09 0b0a4c1a 6d1a2d12 4c0a4e13 9635ba46 d7351836 782e3726 372e5726
ffff8e2301f33740 2333465639 C Bo:2:011:2 0 32 >
ffff8e2301f33740 2333465652 S Bo:2:011:2 -115 32 = 77265726 37263726 3726372e 382e382e 382e382e 382e582e 572e5726 782e782e
ffff8e2301f32240 2333468461 C Bo:2:011:2 0 32 >
ffff8e2301f32240 2333468472 S Bo:2:011:2 -115 32 = 772e572e 572e572e 582e582e 572e582e 782e782e 582e782e 7836b946 fa4efb66
ffff8e2301f33740 2333471150 C Bo:2:011:2 0 32 >
ffff8e2301f33740 2333471161 S Bo:2:011:2 -115 32 = ba56b93e 98367836 7946ba4e 5d87dfbf fa750b12 ca194d1a af225233 7233f022
ffff8e2301f32240 2333473971 C Bo:2:011:2 0 32 >
ffff8e2301f32240 2333473984 S Bo:2:011:2 -115 32 = 11231123 52237bb6 b56c3223 b333f33b 354c596d 3444f23b 0a0aca11 9cc6ffff
ffff8e2301f33740 2333476757 C Bo:2:011:2 0 32 >
ffff8e2301f33740 2333476769 S Bo:2:011:2 -115 32 = ffff3fe7 ffffffff ffffffff ffffa310 00000000 00000000 00000000 00000000
ffff8e2301f32240 2333479528 C Bo:2:011:2 0 32 >
ffff8e2301f32240 2333479541 S Bo:2:011:2 -115 32 = 00000000 00000000 00000000 00000000 00000000 00000000 00000000 00000000
ffff8e2301f33740 2333482296 C Bo:2:011:2 0 32 >
ffff8e2301f33740 2333482308 S Bo:2:011:2 -115 32 = 00000000 00000000 00000000 00000000 00000000 0000a310 ffffffff ffffffff
ffff8e2301f32240 2333485033 C Bo:2:011:2 0 32 >
ffff8e2301f32240 2333485044 S Bo:2:011:2 -115 32 = ffffffff dfffbff7 3fe75fef 7fef1edf 7eefffff f58c4619 f294fdff 39f719f7
ffff8e2301f33740 2333487862 C Bo:2:011:2 0 32 >
ffff8e2301f33740 2333487874 S Bo:2:011:2 -115 32 = 19f719f7 19f73af7 5af73af7 19ef1aef 3af73af7 3af73af7 3af73af7 3af739f7
ffff8e2301f32240 2333490638 C Bo:2:011:2 0 32 >
ffff8e2301f32240 2333490650 S Bo:2:011:2 -115 32 = 3af73af7 3af73af7 3af73af7 3af73af7 3af73af7 3af73af7 3af739f7 39f739ef
ffff8e2301f33740 2333493374 C Bo:2:011:2 0 32 >
ffff8e2301f33740 2333493384 S Bo:2:011:2 -115 32 = 3af75af7 5af75af7 7aff7aff 7aff79ff 59f79aff fdff6c6b 031957ce 3af797e6
ffff8e2301f32240 2333496154 C Bo:2:011:2 0 32 >
ffff8e2301f32240 2333496164 S Bo:2:011:2 -115 32 = b8eef8ee 19efb18c 8a2aac12 2f1b2f1b 10137113 91133013 2b026b0a d123d434
ffff8e2301f33740 2333498865 C Bo:2:011:2 0 32 >
ffff8e2301f33740 2333498875 S Bo:2:011:2 -115 32 = 763dd735 f62d172e 17361746 58569a66 da761b7f 3c87da7e b665704c 2f4c3064
ffff8e2301f32240 2333501673 C Bo:2:011:2 0 32 >
ffff8e2301f32240 2333501685 S Bo:2:011:2 -115 8 = 0f648e5b 6d5ba285
ffff8e2301f33740 2333504445 C Bo:2:011:2 0 32 >
ffff8e2301f32240 2333507202 C Bo:2:011:2 0 8 >
ffff8e2301f32e40 2333520895 C Bi:2:011:2 0 9 = a5570064 000159d3 1b
ffff8e2301f32e40 2333520906 S Bi:2:011:2 -115 32 <
ffff8e2301f32240 2333522614 S Bo:2:011:2 -115 32 = a5570065 04002c53 eb4aec42 ec32f04b f7751b87 fa761455 0e238e1a 702b9444
ffff8e2301f33740 2333522618 S Bo:2:011:2 -115 32 = 9344902b ea092801 cb096d12 2c0a8c0a f42c5946 18363836 982e7726 57265726
ffff8e2301f32240 2333522682 C Bo:2:011:2 0 32 >
ffff8e2301f32240 2333522685 S Bo:2:011:2 -115 32 = 57265726 37263726 17261726 172e382e 382e582e 582e582e 582e572e 782eb82e
ffff8e2301f33740 2333522726 C Bo:2:011:2 0 32 >
ffff8e2301f33740 2333522727 S Bo:2:011:2 -115 32 = 772e572e 572e572e 782e582e 582e582e 78367836 7836782e 782e782e 98261b57
ffff8e2301f32240 2333525568 C Bo:2:011:2 0 32 >
ffff8e2301f32240 2333525581 S Bo:2:011:2 -115 32 = fb6e9836 b936783e 9946da4e 7eafffef 7b864c12 aa116e1a f12a943b d443d01a
ffff8e2301f33740 2333528295 C Bo:2:011:2 0 32 >
ffff8e2301f33740 2333528306 S Bo:2:011:2 -115 32 = 111b111b 53231223 3123111b f443b75c da95f774 501b2f1b ea096c2a 3bbeffff
ffff8e2301f32240 2333531077 C Bo:2:011:2 0 32 >
ffff8e2301f32240 2333531087 S Bo:2:011:2 -115 32 = 3ee75fef ffffffff ffffffff ffffa310 00000000 00000000 00000000 00000000
ffff8e2301f33740 2333533903 C Bo:2:011:2 0 32 >
ffff8e2301f33740 2333533918 S Bo:2:011:2 -115 32 = 00000000 00000000 00000000 00000000 00000000 00000000 00000000 00000000
ffff8e2301f32240 2333536611 C Bo:2:011:2 0 32 >
ffff8e2301f32240 2333536623 S Bo:2:011:2 -115 32 = 00000000 00000000 00000000 00000000 00000000 00000000 a310ffff ffffffff
ffff8e2301f33740 2333539377 C Bo:2:011:2 0 32 >
ffff8e2301f33740 2333539391 S Bo:2:011:2 -115 32 = ffff3eef ffffbff7 bff73fe7 5ee71edf 5ee7ffff 368da400 ef73bcff 5af739f7
ffff8e2301f32240 2333542150 C Bo:2:011:2 0 32 >
ffff8e2301f32240 2333542160 S Bo:2:011:2 -115 32 = 39f718f7 3af75af7 5af739ef 19ef3aef 3af73af7 3af73af7 3af73af7 3af73af7
ffff8e2301f33740 2333544944 C Bo:2:011:2 0 32 >
ffff8e2301f33740 2333544959 S Bo:2:011:2 -115 32 = 19f719f7 19f719f7 3af73af7 3af71af7 1af71af7 1af73af7 3af73af7 5af75af7
ffff8e2301f32240 2333547753 C Bo:2:011:2 0 32 >
ffff8e2301f32240 2333547766 S Bo:2:011:2 -115 32 = 3af73af7 39f739f7 19ef19ef 18ef18f7 38f759f7 feffcd73 4419f5bd 39f7b7e6
ffff8e2301f33740 2333550435 C Bo:2:011:2 0 32 >
ffff8e2301f33740 2333550446 S Bo:2:011:2 -115 32 = d8e6f8ee f9eed5bd ca3aa801 0e13701b 501b711b 911b7013 cd128c0a ac0a322c
ffff8e2301f32240 2333553275 C Bo:2:011:2 0 32 >
ffff8e2301f32240 2333553287 S Bo:2:011:2 -115 32 = fa4dd83d d6357836 372ed52d 1746b95e da6eba6e ba76da7e 3c8f5c97 3776135d
ffff8e2301f33740 2333556014 C Bo:2:011:2 0 32 >
ffff8e2301f33740 2333556026 S Bo:2:011:2 -115 32 = 304c4d33 cb2a491a 08128a1a d35c7986 7976fb76 1c7f565d 4f2bae1a 702bd33c
ffff8e2301f32240 2333558889 C Bo:2:011:2 0 32 >
ffff8e2301f32240 2333558902 S Bo:2:011:2 -115 32 = 5966d85d 4f23eb11 0b124c12 eb092b02 d01b7635 593e5836 58267826 58263726
ffff8e2301f33740 2333561585 C Bo:2:011:2 0 32 >
ffff8e2301f33740 2333561595 S Bo:2:011:2 -115 32 = 3726582e 582e382e 372e372e 382e382e 382e572e 372e382e 582e582e 782e982e
ffff8e2301f32240 2333564309 C Bo:2:011:2 0 32 >
ffff8e2301f32240 2333564320 S Bo:2:011:2 -115 32 = 782e5726 572e572e 582e582e 582e582e 58367836 7836582e 572e572e 782ed936
ffff8e2301f33740 2333567078 C Bo:2:011:2 0 32 >
ffff8e2301f33740 2333567088 S Bo:2:011:2 -115 32 = 7db73daf 582eda4e 99469946 3c6f9e7f 98558e22 ce3aaf22 3233112b f0223544
ffff8e2301f32240 2333569909 C Bo:2:011:2 0 32 >
ffff8e2301f32240 2333569922 S Bo:2:011:2 -115 32 = b2435233 32233223 f11a1865 d333101b 344c5464 30230e1b ea019153 ffffffff
ffff8e2301f33740 2333572685 C Bo:2:011:2 0 32 >
ffff8e2301f33740 2333572698 S Bo:2:011:2 -115 32 = 3ee77fef ffff9ff7 9ff7ffff ffffffff a3100000 00000000 00000000 00000000
ffff8e2301f32240 2333575405 C Bo:2:011:2 0 32 >
ffff8e2301f32240 2333575415 S Bo:2:011:2 -115 32 = 00000000 00000000 00000000 00000000 00000000 00000000 00000000 00000000
ffff8e2301f33740 2333578153 C Bo:2:011:2 0 32 >
ffff8e2301f33740 2333578163 S Bo:2:011:2 -115 32 = 00000000 00000000 00000000 00000000 00000000 00000000 a310ffff ffffffff
ffff8e2301f32240 2333580963 C Bo:2:011:2 0 32 >
ffff8e2301f32240 2333580976 S Bo:2:011:2 -115 32 = ffffffff ffffdfff 7fef5fe7 7ee73fdf 3fdfdfef fa95ad3a 1074b8d6 5af75af7
ffff8e2301f33740 2333583781 C Bo:2:011:2 0 32 >
ffff8e2301f33740 2333583792 S Bo:2:011:2 -115 32 = 19f718f7 3af75af7 39ef3aef 3af73af7 3af73af7 3af73af7 3af73af7 3af73af7
ffff8e2301f32240 2333586540 C Bo:2:011:2 0 32 >
ffff8e2301f32240 2333586551 S Bo:2:011:2 -115 32 = 3af739f7 3af73af7 39f719f7 19f73af7 3af73af7 3af71af7 39f73af7 39f739f7
ffff8e2301f33740 2333589321 C Bo:2:011:2 0 32 >
ffff8e2301f33740 2333589335 S Bo:2:011:2 -115 32 = 39f739f7 39f739f7 39f759f7 79f779ff 79ff7aff feffb194 894232a5 d8e6d8e6
ffff8e2301f32240 2333592034 C Bo:2:011:2 0 32 >
ffff8e2301f32240 2333592047 S Bo:2:011:2 -115 32 = d8eed8e6 f8eed8de ca4a2601 ee12701b 711b911b 7013500b 5013ae12 ea01d023
ffff8e2301f33740 2333594890 C Bo:2:011:2 0 32 >
ffff8e2301f33740 2333594903 S Bo:2:011:2 -115 32 = 1956f945 d735372e 572e372e 173e1746 7856da66 3b773c7f ba7e5876 376e787e
ffff8e2301f32240 2333597619 C Bo:2:011:2 0 32 >
ffff8e2301f32240 2333597634 S Bo:2:011:2 -115 32 = 5876f675 d66db56d b665d665 376eba76 da763c7f 1c7fb44c 2f2b4f23 312c143d
ffff8e2301f33740 2333600391 C Bo:2:011:2 0 32 >
ffff8e2301f33740 2333600404 S Bo:2:011:2 -115 32 = 39569a66 3a6ed54c ad128901 aa014b0a ac0a7224 9a465936 17267826 3826172e
ffff8e2301f32240 2333603153 C Bo:2:011:2 0 32 >
ffff8e2301f32240 2333603165 S Bo:2:011:2 -115 8 = 382e382e 382ed5cf
ffff8e2301f33740 2333605886 C Bo:2:011:2 0 32 >
ffff8e2301f32240 2333608664 C Bo:2:011:2 0 8 >
ffff8e2301f326c0 2333622879 C Bi:2:011:2 0 9 = a5570065 000159a5 af
ffff8e2301f326c0 2333622893 S Bi:2:011:2 -115 32 <
ffff8e2301f32240 2333624185 S Bo:2:011:2 -115 32 = a5570066 0400382e 382e572e 782e5726 57265826 582e382e 582e582e 572e5726
ffff8e2301f33740 2333624189 S Bo:2:011:2 -115 32 = 7826982e 782e572e 582e5836 572e582e 58365836 78367836 9936b936 b936f936
ffff8e2301f32240 2333624253 C Bo:2:011:2 0 32 >
ffff8e2301f32240 2333624256 S Bo:2:011:2 -115 32 = 1a577dbf 1caf9946 582e7836 3b575c6f d6441143 d9b5523b 73333133 3223943b
ffff8e2301f33740 2333624300 C Bo:2:011:2 0 32 >
ffff8e2301f33740 2333624301 S Bo:2:011:2 -115 32 = ddce1454 11235223 51235123 9223b22b 7123511b 501b0e13 ca010f3b feceffff
ffff8e2301f32240 2333627105 C Bo:2:011:2 0 32 >
ffff8e2301f32240 2333627115 S Bo:2:011:2 -115 32 = 5eefffff ffffffff ffffffff ffffa310 00000000 00000000 00000000 00000000
ffff8e2301f33740 2333629889 C Bo:2:011:2 0 32 >
ffff8e2301f33740 2333629902 S Bo:2:011:2 -115 32 = 00000000 00000000 00000000 00000000 00000000 00000000 00000000 00000000
ffff8e2301f32240 2333632676 C Bo:2:011:2 0 32 >
ffff8e2301f32240 2333632689 S Bo:2:011:2 -115 32 = 00000000 00000000 00000000 00000000 00000000 0000a310 ffffffff ffff9eef
ffff8e2301f33740 2333635463 C Bo:2:011:2 0 32 >
ffff8e2301f33740 2333635476 S Bo:2:011:2 -115 32 = 9eefffff ffffffff 3edf5fef 5fe75fe7 1fdfffce bfdff9ad 4e5b13a5 9cf79cff
ffff8e2301f32240 2333638149 C Bo:2:011:2 0 32 >
ffff8e2301f32240 2333638160 S Bo:2:011:2 -115 32 = 19f7f8f6 3af73af7 19ef3af7 5bf73af7 1aef3af7 3af73af7 3af73af7 3af73af7
ffff8e2301f33740 2333640960 C Bo:2:011:2 0 32 >
ffff8e2301f33740 2333640973 S Bo:2:011:2 -115 32 = 3af73af7 3af739f7 39f739f7 39f739f7 39f739f7 39f739f7 19f719f7 19f739f7
ffff8e2301f32240 2333643744 C Bo:2:011:2 0 32 >
ffff8e2301f32240 2333643757 S Bo:2:011:2 -115 32 = 39f739f7 59f75af7 39f719ef 39f759f7 59f759f7 bcff15ce ad732f84 56cef8ee
ffff8e2301f33740 2333646543 C Bo:2:011:2 0 32 >
ffff8e2301f33740 2333646554 S Bo:2:011:2 -115 32 = d8eeb8ee d8e67bf7 ca4a0501 702b5113 30139113 700b500b 711bce12 aa01af23
ffff8e2301f32240 2333649275 C Bo:2:011:2 0 32 >
ffff8e2301f32240 2333649288 S Bo:2:011:2 -115 32 = b745b73d d735f72d 382e7836 172ed635 3746784e 9856da66 da6eba6e fa7e1b87
ffff8e2301f33740 2333652043 C Bo:2:011:2 0 32 >
ffff8e2301f33740 2333652054 S Bo:2:011:2 -115 32 = 3b8f5c8f 9c979c97 bc979c8f fb767966 ba6e7d7f 1c7ff13b 6c12112c f3343435
ffff8e2301f32240 2333654894 C Bo:2:011:2 0 32 >
ffff8e2301f32240 2333654908 S Bo:2:011:2 -115 32 = 384e7956 db6e3966 b4442f2b 8d1a2b12 88012d13 f73d583e 382e382e 182e182e
ffff8e2301f33740 2333657604 C Bo:2:011:2 0 32 >
ffff8e2301f33740 2333657617 S Bo:2:011:2 -115 32 = 182e182e 172e1836 182e372e 58267826 7826582e 582e572e 582e582e 572e5726
ffff8e2301f32240 2333660390 C Bo:2:011:2 0 32 >
ffff8e2301f32240 2333660402 S Bo:2:011:2 -115 32 = 78269826 782e582e 582e572e 572e5836 58367836 78369836 99367836 78369836
ffff8e2301f33740 2333663174 C Bo:2:011:2 0 32 >
ffff8e2301f33740 2333663186 S Bo:2:011:2 -115 32 = b82ef946 7ec7ba66 7836783e 1c675d6f 374d2d12 0c1af12a 933b312b 55541bae
ffff8e2301f32240 2333665873 C Bo:2:011:2 0 32 >
ffff8e2301f32240 2333665882 S Bo:2:011:2 -115 32 = b5437333 522b111b 31235023 711bb22b 7123701b 4f1bad12 b1439574 5fd7ffff
ffff8e2301f33740 2333668694 C Bo:2:011:2 0 32 >
ffff8e2301f33740 2333668705 S Bo:2:011:2 -115 32 = 3fefffff ffffffff ffffffff ffffa310 00000000 00000000 00000000 00000000
ffff8e2301f32240 2333671443 C Bo:2:011:2 0 32 >
ffff8e2301f32240 2333671452 S Bo:2:011:2 -115 32 = 00000000 00000000 00000000 00000000 00000000 00000000 00000000 00000000
ffff8e2301f33740 2333674217 C Bo:2:011:2 0 32 >
ffff8e2301f33740 2333674228 S Bo:2:011:2 -115 32 = 00000000 00000000 00000000 00000000 00000000 0000a310 ffffffff ffffffff
ffff8e2301f32240 2333676963 C Bo:2:011:2 0 32 >
ffff8e2301f32240 2333676977 S Bo:2:011:2 -115 32 = 9ef7ffff ffffffff 7fef5fe7 5fe75fe7 1fe79ed6 fffffcde 46194c63 def79cff
ffff8e2301f33740 2333679744 C Bo:2:011:2 0 32 >
ffff8e2301f33740 2333679757 S Bo:2:011:2 -115 32 = 18f719f7 39f73af7 f9ee3aef 5bf73aef 19ef3aef 3af73af7 3af73af7 3af73af7
ffff8e2301f32240 2333682544 C Bo:2:011:2 0 32 >
ffff8e2301f32240 2333682556 S Bo:2:011:2 -115 32 = 3af73af7 3af73af7 39f73af7 3af73af7 3af739f7 39f739f7 39f739f7 39f739f7
ffff8e2301f33740 2333685281 C Bo:2:011:2 0 32 >
ffff8e2301f33740 2333685292 S Bo:2:011:2 -115 32 = 39f739ef 39f739f7 39f71af7 1af71af7 1af759ff 7aff5af7 9094ca52 d5bd5af7
ffff8e2301f32240 2333688085 C Bo:2:011:2 0 32 >
ffff8e2301f32240 2333688095 S Bo:2:011:2 -115 32 = b8e6d9ee b7e67bf7 4c63a709 b0332f13 ef0ab11b d21bd21b d2231013 0b024e13
ffff8e2301f33740 2333690891 C Bo:2:011:2 0 32 >
ffff8e2301f33740 2333690904 S Bo:2:011:2 -115 32 = 1435d63d 183e3836 582e582e 172e172e 1736f63d d635784e 5b679d77 7c77fb7e
ffff8e2301f32240 2333693579 C Bo:2:011:2 0 32 >
ffff8e2301f32240 2333693589 S Bo:2:011:2 -115 32 = ba769a76 b976b96e 986e996e 3c7f3c7f da6e9d7f 1c7f2e2b a9095234 343d3425
ffff8e2301f33740 2333696389 C Bo:2:011:2 0 32 >
ffff8e2301f33740 2333696402 S Bo:2:011:2 -115 32 = b846783e 173e9956 1d7f3a76 9444ad1a 68010a0a af13d635 993e172e f725172e
ffff8e2301f32240 2333699106 C Bo:2:011:2 0 32 >
ffff8e2301f32240 2333699116 S Bo:2:011:2 -115 32 = 3836172e 172e172e 3836372e 37267726 7826572e 372e372e 372e582e 77267826
ffff8e2301f33740 2333701950 C Bo:2:011:2 0 32 >
ffff8e2301f33740 2333701963 S Bo:2:011:2 -115 32 = 78267826 782e782e 78367836 78365736 78367836 782e7836 5836372e 5836572e
ffff8e2301f32240 2333704649 C Bo:2:011:2 0 32 >
ffff8e2301f32240 2333704661 S Bo:2:011:2 -115 8 = da5e7fa7 fc7ef238
ffff8e2301f33740 2333707462 C Bo:2:011:2 0 32 >
ffff8e2301f32240 2333710180 C Bo:2:011:2 0 8 >
ffff8e2301f32e40 2333723879 C Bi:2:011:2 0 9 = a5570066 0001593e 73
ffff8e2301f32e40 2333723894 S Bi:2:011:2 -115 32 <
ffff8e2301f32240 2333725043 S Bo:2:011:2 -115 32 = a5570067 0400994e 9a469b6e 1ebffd76 9955ef1a 0d12b34b 1554b01a 565c5bb6
ffff8e2301f33740 2333725048 S Bo:2:011:2 -115 32 = 93335223 3654d34b 1023cf12 b55c1344 701b9023 6f1bed1a 6809146c ffffffff
ffff8e2301f32240 2333725111 C Bo:2:011:2 0 32 >
ffff8e2301f32240 2333725114 S Bo:2:011:2 -115 32 = 3fefffff ffffffff ffffa310 a3100000 00000000 00000000 00000000 00000000
ffff8e2301f33740 2333725153 C Bo:2:011:2 0 32 >
ffff8e2301f33740 2333725154 S Bo:2:011:2 -115 32 = 00000000 00000000 00000000 00000000 00000000 00000000 00000000 00000000
ffff8e2301f32240 2333727960 C Bo:2:011:2 0 32 >
ffff8e2301f32240 2333727973 S Bo:2:011:2 -115 32 = 00000000 00000000 00000000 00000000 00000000 00000000 a310ffff ffffffff
ffff8e2301f33740 2333730757 C Bo:2:011:2 0 32 >
ffff8e2301f33740 2333730770 S Bo:2:011:2 -115 32 = ffffffff dff7bff7 dff77eef 3fe73fe7 1fe7bed6 ffff7cc6 e608283a bdf79cff
ffff8e2301f32240 2333733496 C Bo:2:011:2 0 32 >
ffff8e2301f32240 2333733508 S Bo:2:011:2 -115 32 = 18f739f7 19f73af7 19ef3aef 3aef3aef 1aef3aef 3af73af7 3af73af7 3af73af7
ffff8e2301f33740 2333736298 C Bo:2:011:2 0 32 >
ffff8e2301f33740 2333736310 S Bo:2:011:2 -115 32 = 3af73af7 3af73af7 3af73af7 3af73aef 3aef3af7 3af739f7 3af73af7 39f739f7
ffff8e2301f32240 2333739034 C Bo:2:011:2 0 32 >
ffff8e2301f32240 2333739045 S Bo:2:011:2 -115 32 = 19ef19f7 19f719f7 3af73af7 1bf71bf7 3af739f7 19effeff 13a52519 54ad7aff
ffff8e2301f33740 2333741877 C Bo:2:011:2 0 32 >
ffff8e2301f33740 2333741883 S Bo:2:011:2 -115 32 = b8e6d9ee b7e639ef 908c6a2a ec220e13 501bd223 d21bd21b b21b511b ce0aad0a
ffff8e2301f32240 2333744610 C Bo:2:011:2 0 32 >
ffff8e2301f32240 2333744615 S Bo:2:011:2 -115 32 = d01bb63d 393e382e 58367836 58363836 b62db62d 173e7846 d94eb956 995e9a66
ffff8e2301f33740 2333747332 C Bo:2:011:2 0 32 >
ffff8e2301f33740 2333747345 S Bo:2:011:2 -115 32 = ba6eba6e ba6efa6e fa6edb76 fb7e3c7f 3b771b6f 385ead22 89093234 f4343425
ffff8e2301f32240 2333750154 C Bo:2:011:2 0 32 >
ffff8e2301f32240 2333750165 S Bo:2:011:2 -115 32 = b736b72e 3736784e ba66bb6e 196e575d d13ba909 c901f42c 59463836 372e382e
ffff8e2301f33740 2333752876 C Bo:2:011:2 0 32 >
ffff8e2301f33740 2333752890 S Bo:2:011:2 -115 32 = 382e3836 382e172e 172e372e 37267726 7826572e 372e172e 372e582e 98269826
ffff8e2301f32240 2333755712 C Bo:2:011:2 0 32 >
ffff8e2301f32240 2333755723 S Bo:2:011:2 -115 32 = 77267726 782e582e 78369836 98367836 98367836 77369836 7836572e 5836572e
ffff8e2301f33740 2333758446 C Bo:2:011:2 0 32 >
ffff8e2301f33740 2333758456 S Bo:2:011:2 -115 32 = 9a56bb66 db6e794e 383e5956 fc8e1e8f 7855cf1a 6e1a112b 322b7433 532b3323
ffff8e2301f32240 2333761205 C Bo:2:011:2 0 32 >
ffff8e2301f32240 2333761217 S Bo:2:011:2 -115 32 = 9433322b f44bb66c d0129664 7cb6b23b 701b901b f123cd12 c600715b ffffffff
ffff8e2301f33740 2333764014 C Bo:2:011:2 0 32 >
ffff8e2301f33740 2333764026 S Bo:2:011:2 -115 32 = 5fefffff ffffffff ffffa310 00000000 00000000 00000000 00000000 00000000
ffff8e2301f32240 2333766744 C Bo:2:011:2 0 32 >
ffff8e2301f32240 2333766757 S Bo:2:011:2 -115 32 = 00000000 00000000 00000000 00000000 00000000 00000000 00000000 00000000
ffff8e2301f33740 2333769516 C Bo:2:011:2 0 32 >
ffff8e2301f33740 2333769525 S Bo:2:011:2 -115 32 = 00000000 00000000 00000000 00000000 00000000 00000000 a310ffff ffffffff
ffff8e2301f32240 2333772319 C Bo:2:011:2 0 32 >
ffff8e2301f32240 2333772330 S Bo:2:011:2 -115 32 = ffff5eef ffffbff7 bff77fef 5fe75fe7 1fdfdfd6 dff77dc6 89190832 3be79cf7
ffff8e2301f33740 2333775079 C Bo:2:011:2 0 32 >
ffff8e2301f33740 2333775089 S Bo:2:011:2 -115 32 = 19ef39f7 f8f639f7 5af71aef 19ef3af7 3af73af7 3af73af7 3af73af7 3af73af7
ffff8e2301f32240 2333777902 C Bo:2:011:2 0 32 >
ffff8e2301f32240 2333777913 S Bo:2:011:2 -115 32 = 3af73af7 3af73af7 3af73aef 3aef3aef 3aef3aef 3aef3aef 19ef19ef 19ef39f7
ffff8e2301f33740 2333780599 C Bo:2:011:2 0 32 >
ffff8e2301f33740 2333780609 S Bo:2:011:2 -115 32 = 3af73af7 5aff3af7 1af7faf6 faf6faf6 f9ee39f7 bcffffff b194a400 718c5af7
ffff8e2301f32240 2333783390 C Bo:2:011:2 0 32 >
ffff8e2301f32240 2333783402 S Bo:2:011:2 -115 32 = d8eed8ee b7e619ef b4bd2b4b c709ed12 911b7113 500b9113 911bb21b b11b4c0a
ffff8e2301f33740 2333786150 C Bo:2:011:2 0 32 >
ffff8e2301f33740 2333786160 S Bo:2:011:2 -115 32 = 8c0a563d 593e182e 5836793e 9a46383e 7525b62d 99467946 1736d635 f73d784e
ffff8e2301f32240 2333788968 C Bo:2:011:2 0 32 >
ffff8e2301f32240 2333788981 S Bo:2:011:2 -115 32 = fb663c77 ba6e785e fa6e1b77 ba763c77 3b6fd64d 9234ac12 6b125234 f43c5535
ffff8e2301f33740 2333791695 C Bo:2:011:2 0 32 >
ffff8e2301f33740 2333791708 S Bo:2:011:2 -115 32 = 7736b726 772e563e 373e5956 dc763e87 7b7eee2a 88018f1b 5535583e 5836382e
ffff8e2301f32240 2333794497 C Bo:2:011:2 0 32 >
ffff8e2301f32240 2333794508 S Bo:2:011:2 -115 32 = 582e582e 782e3726 1726372e 57267726 7726572e 172e172e 372e582e 9826b826
ffff8e2301f33740 2333797254 C Bo:2:011:2 0 32 >
ffff8e2301f33740 2333797261 S Bo:2:011:2 -115 32 = 78267726 57265d97 7da77836 b9369836 78367836 57367836 78365836 58365836
ffff8e2301f32240 2333800043 C Bo:2:011:2 0 32 >
ffff8e2301f32240 2333800056 S Bo:2:011:2 -115 32 = 37367836 9a4e7946 9946783e 7836ba76 5ecf1454 6f12d022 d11a742b 942b9433
ffff8e2301f33740 2333802891 C Bo:2:011:2 0 32 >
ffff8e2301f33740 2333802901 S Bo:2:011:2 -115 32 = 94339333 3223522b 79959a8d 92337123 7123701b b123ed12 0701136c ffffffff
ffff8e2301f32240 2333805604 C Bo:2:011:2 0 32 >
ffff8e2301f32240 2333805617 S Bo:2:011:2 -115 8 = ffff9ff7 ffff2d10
ffff8e2301f33740 2333808320 C Bo:2:011:2 0 32 >
ffff8e2301f32240 2333811043 C Bo:2:011:2 0 8 >
ffff8e2301f326c0 2333824922 C Bi:2:011:2 0 9 = a5570067 00015948 c7
ffff8e2301f326c0 2333824934 S Bi:2:011:2 -115 32 <
ffff8e2301f32240 2333826515 S Bo:2:011:2 -115 32 = a5570068 0400ffff ffffa310 00000000 00000000 00000000 00000000 00000000
ffff8e2301f33740 2333826519 S Bo:2:011:2 -115 32 = 00000000 00000000 00000000 00000000 00000000 00000000 00000000 00000000
ffff8e2301f32240 2333826584 C Bo:2:011:2 0 32 >
ffff8e2301f32240 2333826587 S Bo:2:011:2 -115 32 = 00000000 00000000 00000000 00000000 00000000 00000000 0000a310 a310ffff
ffff8e2301f33740 2333826626 C Bo:2:011:2 0 32 >
ffff8e2301f33740 2333826627 S Bo:2:011:2 -115 32 = ffffffff dfffdfff 9fef7fef 5fe75fe7 3fe7ffd6 bff77dc6 ce420c4b 37be5aef
ffff8e2301f32240 2333829460 C Bo:2:011:2 0 32 >
ffff8e2301f32240 2333829473 S Bo:2:011:2 -115 32 = 5af739ff 18ef39f7 5af719ef 19ef5af7 5af73af7 3aef3af7 3af73af7 3af73af7
ffff8e2301f33740 2333832220 C Bo:2:011:2 0 32 >
ffff8e2301f33740 2333832230 S Bo:2:011:2 -115 32 = 3af73af7 3af73af7 3af73aef 3aef3aef 3aef3aef 3aef3aef 3aef5af7 5af73af7
ffff8e2301f32240 2333834965 C Bo:2:011:2 0 32 >
ffff8e2301f32240 2333834978 S Bo:2:011:2 -115 32 = 19f719ef f9ee19f7 3af75aff 9bff9cff 9cffbbff d8e631a5 49420511 2c5bb4bd
ffff8e2301f33740 2333837733 C Bo:2:011:2 0 32 >
ffff8e2301f33740 2333837743 S Bo:2:011:2 -115 32 = d8eed9f6 b8eef8ee b8deae63 05016c12 2f133013 b11bd21b d11bf21b f3236c0a
ffff8e2301f32240 2333840534 C Bo:2:011:2 0 32 >
ffff8e2301f32240 2333840545 S Bo:2:011:2 -115 32 = 4b0ad434 183e382e 58365836 58363836 b62df62d 783e583e 172ef62d 373e7946
ffff8e2301f33740 2333843255 C Bo:2:011:2 0 32 >
ffff8e2301f33740 2333843265 S Bo:2:011:2 -115 32 = fb5efb66 7966585e fb6e1b77 ba6e5c77 3c6f3545 b023ac0a 0e1b7334 f53c973d
ffff8e2301f32240 2333846043 C Bo:2:011:2 0 32 >
ffff8e2301f32240 2333846054 S Bo:2:011:2 -115 32 = 3836572e 372e3636 373e584e 9a66dc76 fc86365d 6b1a8801 f023594e 383e172e
ffff8e2301f33740 2333848904 C Bo:2:011:2 0 32 >
ffff8e2301f33740 2333848917 S Bo:2:011:2 -115 32 = 382e382e 582e3726 372e582e 57267726 7726582e 382e172e 382e582e 982e982e
ffff8e2301f32240 2333851605 C Bo:2:011:2 0 32 >
ffff8e2301f32240 2333851618 S Bo:2:011:2 -115 32 = 772e572e 582efb7e dc9e9a5e b93eb93e d93e9836 57365836 58367836 58363736
ffff8e2301f33740 2333854390 C Bo:2:011:2 0 32 >
ffff8e2301f33740 2333854401 S Bo:2:011:2 -115 32 = 17369a5e fd7e795e 5946ba4e 583e3746 7a8eb23b 8e128f1a f12a565c 3223b433
ffff8e2301f32240 2333857128 C Bo:2:011:2 0 32 >
ffff8e2301f32240 2333857139 S Bo:2:011:2 -115 32 = 9433932b 32231aae 1de7122b b223b22b b123901b 701b2f2b 4809999d ffffffff
ffff8e2301f33740 2333859888 C Bo:2:011:2 0 32 >
ffff8e2301f33740 2333859901 S Bo:2:011:2 -115 32 = ffffffff ffffffff a3100000 00000000 00000000 00000000 00000000 00000000
ffff8e2301f32240 2333862674 C Bo:2:011:2 0 32 >
ffff8e2301f32240 2333862685 S Bo:2:011:2 -115 32 = 00000000 00000000 00000000 00000000 00000000 00000000 00000000 00000000
ffff8e2301f33740 2333865461 C Bo:2:011:2 0 32 >
ffff8e2301f33740 2333865471 S Bo:2:011:2 -115 32 = 00000000 00000000 00000000 00000000 00000000 00000000 00000000 a310ffff
ffff8e2301f32240 2333868222 C Bo:2:011:2 0 32 >
ffff8e2301f32240 2333868237 S Bo:2:011:2 -115 32 = ffffffff ffffffff 9fef7fef 7fef3fe7 3fdf1fdf 3fe7dfc6 5885cf63 908cf9de
ffff8e2301f33740 2333871040 C Bo:2:011:2 0 32 >
ffff8e2301f33740 2333871052 S Bo:2:011:2 -115 32 = 9bff39ff 19f739f7 3af739ef 3aef3af7 3af73aef 3af73af7 3af73af7 3af73af7
ffff8e2301f32240 2333873769 C Bo:2:011:2 0 32 >
ffff8e2301f32240 2333873783 S Bo:2:011:2 -115 32 = 3af73af7 3af73af7 3aef3aef 3aef3af7 39ef39ef 39ef5af7 5af75af7 5af739f7
ffff8e2301f33740 2333876530 C Bo:2:011:2 0 32 >
ffff8e2301f33740 2333876542 S Bo:2:011:2 -115 32 = 39f73af7 5af75af7 3af739f7 5af77aef 7bef97d6 cd7b4519 0832cf73 eb52c952
ffff8e2301f32240 2333879302 C Bo:2:011:2 0 32 >
ffff8e2301f32240 2333879312 S Bo:2:011:2 -115 32 = 94bdd9f6 d8eeb8e6 5aef0f74 a5000b0a 6d0a7023 533cf123 d113121c f2230f1b
ffff8e2301f33740 2333882082 C Bo:2:011:2 0 32 >
ffff8e2301f33740 2333882093 S Bo:2:011:2 -115 32 = 8c0a901b 5635593e 382e372e 3726172e 17361736 17363736 58367836 5836783e
ffff8e2301f32240 2333884868 C Bo:2:011:2 0 32 >
ffff8e2301f32240 2333884883 S Bo:2:011:2 -115 32 = 79463846 184e9a66 3c773d77 fb6eba66 795e1545 b02bed12 4f1b5334 d534d73d
ffff8e2301f33740 2333887640 C Bo:2:011:2 0 32 >
ffff8e2301f33740 2333887651 S Bo:2:011:2 -115 32 = 38363836 37363736 57363846 58569a66 1c77fc86 f143a500 0d23b74d d73d1736
ffff8e2301f32240 2333890368 C Bo:2:011:2 0 32 >
ffff8e2301f32240 2333890380 S Bo:2:011:2 -115 32 = 5836372e 1726372e 582e5726 57267726 572e372e 17361836 3836372e 172e372e
ffff8e2301f33740 2333893176 C Bo:2:011:2 0 32 >
ffff8e2301f33740 2333893187 S Bo:2:011:2 -115 32 = 572e572e 572e1626 1736595e 993eb836 7736572e 57367836 78367836 58361736
ffff8e2301f32240 2333895935 C Bo:2:011:2 0 32 >
ffff8e2301f32240 2333895947 S Bo:2:011:2 -115 32 = 17365946 f845dc8e bb8e9976 5ecf9ca6 1635101b 8e1a6f1a 1aa61bae 7443b443
ffff8e2301f33740 2333898745 C Bo:2:011:2 0 32 >
ffff8e2301f33740 2333898758 S Bo:2:011:2 -115 32 = 9764f653 164c3995 9aa5d33b 711bb123 b11bb01b 70234c1a 6911fed6 ffffffff
ffff8e2301f32240 2333901435 C Bo:2:011:2 0 32 >
ffff8e2301f32240 2333901445 S Bo:2:011:2 -115 32 = ffffffff ffffffff a3100000 00000000 00000000 00000000 00000000 00000000
ffff8e2301f33740 2333904220 C Bo:2:011:2 0 32 >
ffff8e2301f33740 2333904231 S Bo:2:011:2 -115 32 = 00000000 00000000 00000000 00000000 00000000 00000000 00000000 00000000
ffff8e2301f32240 2333907037 C Bo:2:011:2 0 32 >
ffff8e2301f32240 2333907049 S Bo:2:011:2 -115 8 = 00000000 000018a2
ffff8e2301f33740 2333909781 C Bo:2:011:2 0 32 >
ffff8e2301f32240 2333912499 C Bo:2:011:2 0 8 >
ffff8e2301f32e40 2333925903 C Bi:2:011:2 0 9 = a5570068 0001599c 29
ffff8e2301f32e40 2333925917 S Bi:2:011:2 -115 32 <
ffff8e2301f32240 2333927461 S Bo:2:011:2 -115 32 = a5570069 04000000 00000000 00000000 00000000 00000000 00000000 0000a310
ffff8e2301f33740 2333927465 S Bo:2:011:2 -115 32 = ffffffff ffffffff 7fef7fef 5fef3fe7 1fdf1fdf dfde5fd7 bfdf116c 693a57c6
ffff8e2301f32240 2333927529 C Bo:2:011:2 0 32 >
ffff8e2301f32240 2333927532 S Bo:2:011:2 -115 32 = defff9f6 3af739f7 19ef3af7 39ef39ef 3af73af7 3af73af7 3af73af7 3af73af7
ffff8e2301f33740 2333927572 C Bo:2:011:2 0 32 >
ffff8e2301f33740 2333927573 S Bo:2:011:2 -115 32 = 3af73af7 3af73af7 3aef3aef 3aef3af7 3af739f7 3af75af7 5af719ef 19ef39f7
ffff8e2301f32240 2333930403 C Bo:2:011:2 0 32 >
ffff8e2301f32240 2333930416 S Bo:2:011:2 -115 32 = 7affbcff bbff9aff d7e693b5 b094ad6b 8842483a 0b5bed7b d5bd5bf7 d2a42742
ffff8e2301f33740 2333933151 C Bo:2:011:2 0 32 >
ffff8e2301f33740 2333933164 S Bo:2:011:2 -115 32 = ad7bf5cd 19f797de bbff918c a4006801 a9016b12 ac122e1b 73345224 f11b3334
ffff8e2301f32240 2333935899 C Bo:2:011:2 0 32 >
ffff8e2301f32240 2333935912 S Bo:2:011:2 -115 32 = 2f1b2b02 112cf845 3836582e 582e382e 58363836 f72d172e 582e7836 37361736
ffff8e2301f33740 2333938711 C Bo:2:011:2 0 32 >
ffff8e2301f33740 2333938723 S Bo:2:011:2 -115 32 = 3736f83d f8459a5e 3d6f5d77 fb66384e b64db43c 7023cd12 701b9434 1535d735
ffff8e2301f32240 2333941497 C Bo:2:011:2 0 32 >
ffff8e2301f32240 2333941510 S Bo:2:011:2 -115 32 = 5936582e 582e5836 3836173e 1746995e 5c6f9d87 56652a1a ab1a5134 553d183e
ffff8e2301f33740 2333944231 C Bo:2:011:2 0 32 >
ffff8e2301f33740 2333944245 S Bo:2:011:2 -115 32 = 583e382e 1726582e 582e1726 5726782e 372ef62d d72d1836 3836172e f72d372e
ffff8e2301f32240 2333947035 C Bo:2:011:2 0 32 >
ffff8e2301f32240 2333947048 S Bo:2:011:2 -115 32 = 572e582e 572e772e 98365836 5836782e 572e572e 372e5736 58365836 372e1736
ffff8e2301f33740 2333949779 C Bo:2:011:2 0 32 >
ffff8e2301f33740 2333949784 S Bo:2:011:2 -115 32 = 1736f73d b735b635 bba69fdf 7edf3cb7 352d101b 2c0ab443 dc95733b 53439cc6
ffff8e2301f32240 2333952532 C Bo:2:011:2 0 32 >
ffff8e2301f32240 2333952546 S Bo:2:011:2 -115 32 = daa5333b b43b532b 76643aae 7344911b b11bb123 2f1baa09 6c2affff ffffffff
ffff8e2301f33740 2333955299 C Bo:2:011:2 0 32 >
ffff8e2301f33740 2333955314 S Bo:2:011:2 -115 32 = a310ffff a310a310 00000000 00000000 00000000 00000000 00000000 00000000
ffff8e2301f32240 2333958079 C Bo:2:011:2 0 32 >
ffff8e2301f32240 2333958086 S Bo:2:011:2 -115 32 = 00000000 00000000 00000000 00000000 00000000 00000000 00000000 00000000
ffff8e2301f33740 2333960872 C Bo:2:011:2 0 32 >
ffff8e2301f33740 2333960886 S Bo:2:011:2 -115 32 = 00000000 00000000 00000000 00000000 00000000 00000000 00000000 0000a310
ffff8e2301f32240 2333963645 C Bo:2:011:2 0 32 >
ffff8e2301f32240 2333963658 S Bo:2:011:2 -115 32 = ffffffff ffffbff7 dfff7fef 5fef3fe7 1fdf1fdf bfd63fdf ffff7374 830074a5
ffff8e2301f33740 2333966365 C Bo:2:011:2 0 32 >
ffff8e2301f33740 2333966376 S Bo:2:011:2 -115 32 = ffffd9ee 3af739f7 19ef5af7 39ef39ef 3af73af7 3af73af7 3af73af7 3af73af7
ffff8e2301f32240 2333969131 C Bo:2:011:2 0 32 >
ffff8e2301f32240 2333969140 S Bo:2:011:2 -115 32 = 3af73af7 3af73af7 3aef5aef 3af739f7 3af75af7 3af719ef 39f7bbff dcff5af7
ffff8e2301f33740 2333971927 C Bo:2:011:2 0 32 >
ffff8e2301f33740 2333971941 S Bo:2:011:2 -115 32 = 76d673ad 4e84ac73 ac734b63 ca52283a 6521273a 11a59aff 9aff19ff f9f6919c
ffff8e2301f32240 2333974745 C Bo:2:011:2 0 32 >
ffff8e2301f32240 2333974757 S Bo:2:011:2 -115 32 = 27422e84 f8eeb7e6 7aff33a5 a7296711 47114711 27090a12 f02b5124 711c932c
ffff8e2301f33740 2333977446 C Bo:2:011:2 0 32 >
ffff8e2301f33740 2333977458 S Bo:2:011:2 -115 32 = 90234b02 0e13d434 b73d1736 1836182e 5a365a36 f82dd725 58267936 1836172e
ffff8e2301f32240 2333980253 C Bo:2:011:2 0 32 >
ffff8e2301f32240 2333980264 S Bo:2:011:2 -115 32 = 372e3836 1946194e 7a56ba56 794e5846 174e522c 8c12cd12 112cd43c 963d5836
ffff8e2301f33740 2333983011 C Bo:2:011:2 0 32 >
ffff8e2301f33740 2333983025 S Bo:2:011:2 -115 32 = 582e5826 782e782e 582e172e 17369846 5c67be7f bb7e534c 0a122a12 9334d745
ffff8e2301f32240 2333985801 C Bo:2:011:2 0 32 >
ffff8e2301f32240 2333985814 S Bo:2:011:2 -115 32 = f83dd72d 172e372e 372e172e 372e572e 572e372e f72df72d 3836172e f72d3736
ffff8e2301f33740 2333988580 C Bo:2:011:2 0 32 >
ffff8e2301f33740 2333988592 S Bo:2:011:2 -115 32 = 582e582e 3726982e b836b936 782e572e 572e372e 372e372e 57365836 37361736
ffff8e2301f32240 2333991335 C Bo:2:011:2 0 32 >
ffff8e2301f32240 2333991347 S Bo:2:011:2 -115 32 = f735b635 7635b745 bb96398e 1cc7bb8e 16456d0a 8e1a344c 3223f112 144c9cc6
ffff8e2301f33740 2333994082 C Bo:2:011:2 0 32 >
ffff8e2301f33740 2333994092 S Bo:2:011:2 -115 32 = 7664388d b343732b d01a145c 756c701b 4f134f13 cd128901 6f4bffff ffffffff
ffff8e2301f32240 2333996895 C Bo:2:011:2 0 32 >
ffff8e2301f32240 2333996906 S Bo:2:011:2 -115 32 = a310a310 00000000 00000000 00000000 00000000 00000000 00000000 00000000
ffff8e2301f33740 2333999615 C Bo:2:011:2 0 32 >
ffff8e2301f33740 2333999627 S Bo:2:011:2 -115 32 = 00000000 00000000 00000000 00000000 00000000 00000000 00000000 00000000
ffff8e2301f32240 2334002466 C Bo:2:011:2 0 32 >
ffff8e2301f32240 2334002478 S Bo:2:011:2 -115 32 = 00000000 00000000 00000000 00000000 00000000 00000000 00000000 0000a310
ffff8e2301f33740 2334005152 C Bo:2:011:2 0 32 >
ffff8e2301f33740 2334005163 S Bo:2:011:2 -115 32 = ffffffff ffff9fef ffff7fef 5fef3fe7 1edf1fe7 dfde1fdf ffff368d 6300b284
ffff8e2301f32240 2334007974 C Bo:2:011:2 0 32 >
ffff8e2301f32240 2334007987 S Bo:2:011:2 -115 8 = fffff9ee 5af781b6
ffff8e2301f33740 2334010745 C Bo:2:011:2 0 32 >
ffff8e2301f32240 2334013473 C Bo:2:011:2 0 8 >
ffff8e2302151980 2334026075 S Bo:2:002:2 -115 31 = 55534243 d50d0000 00000000 00000600 00000000 00000000 00000000 000000
ffff8e2302151980 2334026103 C Bo:2:002:2 0 31 >
ffff8e2302151980 2334026111 S Bi:2:002:1 -115 13 <
ffff8e2302151980 2334026176 C Bi:2:002:1 0 13 = 55534253 d50d0000 00000000 00
ffff8e2301f326c0 2334026881 C Bi:2:011:2 0 9 = a5570069 000159ea 9d
ffff8e2301f326c0 2334026895 S Bi:2:011:2 -115 32 <
ffff8e2301f32240 2334028154 S Bo:2:011:2 -115 32 = a557006a 040039f7 19ef5af7 19ef3af7 3af73af7 3af73af7 3af73af7 3af73af7
ffff8e2301f33740 2334028158 S Bo:2:011:2 -115 32 = 3af73af7 3af73af7 3aef3aef 3aef19ef 39ef5af7 19ef5af7 9bff19ef 77d693b5
ffff8e2301f32240 2334028226 C Bo:2:011:2 0 32 >
ffff8e2301f32240 2334028228 S Bo:2:011:2 -115 32 = 4f84ea5a 85290319 e731ca52 ad73f2a4 36cef8e6 d7eeb7f6 d7feb7f6 3aff54bd
ffff8e2301f33740 2334028270 C Bo:2:011:2 0 32 >
ffff8e2301f33740 2334028271 S Bo:2:011:2 -115 32 = a5314a63 d8e6d8e6 18eff5c5 6a4a6621 0d63cf7b 8e73cb4a 66012c13 54357224
ffff8e2301f32240 2334031081 C Bo:2:011:2 0 32 >
ffff8e2301f32240 2334031092 S Bo:2:011:2 -115 32 = 11246f1b 6c02cd12 52249635 183e393e 3a361936 182e382e 382e382e 382e3836
ffff8e2301f33740 2334033894 C Bo:2:011:2 0 32 >
ffff8e2301f33740 2334033907 S Bo:2:011:2 -115 32 = 582e782e 3836f735 f8453846 173e9846 994eb01b 48014f23 1445f32c f735b93e
ffff8e2301f32240 2334036614 C Bo:2:011:2 0 32 >
ffff8e2301f32240 2334036625 S Bo:2:011:2 -115 32 = 572e5726 782e582e 582e3836 3736573e ba565c77 9e973a7e ea11e600 6f23363d
ffff8e2301f33740 2334039426 C Bo:2:011:2 0 32 >
ffff8e2301f33740 2334039437 S Bo:2:011:2 -115 32 = 763d762d f7351736 172e372e 372e372e 372e5836 38365836 38361836 17363736
ffff8e2301f32240 2334042156 C Bo:2:011:2 0 32 >
ffff8e2301f32240 2334042168 S Bo:2:011:2 -115 32 = 582e582e d946d936 b836982e 572e372e 772e3726 7846783e f6253736 3736383e
ffff8e2301f33740 2334044962 C Bo:2:011:2 0 32 >
ffff8e2301f33740 2334044975 S Bo:2:011:2 -115 32 = 183e9635 f8557b76 974d1535 7b965a76 3a76d23b ef223765 b233765c fa9dd44b
ffff8e2301f32240 2334047678 C Bo:2:011:2 0 32 >
ffff8e2301f32240 2334047690 S Bo:2:011:2 -115 32 = f643b67c 7ee7f44b 722bf43b 722bb233 3444b233 ee228901 9895ffff ffffffff
ffff8e2301f33740 2334050472 C Bo:2:011:2 0 32 >
ffff8e2301f33740 2334050483 S Bo:2:011:2 -115 32 = a3100000 00000000 00000000 00000000 00000000 00000000 00000000 00000000
ffff8e2301f32240 2334053220 C Bo:2:011:2 0 32 >
ffff8e2301f32240 2334053231 S Bo:2:011:2 -115 32 = 00000000 00000000 00000000 00000000 00000000 00000000 00000000 00000000
ffff8e2301f33740 2334056033 C Bo:2:011:2 0 32 >
ffff8e2301f33740 2334056046 S Bo:2:011:2 -115 32 = 00000000 00000000 00000000 00000000 00000000 00000000 00000000 0000a310
ffff8e2301f32240 2334058871 C Bo:2:011:2 0 32 >
ffff8e2301f32240 2334058885 S Bo:2:011:2 -115 32 = ffffffff ffff9ff7 ffff7fef 5fef5fe7 1ee73fe7 ffde1fdf dfef1685 6709507c
ffff8e2301f33740 2334061551 C Bo:2:011:2 0 32 >
ffff8e2301f33740 2334061562 S Bo:2:011:2 -115 32 = 9df73af7 5af739f7 19ef3af7 3aef39f7 5af73af7 3af73aef 3aef3aef 3af73af7
ffff8e2301f32240 2334064304 C Bo:2:011:2 0 32 >
ffff8e2301f32240 2334064320 S Bo:2:011:2 -115 32 = 3af73af7 3af73af7 3af739ef 39ef3af7 3aef39ef 39effdff 3aef4f84 a952ca52
ffff8e2301f33740 2334067083 C Bo:2:011:2 0 32 >
ffff8e2301f33740 2334067094 S Bo:2:011:2 -115 32 = 6c6bef83 9194f2a4 53b5d5c5 77e6f9f6 19ff1aff 77f615ee 97fe56f6 16eed2b4
ffff8e2301f32240 2334069896 C Bo:2:011:2 0 32 >
ffff8e2301f32240 2334069910 S Bo:2:011:2 -115 32 = e7416b6b d8de19ef 98e678de 4c73a639 f3b417e6 d5ddd1ac 073a281a 502c5435
ffff8e2301f33740 2334072685 C Bo:2:011:2 0 32 >
ffff8e2301f33740 2334072697 S Bo:2:011:2 -115 32 = f42cf123 8d0a0b02 ee12732c b73d393e 1836f835 18365836 582e3726 382e5836
ffff8e2301f32240 2334075394 C Bo:2:011:2 0 32 >
ffff8e2301f32240 2334075408 S Bo:2:011:2 -115 32 = 772e772e 572e162e 17363846 78469946 b63dee12 69016f23 3535b52d 37365736
ffff8e2301f33740 2334078176 C Bo:2:011:2 0 32 >
ffff8e2301f33740 2334078187 S Bo:2:011:2 -115 32 = 572e7836 582e582e 5836793e 58361636 584eda6e 9e87fc86 b03b8909 6c12322c
ffff8e2301f32240 2334080938 C Bo:2:011:2 0 32 >
ffff8e2301f32240 2334080949 S Bo:2:011:2 -115 32 = 363d9635 d735b62d d62d3736 7836162e 17363736 172e3836 38363836 38363736
ffff8e2301f33740 2334083758 C Bo:2:011:2 0 32 >
ffff8e2301f33740 2334083769 S Bo:2:011:2 -115 32 = 372e783e ff87fa46 572e372e 372e172e 372e783e 9e979e87 ba56173e d62dd735
ffff8e2301f32240 2334086509 C Bo:2:011:2 0 32 >
ffff8e2301f32240 2334086520 S Bo:2:011:2 -115 32 = f845d745 f955553d 3535563d 563d5745 5b6e785d ae128d12 f0225ecf f3636f12
ffff8e2301f33740 2334089253 C Bo:2:011:2 0 32 >
ffff8e2301f33740 2334089266 S Bo:2:011:2 -115 32 = 153cb664 faadb01a 7223722b 9233177d 1aae7464 0f3b4c2a b584ffff ffffffff
ffff8e2301f32240 2334092019 C Bo:2:011:2 0 32 >
ffff8e2301f32240 2334092035 S Bo:2:011:2 -115 32 = a3100000 00000000 00000000 00000000 00000000 00000000 00000000 00000000
ffff8e2301f33740 2334094895 C Bo:2:011:2 0 32 >
ffff8e2301f33740 2334094907 S Bo:2:011:2 -115 32 = 00000000 00000000 00000000 00000000 00000000 00000000 00000000 00000000
ffff8e2301f32240 2334097561 C Bo:2:011:2 0 32 >
ffff8e2301f32240 2334097572 S Bo:2:011:2 -115 32 = 00000000 00000000 00000000 00000000 00000000 00000000 00000000 0000a310
ffff8e2301f33740 2334100406 C Bo:2:011:2 0 32 >
ffff8e2301f33740 2334100417 S Bo:2:011:2 -115 32 = ffffffff ffffbff7 ffff7fef 5fef3fe7 3fe71fe7 1fe7dfff 3ebf4f33 6609ce63
ffff8e2301f32240 2334103081 C Bo:2:011:2 0 32 >
ffff8e2301f32240 2334103091 S Bo:2:011:2 -115 32 = 97ce7af7 7aff3af7 19f75aef 5af73af7 3af73af7 5af73af7 3aef3aef 3aef3af7
ffff8e2301f33740 2334105901 C Bo:2:011:2 0 32 >
ffff8e2301f33740 2334105914 S Bo:2:011:2 -115 32 = 3af73af7 3af73af7 3af73aef 39f75af7 19f75af7 ddff97d6 b094ca4a 6942ce73
ffff8e2301f32240 2334108651 C Bo:2:011:2 0 32 >
ffff8e2301f32240 2334108663 S Bo:2:011:2 -115 8 = 33b516de 19fffc29
ffff8e2301f33740 2334111463 C Bo:2:011:2 0 32 >
ffff8e2301f32240 2334114153 C Bo:2:011:2 0 8 >
ffff8e2301f32e40 2334127880 C Bi:2:011:2 0 9 = a557006a 00015971 41
ffff8e2301f32e40 2334127895 S Bi:2:011:2 -115 32 <
ffff8e2301f32240 2334129456 S Bo:2:011:2 -115 32 = a557006b 04007bff 5bff5aff 3aff19ff b8fe37f6 16ee15ee 36f6b4e5 53cd0f94
ffff8e2301f33740 2334129460 S Bo:2:011:2 -115 32 = 07420e84 d8de5af7 58deb6c5 ce83695a 70acf6ed 37fe16e6 53bd694a c7093445
ffff8e2301f32240 2334129524 C Bo:2:011:2 0 32 >
ffff8e2301f32240 2334129527 S Bo:2:011:2 -115 32 = 763d3224 b12bee1a 2b020a0a 4f13b424 7735f83d 183e372e 78269826 37261626
ffff8e2301f33740 2334129572 C Bo:2:011:2 0 32 >
ffff8e2301f33740 2334129574 S Bo:2:011:2 -115 32 = 572e772e 572e362e 1736993e db4eb73d 6f134b02 ee1af023 132d783e 983e1626
ffff8e2301f32240 2334132394 C Bo:2:011:2 0 32 >
ffff8e2301f32240 2334132407 S Bo:2:011:2 -115 32 = 372e7836 78365836 7836793e 383e162e 5746da66 7d7f5d87 776ded22 ea014f1b
ffff8e2301f33740 2334135151 C Bo:2:011:2 0 32 >
ffff8e2301f33740 2334135160 S Bo:2:011:2 -115 32 = f53c963d b63d9635 962d1736 17369525 f7353736 d62db62d d62d3736 3836f72d
ffff8e2301f32240 2334137971 C Bo:2:011:2 0 32 >
ffff8e2301f32240 2334137984 S Bo:2:011:2 -115 32 = f72d3836 78363836 783ed62d b62df735 1736173e 7a5ed73d 7a56fc6e 17461866
ffff8e2301f33740 2334140676 C Bo:2:011:2 0 32 >
ffff8e2301f33740 2334140687 S Bo:2:011:2 -115 32 = 3966b735 3635563d 363d3535 7745b745 973db42c 2f13ce12 ef1a334c b6741785
ffff8e2301f32240 2334143472 C Bo:2:011:2 0 32 >
ffff8e2301f32240 2334143483 S Bo:2:011:2 -115 32 = 111b523b f032112b d333d32b 722bf33b 91430b1a 8c2a7bbe ffffffff ffffffff
ffff8e2301f33740 2334146256 C Bo:2:011:2 0 32 >
ffff8e2301f33740 2334146262 S Bo:2:011:2 -115 32 = a3100000 00000000 00000000 00000000 00000000 00000000 00000000 00000000
ffff8e2301f32240 2334149023 C Bo:2:011:2 0 32 >
ffff8e2301f32240 2334149028 S Bo:2:011:2 -115 32 = 00000000 00000000 00000000 00000000 00000000 00000000 00000000 00000000
ffff8e2301f33740 2334151741 C Bo:2:011:2 0 32 >
ffff8e2301f33740 2334151746 S Bo:2:011:2 -115 32 = 00000000 00000000 00000000 00000000 00000000 00000000 00000000 0000a310
ffff8e2301f32240 2334154507 C Bo:2:011:2 0 32 >
ffff8e2301f32240 2334154511 S Bo:2:011:2 -115 32 = ffffffff ffffbff7 ffff7fef 5fef3fe7 5fe7bed6 3fdfffff 577d2601 e400eb42
ffff8e2301f33740 2334157300 C Bo:2:011:2 0 32 >
ffff8e2301f33740 2334157306 S Bo:2:011:2 -115 32 = 539d9cf7 bbff39f7 1af719ef 39ef39ef 39ef39ef 3aef3aef 3af73af7 3af73aef
ffff8e2301f32240 2334160079 C Bo:2:011:2 0 32 >
ffff8e2301f32240 2334160085 S Bo:2:011:2 -115 32 = 3af73af7 3af73af7 39ef3af7 39f75af7 39f79cff ddff6c6b 86210f7c f6c53af7
ffff8e2301f33740 2334162867 C Bo:2:011:2 0 32 >
ffff8e2301f33740 2334162872 S Bo:2:011:2 -115 32 = 3afff9fe f9fef9fe d8feb8fe b8feb8fe b8fe57fe 36f6f5ed 53dd53d5 33cd0b73
ffff8e2301f32240 2334165651 C Bo:2:011:2 0 32 >
ffff8e2301f32240 2334165656 S Bo:2:011:2 -115 32 = c63153a5 f9deb8de 13adeb6a ca6a6c83 6fb4b4ed 16fe16f6 36e68d7b 8719cf3b
ffff8e2301f33740 2334168365 C Bo:2:011:2 0 32 >
ffff8e2301f33740 2334168370 S Bo:2:011:2 -115 32 = 55451535 732c701b 4c0aca01 4b0a5013 342cf634 7735d72d 382e7826 37261626
ffff8e2301f32240 2334171156 C Bo:2:011:2 0 32 >
ffff8e2301f32240 2334171161 S Bo:2:011:2 -115 32 = 562e7736 5836372e f62dd735 973d3224 6c0aad12 31341435 d63d583e 5736172e
ffff8e2301f33740 2334173937 C Bo:2:011:2 0 32 >
ffff8e2301f33740 2334173943 S Bo:2:011:2 -115 32 = 372e782e 782e782e 382e3836 5836782e 7736da56 5c779e87 bb866f33 a901ee1a
ffff8e2301f32240 2334176720 C Bo:2:011:2 0 32 >
ffff8e2301f32240 2334176725 S Bo:2:011:2 -115 32 = 7334353d 563d5535 5535b635 962d5525 b62df735 f72df735 d62d1736 1736b62d
ffff8e2301f33740 2334179533 C Bo:2:011:2 0 32 >
ffff8e2301f33740 2334179538 S Bo:2:011:2 -115 32 = d62d383e f72db62d f62db62d b62dd735 f735f735 b62d9635 752db73d ba6edfe7
ffff8e2301f32240 2334182254 C Bo:2:011:2 0 32 >
ffff8e2301f32240 2334182259 S Bo:2:011:2 -115 32 = 39765635 563d3535 35353535 3535763d d845d534 0e03ce12 ce12cf1a 75647885
ffff8e2301f33740 2334185038 C Bo:2:011:2 0 32 >
ffff8e2301f33740 2334185043 S Bo:2:011:2 -115 32 = 1123901a 8f123133 93335123 512b3023 787d0b1a d57cffff ffffffff ffffffff
ffff8e2301f32240 2334187892 C Bo:2:011:2 0 32 >
ffff8e2301f32240 2334187897 S Bo:2:011:2 -115 32 = a3100000 00000000 00000000 00000000 00000000 00000000 00000000 00000000
ffff8e2301f33740 2334190606 C Bo:2:011:2 0 32 >
ffff8e2301f33740 2334190611 S Bo:2:011:2 -115 32 = 00000000 00000000 00000000 00000000 00000000 00000000 00000000 00000000
ffff8e2301f32240 2334193372 C Bo:2:011:2 0 32 >
ffff8e2301f32240 2334193377 S Bo:2:011:2 -115 32 = 00000000 00000000 00000000 00000000 00000000 00000000 00000000 0000a310
ffff8e2301f33740 2334196179 C Bo:2:011:2 0 32 >
ffff8e2301f33740 2334196184 S Bo:2:011:2 -115 32 = ffffffff ffff9ff7 ffff7fef 5fef5fe7 1fdf9ff7 dfe7f99d 0c224801 4a12081a
ffff8e2301f32240 2334198890 C Bo:2:011:2 0 32 >
ffff8e2301f32240 2334198895 S Bo:2:011:2 -115 32 = ad639df7 bdff19f7 3af7f9ee 19ef19ef 39ef3aef 19ef19ef 3af73af7 3af73af7
ffff8e2301f33740 2334201679 C Bo:2:011:2 0 32 >
ffff8e2301f33740 2334201684 S Bo:2:011:2 -115 32 = 3af73af7 3af75af7 19ef39f7 39f719ef 9bff5aef b5b54942 694a77d6 5aff19ff
ffff8e2301f32240 2334204465 C Bo:2:011:2 0 32 >
ffff8e2301f32240 2334204470 S Bo:2:011:2 -115 32 = 19fff9fe d8fed9fe f9feb8fe 77f656f6 f6f5d6f5 d5f594e5 f2cc33cd d2bc4952
ffff8e2301f33740 2334207246 C Bo:2:011:2 0 32 >
ffff8e2301f33740 2334207251 S Bo:2:011:2 -115 32 = 283a57c6 57c6508c 4c734852 ad8b74d5 15ee36fe d5f515f6 f5e571a4 49428a22
ffff8e2301f32240 2334209985 C Bo:2:011:2 0 32 >
ffff8e2301f32240 2334209990 S Bo:2:011:2 -115 8 = 3545f745 3535e8bf
ffff8e2301f33740 2334212748 C Bo:2:011:2 0 32 >
ffff8e2301f32240 2334215525 C Bo:2:011:2 0 8 >
ffff8e2301f326c0 2334228879 C Bi:2:011:2 0 9 = a557006b 00015907 f5
ffff8e2301f326c0 2334228886 S Bi:2:011:2 -115 32 <
ffff8e2301f32240 2334230516 S Bo:2:011:2 -115 32 = a557006c 0400742c b123b12b 2f1b6c0a eb012c0a 701bb42c b7355946 783e173e
ffff8e2301f33740 2334230522 S Bo:2:011:2 -115 32 = 3736583e 793e793e 952d311c ed0a2b02 2e231134 922cb635 98463736 f7351736
ffff8e2301f32240 2334230586 C Bo:2:011:2 0 32 >
ffff8e2301f32240 2334230589 S Bo:2:011:2 -115 32 = 3836582e 78267826 5826582e 782e982e 772ed94e 3c6f9e87 5e8f3244 c9018c12
ffff8e2301f33740 2334230629 C Bo:2:011:2 0 32 >
ffff8e2301f33740 2334230630 S Bo:2:011:2 -115 32 = f22bb43c b434f434 35357535 5535552d 552d762d d735d735 962db635 b635b635
ffff8e2301f32240 2334233461 C Bo:2:011:2 0 32 >
ffff8e2301f32240 2334233474 S Bo:2:011:2 -115 32 = d735d735 b62d962d 962dd735 b735b635 962d9635 9635b73d 963d7535 7a7efdc6
ffff8e2301f33740 2334236247 C Bo:2:011:2 0 32 >
ffff8e2301f33740 2334236261 S Bo:2:011:2 -115 32 = 3dbf196e 353d3535 3535f42c d86ddb96 b73d7655 5254ee12 ad0aae12 ae12f012
ffff8e2301f32240 2334238963 C Bo:2:011:2 0 32 >
ffff8e2301f32240 2334238976 S Bo:2:011:2 -115 32 = 11235133 102b8e1a 6e1aef22 ef22ce22 302b2b12 ffffffff 3de73ace ffffffff
ffff8e2301f33740 2334241782 C Bo:2:011:2 0 32 >
ffff8e2301f33740 2334241795 S Bo:2:011:2 -115 32 = ffffa310 00000000 00000000 00000000 00000000 00000000 00000000 00000000
ffff8e2301f32240 2334244531 C Bo:2:011:2 0 32 >
ffff8e2301f32240 2334244545 S Bo:2:011:2 -115 32 = 00000000 00000000 00000000 00000000 00000000 00000000 00000000 00000000
ffff8e2301f33740 2334247326 C Bo:2:011:2 0 32 >
ffff8e2301f33740 2334247337 S Bo:2:011:2 -115 32 = 00000000 00000000 00000000 00000000 00000000 00000000 00000000 0000a310
ffff8e2301f32240 2334250108 C Bo:2:011:2 0 32 >
ffff8e2301f32240 2334250120 S Bo:2:011:2 -115 32 = ffffffff ffff9ff7 ffff7ff7 7ff7fede fed6ffff 1cd7ca21 c6006f2b 313c4501
ffff8e2301f33740 2334252896 C Bo:2:011:2 0 32 >
ffff8e2301f33740 2334252907 S Bo:2:011:2 -115 32 = e7295ce7 bdfff9f6 5bff3af7 5af75af7 5af75af7 5af73af7 3af73aef 1aef3aef
ffff8e2301f32240 2334255607 C Bo:2:011:2 0 32 >
ffff8e2301f32240 2334255618 S Bo:2:011:2 -115 32 = 3af73af7 3af73af7 19ef5af7 39f7f8e6 feff16be 07324c63 f6cd3aff f9fe97f6
ffff8e2301f33740 2334258394 C Bo:2:011:2 0 32 >
ffff8e2301f33740 2334258407 S Bo:2:011:2 -115 32 = b8f697f6 56ee56ee 56ee36ee 15eef5f5 d4ed94e5 12d5d1cc 74d5d3bc 2d7b0842
ffff8e2301f32240 2334261134 C Bo:2:011:2 0 32 >
ffff8e2301f32240 2334261145 S Bo:2:011:2 -115 32 = eb52139d 6c63073a ce8374c5 36ee77fe 77fef6fd f5fd15f6 b5e5d3bc 29428709
ffff8e2301f33740 2334263951 C Bo:2:011:2 0 32 >
ffff8e2301f33740 2334263964 S Bo:2:011:2 -115 32 = 3445383e f73dd745 f534532c 9013ce12 0c120b0a ae126f1b f123932c d32cd32c
ffff8e2301f32240 2334266676 C Bo:2:011:2 0 32 >
ffff8e2301f32240 2334266689 S Bo:2:011:2 -115 32 = f42cf42c f4341435 31240d0b 2b024b12 f1331435 542df735 58363736 38365836
ffff8e2301f33740 2334269464 C Bo:2:011:2 0 32 >
ffff8e2301f33740 2334269477 S Bo:2:011:2 -115 32 = 5836582e 7826782e 982e982e 782e782e 772e9846 fb667d7f 9e8f765d ed1a4b0a
ffff8e2301f32240 2334272248 C Bo:2:011:2 0 32 >
ffff8e2301f32240 2334272261 S Bo:2:011:2 -115 32 = 4f235334 b53cd534 f5341535 15353535 3535152d 352d3535 352d5535 562d9635
ffff8e2301f33740 2334275050 C Bo:2:011:2 0 32 >
ffff8e2301f33740 2334275064 S Bo:2:011:2 -115 32 = b73d9635 552d7635 76357635 76355635 562d5635 56355635 56459b7e f8655645
ffff8e2301f32240 2334277755 C Bo:2:011:2 0 32 >
ffff8e2301f32240 2334277768 S Bo:2:011:2 -115 32 = 55457645 353d3535 3535352d f8757a86 7635bb9e 7ab6cd0a 6d0a6d12 ae1a3023
ffff8e2301f33740 2334280545 C Bo:2:011:2 0 32 >
ffff8e2301f33740 2334280558 S Bo:2:011:2 -115 32 = 922bf65c b23b3133 b664ef22 cf1aae1a 0b0aea09 d47cffff ffff1de7 ffffffff
ffff8e2301f32240 2334283327 C Bo:2:011:2 0 32 >
ffff8e2301f32240 2334283340 S Bo:2:011:2 -115 32 = ffffa310 00000000 00000000 00000000 00000000 00000000 00000000 00000000
ffff8e2301f33740 2334286110 C Bo:2:011:2 0 32 >
ffff8e2301f33740 2334286123 S Bo:2:011:2 -115 32 = 00000000 00000000 00000000 00000000 00000000 00000000 00000000 00000000
ffff8e2301f32240 2334288945 C Bo:2:011:2 0 32 >
ffff8e2301f32240 2334288958 S Bo:2:011:2 -115 32 = 00000000 00000000 00000000 00000000 00000000 00000000 00000000 a310ffff
ffff8e2301f33740 2334291678 C Bo:2:011:2 0 32 >
ffff8e2301f33740 2334291689 S Bo:2:011:2 -115 32 = ffffffff bff7dff7 bfff3ff7 1fefbff7 9fdff9a5 cd4a8500 8c123545 344dc709
ffff8e2301f32240 2334294392 C Bo:2:011:2 0 32 >
ffff8e2301f32240 2334294403 S Bo:2:011:2 -115 32 = c72137be ddff7bf7 5aff19ef 19ef19ef 19ef3aef 3af71aef 19ef3aef 3aef3af7
ffff8e2301f33740 2334297180 C Bo:2:011:2 0 32 >
ffff8e2301f33740 2334297193 S Bo:2:011:2 -115 32 = 3af73af7 39ef39ef 39ef3af7 59f739ef feff339d c308708c 7bffb8fe d9fed8fe
ffff8e2301f32240 2334299972 C Bo:2:011:2 0 32 >
ffff8e2301f32240 2334299985 S Bo:2:011:2 -115 32 = 77ee35e6 14e635ee 15ee35f6 f5f593e5 11d512d5 12d5d2c4 13c5ef93 4952a731
ffff8e2301f33740 2334302750 C Bo:2:011:2 0 32 >
ffff8e2301f33740 2334302763 S Bo:2:011:2 -115 32 = c731eb52 6d73ee8b d5d51aff 98fe16fe 16fef5f5 16fed5f5 d5ed55cd c839e500
ffff8e2301f32240 2334305516 C Bo:2:011:2 0 32 >
ffff8e2301f32240 2334305529 S Bo:2:011:2 -115 32 = f43cf735 752db635 b735f424 f113b123 b2339233 ef1a0b02 ca01ca01 0b024b0a
ffff8e2301f33740 2334308255 C Bo:2:011:2 0 32 >
ffff8e2301f33740 2334308268 S Bo:2:011:2 -115 32 = 4c0a4b0a 0b020a02 2b02ad0a 4f23f133 9234742d 58367836 172e582e 982e982e
ffff8e2301f32240 2334311034 C Bo:2:011:2 0 32 >
ffff8e2301f32240 2334311047 S Bo:2:011:2 -115 8 = 782e582e 782e7b4b
ffff8e2301f33740 2334313901 C Bo:2:011:2 0 32 >
ffff8e2301f32240 2334316551 C Bo:2:011:2 0 8 >
ffff8e2301f32e40 2334329947 C Bi:2:011:2 0 9 = a557006c 00015956 d8
ffff8e2301f32e40 2334329963 S Bi:2:011:2 -115 32 <
ffff8e2301f32240 2334331156 S Bo:2:011:2 -115 32 = a557006d 0400782e 982e982e 782e772e 772e573e 995e3c77 9d87db7e b34ca909
ffff8e2301f33740 2334331161 S Bo:2:011:2 -115 32 = 2b123334 f53c153d f53cf434 15353535 1535f534 f5341535 35353635 352d352d
ffff8e2301f32240 2334331229 C Bo:2:011:2 0 32 >
ffff8e2301f32240 2334331231 S Bo:2:011:2 -115 32 = 3535352d 352d5635 5635352d 152d3635 36353535 36351535 7745b755 1435563d
ffff8e2301f33740 2334331270 C Bo:2:011:2 0 32 >
ffff8e2301f33740 2334331271 S Bo:2:011:2 -115 32 = 973d763d 35353535 563d5635 352df424 763d7b7e 932c2f13 4c126d12 ae120f1b
ffff8e2301f32240 2334334106 C Bo:2:011:2 0 32 >
ffff8e2301f32240 2334334118 S Bo:2:011:2 -115 32 = b233502b 8e125554 b65cce1a ad1a4c12 2f33b46c f8a5dcce ffffffff ffffffff
ffff8e2301f33740 2334336939 C Bo:2:011:2 0 32 >
ffff8e2301f33740 2334336952 S Bo:2:011:2 -115 32 = a3100000 00000000 00000000 00000000 00000000 00000000 00000000 00000000
ffff8e2301f32240 2334339615 C Bo:2:011:2 0 32 >
ffff8e2301f32240 2334339629 S Bo:2:011:2 -115 32 = 00000000 00000000 00000000 00000000 00000000 00000000 00000000 00000000
ffff8e2301f33740 2334342411 C Bo:2:011:2 0 32 >
ffff8e2301f33740 2334342422 S Bo:2:011:2 -115 32 = 00000000 00000000 00000000 00000000 00000000 00000000 00000000 a310ffff
ffff8e2301f32240 2334345177 C Bo:2:011:2 0 32 >
ffff8e2301f32240 2334345191 S Bo:2:011:2 -115 32 = ffffffff bff7ffff bfff3fef dfdeffff 5edf8d3a 23000a12 143d184e 343d8a0a
ffff8e2301f33740 2334347965 C Bo:2:011:2 0 32 >
ffff8e2301f33740 2334347977 S Bo:2:011:2 -115 32 = 4922f28c 5befffff dcff9bff bcffbcff 9bff9bff 5af73aef 19ef39ef 3af739f7
ffff8e2301f32240 2334350746 C Bo:2:011:2 0 32 >
ffff8e2301f32240 2334350759 S Bo:2:011:2 -115 32 = 5af739f7 19ef39ef 5af759ef 7af79bf7 f9de4f84 894a74bd 7bff78f6 98feb8f6
ffff8e2301f33740 2334353518 C Bo:2:011:2 0 32 >
ffff8e2301f33740 2334353531 S Bo:2:011:2 -115 32 = 36ee14e6 14ee35f6 15f615f6 73e5d1cc d0c490bc 70b4ee9b cb6ae841 8729a729
ffff8e2301f32240 2334356255 C Bo:2:011:2 0 32 >
ffff8e2301f32240 2334356266 S Bo:2:011:2 -115 32 = e731ad7b d5cdb8f6 98fe36fe 16fe16fe 15f6f5f5 f5f5b4ed f6f596d5 29426709
ffff8e2301f33740 2334359037 C Bo:2:011:2 0 32 >
ffff8e2301f33740 2334359049 S Bo:2:011:2 -115 32 = 73347635 3425752d d72df735 56355324 132c3334 d22b0f1b ce1aad12 6d124c12
ffff8e2301f32240 2334361892 C Bo:2:011:2 0 32 >
ffff8e2301f32240 2334361905 S Bo:2:011:2 -115 32 = 0c0aeb09 cb090b0a ce1ab12b 52349334 f32cb62d 582e782e 57267826 78267826
ffff8e2301f33740 2334364552 C Bo:2:011:2 0 32 >
ffff8e2301f33740 2334364565 S Bo:2:011:2 -115 32 = 7826782e 982e782e 78265726 582e7836 7836373e 79561c6f 5d7f9e8f f86da809
ffff8e2301f32240 2334367302 C Bo:2:011:2 0 32 >
ffff8e2301f32240 2334367314 S Bo:2:011:2 -115 32 = c9093234 9334d434 15451535 15353535 1535f434 f434f52c 35355635 352d152d
ffff8e2301f33740 2334370089 C Bo:2:011:2 0 32 >
ffff8e2301f33740 2334370099 S Bo:2:011:2 -115 32 = 152d152d 3535152d 3535352d 352d352d 352d1535 35351535 35351535 35351535
ffff8e2301f32240 2334372891 C Bo:2:011:2 0 32 >
ffff8e2301f32240 2334372904 S Bo:2:011:2 -115 32 = 3535763d 763d1535 35353535 3535152d 96457b7e 563d5224 ad0a4d12 2c128d1a
ffff8e2301f33740 2334375681 C Bo:2:011:2 0 32 >
ffff8e2301f33740 2334375694 S Bo:2:011:2 -115 32 = ce1aae12 ef22ef22 ae12ce1a 8d128901 5b9effff ffffffff ffffffff ffffffff
ffff8e2301f32240 2334378464 C Bo:2:011:2 0 32 >
ffff8e2301f32240 2334378475 S Bo:2:011:2 -115 32 = a3100000 00000000 00000000 00000000 00000000 00000000 00000000 00000000
ffff8e2301f33740 2334381178 C Bo:2:011:2 0 32 >
ffff8e2301f33740 2334381189 S Bo:2:011:2 -115 32 = 00000000 00000000 00000000 00000000 00000000 00000000 00000000 00000000
ffff8e2301f32240 2334383963 C Bo:2:011:2 0 32 >
ffff8e2301f32240 2334383974 S Bo:2:011:2 -115 32 = 00000000 00000000 00000000 00000000 00000000 00000000 00000000 a310ffff
ffff8e2301f33740 2334386785 C Bo:2:011:2 0 32 >
ffff8e2301f33740 2334386798 S Bo:2:011:2 -115 32 = ffffffff bff79ff7 9ff7dfff 7fef5bc6 d26b8911 6b1ab33c f74d174e 1335cb0a
ffff8e2301f32240 2334389532 C Bo:2:011:2 0 32 >
ffff8e2301f32240 2334389544 S Bo:2:011:2 -115 32 = e8090c43 d6b59cf7 3aeff9e6 19e7d8de d8def9e6 5aefdcff dbff5af7 39f739f7
ffff8e2301f33740 2334392322 C Bo:2:011:2 0 32 >
ffff8e2301f33740 2334392333 S Bo:2:011:2 -115 32 = 39f739f7 39f739ef 39ef19ef 9bf79cf7 4f840b5b b19c57e6 f9feb9fe 98f656f6
ffff8e2301f32240 2334395034 C Bo:2:011:2 0 32 >
ffff8e2301f32240 2334395045 S Bo:2:011:2 -115 32 = 35f635f6 15f6f4f5 f4f5b4ed d0cc4fb4 90bcad93 ca72ca6a 2852c741 6a52ef8b
ffff8e2301f33740 2334397882 C Bo:2:011:2 0 32 >
ffff8e2301f33740 2334397894 S Bo:2:011:2 -115 32 = 95c577e6 78f657fe 37fe16fe 15fed4f5 15f615fe f4f556fe 16f6b2b4 ab5a2a22
ffff8e2301f32240 2334400608 C Bo:2:011:2 0 32 >
ffff8e2301f32240 2334400618 S Bo:2:011:2 -115 32 = b02bf42c d63d962d 751d172e 383ed42c 321cb424 1535d534 943c5334 3334f233
ffff8e2301f33740 2334403360 C Bo:2:011:2 0 32 >
ffff8e2301f33740 2334403370 S Bo:2:011:2 -115 32 = 912b912b d2333334 943cf53c 1435142d d52d782e 782e782e 582e582e 382e382e
ffff8e2301f32240 2334406112 C Bo:2:011:2 0 32 >
ffff8e2301f32240 2334406124 S Bo:2:011:2 -115 32 = 58269826 98267826 77265726 582e782e 98365736 784e1b6f 3c7f7e8f 7a76ed22
ffff8e2301f33740 2334408893 C Bo:2:011:2 0 32 >
ffff8e2301f33740 2334408906 S Bo:2:011:2 -115 32 = 0a0a902b 7334f53c d43c1535 1535d42c f5341535 1535152d f52c1535 3535352d
ffff8e2301f32240 2334411679 C Bo:2:011:2 0 32 >
ffff8e2301f32240 2334411692 S Bo:2:011:2 -115 8 = 352d352d 352df206
ffff8e2301f33740 2334414462 C Bo:2:011:2 0 32 >
ffff8e2301f32240 2334417208 C Bo:2:011:2 0 8 >
ffff8e2301f326c0 2334430924 C Bi:2:011:2 0 9 = a557006d 00015920 6c
ffff8e2301f326c0 2334430939 S Bi:2:011:2 -115 32 <
ffff8e2301f32240 2334432530 S Bo:2:011:2 -115 32 = a557006e 0400152d 152d152d 362d3535 15351535 15351535 35351535 15351535
ffff8e2301f33740 2334432534 S Bo:2:011:2 -115 32 = 15351535 9745563d f5341535 152d1535 15351535 5635f42c 0e138a01 89092c12
ffff8e2301f32240 2334432604 C Bo:2:011:2 0 32 >
ffff8e2301f32240 2334432607 S Bo:2:011:2 -115 32 = 8d12ae12 ce1ace1a ae1aae1a 2b128909 6b32ffff 5ee7ffff ffffffff a310a310
ffff8e2301f33740 2334432646 C Bo:2:011:2 0 32 >
ffff8e2301f33740 2334432647 S Bo:2:011:2 -115 32 = 00000000 00000000 00000000 00000000 00000000 00000000 00000000 00000000
ffff8e2301f32240 2334435427 C Bo:2:011:2 0 32 >
ffff8e2301f32240 2334435441 S Bo:2:011:2 -115 32 = 00000000 00000000 00000000 00000000 00000000 00000000 00000000 00000000
ffff8e2301f33740 2334438261 C Bo:2:011:2 0 32 >
ffff8e2301f33740 2334438272 S Bo:2:011:2 -115 32 = 00000000 00000000 00000000 00000000 00000000 00000000 00000000 0000a310
ffff8e2301f32240 2334441041 C Bo:2:011:2 0 32 >
ffff8e2301f32240 2334441054 S Bo:2:011:2 -115 32 = ffffffff ffff3eef bff7ffff 7ff77263 28116701 5134184e b5359535 d22c4d13
ffff8e2301f33740 2334443783 C Bo:2:011:2 0 32 >
ffff8e2301f33740 2334443795 S Bo:2:011:2 -115 32 = 49022912 cf5b349d 9184ce63 4c53ca42 ea42ad5b 707c1295 56ce9bff 7bff5af7
ffff8e2301f32240 2334446534 C Bo:2:011:2 0 32 >
ffff8e2301f32240 2334446545 S Bo:2:011:2 -115 32 = 59f739f7 5af739ef 3af719ef ddff5cef 48420742 98de19ff 98f6d9fe 77f615ee
ffff8e2301f33740 2334449278 C Bo:2:011:2 0 32 >
ffff8e2301f33740 2334449288 S Bo:2:011:2 -115 32 = f5f515fe 15fef4fd f4f5b4ed d1cc2fac 70b40fa4 ce9350a4 92acf3bc b6cd78ee
ffff8e2301f32240 2334452108 C Bo:2:011:2 0 32 >
ffff8e2301f32240 2334452120 S Bo:2:011:2 -115 32 = 1afff9fe 97fe77fe 36fe15fe f5f515fe 15f615f6 55f676fe 53d56d8b 0d6bed4a
ffff8e2301f33740 2334454891 C Bo:2:011:2 0 32 >
ffff8e2301f33740 2334454906 S Bo:2:011:2 -115 32 = ac1a5124 173ef735 d72d172e 1736d735 b735762d 552d352d d42cb434 b4349434
ffff8e2301f32240 2334457642 C Bo:2:011:2 0 32 >
ffff8e2301f32240 2334457655 S Bo:2:011:2 -115 32 = 73347434 b434353d 3535342d 752df62d 982ef82e b82e582e 38363836 3836382e
ffff8e2301f33740 2334460395 C Bo:2:011:2 0 32 >
ffff8e2301f33740 2334460406 S Bo:2:011:2 -115 32 = 38267826 98267826 982e782e 5726782e 982e772e 5846fa66 3c7f5d87 db7e934c
ffff8e2301f32240 2334463178 C Bo:2:011:2 0 32 >
ffff8e2301f32240 2334463189 S Bo:2:011:2 -115 32 = 6c1a6b12 3234f544 b4341535 1535d42c f42c1535 15351535 f52c1535 3535352d
ffff8e2301f33740 2334465979 C Bo:2:011:2 0 32 >
ffff8e2301f33740 2334465992 S Bo:2:011:2 -115 32 = 35355635 56355635 76453635 56353535 35351535 15351535 15351535 15351535
ffff8e2301f32240 2334468759 C Bo:2:011:2 0 32 >
ffff8e2301f32240 2334468770 S Bo:2:011:2 -115 32 = 15351535 3535563d f434f52c 15351535 15353535 15353535 901baa09 8901ce1a
ffff8e2301f33740 2334471476 C Bo:2:011:2 0 32 >
ffff8e2301f33740 2334471488 S Bo:2:011:2 -115 32 = ef1a4c0a 0e238d1a 6c124b12 ca114709 b063ffff fcdeffff ffffffff a3100000
ffff8e2301f32240 2334474258 C Bo:2:011:2 0 32 >
ffff8e2301f32240 2334474271 S Bo:2:011:2 -115 32 = 00000000 00000000 00000000 00000000 00000000 00000000 00000000 00000000
ffff8e2301f33740 2334477048 C Bo:2:011:2 0 32 >
ffff8e2301f33740 2334477061 S Bo:2:011:2 -115 32 = 00000000 00000000 00000000 00000000 00000000 00000000 00000000 00000000
ffff8e2301f32240 2334479895 C Bo:2:011:2 0 32 >
ffff8e2301f32240 2334479908 S Bo:2:011:2 -115 32 = 00000000 00000000 00000000 00000000 00000000 00000000 00000000 a310ffff
ffff8e2301f33740 2334482575 C Bo:2:011:2 0 32 >
ffff8e2301f33740 2334482587 S Bo:2:011:2 -115 32 = ffffffff fffffde6 bfefffff 9cc6aa29 68092d13 132d383e 952d742d 953d343d
ffff8e2301f32240 2334485340 C Bo:2:011:2 0 32 >
ffff8e2301f32240 2334485353 S Bo:2:011:2 -115 32 = b3448f2b ec222d33 0c2b6a22 c7098601 c7096a22 4922c619 cd6b5aef dbff7aef
ffff8e2301f33740 2334488114 C Bo:2:011:2 0 32 >
ffff8e2301f33740 2334488125 S Bo:2:011:2 -115 32 = 5af739f7 39f719ef 5af719ef ddfffade c6312742 7cf75aff 77f6b8fe 36f6f5ed
ffff8e2301f32240 2334490894 C Bo:2:011:2 0 32 >
ffff8e2301f32240 2334490905 S Bo:2:011:2 -115 32 = d5f5f5f5 f5f5f4f5 15f615f6 93dd33cd 94d5f6dd 37e678ee b9f6fafe 3afff9fe
ffff8e2301f33740 2334493646 C Bo:2:011:2 0 32 >
ffff8e2301f33740 2334493657 S Bo:2:011:2 -115 32 = 98fe57fe 57fe57fe 36f615fe d4f5f5f5 15f656fe 97fe32cd ad932b7b 308c117c
ffff8e2301f32240 2334496480 C Bo:2:011:2 0 32 >
ffff8e2301f32240 2334496492 S Bo:2:011:2 -115 32 = ac228f1b 962d3836 5836172e f72d593e 593ef835 7625752d 752d552d 152d552d
ffff8e2301f33740 2334499211 C Bo:2:011:2 0 32 >
ffff8e2301f33740 2334499224 S Bo:2:011:2 -115 32 = b635962d 3525962d b62db62d f72d782e 97269726 5726572e 58365836 582e582e
ffff8e2301f32240 2334501972 C Bo:2:011:2 0 32 >
ffff8e2301f32240 2334501985 S Bo:2:011:2 -115 32 = 78267826 78269826 982e9826 57265826 7826572e 3736da5e 7d7f5d87 1c7f1976
ffff8e2301f33740 2334504758 C Bo:2:011:2 0 32 >
ffff8e2301f33740 2334504771 S Bo:2:011:2 -115 32 = ac220601 902b1545 f534f534 1535f534 f534f534 f5341535 152d152d 15353535
ffff8e2301f32240 2334507553 C Bo:2:011:2 0 32 >
ffff8e2301f32240 2334507564 S Bo:2:011:2 -115 32 = 35353535 5635763d d84d763d 563d1535 152df52c 15351535 15351535 15351535
ffff8e2301f33740 2334510325 C Bo:2:011:2 0 32 >
ffff8e2301f33740 2334510337 S Bo:2:011:2 -115 32 = 1535f534 f4341535 76451535 f534f534 f4341535 15351535 532c6c0a 8901ad1a
ffff8e2301f32240 2334513063 C Bo:2:011:2 0 32 >
ffff8e2301f32240 2334513079 S Bo:2:011:2 -115 8 = ee22d664 923bf865
ffff8e2301f33740 2334515895 C Bo:2:011:2 0 32 >
ffff8e2301f32240 2334518579 C Bo:2:011:2 0 8 >
ffff8e2301f32e40 2334532930 C Bi:2:011:2 0 9 = a557006e 000159bb b0
ffff8e2301f32e40 2334532944 S Bi:2:011:2 -115 32 <
ffff8e2301f32240 2334534627 S Bo:2:011:2 -115 32 = a557006f 04004c0a 4b12a909 a500c921 ffffffff ffffffff ffffa310 00000000
ffff8e2301f33740 2334534631 S Bo:2:011:2 -115 32 = 00000000 00000000 00000000 00000000 00000000 00000000 00000000 00000000
ffff8e2301f32240 2334534694 C Bo:2:011:2 0 32 >
ffff8e2301f32240 2334534697 S Bo:2:011:2 -115 32 = 00000000 00000000 00000000 00000000 00000000 00000000 00000000 00000000
ffff8e2301f33740 2334534737 C Bo:2:011:2 0 32 >
ffff8e2301f33740 2334534738 S Bo:2:011:2 -115 32 = 00000000 00000000 00000000 00000000 00000000 00000000 00000000 a310ffff
ffff8e2301f32240 2334537537 C Bo:2:011:2 0 32 >
ffff8e2301f32240 2334537550 S Bo:2:011:2 -115 32 = ffffffff bff7fde6 fff7ffff 3ab66500 c8093435 9635f735 1736f635 584e7a66
ffff8e2301f33740 2334540323 C Bo:2:011:2 0 32 >
ffff8e2301f33740 2334540336 S Bo:2:011:2 -115 32 = 1966f544 1024af1b 6e238e2b 3144d354 145df45c cf4baa2a eb3aac5b 55b6feff
ffff8e2301f32240 2334543108 C Bo:2:011:2 0 32 >
ffff8e2301f32240 2334543119 S Bo:2:011:2 -115 32 = 7aef39f7 5af719f7 3af75af7 39efb4b5 ca52ee7b 1af719ff 98fe77f6 15eef5ed
ffff8e2301f33740 2334545904 C Bo:2:011:2 0 32 >
ffff8e2301f33740 2334545917 S Bo:2:011:2 -115 32 = 15f6f5f5 f4f5f4f5 35f656f6 76f698fe f9fe19ff f9fef9fe d9fe78fe 57fe57f6
ffff8e2301f32240 2334548616 C Bo:2:011:2 0 32 >
ffff8e2301f32240 2334548629 S Bo:2:011:2 -115 32 = 57fe56fe 15f6f5f5 f6fdf5fd f5f515f6 77fe36f6 f2c44b8b ea7aee93 33b5f49c
ffff8e2301f33740 2334551399 C Bo:2:011:2 0 32 >
ffff8e2301f33740 2334551410 S Bo:2:011:2 -115 32 = 6b2a6b0a b62d782e 5826582e 38361836 38363836 382e782e 782e1736 d7351736
ffff8e2301f32240 2334554179 C Bo:2:011:2 0 32 >
ffff8e2301f32240 2334554191 S Bo:2:011:2 -115 32 = b836982e f725f72d 3836782e 782e7826 77265726 57265826 582e582e 582e7826
ffff8e2301f33740 2334556943 C Bo:2:011:2 0 32 >
ffff8e2301f33740 2334556949 S Bo:2:011:2 -115 32 = 78267826 98267826 98269826 9826782e 782e572e 1636b956 5d775d87 5d873d8f
ffff8e2301f32240 2334559750 C Bo:2:011:2 0 32 >
ffff8e2301f32240 2334559755 S Bo:2:011:2 -115 32 = 4f33c600 0e23b43c f534d42c f5341535 f52cd42c f534f534 15351535 f5341535
ffff8e2301f33740 2334562498 C Bo:2:011:2 0 32 >
ffff8e2301f33740 2334562502 S Bo:2:011:2 -115 32 = 15351535 15353535 152d1535 15353635 35351535 15353535 35351535 15351535
ffff8e2301f32240 2334565258 C Bo:2:011:2 0 32 >
ffff8e2301f32240 2334565263 S Bo:2:011:2 -115 32 = 153d1535 f534f534 363df534 f534f534 15353535 1535f434 b434b01b 6c12a901
ffff8e2301f33740 2334568040 C Bo:2:011:2 0 32 >
ffff8e2301f33740 2334568045 S Bo:2:011:2 -115 32 = 2b129564 2c1aa909 ca11a811 cc3ad484 ffffffff ffffffff ffffa310 00000000
ffff8e2301f32240 2334570891 C Bo:2:011:2 0 32 >
ffff8e2301f32240 2334570896 S Bo:2:011:2 -115 32 = 00000000 00000000 00000000 00000000 00000000 00000000 00000000 00000000
ffff8e2301f33740 2334573574 C Bo:2:011:2 0 32 >
ffff8e2301f33740 2334573579 S Bo:2:011:2 -115 32 = 00000000 00000000 00000000 00000000 00000000 00000000 00000000 00000000
ffff8e2301f32240 2334576328 C Bo:2:011:2 0 32 >
ffff8e2301f32240 2334576333 S Bo:2:011:2 -115 32 = 00000000 00000000 00000000 00000000 00000000 00000000 0000a310 ffffffff
ffff8e2301f33740 2334579108 C Bo:2:011:2 0 32 >
ffff8e2301f33740 2334579113 S Bo:2:011:2 -115 32 = ffff9ff7 bff73eef ffffffff d89d0501 ec1a1746 f735d735 1736f735 d73d7645
ffff8e2301f32240 2334581890 C Bo:2:011:2 0 32 >
ffff8e2301f32240 2334581896 S Bo:2:011:2 -115 32 = f53cf53c 353df334 b23c7555 9a7e3d97 1d8f5a86 1565b35c ec326300 2e6cfeff
ffff8e2301f33740 2334584682 C Bo:2:011:2 0 32 >
ffff8e2301f33740 2334584687 S Bo:2:011:2 -115 32 = 9bf739f7 5aff5af7 5af77bff f5bdee73 ee8394bd d8f6d8fe b8fe56f6 f5ed15f6
ffff8e2301f32240 2334587463 C Bo:2:011:2 0 32 >
ffff8e2301f32240 2334587467 S Bo:2:011:2 -115 32 = 15f615f6 15f615f6 15f635f6 76feb8fe b8fe97fe 57f657fe 77fe57fe 57fe56fe
ffff8e2301f33740 2334590256 C Bo:2:011:2 0 32 >
ffff8e2301f33740 2334590261 S Bo:2:011:2 -115 32 = 35f615f6 15f616fe f5f5d5f5 35fe35fe 15eed2c4 0b83ea7a ee9b12bd 94c555ad
ffff8e2301f32240 2334593023 C Bo:2:011:2 0 32 >
ffff8e2301f32240 2334593028 S Bo:2:011:2 -115 32 = 4a3a6701 96359926 581e5726 372e172e 182e382e 9826b826 b826572e 372e5726
ffff8e2301f33740 2334595795 C Bo:2:011:2 0 32 >
ffff8e2301f33740 2334595799 S Bo:2:011:2 -115 32 = b826b826 772e382e 582e782e 78267826 78267826 58265826 58265826 58267826
ffff8e2301f32240 2334598534 C Bo:2:011:2 0 32 >
ffff8e2301f32240 2334598539 S Bo:2:011:2 -115 32 = 78267826 78267826 7826782e 982e782e 782e372e 1636784e fb6e1c87 3c875c87
ffff8e2301f33740 2334601328 C Bo:2:011:2 0 32 >
ffff8e2301f33740 2334601333 S Bo:2:011:2 -115 32 = 934cea11 8c12f233 d53cf534 f534d534 d42cd434 d434f534 15351535 f5341535
ffff8e2301f32240 2334604108 C Bo:2:011:2 0 32 >
ffff8e2301f32240 2334604112 S Bo:2:011:2 -115 32 = 15351535 15351535 1535d42c d42c1535 35353535 15351535 1535d42c b32cf534
ffff8e2301f33740 2334606893 C Bo:2:011:2 0 32 >
ffff8e2301f33740 2334606897 S Bo:2:011:2 -115 32 = 153df534 f434f534 f534d534 d5341535 353d563d 15351535 d434d434 93344f23
ffff8e2301f32240 2334609589 C Bo:2:011:2 0 32 >
ffff8e2301f32240 2334609594 S Bo:2:011:2 -115 32 = 4c12a901 a9016809 64002a2a 9fdfffff ffffffff ffffa310 a3100000 00000000
ffff8e2301f33740 2334612404 C Bo:2:011:2 0 32 >
ffff8e2301f33740 2334612409 S Bo:2:011:2 -115 32 = 00000000 00000000 00000000 00000000 00000000 00000000 00000000 00000000
ffff8e2301f32240 2334615178 C Bo:2:011:2 0 32 >
ffff8e2301f32240 2334615184 S Bo:2:011:2 -115 8 = 00000000 000060a7
ffff8e2301f33740 2334617970 C Bo:2:011:2 0 32 >
ffff8e2301f32240 2334620673 C Bo:2:011:2 0 8 >
ffff8e2301f326c0 2334634881 C Bi:2:011:2 0 9 = a557006f 000159cd 04
ffff8e2301f326c0 2334634887 S Bi:2:011:2 -115 32 <
ffff8e2301f32240 2334636096 S Bo:2:011:2 -115 32 = a5570070 04000000 00000000 00000000 00000000 00000000 00000000 00000000
ffff8e2301f33740 2334636100 S Bo:2:011:2 -115 32 = 00000000 00000000 00000000 00000000 00000000 00000000 a310a310 ffffffff
ffff8e2301f32240 2334636167 C Bo:2:011:2 0 32 >
ffff8e2301f32240 2334636169 S Bo:2:011:2 -115 32 = ffffbff7 7ff7ffff bfeffcb6 314c4a0a 7224383e f72df735 f72d1836 562db32c
ffff8e2301f33740 2334636213 C Bo:2:011:2 0 32 >
ffff8e2301f33740 2334636215 S Bo:2:011:2 -115 32 = 563db745 143db234 954dbb76 1c873d87 7a7eb354 4e2bed22 4a1ae600 4a32539d
ffff8e2301f32240 2334639040 C Bo:2:011:2 0 32 >
ffff8e2301f32240 2334639045 S Bo:2:011:2 -115 32 = 9bf79bff 39f739f7 39effdff b194073a d2a4b8ee d8feb8f6 77f616f6 15f6f5f5
ffff8e2301f33740 2334641804 C Bo:2:011:2 0 32 >
ffff8e2301f33740 2334641809 S Bo:2:011:2 -115 32 = f5f515f6 15f635f6 14eef4f5 15f616f6 16f616fe 36fe36fe 36fe16f6 15f615f6
ffff8e2301f32240 2334644536 C Bo:2:011:2 0 32 >
ffff8e2301f32240 2334644541 S Bo:2:011:2 -115 32 = 15f6f4ed f4f515fe f5fdf5f5 56fed5ed 2fac4c8b 2c832fa4 53d5b4dd 73cd95bd
ffff8e2301f33740 2334647360 C Bo:2:011:2 0 32 >
ffff8e2301f33740 2334647365 S Bo:2:011:2 -115 32 = cb524601 d32c9826 781e5726 372e172e 17263726 971eb81e 971e5726 582e7826
ffff8e2301f32240 2334650088 C Bo:2:011:2 0 32 >
ffff8e2301f32240 2334650093 S Bo:2:011:2 -115 32 = 98269826 77265726 57265726 57265826 7826782e 58265826 7826582e 582e782e
ffff8e2301f33740 2334652896 C Bo:2:011:2 0 32 >
ffff8e2301f33740 2334652901 S Bo:2:011:2 -115 32 = 782e782e 792e782e 78267826 98269826 7826772e 37363746 ba661c7f 3c873c87
ffff8e2301f32240 2334655643 C Bo:2:011:2 0 32 >
ffff8e2301f32240 2334655648 S Bo:2:011:2 -115 32 = 7665ed22 0a0a0f23 943c163d f53cb434 b434942c 932cb42c f5341535 f534f534
ffff8e2301f33740 2334658404 C Bo:2:011:2 0 32 >
ffff8e2301f33740 2334658409 S Bo:2:011:2 -115 32 = 15351535 f534f534 f534b42c b32cb42c d42cd42c b42cb42c 932c932c b32c153d
ffff8e2301f32240 2334661178 C Bo:2:011:2 0 32 >
ffff8e2301f32240 2334661183 S Bo:2:011:2 -115 32 = f534b32c 932c932c b434b434 153d153d d434d434 f534353d 153d353d f8555645
ffff8e2301f33740 2334663966 C Bo:2:011:2 0 32 >
ffff8e2301f33740 2334663971 S Bo:2:011:2 -115 32 = 122c0e1b 8c1a0a1a a819af5b ffffffff ffffffff a3100000 00000000 00000000
ffff8e2301f32240 2334666748 C Bo:2:011:2 0 32 >
ffff8e2301f32240 2334666753 S Bo:2:011:2 -115 32 = 00000000 00000000 00000000 00000000 00000000 00000000 00000000 00000000
ffff8e2301f33740 2334669536 C Bo:2:011:2 0 32 >
ffff8e2301f33740 2334669541 S Bo:2:011:2 -115 32 = 00000000 00000000 00000000 00000000 00000000 00000000 00000000 00000000
ffff8e2301f32240 2334672251 C Bo:2:011:2 0 32 >
ffff8e2301f32240 2334672255 S Bo:2:011:2 -115 32 = 00000000 00000000 00000000 00000000 00000000 0000a310 ffffffff ffffffff
ffff8e2301f33740 2334675065 C Bo:2:011:2 0 32 >
ffff8e2301f33740 2334675070 S Bo:2:011:2 -115 32 = bff7ffff 1fdfffff 1dcff46c 0c1baf1b 76353836 d6251736 d72d1836 35255535
ffff8e2301f32240 2334677906 C Bo:2:011:2 0 32 >
ffff8e2301f32240 2334677911 S Bo:2:011:2 -115 32 = 9a56594e 1435f33c 3866fc7e 1c87bb86 f55ccd22 e9096801 89098911 c5008a42
ffff8e2301f33740 2334680626 C Bo:2:011:2 0 32 >
ffff8e2301f33740 2334680631 S Bo:2:011:2 -115 32 = 3bdffdff 39ef59f7 5aeffeff ee730419 95bd7bff b8feb9fe 16eef5ed 15f6f5f5
ffff8e2301f32240 2334683393 C Bo:2:011:2 0 32 >
ffff8e2301f32240 2334683398 S Bo:2:011:2 -115 32 = f5f5f5fd 15f615f6 f5f5f5f5 d5f5d5fd f5fd16fe 16f616f6 f5f5f5ed f5ed15ee
ffff8e2301f33740 2334686108 C Bo:2:011:2 0 32 >
ffff8e2301f33740 2334686113 S Bo:2:011:2 -115 32 = f4edf4ed f4f5d4f5 36fe56fe 94e570b4 0b836c8b b1bc94dd 36f616f6 53d574c5
ffff8e2301f32240 2334688939 C Bo:2:011:2 0 32 >
ffff8e2301f32240 2334688944 S Bo:2:011:2 -115 32 = 6e636b22 f32c782e 781e171e 5726582e 57265726 771e771e 5726382e 5836582e
ffff8e2301f33740 2334691681 C Bo:2:011:2 0 32 >
ffff8e2301f33740 2334691686 S Bo:2:011:2 -115 32 = 582e7826 78265726 57263726 37265726 58265826 5826582e 782e582e 582e582e
ffff8e2301f32240 2334694469 C Bo:2:011:2 0 32 >
ffff8e2301f32240 2334694474 S Bo:2:011:2 -115 32 = 782e782e 782e782e 582e5826 78269826 b826b826 772e3746 ba663c7f 3c877d8f
ffff8e2301f33740 2334697186 C Bo:2:011:2 0 32 >
ffff8e2301f33740 2334697192 S Bo:2:011:2 -115 32 = 39766f33 a9012b12 1234d53c 94347334 7334532c 12243224 932cb42c b42c932c
ffff8e2301f32240 2334699973 C Bo:2:011:2 0 32 >
ffff8e2301f32240 2334699978 S Bo:2:011:2 -115 32 = 942cb42c b42cb434 f53cd534 b32cb42c d434b42c 932c932c b434f53c 153dd534
ffff8e2301f33740 2334702761 C Bo:2:011:2 0 32 >
ffff8e2301f33740 2334702766 S Bo:2:011:2 -115 32 = 732c3224 32243224 732c932c 9434932c 932c932c b434b434 7334522c 722cf123
ffff8e2301f32240 2334705518 C Bo:2:011:2 0 32 >
ffff8e2301f32240 2334705523 S Bo:2:011:2 -115 32 = ac12a909 06010d43 569539b6 9eefffff ffffffff a3100000 00000000 00000000
ffff8e2301f33740 2334708299 C Bo:2:011:2 0 32 >
ffff8e2301f33740 2334708304 S Bo:2:011:2 -115 32 = 00000000 00000000 00000000 00000000 00000000 00000000 00000000 00000000
ffff8e2301f32240 2334711109 C Bo:2:011:2 0 32 >
ffff8e2301f32240 2334711114 S Bo:2:011:2 -115 32 = 00000000 00000000 00000000 00000000 00000000 00000000 00000000 00000000
ffff8e2301f33740 2334713884 C Bo:2:011:2 0 32 >
ffff8e2301f33740 2334713889 S Bo:2:011:2 -115 32 = 00000000 00000000 00000000 00000000 00000000 0000a310 ffffffff ffffffff
ffff8e2301f32240 2334716609 C Bo:2:011:2 0 32 >
ffff8e2301f32240 2334716613 S Bo:2:011:2 -115 8 = ffff7ff7 3fe73517
ffff8e2301f33740 2334719359 C Bo:2:011:2 0 32 >
ffff8e2301f32240 2334722116 C Bo:2:011:2 0 8 >
ffff8e2301f32e40 2334735884 C Bi:2:011:2 0 9 = a5570070 00015902 4d
ffff8e2301f32e40 2334735890 S Bi:2:011:2 -115 32 <
ffff8e2301f32240 2334737478 S Bo:2:011:2 -115 32 = a5570071 0400ffff 5abe8c2a 8b0ab32c f73d172e d625372e b62db62d f735db66
ffff8e2301f33740 2334737482 S Bo:2:011:2 -115 32 = dc66973d f42c1856 db76db7e db86776d ed228801 47014701 48098911 e700e929
ffff8e2301f32240 2334737573 C Bo:2:011:2 0 32 >
ffff8e2301f32240 2334737576 S Bo:2:011:2 -115 32 = f6bdfdff fcfffdff ffffffff cd6b4521 f6c57cff 58f6b9f6 f5e5f4e5 35f6f5f5
ffff8e2301f33740 2334737611 C Bo:2:011:2 0 32 >
ffff8e2301f33740 2334737612 S Bo:2:011:2 -115 32 = f5fdf5fd f5fdf5fd f5fdf5fd f5fdd5fd f5fdf5fd 15fef5f5 d4edf5ed 36f676f6
ffff8e2301f32240 2334740406 C Bo:2:011:2 0 32 >
ffff8e2301f32240 2334740411 S Bo:2:011:2 -115 32 = 56f635f6 35f615f6 36f6d5e5 0eac4b8b ad93b0bc f5e536f6 36f636f6 95dd3094
ffff8e2301f33740 2334743181 C Bo:2:011:2 0 32 >
ffff8e2301f33740 2334743185 S Bo:2:011:2 -115 32 = ec4a5144 f7353726 37261726 5826572e 572e5726 77267726 572e382e 372e372e
ffff8e2301f32240 2334745976 C Bo:2:011:2 0 32 >
ffff8e2301f32240 2334745981 S Bo:2:011:2 -115 32 = 582e7826 78267826 78265826 58267826 782e582e 58263826 582e5826 38263826
ffff8e2301f33740 2334748749 C Bo:2:011:2 0 32 >
ffff8e2301f33740 2334748754 S Bo:2:011:2 -115 32 = 582e582e 582e592e 792e782e 58269826 b826d826 972e573e ba5efb76 bb7e5d87
ffff8e2301f32240 2334751500 C Bo:2:011:2 0 32 >
ffff8e2301f32240 2334751504 S Bo:2:011:2 -115 32 = db7e7244 e9098801 cd1a0e23 2f23f12b 53347334 7334532c 732cb434 942c732c
ffff8e2301f33740 2334754257 C Bo:2:011:2 0 32 >
ffff8e2301f33740 2334754262 S Bo:2:011:2 -115 32 = 732c932c 932cb32c f534f534 b42cb434 d434d534 b434b434 94349434 732c532c
ffff8e2301f32240 2334757039 C Bo:2:011:2 0 32 >
ffff8e2301f32240 2334757044 S Bo:2:011:2 -115 32 = 532c3224 32243224 9334f53c f43cd434 b4347334 122c2e1b ac0a8c12 a901c500
ffff8e2301f33740 2334759784 C Bo:2:011:2 0 32 >
ffff8e2301f33740 2334759789 S Bo:2:011:2 -115 32 = c608ca21 6f5b3aae ffffffff ffffffff ffffa310 00000000 00000000 00000000
ffff8e2301f32240 2334762611 C Bo:2:011:2 0 32 >
ffff8e2301f32240 2334762615 S Bo:2:011:2 -115 32 = 00000000 00000000 00000000 00000000 00000000 00000000 00000000 00000000
ffff8e2301f33740 2334765332 C Bo:2:011:2 0 32 >
ffff8e2301f33740 2334765337 S Bo:2:011:2 -115 32 = 00000000 00000000 00000000 00000000 00000000 00000000 00000000 00000000
ffff8e2301f32240 2334768109 C Bo:2:011:2 0 32 >
ffff8e2301f32240 2334768114 S Bo:2:011:2 -115 32 = 00000000 00000000 00000000 00000000 00000000 a310ffff ffffffff ffffffff
ffff8e2301f33740 2334770903 C Bo:2:011:2 0 32 >
ffff8e2301f33740 2334770908 S Bo:2:011:2 -115 32 = ffffffff 1edfffff b8adc508 2a0ab635 3736372e 172e172e d62df735 79467946
ffff8e2301f32240 2334773643 C Bo:2:011:2 0 32 >
ffff8e2301f32240 2334773648 S Bo:2:011:2 -115 32 = f73d752d 7635ba5e fc76fc86 1a76b03b 09128811 a811a811 68094709 e6002609
ffff8e2301f33740 2334776397 C Bo:2:011:2 0 32 >
ffff8e2301f33740 2334776411 S Bo:2:011:2 -115 32 = cb4a5084 b18cb18c 90849184 aa4a494a 17d63bff 57f698f6 f5e515ee 35f6f4f5
ffff8e2301f32240 2334779156 C Bo:2:011:2 0 32 >
ffff8e2301f32240 2334779166 S Bo:2:011:2 -115 32 = f5fdf5fd d5fdf5fd f5fdf5fd f5fdf5fd f5fdd4fd f5fdf5fd d4ed35ee d8fe19ff
ffff8e2301f33740 2334781974 C Bo:2:011:2 0 32 >
ffff8e2301f33740 2334781986 S Bo:2:011:2 -115 32 = b8fe35f6 15ee56f6 94e56fb4 ad9beea3 12c5f5e5 56f656f6 15ee78fe b6dd2952
ffff8e2301f32240 2334784748 C Bo:2:011:2 0 32 >
ffff8e2301f32240 2334784761 S Bo:2:011:2 -115 32 = 4611f44c 783ef61d 17361836 372e1626 572e572e 7726782e 782e582e 372e372e
ffff8e2301f33740 2334787534 C Bo:2:011:2 0 32 >
ffff8e2301f33740 2334787545 S Bo:2:011:2 -115 32 = 57267826 78267826 98267826 78269826 982e782e 782e5826 38263826 58265826
ffff8e2301f32240 2334790326 C Bo:2:011:2 0 32 >
ffff8e2301f32240 2334790337 S Bo:2:011:2 -115 32 = 582e5826 582e782e 792e582e 582e782e 782e7726 772e383e 9a5ebb76 9b7e1c87
ffff8e2301f33740 2334793042 C Bo:2:011:2 0 32 >
ffff8e2301f33740 2334793055 S Bo:2:011:2 -115 32 = 1c7f965d 8b1ae600 0701c600 69014b0a 8c12ee1a 902bd12b d1235334 943c7434
ffff8e2301f32240 2334795907 C Bo:2:011:2 0 32 >
ffff8e2301f32240 2334795918 S Bo:2:011:2 -115 32 = b434d434 d434b32c b434b434 932c732c 93349434 9434732c 522c3224 3224532c
ffff8e2301f33740 2334798615 C Bo:2:011:2 0 32 >
ffff8e2301f33740 2334798620 S Bo:2:011:2 -115 32 = 9334b434 94349334 b43cf544 933c322c f12b6f23 6c126801 27016809 c5004711
ffff8e2301f32240 2334801373 C Bo:2:011:2 0 32 >
ffff8e2301f32240 2334801379 S Bo:2:011:2 -115 32 = 9053dcc6 ffff9fef ffffffff ffffffff ffffa310 00000000 00000000 00000000
ffff8e2301f33740 2334804109 C Bo:2:011:2 0 32 >
ffff8e2301f33740 2334804115 S Bo:2:011:2 -115 32 = 00000000 00000000 00000000 00000000 00000000 00000000 00000000 00000000
ffff8e2301f32240 2334806894 C Bo:2:011:2 0 32 >
ffff8e2301f32240 2334806900 S Bo:2:011:2 -115 32 = 00000000 00000000 00000000 00000000 00000000 00000000 00000000 00000000
ffff8e2301f33740 2334809714 C Bo:2:011:2 0 32 >
ffff8e2301f33740 2334809719 S Bo:2:011:2 -115 32 = 00000000 00000000 00000000 00000000 00000000 a310ffff ffffffff ffffffff
ffff8e2301f32240 2334812475 C Bo:2:011:2 0 32 >
ffff8e2301f32240 2334812480 S Bo:2:011:2 -115 32 = ffff3fe7 fedeffff 77956400 6a12783e 572e3736 3736172e 172e3736 5836f625
ffff8e2301f33740 2334815258 C Bo:2:011:2 0 32 >
ffff8e2301f33740 2334815263 S Bo:2:011:2 -115 32 = b625f735 18467a66 bb76fd86 f554e909 4a2a6f5b 6f634e5b 0d4b8b3a 0932e829
ffff8e2301f32240 2334817975 C Bo:2:011:2 0 32 >
ffff8e2301f32240 2334817980 S Bo:2:011:2 -115 8 = 86190409 e40842a1
ffff8e2301f33740 2334820748 C Bo:2:011:2 0 32 >
ffff8e2301f32240 2334823529 C Bo:2:011:2 0 8 >
ffff8e2301f326c0 2334836881 C Bi:2:011:2 0 9 = a5570071 00015974 f9
ffff8e2301f326c0 2334836894 S Bi:2:011:2 -115 32 <
ffff8e2301f32240 2334838480 S Bo:2:011:2 -115 32 = a5570072 0400c300 82008308 45292c73 37e61aff 57f657f6 15ee55ee 55f615f6
ffff8e2301f33740 2334838484 S Bo:2:011:2 -115 32 = f5fdf5fd f5fdf4fd f5fdf5fd f5fdf5fd f5fdd4f5 f4f5f5fd f5f536f6 f8fe5aff
ffff8e2301f32240 2334838548 C Bo:2:011:2 0 32 >
ffff8e2301f32240 2334838551 S Bo:2:011:2 -115 32 = f9fe35f6 d4ed16f6 32d5eda3 90bc95dd 16ee56f6 36ee56f6 98fe33cd 2c7be841
ffff8e2301f33740 2334838599 C Bo:2:011:2 0 32 >
ffff8e2301f33740 2334838601 S Bo:2:011:2 -115 32 = c8211034 1736582e 38361836 172e3726 572e582e 372e382e 382e372e 3726572e
ffff8e2301f32240 2334841429 C Bo:2:011:2 0 32 >
ffff8e2301f32240 2334841442 S Bo:2:011:2 -115 32 = 77267826 78267826 78267826 78267826 78267826 78265826 57265826 78267826
ffff8e2301f33740 2334844184 C Bo:2:011:2 0 32 >
ffff8e2301f33740 2334844195 S Bo:2:011:2 -115 32 = 582e582e 582e582e 782e582e 582e582e 382e572e 5736383e 9956fb6e 1c7f3c87
ffff8e2301f32240 2334846973 C Bo:2:011:2 0 32 >
ffff8e2301f32240 2334846986 S Bo:2:011:2 -115 32 = 1c875976 0d2b8400 eb215043 4c228909 07010601 27016701 88016c12 ee1a2e1b
ffff8e2301f33740 2334849737 C Bo:2:011:2 0 32 >
ffff8e2301f33740 2334849742 S Bo:2:011:2 -115 32 = b0231124 312c312c 522c522c 1124522c 322c322c 112cd12b d023d023 d023b023
ffff8e2301f32240 2334852467 C Bo:2:011:2 0 32 >
ffff8e2301f32240 2334852472 S Bo:2:011:2 -115 32 = 90239023 90239023 4f1b8c12 0a0a6701 0601e600 6809c911 cd32125c b57cbcc6
ffff8e2301f33740 2334855249 C Bo:2:011:2 0 32 >
ffff8e2301f33740 2334855253 S Bo:2:011:2 -115 32 = 3ed7ffff ffffffff ffffffff ffffa310 a3100000 00000000 00000000 00000000
ffff8e2301f32240 2334858036 C Bo:2:011:2 0 32 >
ffff8e2301f32240 2334858041 S Bo:2:011:2 -115 32 = 00000000 00000000 00000000 00000000 00000000 00000000 00000000 00000000
ffff8e2301f33740 2334860899 C Bo:2:011:2 0 32 >
ffff8e2301f33740 2334860904 S Bo:2:011:2 -115 32 = 00000000 00000000 00000000 00000000 00000000 00000000 00000000 00000000
ffff8e2301f32240 2334863578 C Bo:2:011:2 0 32 >
ffff8e2301f32240 2334863582 S Bo:2:011:2 -115 32 = 00000000 00000000 00000000 00000000 0000a310 ffffffff ffffffff ffffbff7
ffff8e2301f33740 2334866327 C Bo:2:011:2 0 32 >
ffff8e2301f33740 2334866337 S Bo:2:011:2 -115 32 = ffff1eef 3ee7ffff 56858400 ab12b83e 57263736 3736f62d 172e172e f625582e
ffff8e2301f32240 2334869109 C Bo:2:011:2 0 32 >
ffff8e2301f32240 2334869114 S Bo:2:011:2 -115 32 = 1726f72d 7a56db6e dc7ed86d 90338809 4e5b15ad f3ac13ad 54b554ad 54b533ad
ffff8e2301f33740 2334871892 C Bo:2:011:2 0 32 >
ffff8e2301f33740 2334871897 S Bo:2:011:2 -115 32 = f2a49094 9094b094 b1947094 0f94b1b4 f6e577fe 36f616f6 15ee35f6 35f6f5f5
ffff8e2301f32240 2334874682 C Bo:2:011:2 0 32 >
ffff8e2301f32240 2334874687 S Bo:2:011:2 -115 32 = f5fdd5fd f5fdf4fd f4fdf5fd f5fdf5fd f5fdf4fd f4fdf4fd f5fd56f6 b8fe19ff
ffff8e2301f33740 2334877404 C Bo:2:011:2 0 32 >
ffff8e2301f33740 2334877408 S Bo:2:011:2 -115 32 = f9fe77fe 15f615f6 94e5d1cc 94e557fe 37fe36f6 97fe57f6 95e52c8b e8498f7b
ffff8e2301f32240 2334880179 C Bo:2:011:2 0 32 >
ffff8e2301f32240 2334880183 S Bo:2:011:2 -115 32 = ed524a12 342db93e 382e182e 372e7826 772e3736 f835f735 172e382e 582e3726
ffff8e2301f33740 2334882975 C Bo:2:011:2 0 32 >
ffff8e2301f33740 2334882979 S Bo:2:011:2 -115 32 = 77267826 78267826 78267826 78265826 57265726 78267826 78267826 78267826
ffff8e2301f32240 2334885759 C Bo:2:011:2 0 32 >
ffff8e2301f32240 2334885764 S Bo:2:011:2 -115 32 = 5826582e 582e582e 582e582e 792e582e 582e582e 5836583e 99561c6f 7d7f1c87
ffff8e2301f33740 2334888547 C Bo:2:011:2 0 32 >
ffff8e2301f33740 2334888552 S Bo:2:011:2 -115 32 = fc8ebb86 6f3ba500 5364bfdf 9cb63564 313b6d22 ea112b1a 4c1a4c1a 0a12c901
ffff8e2301f32240 2334891250 C Bo:2:011:2 0 32 >
ffff8e2301f32240 2334891255 S Bo:2:011:2 -115 32 = 47016701 6801a809 09122a12 4a12113c 4e1b6b0a 6b122a12 2a0a2a12 4b12e909
ffff8e2301f33740 2334894038 C Bo:2:011:2 0 32 >
ffff8e2301f33740 2334894042 S Bo:2:011:2 -115 32 = 88014701 a9092a12 c9114709 a911ad32 ed3a9053 778d9bb6 d89dbfdf ffffffff
ffff8e2301f32240 2334896940 C Bo:2:011:2 0 32 >
ffff8e2301f32240 2334896945 S Bo:2:011:2 -115 32 = ffff5ee7 ffffffff ffffffff a3100000 00000000 00000000 00000000 00000000
ffff8e2301f33740 2334899612 C Bo:2:011:2 0 32 >
ffff8e2301f33740 2334899616 S Bo:2:011:2 -115 32 = 00000000 00000000 00000000 00000000 00000000 00000000 00000000 00000000
ffff8e2301f32240 2334902394 C Bo:2:011:2 0 32 >
ffff8e2301f32240 2334902399 S Bo:2:011:2 -115 32 = 00000000 00000000 00000000 00000000 00000000 00000000 00000000 00000000
ffff8e2301f33740 2334905109 C Bo:2:011:2 0 32 >
ffff8e2301f33740 2334905114 S Bo:2:011:2 -115 32 = 00000000 00000000 00000000 00000000 0000ffff ffffffff ffff9fef ffff9fef
ffff8e2301f32240 2334907903 C Bo:2:011:2 0 32 >
ffff8e2301f32240 2334907908 S Bo:2:011:2 -115 32 = ffff3fe7 1ed7ffff f574e500 2c13d936 5726172e 383e1736 f62dd62d f7355836
ffff8e2301f33740 2334910685 C Bo:2:011:2 0 32 >
ffff8e2301f33740 2334910690 S Bo:2:011:2 -115 32 = f72df73d 9966fb6e 1c7f9344 ac220d4b b29c55c5 f3c495d5 77eed9fe f9fef9fe
ffff8e2301f32240 2334913449 C Bo:2:011:2 0 32 >
ffff8e2301f32240 2334913454 S Bo:2:011:2 -115 32 = 19ff3aff 7aff9bff 9bff3aff 37e6d5e5 16ee15fe 15f615f6 f4edf4ed 14f6f5f5
ffff8e2301f33740 2334916249 C Bo:2:011:2 0 32 >
ffff8e2301f33740 2334916254 S Bo:2:011:2 -115 32 = f5fdf5fd f5fdf5fd f5fdf4fd f4fdf4f5 f4fd15fe f5fdd4f5 d5f556fe d8fe3aff
ffff8e2301f32240 2334918968 C Bo:2:011:2 0 32 >
ffff8e2301f32240 2334918973 S Bo:2:011:2 -115 8 = b8f636ee 56f628b1
ffff8e2301f33740 2334921787 C Bo:2:011:2 0 32 >
ffff8e2301f32240 2334924507 C Bo:2:011:2 0 8 >
ffff8e2301f32e40 2334937905 C Bi:2:011:2 0 9 = a5570072 000159ef 25
ffff8e2301f32e40 2334937930 S Bi:2:011:2 -115 32 <
ffff8e2301f32240 2334938982 S Bo:2:011:2 -115 32 = a5570073 040036f6 d5edf6f5 17fed6fd 16f657fe 57f653d5 0b8baa72 f09b35bd
ffff8e2301f33740 2334938986 S Bo:2:011:2 -115 32 = 2d63e500 922cb93e d7255936 792e7826 1726172e 38361836 172e582e 582e5726
ffff8e2301f32240 2334939070 C Bo:2:011:2 0 32 >
ffff8e2301f32240 2334939073 S Bo:2:011:2 -115 32 = 78267826 78267826 78265726 78265826 37263726 78267826 78267826 78265826
ffff8e2301f33740 2334939109 C Bo:2:011:2 0 32 >
ffff8e2301f33740 2334939110 S Bo:2:011:2 -115 32 = 582e582e 782e582e 382e782e 782e582e 582e782e 782e583e 794efb66 7d7ffc86
ffff8e2301f32240 2334941907 C Bo:2:011:2 0 32 >
ffff8e2301f32240 2334941912 S Bo:2:011:2 -115 32 = dc8e7d8f 324ce600 1254dfe7 bfef5fd7 5fd7fec6 fdc63ecf 1ec77985 b24bce2a
ffff8e2301f33740 2334944685 C Bo:2:011:2 0 32 >
ffff8e2301f33740 2334944690 S Bo:2:011:2 -115 32 = 2b22a911 e500c500 c500e500 46014a22 a8096709 67096701 8809a809 a8098809
ffff8e2301f32240 2334947465 C Bo:2:011:2 0 32 >
ffff8e2301f32240 2334947470 S Bo:2:011:2 -115 32 = a911c911 6c2aee3a ee3a9153 f584f9a5 7bb6fdce ffffffff ffffffff ffffffff
ffff8e2301f33740 2334950261 C Bo:2:011:2 0 32 >
ffff8e2301f33740 2334950266 S Bo:2:011:2 -115 32 = ffffffff ffffffff a310a310 00000000 00000000 00000000 00000000 00000000
ffff8e2301f32240 2334952974 C Bo:2:011:2 0 32 >
ffff8e2301f32240 2334952979 S Bo:2:011:2 -115 32 = 00000000 00000000 00000000 00000000 00000000 00000000 00000000 00000000
ffff8e2301f33740 2334955763 C Bo:2:011:2 0 32 >
ffff8e2301f33740 2334955767 S Bo:2:011:2 -115 32 = 00000000 00000000 00000000 00000000 00000000 00000000 00000000 00000000
ffff8e2301f32240 2334958539 C Bo:2:011:2 0 32 >
ffff8e2301f32240 2334958544 S Bo:2:011:2 -115 32 = 00000000 00000000 00000000 00000000 0000ffff ffffffff ffffbff7 ffffffff
ffff8e2301f33740 2334961278 C Bo:2:011:2 0 32 >
ffff8e2301f33740 2334961282 S Bo:2:011:2 -115 32 = ffff5fef dff7ded6 136c8801 ef1bd936 582e172e 383e1736 f62df62d 37363736
ffff8e2301f32240 2334964109 C Bo:2:011:2 0 32 >
ffff8e2301f32240 2334964113 S Bo:2:011:2 -115 32 = f62df745 7866fa6e fb76ed22 c819928c 75c513c5 f2cc73dd 15ee56f6 76f676f6
ffff8e2301f33740 2334966895 C Bo:2:011:2 0 32 >
ffff8e2301f33740 2334966900 S Bo:2:011:2 -115 32 = 76fe56fe 36f636fe 36f616f6 f6ed16ee 56fef5fd 15fe15f6 b4edb3ed f4f515fe
ffff8e2301f32240 2334969647 C Bo:2:011:2 0 32 >
ffff8e2301f32240 2334969651 S Bo:2:011:2 -115 32 = f5fdf5fd f5fdf5fd f5fdf5fd f5fdf5f5 f5fdf5fd f5fdd5fd b4f5d4ed 15e6f5e5
ffff8e2301f33740 2334972406 C Bo:2:011:2 0 32 >
ffff8e2301f33740 2334972411 S Bo:2:011:2 -115 32 = 52cd93d5 35f636f6 16f616fe f7fdd6fd 57fe57f6 b1c4ad9b ea7ace9b 34cdb6d5
ffff8e2301f32240 2334975179 C Bo:2:011:2 0 32 >
ffff8e2301f32240 2334975184 S Bo:2:011:2 -115 32 = 2d636300 712c9836 b62d593e 58363726 3726582e 582e5726 5726582e 582e5726
ffff8e2301f33740 2334977899 C Bo:2:011:2 0 32 >
ffff8e2301f33740 2334977904 S Bo:2:011:2 -115 32 = 57267826 78267826 78267826 78267826 58265826 78267826 78265826 58265826
ffff8e2301f32240 2334980653 C Bo:2:011:2 0 32 >
ffff8e2301f32240 2334980657 S Bo:2:011:2 -115 32 = 5826782e 782e582e 582e582e 782e992e 782e7826 782e5836 5846ba5e 5d77fc86
ffff8e2301f33740 2334983468 C Bo:2:011:2 0 32 >
ffff8e2301f33740 2334983473 S Bo:2:011:2 -115 32 = db86ff8f 355dc909 cd22ba85 ffce7fef ffffffff fff7ffff fff77fd7 7cb6d995
ffff8e2301f32240 2334986252 C Bo:2:011:2 0 32 >
ffff8e2301f32240 2334986257 S Bo:2:011:2 -115 32 = d9957785 56859474 536c3364 736c946c 536cb574 736cd574 3b9e788d b4741685
ffff8e2301f33740 2334989042 C Bo:2:011:2 0 32 >
ffff8e2301f33740 2334989047 S Bo:2:011:2 -115 32 = 16859895 3aae1bae 3bb6fed6 ffffffff ffffffff ffffffff ffffffff ffffffff
ffff8e2301f32240 2334991758 C Bo:2:011:2 0 32 >
ffff8e2301f32240 2334991762 S Bo:2:011:2 -115 32 = ffffffff ffffffff a3100000 00000000 00000000 00000000 00000000 00000000
ffff8e2301f33740 2334994548 C Bo:2:011:2 0 32 >
ffff8e2301f33740 2334994553 S Bo:2:011:2 -115 32 = 00000000 00000000 00000000 00000000 00000000 00000000 00000000 00000000
ffff8e2301f32240 2334997328 C Bo:2:011:2 0 32 >
ffff8e2301f32240 2334997333 S Bo:2:011:2 -115 32 = 00000000 00000000 00000000 00000000 00000000 00000000 00000000 00000000
ffff8e2301f33740 2335000109 C Bo:2:011:2 0 32 >
ffff8e2301f33740 2335000112 S Bo:2:011:2 -115 32 = 00000000 00000000 00000000 00000000 0000ffff ffff9ff7 ffffffff dff7dfff
ffff8e2301f32240 2335002895 C Bo:2:011:2 0 32 >
ffff8e2301f32240 2335002900 S Bo:2:011:2 -115 32 = 5fefbff7 dfe73cae 50436b0a 711c7836 582e1736 1736162e 372e3736 172e172e
ffff8e2301f33740 2335005646 C Bo:2:011:2 0 32 >
ffff8e2301f33740 2335005651 S Bo:2:011:2 -115 32 = 37361746 585e1b6f 38660912 661934ad 94cdf2c4 53d594e5 15ee36f6 56f636fe
ffff8e2301f32240 2335008397 C Bo:2:011:2 0 32 >
ffff8e2301f32240 2335008402 S Bo:2:011:2 -115 32 = 36fef5fd f6f5f6fd f6fdf6fd f6f516fe 16fed5f5 d5fdf5f5 d4f5d4ed f5f5f5fd
ffff8e2301f33740 2335011180 C Bo:2:011:2 0 32 >
ffff8e2301f33740 2335011184 S Bo:2:011:2 -115 32 = f5fdf5fd f5fdf5fd f5fdf5fd f5fdf5fd f5f5d4f5 d5fdf5fd b4ed11d5 6fb4eda3
ffff8e2301f32240 2335013965 C Bo:2:011:2 0 32 >
ffff8e2301f32240 2335013970 S Bo:2:011:2 -115 32 = 0da452cd 56f635ee 37fe17fe f6f537fe f6edf2c4 6b8b4b8b b0bc33cd 54d595d5
ffff8e2301f33740 2335016760 C Bo:2:011:2 0 32 >
ffff8e2301f33740 2335016765 S Bo:2:011:2 -115 32 = 0c6b0501 b22c9836 f72d183e 1836382e 982e982e 58265726 5726782e 782e5726
ffff8e2301f32240 2335019465 C Bo:2:011:2 0 32 >
ffff8e2301f32240 2335019470 S Bo:2:011:2 -115 8 = 57265726 57264cf2
ffff8e2301f33740 2335022249 C Bo:2:011:2 0 32 >
ffff8e2301f32240 2335025019 C Bo:2:011:2 0 8 >
ffff8e2301f326c0 2335038882 C Bi:2:011:2 0 9 = a5570073 00015999 91
ffff8e2301f326c0 2335038893 S Bi:2:011:2 -115 32 <
ffff8e2301f32240 2335040479 S Bo:2:011:2 -115 32 = a5570074 04007826 78267826 78267826 58265826 78267826 78265726 58265826
ffff8e2301f33740 2335040483 S Bo:2:011:2 -115 32 = 58267826 5826582e 382e382e 782e992e 782e7826 582e5736 38469956 3c77fc86
ffff8e2301f32240 2335040546 C Bo:2:011:2 0 32 >
ffff8e2301f32240 2335040553 S Bo:2:011:2 -115 32 = db7ebd87 d7650d23 6b12f243 bec67fef bfcedfce bec6ffc6 1fcfffff ffffffff
ffff8e2301f33740 2335040591 C Bo:2:011:2 0 32 >
ffff8e2301f33740 2335040592 S Bo:2:011:2 -115 32 = ffffffff fff7ffef 9fe77fdf 7ed73ed7 bcc6fdce 1dcf5fd7 fff77fdf 7fdfffff
ffff8e2301f32240 2335043405 C Bo:2:011:2 0 32 >
ffff8e2301f32240 2335043410 S Bo:2:011:2 -115 32 = ffffffff ffffffff ffffffff ffffdfff ffffffff ffffffff ffffffff a310a310
ffff8e2301f33740 2335046158 C Bo:2:011:2 0 32 >
ffff8e2301f33740 2335046163 S Bo:2:011:2 -115 32 = a310ffff a310a310 00000000 00000000 00000000 00000000 00000000 00000000
ffff8e2301f32240 2335048966 C Bo:2:011:2 0 32 >
ffff8e2301f32240 2335048971 S Bo:2:011:2 -115 32 = 00000000 00000000 00000000 00000000 00000000 00000000 00000000 00000000
ffff8e2301f33740 2335051686 C Bo:2:011:2 0 32 >
ffff8e2301f33740 2335051691 S Bo:2:011:2 -115 32 = 00000000 00000000 00000000 00000000 00000000 00000000 00000000 00000000
ffff8e2301f32240 2335054478 C Bo:2:011:2 0 32 >
ffff8e2301f32240 2335054483 S Bo:2:011:2 -115 32 = 00000000 00000000 00000000 00000000 0000ffff ffffffff ffffffff ffff9ff7
ffff8e2301f33740 2335057208 C Bo:2:011:2 0 32 >
ffff8e2301f33740 2335057213 S Bo:2:011:2 -115 32 = 3fe7dff7 3ecfd67c ce32ed12 d2241736 582e372e 172e172e 372e372e f72df725
ffff8e2301f32240 2335060012 C Bo:2:011:2 0 32 >
ffff8e2301f32240 2335060017 S Bo:2:011:2 -115 32 = 38363846 995eda66 f344291a aa4274b5 b4c532c5 32cdb4e5 36fe16fe 15fef5f5
ffff8e2301f33740 2335062871 C Bo:2:011:2 0 32 >
ffff8e2301f33740 2335062876 S Bo:2:011:2 -115 32 = d5f5d5f5 f6fd16fe 16fef6fd f6fdf6fd d5fdb5fd d5f5f5fd f5f5f5f5 f5f5f5f5
ffff8e2301f32240 2335065535 C Bo:2:011:2 0 32 >
ffff8e2301f32240 2335065540 S Bo:2:011:2 -115 32 = f5f5f5fd f5fdf5f5 f5fdf5fd f5fdf5fd f5fdd4f5 d5fd16fe d4f531d5 8fbc6eb4
ffff8e2301f33740 2335068300 C Bo:2:011:2 0 32 >
ffff8e2301f33740 2335068305 S Bo:2:011:2 -115 32 = b0bcb4dd 77f656f6 16f616f6 57fed5ed 4fb46c93 cd9b90b4 d4dd15ee 94ddf2b4
ffff8e2301f32240 2335071110 C Bo:2:011:2 0 32 >
ffff8e2301f32240 2335071115 S Bo:2:011:2 -115 32 = 2c6bab22 d22c572e 3836d735 172e782e 782e782e 58265726 58267826 782e5726
ffff8e2301f33740 2335073879 C Bo:2:011:2 0 32 >
ffff8e2301f33740 2335073884 S Bo:2:011:2 -115 32 = 78267826 78267826 78267826 58265826 58265826 78265826 58265826 58265826
ffff8e2301f32240 2335076653 C Bo:2:011:2 0 32 >
ffff8e2301f32240 2335076657 S Bo:2:011:2 -115 32 = 58267826 78265826 382e582e 582e582e 782e7726 5726572e 38467956 1b6ffc86
ffff8e2301f33740 2335079397 C Bo:2:011:2 0 32 >
ffff8e2301f33740 2335079402 S Bo:2:011:2 -115 32 = fc867d87 386e103c 4a0a0f33 ddc6dfff bfcebfce dfceffce 1fd75fe7 9fefffff
ffff8e2301f32240 2335082183 C Bo:2:011:2 0 32 >
ffff8e2301f32240 2335082188 S Bo:2:011:2 -115 32 = ffffffff ffffffff ffffffff ffffffff ffffffff ffffffff ffffffff ffffffff
ffff8e2301f33740 2335084967 C Bo:2:011:2 0 32 >
ffff8e2301f33740 2335084972 S Bo:2:011:2 -115 32 = ffffffff ffff9ff7 ffffffff ffffffff ffffffff a310a310 a310a310 00000000
ffff8e2301f32240 2335087725 C Bo:2:011:2 0 32 >
ffff8e2301f32240 2335087729 S Bo:2:011:2 -115 32 = 0000a310 00000000 00000000 00000000 00000000 00000000 00000000 00000000
ffff8e2301f33740 2335090502 C Bo:2:011:2 0 32 >
ffff8e2301f33740 2335090507 S Bo:2:011:2 -115 32 = 00000000 00000000 00000000 00000000 00000000 00000000 00000000 00000000
ffff8e2301f32240 2335093251 C Bo:2:011:2 0 32 >
ffff8e2301f32240 2335093256 S Bo:2:011:2 -115 32 = 00000000 00000000 00000000 00000000 00000000 00000000 00000000 00000000
ffff8e2301f33740 2335096037 C Bo:2:011:2 0 32 >
ffff8e2301f33740 2335096042 S Bo:2:011:2 -115 32 = 00000000 00000000 00000000 00000000 0000ffff ffffffff ffffffff fff79ff7
ffff8e2301f32240 2335098897 C Bo:2:011:2 0 32 >
ffff8e2301f32240 2335098902 S Bo:2:011:2 -115 32 = 7fefffff fdceae42 47094e13 142df835 582e5726 372e172e f72df72d f835f72d
ffff8e2301f33740 2335101578 C Bo:2:011:2 0 32 >
ffff8e2301f33740 2335101583 S Bo:2:011:2 -115 32 = 372e573e fb663856 4d23cb3a 508c74bd 93c552bd 31cdb4e5 36fef5f5 d5f5f5fd
ffff8e2301f32240 2335104338 C Bo:2:011:2 0 32 >
ffff8e2301f32240 2335104343 S Bo:2:011:2 -115 32 = f5fdf5f5 f5fd15fe f5f5d4f5 f5fd15fe f5fdf5fd f5f5f5f5 f5fdf5f5 15f615f6
ffff8e2301f33740 2335107110 C Bo:2:011:2 0 32 >
ffff8e2301f33740 2335107115 S Bo:2:011:2 -115 32 = 15f615f6 15f615f6 15f615fe 15fe15fe f5fdf5fd f5fd15fe 15fef4f5 f4edf5ed
ffff8e2301f32240 2335109896 C Bo:2:011:2 0 32 >
ffff8e2301f32240 2335109901 S Bo:2:011:2 -115 32 = 15ee77f6 b7fe57f6 15ee36f6 16f6d1c4 8c93ac93 32cdf5e5 f5ed97fe d5dd0b6b
ffff8e2301f33740 2335112688 C Bo:2:011:2 0 32 >
ffff8e2301f33740 2335112693 S Bo:2:011:2 -115 32 = 693a5144 342df625 582ef72d 582e7826 57263726 57265726 57267826 57265826
ffff8e2301f32240 2335115465 C Bo:2:011:2 0 32 >
ffff8e2301f32240 2335115470 S Bo:2:011:2 -115 32 = 78269826 98267826 78265826 58265826 78267826 58265826 58267826 78267826
ffff8e2301f33740 2335118184 C Bo:2:011:2 0 32 >
ffff8e2301f33740 2335118190 S Bo:2:011:2 -115 32 = 58267826 7826582e 382e582e 582e3826 78267826 5726572e 38467956 fb6efc86
ffff8e2301f32240 2335121017 C Bo:2:011:2 0 32 >
ffff8e2301f32240 2335121022 S Bo:2:011:2 -115 8 = fc869d87 9976b4c5
ffff8e2301f33740 2335123753 C Bo:2:011:2 0 32 >
ffff8e2301f32240 2335126474 C Bo:2:011:2 0 8 >
ffff8e2301f32e40 2335139873 C Bi:2:011:2 0 9 = a5570074 000159c8 bc
ffff8e2301f32e40 2335139883 S Bi:2:011:2 -115 32 <
ffff8e2301f32240 2335141436 S Bo:2:011:2 -115 32 = a5570075 0400934c 0a0a6d2a bdbedfe7 dfce1fdf 1fdfffde 1fdf1fdf 5fe7fdde
ffff8e2301f33740 2335141440 S Bo:2:011:2 -115 32 = 3ddf5ee7 5ee75edf 5ee73ee7 7eefdff7 bff7ffff bff79ff7 ffff7eef ffffbff7
ffff8e2301f32240 2335141508 C Bo:2:011:2 0 32 >
ffff8e2301f32240 2335141511 S Bo:2:011:2 -115 32 = ffffffff ffffffff ffffffff ffffffff ffffffff a3100000 00000000 00000000
ffff8e2301f33740 2335141561 C Bo:2:011:2 0 32 >
ffff8e2301f33740 2335141563 S Bo:2:011:2 -115 32 = 00000000 00000000 00000000 00000000 00000000 00000000 00000000 00000000
ffff8e2301f32240 2335144396 C Bo:2:011:2 0 32 >
ffff8e2301f32240 2335144400 S Bo:2:011:2 -115 32 = 00000000 00000000 00000000 00000000 00000000 00000000 00000000 00000000
ffff8e2301f33740 2335147110 C Bo:2:011:2 0 32 >
ffff8e2301f33740 2335147115 S Bo:2:011:2 -115 32 = 00000000 00000000 00000000 00000000 00000000 00000000 00000000 00000000
ffff8e2301f32240 2335149905 C Bo:2:011:2 0 32 >
ffff8e2301f32240 2335149909 S Bo:2:011:2 -115 32 = 00000000 00000000 00000000 00000000 0000a310 a310ffff ffffffff ffff5fef
ffff8e2301f33740 2335152686 C Bo:2:011:2 0 32 >
ffff8e2301f33740 2335152691 S Bo:2:011:2 -115 32 = bfefffff bcc64c22 a8018e1b 3535183e 58363726 3726172e f725f82d 18361836
ffff8e2301f32240 2335155468 C Bo:2:011:2 0 32 >
ffff8e2301f32240 2335155472 S Bo:2:011:2 -115 32 = 1736163e 1b677545 090a2c5b 13b553c5 52c552c5 31cdb4e5 36fe16fe f5fdf5fd
ffff8e2301f33740 2335158225 C Bo:2:011:2 0 32 >
ffff8e2301f33740 2335158230 S Bo:2:011:2 -115 32 = f5fd15fe 15fef4fd d4f5f4f5 15fef4f5 15f615fe 15fe15f6 15f615f6 15f615f6
ffff8e2301f32240 2335160967 C Bo:2:011:2 0 32 >
ffff8e2301f32240 2335160972 S Bo:2:011:2 -115 32 = 15f615f6 15f615f6 15f615fe 15fe15fe f5fdf5fd f5f5f5fd f5fd15fe 36fe56f6
ffff8e2301f33740 2335163785 C Bo:2:011:2 0 32 >
ffff8e2301f33740 2335163790 S Bo:2:011:2 -115 32 = 97fef9fe d8fe57f6 f5ed36fe b4e50eac eda311c5 f5e536f6 56fe77f6 f2b4a631
ffff8e2301f32240 2335166536 C Bo:2:011:2 0 32 >
ffff8e2301f32240 2335166540 S Bo:2:011:2 -115 32 = 6509923c f6351626 572e782e 582e3726 17265726 58267826 58265726 57265726
ffff8e2301f33740 2335169305 C Bo:2:011:2 0 32 >
ffff8e2301f33740 2335169310 S Bo:2:011:2 -115 32 = 78269826 78267826 78267826 78267826 78267826 57265726 78267826 782e5826
ffff8e2301f32240 2335172110 C Bo:2:011:2 0 32 >
ffff8e2301f32240 2335172115 S Bo:2:011:2 -115 32 = 58265826 782e772e 382e382e 582e782e 782e782e 5826582e 383e3956 db6efc7e
ffff8e2301f33740 2335174899 C Bo:2:011:2 0 32 >
ffff8e2301f33740 2335174904 S Bo:2:011:2 -115 32 = 1c877d87 da7ef55c 89090b22 ddbeffef fece1fdf 1fdfffde ffde5fe7 3ee73ddf
ffff8e2301f32240 2335177645 C Bo:2:011:2 0 32 >
ffff8e2301f32240 2335177650 S Bo:2:011:2 -115 32 = bfefffff fff7bfef 9fefffff 9fefffff ffffffff ffffffff 7ef7dfff 9ff7ffff
ffff8e2301f33740 2335180403 C Bo:2:011:2 0 32 >
ffff8e2301f33740 2335180408 S Bo:2:011:2 -115 32 = ffffffff ffffffff ffffffff a310ffff a310a310 00000000 00000000 00000000
ffff8e2301f32240 2335183163 C Bo:2:011:2 0 32 >
ffff8e2301f32240 2335183167 S Bo:2:011:2 -115 32 = 00000000 00000000 00000000 00000000 00000000 00000000 00000000 00000000
ffff8e2301f33740 2335185897 C Bo:2:011:2 0 32 >
ffff8e2301f33740 2335185901 S Bo:2:011:2 -115 32 = 00000000 00000000 00000000 00000000 00000000 00000000 00000000 00000000
ffff8e2301f32240 2335188687 C Bo:2:011:2 0 32 >
ffff8e2301f32240 2335188692 S Bo:2:011:2 -115 32 = 00000000 00000000 00000000 00000000 00000000 00000000 00000000 00000000
ffff8e2301f33740 2335191484 C Bo:2:011:2 0 32 >
ffff8e2301f33740 2335191498 S Bo:2:011:2 -115 32 = 00000000 00000000 00000000 00000000 00000000 a310ffff ffffffff ffff5fef
ffff8e2301f32240 2335194224 C Bo:2:011:2 0 32 >
ffff8e2301f32240 2335194232 S Bo:2:011:2 -115 32 = 9fefffff 9cc6eb19 47018e1b 3535f73d 382e1626 3726582e 382e182e f835f735
ffff8e2301f33740 2335196976 C Bo:2:011:2 0 32 >
ffff8e2301f33740 2335196988 S Bo:2:011:2 -115 32 = 1736173e fa5e7234 4601cf73 75cd12cd 32cd32cd 32cdb4e5 36fe36fe f5fdd5f5
ffff8e2301f32240 2335199763 C Bo:2:011:2 0 32 >
ffff8e2301f32240 2335199774 S Bo:2:011:2 -115 32 = f5f515fe f5fdd4f5 d4f515fe f4f5f4f5 f4f5f4f5 15fe15fe 15f615f6 15f615f6
ffff8e2301f33740 2335202542 C Bo:2:011:2 0 32 >
ffff8e2301f33740 2335202553 S Bo:2:011:2 -115 32 = 15f615f6 15f615f6 15f6f5fd f5fdf5fd f5fdf5fd f5fdf5fd f5fdf5fd f5f5f5ed
ffff8e2301f32240 2335205304 C Bo:2:011:2 0 32 >
ffff8e2301f32240 2335205311 S Bo:2:011:2 -115 32 = 77fe19ff f9fe56f6 f5ed16f6 d4edd0c4 11cd15ee 36f676fe 77fe90b4 eb626a4a
ffff8e2301f33740 2335208094 C Bo:2:011:2 0 32 >
ffff8e2301f33740 2335208107 S Bo:2:011:2 -115 32 = c7196d1b d635372e 372e9936 572e172e 372e7826 78267826 58265726 57265826
ffff8e2301f32240 2335210897 C Bo:2:011:2 0 32 >
ffff8e2301f32240 2335210909 S Bo:2:011:2 -115 32 = 78269826 78267826 782e9826 78267826 78267826 77267726 782e782e 582e582e
ffff8e2301f33740 2335213612 C Bo:2:011:2 0 32 >
ffff8e2301f33740 2335213625 S Bo:2:011:2 -115 32 = 582e582e 782e782e 5836172e 382e982e 982e7826 782e7836 f73d184e fb6e1d7f
ffff8e2301f32240 2335216398 C Bo:2:011:2 0 32 >
ffff8e2301f32240 2335216411 S Bo:2:011:2 -115 32 = fc861c7f 3c87d875 68114811 9cbeffff 1ed71fe7 1fdf1fe7 1fef1edf 5ee7dff7
ffff8e2301f33740 2335219140 C Bo:2:011:2 0 32 >
ffff8e2301f33740 2335219151 S Bo:2:011:2 -115 32 = 9eeffff7 bff7ffff 7fefbff7 9ff7ffff ffffffff ffffffff ffffffff ffffffff
ffff8e2301f32240 2335221975 C Bo:2:011:2 0 32 >
ffff8e2301f32240 2335221988 S Bo:2:011:2 -115 8 = ffffffff ffff70f0
ffff8e2301f33740 2335224680 C Bo:2:011:2 0 32 >
ffff8e2301f32240 2335227428 C Bo:2:011:2 0 8 >
ffff8e2301f326c0 2335240930 C Bi:2:011:2 0 9 = a5570075 000159be 08
ffff8e2301f326c0 2335240945 S Bi:2:011:2 -115 32 <
ffff8e2301f32240 2335242175 S Bo:2:011:2 -115 32 = a5570076 0400ffff ffffffff a310a310 00000000 00000000 00000000 00000000
ffff8e2301f33740 2335242180 S Bo:2:011:2 -115 32 = 00000000 00000000 00000000 00000000 00000000 00000000 00000000 00000000
ffff8e2301f32240 2335242243 C Bo:2:011:2 0 32 >
ffff8e2301f32240 2335242246 S Bo:2:011:2 -115 32 = 00000000 00000000 00000000 00000000 00000000 00000000 00000000 00000000
ffff8e2301f33740 2335242288 C Bo:2:011:2 0 32 >
ffff8e2301f33740 2335242289 S Bo:2:011:2 -115 32 = 00000000 00000000 00000000 00000000 00000000 00000000 00000000 00000000
ffff8e2301f32240 2335245111 C Bo:2:011:2 0 32 >
ffff8e2301f32240 2335245122 S Bo:2:011:2 -115 32 = 00000000 00000000 00000000 00000000 0000a310 ffffffff ffffdfff ffffffff
ffff8e2301f33740 2335247900 C Bo:2:011:2 0 32 >
ffff8e2301f33740 2335247911 S Bo:2:011:2 -115 32 = 7fefffff 9cc64b22 a801af1b 1535d735 382e3726 37267826 5826382e f835d735
ffff8e2301f32240 2335250616 C Bo:2:011:2 0 32 >
ffff8e2301f32240 2335250629 S Bo:2:011:2 -115 32 = 373e984e 984ecf23 26091084 95d5d2cc f2cc12cd 11cdb4e5 56fe36fe f5f5f5f5
ffff8e2301f33740 2335253432 C Bo:2:011:2 0 32 >
ffff8e2301f33740 2335253444 S Bo:2:011:2 -115 32 = f5f515fe f5f5d4f5 f5f515f6 f5f5d4f5 d4f5d4f5 f5f515fe 15fe15f6 15f6f5f5
ffff8e2301f32240 2335256186 C Bo:2:011:2 0 32 >
ffff8e2301f32240 2335256197 S Bo:2:011:2 -115 32 = f5f515f6 f5f5f5fd f5fdf5fd f5fdf5fd f5fdf5fd f5f5f5f5 f5f5f5f5 15f636f6
ffff8e2301f33740 2335258970 C Bo:2:011:2 0 32 >
ffff8e2301f33740 2335258982 S Bo:2:011:2 -115 32 = b8fe3aff d8fef4ed d4edf5f5 f5f5d4ed f4ed56f6 97fef5ed d2c40b7b eb62cf73
ffff8e2301f32240 2335261750 C Bo:2:011:2 0 32 >
ffff8e2301f32240 2335261763 S Bo:2:011:2 -115 32 = 292acb12 b5355736 172e1626 572e572e 572e572e 582e782e 78267826 78267826
ffff8e2301f33740 2335264479 C Bo:2:011:2 0 32 >
ffff8e2301f33740 2335264490 S Bo:2:011:2 -115 32 = 78267826 78267826 77267826 78267826 57267826 782e7826 582e582e 382e3836
ffff8e2301f32240 2335267259 C Bo:2:011:2 0 32 >
ffff8e2301f32240 2335267270 S Bo:2:011:2 -115 32 = 382e582e 572e5836 3836172e 382e782e 78265726 782e5836 183e384e db663d7f
ffff8e2301f33740 2335270046 C Bo:2:011:2 0 32 >
ffff8e2301f33740 2335270059 S Bo:2:011:2 -115 32 = fc86bb7e 9e8f7b7e c9198811 fcc6ffff 1ed71fe7 1ee71fe7 1feffee6 5eefdff7
ffff8e2301f32240 2335272899 C Bo:2:011:2 0 32 >
ffff8e2301f32240 2335272912 S Bo:2:011:2 -115 32 = 7ee7ffff bff7ffff 9ff7dfff ffffffff ffffffff ffffffff ffffffff ffffffff
ffff8e2301f33740 2335275615 C Bo:2:011:2 0 32 >
ffff8e2301f33740 2335275628 S Bo:2:011:2 -115 32 = ffffa310 a310ffff a310a310 00000000 00000000 00000000 00000000 00000000
ffff8e2301f32240 2335278329 C Bo:2:011:2 0 32 >
ffff8e2301f32240 2335278341 S Bo:2:011:2 -115 32 = 00000000 00000000 00000000 00000000 00000000 00000000 00000000 00000000
ffff8e2301f33740 2335281092 C Bo:2:011:2 0 32 >
ffff8e2301f33740 2335281103 S Bo:2:011:2 -115 32 = 00000000 00000000 00000000 00000000 00000000 00000000 00000000 00000000
ffff8e2301f32240 2335283922 C Bo:2:011:2 0 32 >
ffff8e2301f32240 2335283934 S Bo:2:011:2 -115 32 = 00000000 00000000 00000000 00000000 00000000 00000000 00000000 00000000
ffff8e2301f33740 2335286701 C Bo:2:011:2 0 32 >
ffff8e2301f33740 2335286713 S Bo:2:011:2 -115 32 = 00000000 00000000 00000000 00000000 0000a310 ffffffff ffff9ef7 9ef7ffff
ffff8e2301f32240 2335289409 C Bo:2:011:2 0 32 >
ffff8e2301f32240 2335289420 S Bo:2:011:2 -115 32 = 9ff7ffff 7cbe8d2a 290ad023 5635f735 372e3726 57265826 781e582e f835d735
ffff8e2301f33740 2335292182 C Bo:2:011:2 0 32 >
ffff8e2301f33740 2335292195 S Bo:2:011:2 -115 32 = 3846b956 574eae2b c8213194 74d5d2cc d2d4d2cc f1ccb4e5 36fe36fe f5f5f4f5
ffff8e2301f32240 2335294970 C Bo:2:011:2 0 32 >
ffff8e2301f32240 2335294983 S Bo:2:011:2 -115 32 = f5f515f6 15f614f6 f5f5f5f5 f5f5d5f5 d5f5d5f5 d5f5f6fd f6fdf6f5 f6f5f6f5
ffff8e2301f33740 2335297738 C Bo:2:011:2 0 32 >
ffff8e2301f33740 2335297751 S Bo:2:011:2 -115 32 = d6f5f6f5 f5f5f5fd f5fdf5fd f5fdf5fd f5fdf5fd f5f5f5f5 f6fdf5f5 f5f5f5ed
ffff8e2301f32240 2335300538 C Bo:2:011:2 0 32 >
ffff8e2301f32240 2335300551 S Bo:2:011:2 -115 32 = 36ee57ee f5e572dd d4ed36fe f5f515f6 56fe56fe 16f6b1bc 89724d83 55bd9294
ffff8e2301f33740 2335303232 C Bo:2:011:2 0 32 >
ffff8e2301f33740 2335303243 S Bo:2:011:2 -115 32 = a719ec22 9535572e 372eb51d 572e9936 3726f72d 3836782e 78267826 78267826
ffff8e2301f32240 2335306043 C Bo:2:011:2 0 32 >
ffff8e2301f32240 2335306055 S Bo:2:011:2 -115 32 = 5726782e 982e7726 5726782e 782e7726 57267826 982e782e 572e382e 18363836
ffff8e2301f33740 2335308897 C Bo:2:011:2 0 32 >
ffff8e2301f33740 2335308910 S Bo:2:011:2 -115 32 = 382e572e 572e372e f7351836 3836582e 782e782e 582e582e 583e594e 9a5e1c77
ffff8e2301f32240 2335311584 C Bo:2:011:2 0 32 >
ffff8e2301f32240 2335311591 S Bo:2:011:2 -115 32 = 1c87bb86 5d8f9b7e 8c226c2a 1dcfffff 1edf3fe7 3fe73fef feee5ff7 7fef9eef
ffff8e2301f33740 2335314360 C Bo:2:011:2 0 32 >
ffff8e2301f33740 2335314373 S Bo:2:011:2 -115 32 = 9eefffff bff7ffff ffffbff7 9ff7ffff ffffffff ffffffff ffffffff ffffa310
ffff8e2301f32240 2335317111 C Bo:2:011:2 0 32 >
ffff8e2301f32240 2335317122 S Bo:2:011:2 -115 32 = a3100000 0000a310 00000000 00000000 00000000 00000000 00000000 00000000
ffff8e2301f33740 2335319908 C Bo:2:011:2 0 32 >
ffff8e2301f33740 2335319921 S Bo:2:011:2 -115 32 = 00000000 00000000 00000000 00000000 00000000 00000000 00000000 00000000
ffff8e2301f32240 2335322657 C Bo:2:011:2 0 32 >
ffff8e2301f32240 2335322662 S Bo:2:011:2 -115 8 = 00000000 00004e54
ffff8e2301f33740 2335325466 C Bo:2:011:2 0 32 >
ffff8e2301f32240 2335328184 C Bo:2:011:2 0 8 >
ffff8e2301f32e40 2335341883 C Bi:2:011:2 0 9 = a5570076 00015925 d4
ffff8e2301f32e40 2335341890 S Bi:2:011:2 -115 32 <
ffff8e2301f32240 2335343437 S Bo:2:011:2 -115 32 = a5570077 04000000 00000000 00000000 00000000 00000000 00000000 00000000
ffff8e2301f33740 2335343442 S Bo:2:011:2 -115 32 = 00000000 00000000 00000000 00000000 00000000 00000000 00000000 00000000
ffff8e2301f32240 2335343506 C Bo:2:011:2 0 32 >
ffff8e2301f32240 2335343509 S Bo:2:011:2 -115 32 = 00000000 00000000 00000000 00000000 00000000 a310ffff ffffffff ffffffff
ffff8e2301f33740 2335343555 C Bo:2:011:2 0 32 >
ffff8e2301f33740 2335343556 S Bo:2:011:2 -115 32 = 5fefffff 7cbe0b22 47018f23 763dd73d f62d162e 562e5726 5726382e 182ef735
ffff8e2301f32240 2335346361 C Bo:2:011:2 0 32 >
ffff8e2301f32240 2335346372 S Bo:2:011:2 -115 32 = 583eb94e d5454d23 4a3a92ac 54d5f2d4 d2d4d2cc f2d493e5 15f615f6 f4f5d4f5
ffff8e2301f33740 2335349111 C Bo:2:011:2 0 32 >
ffff8e2301f33740 2335349122 S Bo:2:011:2 -115 32 = d4f5f4f5 15f614f6 15f615f6 f5f515f6 f6f5f6f5 d6f5d6f5 d6fdd6f5 d6f5f6f5
ffff8e2301f32240 2335351900 C Bo:2:011:2 0 32 >
ffff8e2301f32240 2335351913 S Bo:2:011:2 -115 32 = f6f5f6fd f6fdf5fd f5fdf5fd f5fdf5fd f5fdf5f5 f5f5f6fd 16fef5f5 73e5d0c4
ffff8e2301f33740 2335354658 C Bo:2:011:2 0 32 >
ffff8e2301f33740 2335354667 S Bo:2:011:2 -115 32 = 6fb44eac 6fb431cd 15ee35fe 15fe35fe 56fe15ee 2fac0b8b 4c8b71ac d7dd929c
ffff8e2301f32240 2335357430 C Bo:2:011:2 0 32 >
ffff8e2301f32240 2335357443 S Bo:2:011:2 -115 32 = 6619ab12 b63d372e 372e372e 582e782e 172ef72d 3836782e 77267726 78267826
ffff8e2301f33740 2335360161 C Bo:2:011:2 0 32 >
ffff8e2301f33740 2335360172 S Bo:2:011:2 -115 32 = 5726782e 782e582e 572e782e 782e782e 7826782e 982e782e 372e1836 18363836
ffff8e2301f32240 2335362975 C Bo:2:011:2 0 32 >
ffff8e2301f32240 2335362988 S Bo:2:011:2 -115 32 = 582e572e 5726172e f735183e 3836582e 982e982e 582e582e 383e3846 9a5e1c77
ffff8e2301f33740 2335365774 C Bo:2:011:2 0 32 >
ffff8e2301f33740 2335365786 S Bo:2:011:2 -115 32 = 1c87db86 5d8f9a7e b03bac22 135c3cb6 5fef5fef 3ee71eef feee7ff7 dfffffff
ffff8e2301f32240 2335368551 C Bo:2:011:2 0 32 >
ffff8e2301f32240 2335368562 S Bo:2:011:2 -115 32 = dff7ffff ffffffff ffffffff ffffffff ffffffff ffffffff ffffa310 a3100000
ffff8e2301f33740 2335371338 C Bo:2:011:2 0 32 >
ffff8e2301f33740 2335371349 S Bo:2:011:2 -115 32 = 00000000 00000000 00000000 00000000 00000000 00000000 00000000 00000000
ffff8e2301f32240 2335374111 C Bo:2:011:2 0 32 >
ffff8e2301f32240 2335374122 S Bo:2:011:2 -115 32 = 00000000 00000000 00000000 00000000 00000000 00000000 00000000 00000000
ffff8e2301f33740 2335376953 C Bo:2:011:2 0 32 >
ffff8e2301f33740 2335376969 S Bo:2:011:2 -115 32 = 00000000 00000000 00000000 00000000 00000000 00000000 00000000 00000000
ffff8e2301f32240 2335379613 C Bo:2:011:2 0 32 >
ffff8e2301f32240 2335379626 S Bo:2:011:2 -115 32 = 00000000 00000000 00000000 00000000 00000000 00000000 00000000 00000000
ffff8e2301f33740 2335382397 C Bo:2:011:2 0 32 >
ffff8e2301f33740 2335382409 S Bo:2:011:2 -115 32 = 00000000 00000000 00000000 00000000 00000000 a310ffff ffffffff ffff3fef
ffff8e2301f32240 2335385154 C Bo:2:011:2 0 32 >
ffff8e2301f32240 2335385167 S Bo:2:011:2 -115 32 = 7ff7ffff bdc66d2a a801af1b 353db63d d6351636 572e5626 5626372e 17361736
ffff8e2301f33740 2335387967 C Bo:2:011:2 0 32 >
ffff8e2301f33740 2335387979 S Bo:2:011:2 -115 32 = 583eb94e d22c0c23 6e63f2b4 33cdf2cc d2d4f2cc 12cd53dd b4edd5f5 15f635fe
ffff8e2301f32240 2335390681 C Bo:2:011:2 0 32 >
ffff8e2301f32240 2335390694 S Bo:2:011:2 -115 32 = 15f615f6 35f655f6 55f655f6 56fe56fe 36fe16f6 f6f5d5f5 d5f5f5f5 f5fdf5fd
ffff8e2301f33740 2335393492 C Bo:2:011:2 0 32 >
ffff8e2301f33740 2335393503 S Bo:2:011:2 -115 32 = f5fdf5fd f5f5f5fd f5f5f5fd f5fdf5fd f5fdf5f5 f5f5f5f5 16fef5f5 73e5b0c4
ffff8e2301f32240 2335396250 C Bo:2:011:2 0 32 >
ffff8e2301f32240 2335396261 S Bo:2:011:2 -115 32 = 2eaceda3 4fac73dd 35f635f6 36fe36fe 73dd6fac 0b834c8b 14cd35d5 75d593a4
ffff8e2301f33740 2335399046 C Bo:2:011:2 0 32 >
ffff8e2301f33740 2335399058 S Bo:2:011:2 -115 32 = 87198b12 1846d625 d6259936 37261726 172e172e 372e5826 57265726 78267826
ffff8e2301f32240 2335401788 C Bo:2:011:2 0 32 >
ffff8e2301f32240 2335401801 S Bo:2:011:2 -115 32 = 782e7826 5826582e 572e5826 782e782e 782e782e 782e772e 372e1736 1836582e
ffff8e2301f33740 2335404547 C Bo:2:011:2 0 32 >
ffff8e2301f33740 2335404560 S Bo:2:011:2 -115 32 = 782e7826 7726572e 38361836 382e582e 9826782e 782e7836 383e1846 9a5e1c77
ffff8e2301f32240 2335407300 C Bo:2:011:2 0 32 >
ffff8e2301f32240 2335407307 S Bo:2:011:2 -115 32 = 1c87dc86 7d8fda7e f454cc22 e600557c ffffbfef 1ee73fef 3eefdfff 7ef7ffff
ffff8e2301f33740 2335410119 C Bo:2:011:2 0 32 >
ffff8e2301f33740 2335410130 S Bo:2:011:2 -115 32 = ffff7fef ffffffff ffffffff ffffffff ffffffff ffffa310 a3100000 00000000
ffff8e2301f32240 2335412898 C Bo:2:011:2 0 32 >
ffff8e2301f32240 2335412911 S Bo:2:011:2 -115 32 = 00000000 00000000 00000000 00000000 00000000 00000000 00000000 00000000
ffff8e2301f33740 2335415685 C Bo:2:011:2 0 32 >
ffff8e2301f33740 2335415696 S Bo:2:011:2 -115 32 = 00000000 00000000 00000000 00000000 00000000 00000000 00000000 00000000
ffff8e2301f32240 2335418373 C Bo:2:011:2 0 32 >
ffff8e2301f32240 2335418380 S Bo:2:011:2 -115 32 = 00000000 00000000 00000000 00000000 00000000 00000000 00000000 00000000
ffff8e2301f33740 2335421182 C Bo:2:011:2 0 32 >
ffff8e2301f33740 2335421194 S Bo:2:011:2 -115 32 = 00000000 00000000 00000000 00000000 00000000 00000000 00000000 00000000
ffff8e2301f32240 2335423968 C Bo:2:011:2 0 32 >
ffff8e2301f32240 2335423981 S Bo:2:011:2 -115 8 = 00000000 00002492
ffff8e2301f33740 2335426716 C Bo:2:011:2 0 32 >
ffff8e2301f32240 2335429465 C Bo:2:011:2 0 8 >
ffff8e2301f326c0 2335442885 C Bi:2:011:2 0 9 = a5570077 00015953 60
ffff8e2301f326c0 2335442897 S Bi:2:011:2 -115 32 <
ffff8e2301f32240 2335444600 S Bo:2:011:2 -115 32 = a5570078 04000000 00000000 00000000 00000000 0000a310 ffffffff ffff5fef
ffff8e2301f33740 2335444604 S Bo:2:011:2 -115 32 = 9ff7ffff 9cbe2c22 a801af23 f4349635 383e583e 57365726 3726172e 37361636
ffff8e2301f32240 2335444668 C Bo:2:011:2 0 32 >
ffff8e2301f32240 2335444671 S Bo:2:011:2 -115 32 = 783eb956 4f242d2b 728c54c5 53cd13d5 f3d413cd 13cd12cd 53d574dd d5ed15f6
ffff8e2301f33740 2335444711 C Bo:2:011:2 0 32 >
ffff8e2301f33740 2335444713 S Bo:2:011:2 -115 32 = f5f5f4ed 35f634f6 14f635f6 35f635f6 35f616f6 16f616fe f5fd15fe 15fe15fe
ffff8e2301f32240 2335447538 C Bo:2:011:2 0 32 >
ffff8e2301f32240 2335447551 S Bo:2:011:2 -115 32 = f5fdf5fd f5f5f5f5 f5fdf5fd f5f5f5f5 15fe15fe f5f5f5f5 f5f515fe 15f6d4ed
ffff8e2301f33740 2335450305 C Bo:2:011:2 0 32 >
ffff8e2301f33740 2335450313 S Bo:2:011:2 -115 32 = 93dd73dd d4dd56f6 76fe35f6 36f6b4e5 2eac4b8b efabd2cc 14d5d3d4 75d5d3ac
ffff8e2301f32240 2335453111 C Bo:2:011:2 0 32 >
ffff8e2301f32240 2335453123 S Bo:2:011:2 -115 32 = a721e901 352df62d d62d5836 582e382e 59363836 17265726 57265726 57267826
ffff8e2301f33740 2335455900 C Bo:2:011:2 0 32 >
ffff8e2301f33740 2335455912 S Bo:2:011:2 -115 32 = 982e7826 5826582e 58265826 7826782e 782e5726 5726772e 372e1836 3836582e
ffff8e2301f32240 2335458611 C Bo:2:011:2 0 32 >
ffff8e2301f32240 2335458622 S Bo:2:011:2 -115 32 = 782e982e 982e982e 78363836 172e7826 98267826 782e7836 38363846 9a5efb6e
ffff8e2301f33740 2335461335 C Bo:2:011:2 0 32 >
ffff8e2301f33740 2335461342 S Bo:2:011:2 -115 32 = fc7edb86 5d871b7f f7658e2b c500f36b ffff9fef 1fdf7ff7 5ff7dfff 9ff7ffff
ffff8e2301f32240 2335464188 C Bo:2:011:2 0 32 >
ffff8e2301f32240 2335464199 S Bo:2:011:2 -115 32 = ffff9ff7 ffffffff ffffffff ffffffff 9ff7ffff ffffffff a3100000 00000000
ffff8e2301f33740 2335466898 C Bo:2:011:2 0 32 >
ffff8e2301f33740 2335466911 S Bo:2:011:2 -115 32 = 00000000 00000000 00000000 00000000 00000000 00000000 00000000 00000000
ffff8e2301f32240 2335469684 C Bo:2:011:2 0 32 >
ffff8e2301f32240 2335469697 S Bo:2:011:2 -115 32 = 00000000 00000000 00000000 00000000 00000000 00000000 00000000 00000000
ffff8e2301f33740 2335472466 C Bo:2:011:2 0 32 >
ffff8e2301f33740 2335472479 S Bo:2:011:2 -115 32 = 00000000 00000000 00000000 00000000 00000000 00000000 00000000 00000000
ffff8e2301f32240 2335475288 C Bo:2:011:2 0 32 >
ffff8e2301f32240 2335475300 S Bo:2:011:2 -115 32 = 00000000 00000000 00000000 00000000 00000000 00000000 00000000 00000000
ffff8e2301f33740 2335478059 C Bo:2:011:2 0 32 >
ffff8e2301f33740 2335478072 S Bo:2:011:2 -115 32 = 00000000 00000000 00000000 00000000 00000000 00000000 a310ffff ffffffff
ffff8e2301f32240 2335480898 C Bo:2:011:2 0 32 >
ffff8e2301f32240 2335480911 S Bo:2:011:2 -115 32 = 5fefffff 9dc6eb21 8500ed1a f43c7635 383e373e 162e372e 372e172e 37363636
ffff8e2301f33740 2335483539 C Bo:2:011:2 0 32 >
ffff8e2301f33740 2335483550 S Bo:2:011:2 -115 32 = 983eb84e ad1bec2a b38c96c5 95d554d5 34d534cd 34d513cd 13cd33d5 33d553d5
ffff8e2301f32240 2335486346 C Bo:2:011:2 0 32 >
ffff8e2301f32240 2335486359 S Bo:2:011:2 -115 32 = 73d573d5 93ddb3e5 b4e5d4e5 d4e5d4e5 f5ed36f6 16fe16fe 15fe15fe f5fdf5fd
ffff8e2301f33740 2335489093 C Bo:2:011:2 0 32 >
ffff8e2301f33740 2335489104 S Bo:2:011:2 -115 32 = f5fd15fe 15f615fe 15fe15fe 15f615f6 15f615f6 15f615f6 f5f515f6 35fe36fe
ffff8e2301f32240 2335491905 C Bo:2:011:2 0 32 >
ffff8e2301f32240 2335491918 S Bo:2:011:2 -115 32 = 36fe36f6 97fe19ff b7fe35f6 15f632d5 cda30fac d2cc13d5 f3d434d5 13c5cf83
ffff8e2301f33740 2335494683 C Bo:2:011:2 0 32 >
ffff8e2301f33740 2335494695 S Bo:2:011:2 -115 32 = 87198801 f01b3736 3736f72d 79365936 583e3836 372e5826 582e372e 3726782e
ffff8e2301f32240 2335497400 C Bo:2:011:2 0 32 >
ffff8e2301f32240 2335497411 S Bo:2:011:2 -115 32 = 982e7826 77265826 5826782e 78267826 57265726 782e782e 572e582e 582e582e
ffff8e2301f33740 2335500184 C Bo:2:011:2 0 32 >
ffff8e2301f33740 2335500196 S Bo:2:011:2 -115 32 = 782e9826 982e782e 582e382e 382e782e 98267826 772e982e 78365846 9956bb66
ffff8e2301f32240 2335502971 C Bo:2:011:2 0 32 >
ffff8e2301f32240 2335502983 S Bo:2:011:2 -115 32 = bb76bb86 3d873c7f 796ed033 e600546c ffff9fef 3fe73eef 1ee7bfff ffffffff
ffff8e2301f33740 2335505742 C Bo:2:011:2 0 32 >
ffff8e2301f33740 2335505753 S Bo:2:011:2 -115 32 = ffffffff ffffffff ffffffff bef7ffff ffffffff ffffa310 00000000 00000000
ffff8e2301f32240 2335508481 C Bo:2:011:2 0 32 >
ffff8e2301f32240 2335508494 S Bo:2:011:2 -115 32 = 00000000 00000000 00000000 00000000 00000000 00000000 00000000 00000000
ffff8e2301f33740 2335511252 C Bo:2:011:2 0 32 >
ffff8e2301f33740 2335511265 S Bo:2:011:2 -115 32 = 00000000 00000000 00000000 00000000 00000000 00000000 00000000 00000000
ffff8e2301f32240 2335514040 C Bo:2:011:2 0 32 >
ffff8e2301f32240 2335514053 S Bo:2:011:2 -115 32 = 00000000 00000000 00000000 00000000 00000000 00000000 00000000 00000000
ffff8e2301f33740 2335516898 C Bo:2:011:2 0 32 >
ffff8e2301f33740 2335516911 S Bo:2:011:2 -115 32 = 00000000 00000000 00000000 00000000 00000000 00000000 00000000 00000000
ffff8e2301f32240 2335519560 C Bo:2:011:2 0 32 >
ffff8e2301f32240 2335519570 S Bo:2:011:2 -115 32 = 00000000 00000000 00000000 00000000 00000000 00000000 a310ffff ffffffff
ffff8e2301f33740 2335522344 C Bo:2:011:2 0 32 >
ffff8e2301f33740 2335522356 S Bo:2:011:2 -115 32 = 7fefffff dec6ae3a 85006b12 f43c353d 552d9525 f62d372e 5836172e 18363736
ffff8e2301f32240 2335525112 C Bo:2:011:2 0 32 >
ffff8e2301f32240 2335525123 S Bo:2:011:2 -115 8 = d83ed846 eb12d255
ffff8e2301f33740 2335527898 C Bo:2:011:2 0 32 >
ffff8e2301f32240 2335530628 C Bo:2:011:2 0 8 >
ffff8e2301f32e40 2335544889 C Bi:2:011:2 0 9 = a5570078 00015987 8e
ffff8e2301f32e40 2335544903 S Bi:2:011:2 -115 32 <
ffff8e2301f32240 2335546088 S Bo:2:011:2 -115 32 = a5570079 0400081a af63108c cf93ef9b efa330a4 31ac51ac 71b491b4 b1bcf2bc
ffff8e2301f33740 2335546093 S Bo:2:011:2 -115 32 = 12c512c5 32c5b4d5 36ee98f6 b8feb8fe b9fe98fe 36fef6f5 b5f5b4f5 d4f5f5fd
ffff8e2301f32240 2335546156 C Bo:2:011:2 0 32 >
ffff8e2301f32240 2335546159 S Bo:2:011:2 -115 32 = 35fe55fe 35fe35f6 35f614f6 14f614f6 14f615f6 15f615f6 15fef5fd f5fdf5fd
ffff8e2301f33740 2335546203 C Bo:2:011:2 0 32 >
ffff8e2301f33740 2335546205 S Bo:2:011:2 -115 32 = f5f515f6 97fe39ff d8fe56fe f5ed11cd 6fb4f2cc 13ddf2d4 54d5b6dd f08bc831
ffff8e2301f32240 2335549044 C Bo:2:011:2 0 32 >
ffff8e2301f32240 2335549057 S Bo:2:011:2 -115 32 = 47116b12 b32c173e f635f72d 59361836 b62df62d 582e782e 582e372e 172e572e
ffff8e2301f33740 2335551764 C Bo:2:011:2 0 32 >
ffff8e2301f33740 2335551777 S Bo:2:011:2 -115 32 = 77267726 77265726 57267826 98267826 5726782e 782e7726 5726582e 582e582e
ffff8e2301f32240 2335554551 C Bo:2:011:2 0 32 >
ffff8e2301f32240 2335554564 S Bo:2:011:2 -115 32 = 782e9826 78267726 572e582e 582e782e 98269826 97267726 77367946 9a5eba66
ffff8e2301f33740 2335557337 C Bo:2:011:2 0 32 >
ffff8e2301f33740 2335557343 S Bo:2:011:2 -115 32 = bb76db86 1c87fb7e ba76f03b c500f684 ffff7fef 1fe75fef 3eefbff7 9ff7ffff
ffff8e2301f32240 2335560117 C Bo:2:011:2 0 32 >
ffff8e2301f32240 2335560129 S Bo:2:011:2 -115 32 = ffffffff ffffffff ffffffff bef7ffff ffffffff ffffa310 00000000 00000000
ffff8e2301f33740 2335562899 C Bo:2:011:2 0 32 >
ffff8e2301f33740 2335562911 S Bo:2:011:2 -115 32 = 00000000 00000000 00000000 00000000 00000000 00000000 00000000 00000000
ffff8e2301f32240 2335565649 C Bo:2:011:2 0 32 >
ffff8e2301f32240 2335565660 S Bo:2:011:2 -115 32 = 00000000 00000000 00000000 00000000 00000000 00000000 00000000 00000000
ffff8e2301f33740 2335568408 C Bo:2:011:2 0 32 >
ffff8e2301f33740 2335568419 S Bo:2:011:2 -115 32 = 00000000 00000000 00000000 00000000 00000000 00000000 00000000 00000000
ffff8e2301f32240 2335571182 C Bo:2:011:2 0 32 >
ffff8e2301f32240 2335571193 S Bo:2:011:2 -115 32 = 00000000 00000000 00000000 00000000 00000000 00000000 00000000 00000000
ffff8e2301f33740 2335573969 C Bo:2:011:2 0 32 >
ffff8e2301f33740 2335573982 S Bo:2:011:2 -115 32 = 00000000 00000000 00000000 00000000 00000000 0000a310 ffffffff ffffffff
ffff8e2301f32240 2335576751 C Bo:2:011:2 0 32 >
ffff8e2301f32240 2335576764 S Bo:2:011:2 -115 32 = 9fef7fef bfdfb995 ac2a8b0a 722c153d d424752d 58365836 1836f735 18363836
ffff8e2301f33740 2335579467 C Bo:2:011:2 0 32 >
ffff8e2301f33740 2335579480 S Bo:2:011:2 -115 32 = d936f846 890a0501 2922293a 294aaa62 cb6aeb6a eb6aeb6a 2c738d83 ae83ce8b
ffff8e2301f32240 2335582262 C Bo:2:011:2 0 32 >
ffff8e2301f32240 2335582275 S Bo:2:011:2 -115 32 = 2f942f94 2f943094 3094519c 50945094 509cb2b4 54cd37f6 98feb8fe 97fe56fe
ffff8e2301f33740 2335585016 C Bo:2:011:2 0 32 >
ffff8e2301f33740 2335585029 S Bo:2:011:2 -115 32 = 15f614f6 14f614f6 f4f514f6 f4f514f6 15fe15fe 15fe15fe 15fef5fd f4fdf5fd
ffff8e2301f32240 2335587898 C Bo:2:011:2 0 32 >
ffff8e2301f32240 2335587903 S Bo:2:011:2 -115 32 = 36fe36f6 97fef9fe b8fe15ee 73dd12d5 f2cc12cd 13d574dd f2bc8d7b 4a4a8721
ffff8e2301f33740 2335590548 C Bo:2:011:2 0 32 >
ffff8e2301f33740 2335590553 S Bo:2:011:2 -115 32 = c811ab12 922c373e 383ef735 382e182e 952dd62d 582e9826 782e382e 1736572e
ffff8e2301f32240 2335593341 C Bo:2:011:2 0 32 >
ffff8e2301f32240 2335593345 S Bo:2:011:2 -115 32 = 77267726 78265726 57267726 78267826 57267726 782e7726 77265826 582e582e
ffff8e2301f33740 2335596112 C Bo:2:011:2 0 32 >
ffff8e2301f33740 2335596117 S Bo:2:011:2 -115 32 = 582e7726 77265726 5826582e 382e372e 782eb826 97265726 572e5846 9a5edb6e
ffff8e2301f32240 2335598896 C Bo:2:011:2 0 32 >
ffff8e2301f32240 2335598901 S Bo:2:011:2 -115 32 = 3c7f3c87 fb86bb7e 1c87af3b 44005474 ffff7fef 5fefbff7 9ff77fef dfffffff
ffff8e2301f33740 2335601678 C Bo:2:011:2 0 32 >
ffff8e2301f33740 2335601683 S Bo:2:011:2 -115 32 = ffffffff a310a310 ffffffff ffffffff ffffa310 a3100000 00000000 00000000
ffff8e2301f32240 2335604379 C Bo:2:011:2 0 32 >
ffff8e2301f32240 2335604384 S Bo:2:011:2 -115 32 = 00000000 00000000 00000000 00000000 00000000 00000000 00000000 00000000
ffff8e2301f33740 2335607183 C Bo:2:011:2 0 32 >
ffff8e2301f33740 2335607188 S Bo:2:011:2 -115 32 = 00000000 00000000 00000000 00000000 00000000 00000000 00000000 00000000
ffff8e2301f32240 2335609974 C Bo:2:011:2 0 32 >
ffff8e2301f32240 2335609979 S Bo:2:011:2 -115 32 = 00000000 00000000 00000000 00000000 00000000 00000000 00000000 00000000
ffff8e2301f33740 2335612765 C Bo:2:011:2 0 32 >
ffff8e2301f33740 2335612770 S Bo:2:011:2 -115 32 = 00000000 00000000 00000000 00000000 00000000 00000000 00000000 00000000
ffff8e2301f32240 2335615540 C Bo:2:011:2 0 32 >
ffff8e2301f32240 2335615545 S Bo:2:011:2 -115 32 = 00000000 00000000 00000000 00000000 00000000 0000a310 ffffffff ffffbff7
ffff8e2301f33740 2335618288 C Bo:2:011:2 0 32 >
ffff8e2301f33740 2335618293 S Bo:2:011:2 -115 32 = bfffffff ffffbfdf b464e801 cf231535 1535b735 9946f62d 962d183e 383e3836
ffff8e2301f32240 2335621039 C Bo:2:011:2 0 32 >
ffff8e2301f32240 2335621044 S Bo:2:011:2 -115 32 = f93eb846 490ae500 88096719 6e6bb29c 508c3084 0f7cce7b ce7bee7b ee7bcd7b
ffff8e2301f33740 2335623891 C Bo:2:011:2 0 32 >
ffff8e2301f33740 2335623896 S Bo:2:011:2 -115 32 = ad736c6b cb520832 66194511 0509a408 a408a731 6e73b2ac 34c595d5 d5e5f6f5
ffff8e2301f32240 2335626612 C Bo:2:011:2 0 32 >
ffff8e2301f32240 2335626617 S Bo:2:011:2 -115 8 = 15f6f4f5 15f6472e
ffff8e2301f33740 2335629397 C Bo:2:011:2 0 32 >
ffff8e2301f32240 2335632087 C Bo:2:011:2 0 8 >
ffff8e2301f326c0 2335645888 C Bi:2:011:2 0 9 = a5570079 000159f1 3a
ffff8e2301f326c0 2335645894 S Bi:2:011:2 -115 32 <
ffff8e2301f32240 2335647467 S Bo:2:011:2 -115 32 = a557007a 040015f6 15f615fe 35fe35fe 35fe35fe 35fe15fe f4fdf5f5 15fe15fe
ffff8e2301f33740 2335647471 S Bo:2:011:2 -115 32 = f4edb3dd 93ddb4dd 93dd52d5 11cd32d5 32cd53cd 16e654c5 4c738629 e831ac4a
ffff8e2301f32240 2335647562 C Bo:2:011:2 0 32 >
ffff8e2301f32240 2335647567 S Bo:2:011:2 -115 32 = 092ae500 e801922c 38465946 1836182e f7351636 372e5826 782e582e 372e572e
ffff8e2301f33740 2335647603 C Bo:2:011:2 0 32 >
ffff8e2301f33740 2335647604 S Bo:2:011:2 -115 32 = 7726982e 982e782e 57267726 57267726 58265826 5726582e 782e582e 582e582e
ffff8e2301f32240 2335650408 C Bo:2:011:2 0 32 >
ffff8e2301f32240 2335650413 S Bo:2:011:2 -115 32 = 382e582e 77265726 582e582e 382e3836 5836782e 772e772e 37361746 595ebb6e
ffff8e2301f33740 2335653156 C Bo:2:011:2 0 32 >
ffff8e2301f33740 2335653165 S Bo:2:011:2 -115 32 = 1c773c7f fb7edb7e 5d8ff13b 85007153 1fcf7fef 7ff77fef bff77fef ffffffff
ffff8e2301f32240 2335655970 C Bo:2:011:2 0 32 >
ffff8e2301f32240 2335655974 S Bo:2:011:2 -115 32 = ffffffff a310a310 ffffffff ffffffff ffffa310 00000000 00000000 00000000
ffff8e2301f33740 2335658683 C Bo:2:011:2 0 32 >
ffff8e2301f33740 2335658688 S Bo:2:011:2 -115 32 = 00000000 00000000 00000000 00000000 00000000 00000000 00000000 00000000
ffff8e2301f32240 2335661504 C Bo:2:011:2 0 32 >
ffff8e2301f32240 2335661509 S Bo:2:011:2 -115 32 = 00000000 00000000 00000000 00000000 00000000 00000000 00000000 00000000
ffff8e2301f33740 2335664260 C Bo:2:011:2 0 32 >
ffff8e2301f33740 2335664265 S Bo:2:011:2 -115 32 = 00000000 00000000 00000000 00000000 00000000 00000000 00000000 00000000
ffff8e2301f32240 2335667004 C Bo:2:011:2 0 32 >
ffff8e2301f32240 2335667009 S Bo:2:011:2 -115 32 = 00000000 00000000 00000000 00000000 00000000 00000000 00000000 00000000
ffff8e2301f33740 2335669772 C Bo:2:011:2 0 32 >
ffff8e2301f33740 2335669777 S Bo:2:011:2 -115 32 = 00000000 00000000 00000000 00000000 00000000 00000000 a310ffff ffffffff
ffff8e2301f32240 2335672542 C Bo:2:011:2 0 32 >
ffff8e2301f32240 2335672546 S Bo:2:011:2 -115 32 = ffff7fef ffffffff 5254c801 6f1bd43c 15357635 f635d62d f735383e 383e373e
ffff8e2301f33740 2335675335 C Bo:2:011:2 0 32 >
ffff8e2301f33740 2335675340 S Bo:2:011:2 -115 32 = f93e3746 e8092701 48012711 f49cbade 37c657ce 16c616c6 16c6d5bd d5bdb4b5
ffff8e2301f32240 2335678112 C Bo:2:011:2 0 32 >
ffff8e2301f32240 2335678117 S Bo:2:011:2 -115 32 = 94b593ad 53a5f194 d18cd28c d28c7184 7184f294 2f7c694a 4421a639 6d8314c5
ffff8e2301f33740 2335680952 C Bo:2:011:2 0 32 >
ffff8e2301f33740 2335680957 S Bo:2:011:2 -115 32 = 37ee78fe 36fef5f5 f5f5f5f5 f4f5f4f5 d4f5f4f5 15fef5fd f4f515fe 35fe15f6
ffff8e2301f32240 2335683682 C Bo:2:011:2 0 32 >
ffff8e2301f32240 2335683687 S Bo:2:011:2 -115 32 = 73ddb0bc 2eac0da4 6fb411cd 12d512cd 95d5b5cd 719c0b63 494aec52 6e63cc4a
ffff8e2301f33740 2335686375 C Bo:2:011:2 0 32 >
ffff8e2301f33740 2335686379 S Bo:2:011:2 -115 32 = 0d5bae6b 6a3a6601 af1b594e 393e182e 372e372e 1736372e 782e582e 172e372e
ffff8e2301f32240 2335689190 C Bo:2:011:2 0 32 >
ffff8e2301f32240 2335689195 S Bo:2:011:2 -115 32 = 782e572e 572e582e 782e5726 57265826 582e582e 3826582e 582e582e 582e382e
ffff8e2301f33740 2335691978 C Bo:2:011:2 0 32 >
ffff8e2301f33740 2335691983 S Bo:2:011:2 -115 32 = 382e582e 78267826 5826582e 382e3836 38363836 582e782e 3736f745 59569a6e
ffff8e2301f32240 2335694753 C Bo:2:011:2 0 32 >
ffff8e2301f32240 2335694758 S Bo:2:011:2 -115 32 = db7edb7e db7efb7e 3c8f7244 c909b14b bebe3fdf ffff3fdf bff7dfff dfffffff
ffff8e2301f33740 2335697530 C Bo:2:011:2 0 32 >
ffff8e2301f33740 2335697534 S Bo:2:011:2 -115 32 = ffffffff a3100000 a310a310 ffffa310 a3100000 00000000 00000000 00000000
ffff8e2301f32240 2335700261 C Bo:2:011:2 0 32 >
ffff8e2301f32240 2335700265 S Bo:2:011:2 -115 32 = 00000000 00000000 00000000 00000000 00000000 00000000 00000000 00000000
ffff8e2301f33740 2335703046 C Bo:2:011:2 0 32 >
ffff8e2301f33740 2335703051 S Bo:2:011:2 -115 32 = 00000000 00000000 00000000 00000000 00000000 00000000 00000000 00000000
ffff8e2301f32240 2335705902 C Bo:2:011:2 0 32 >
ffff8e2301f32240 2335705907 S Bo:2:011:2 -115 32 = 00000000 00000000 00000000 00000000 00000000 00000000 00000000 00000000
ffff8e2301f33740 2335708612 C Bo:2:011:2 0 32 >
ffff8e2301f33740 2335708617 S Bo:2:011:2 -115 32 = 00000000 00000000 00000000 00000000 00000000 00000000 00000000 00000000
ffff8e2301f32240 2335711327 C Bo:2:011:2 0 32 >
ffff8e2301f32240 2335711332 S Bo:2:011:2 -115 32 = 00000000 00000000 00000000 00000000 00000000 00000000 a310ffff ffffffff
ffff8e2301f33740 2335714119 C Bo:2:011:2 0 32 >
ffff8e2301f33740 2335714124 S Bo:2:011:2 -115 32 = ffffbed6 ffffffff f464e801 4e1bd43c f534f42c 342dd62d 793e583e 17363736
ffff8e2301f32240 2335716898 C Bo:2:011:2 0 32 >
ffff8e2301f32240 2335716903 S Bo:2:011:2 -115 32 = d93ef645 a8092701 69092711 149db9de 15c636ce 15ce56d6 56d656d6 56d697de
ffff8e2301f33740 2335719682 C Bo:2:011:2 0 32 >
ffff8e2301f33740 2335719687 S Bo:2:011:2 -115 32 = d8e639ef 7aef7af7 bbffdcff ddfffdff fdfffdff 97ce7084 4c5b2b5b 6c6b4d73
ffff8e2301f32240 2335722473 C Bo:2:011:2 0 32 >
ffff8e2301f32240 2335722478 S Bo:2:011:2 -115 32 = 4d7bee9b b1bc53d5 d5ed16f6 57fe77fe 57fe56fe 36fe15fe 35fe36fe 35fe35fe
ffff8e2301f33740 2335725252 C Bo:2:011:2 0 32 >
ffff8e2301f33740 2335725257 S Bo:2:011:2 -115 32 = f4ed52d5 b0bc6fbc d1cc12d5 33d554cd 54bd7194 8631a731 ae73d39c 8f73a729
ffff8e2301f32240 2335727967 C Bo:2:011:2 0 32 >
ffff8e2301f32240 2335727972 S Bo:2:011:2 -115 8 = b29cffff b9de1819
ffff8e2301f33740 2335730787 C Bo:2:011:2 0 32 >
ffff8e2301f32240 2335733487 C Bo:2:011:2 0 8 >
ffff8e2301f32e40 2335746898 C Bi:2:011:2 0 9 = a557007a 0001596a e6
ffff8e2301f32e40 2335746904 S Bi:2:011:2 -115 32 <
ffff8e2301f32240 2335748480 S Bo:2:011:2 -115 32 = a557007b 04008942 2912f32c 183e1936 172e372e 1736f835 382e582e 372e5836
ffff8e2301f33740 2335748484 S Bo:2:011:2 -115 32 = 5836372e 372e582e 782e782e 57265726 582e582e 3826582e 582e582e 582e382e
ffff8e2301f32240 2335748576 C Bo:2:011:2 0 32 >
ffff8e2301f32240 2335748581 S Bo:2:011:2 -115 32 = 382e582e 582e7826 7826782e 582e382e 38363736 572e7836 37361846 7956bb6e
ffff8e2301f33740 2335748615 C Bo:2:011:2 0 32 >
ffff8e2301f33740 2335748617 S Bo:2:011:2 -115 32 = db7edb7e db7efb7e db7ef44c ac120e33 da9d3fd7 ffff3fdf 9fefffff ffffffff
ffff8e2301f32240 2335751409 C Bo:2:011:2 0 32 >
ffff8e2301f32240 2335751415 S Bo:2:011:2 -115 32 = ffffa310 00000000 00000000 a3100000 00000000 00000000 00000000 00000000
ffff8e2301f33740 2335754188 C Bo:2:011:2 0 32 >
ffff8e2301f33740 2335754193 S Bo:2:011:2 -115 32 = 00000000 00000000 00000000 00000000 00000000 00000000 00000000 00000000
ffff8e2301f32240 2335756973 C Bo:2:011:2 0 32 >
ffff8e2301f32240 2335756979 S Bo:2:011:2 -115 32 = 00000000 00000000 00000000 00000000 00000000 00000000 00000000 00000000
ffff8e2301f33740 2335759765 C Bo:2:011:2 0 32 >
ffff8e2301f33740 2335759770 S Bo:2:011:2 -115 32 = 00000000 00000000 00000000 00000000 00000000 00000000 00000000 00000000
ffff8e2301f32240 2335762481 C Bo:2:011:2 0 32 >
ffff8e2301f32240 2335762487 S Bo:2:011:2 -115 32 = 00000000 00000000 00000000 00000000 00000000 00000000 00000000 00000000
ffff8e2301f33740 2335765254 C Bo:2:011:2 0 32 >
ffff8e2301f33740 2335765259 S Bo:2:011:2 -115 32 = 00000000 00000000 00000000 00000000 00000000 00000000 0000a310 ffffffff
ffff8e2301f32240 2335768041 C Bo:2:011:2 0 32 >
ffff8e2301f32240 2335768048 S Bo:2:011:2 -115 32 = ffff9fef fffffff7 15758400 8b1ab33c d53cf534 152d3525 f7351736 383e5736
ffff8e2301f33740 2335770902 C Bo:2:011:2 0 32 >
ffff8e2301f33740 2335770907 S Bo:2:011:2 -115 32 = d93ef745 c9092809 49092711 f39c98de d4c5f5cd f5cdf5cd 15ce15ce f5cd15ce
ffff8e2301f32240 2335773582 C Bo:2:011:2 0 32 >
ffff8e2301f32240 2335773587 S Bo:2:011:2 -115 32 = 15ce15ce 15ce15ce 15ce35d6 35d656d6 97deb7de d8de19e7 5aeff9de 74ad0b5b
ffff8e2301f33740 2335776333 C Bo:2:011:2 0 32 >
ffff8e2301f33740 2335776338 S Bo:2:011:2 -115 32 = 24218529 4c73509c 13bd96d5 17de58ee 78f678f6 57f636f6 16f616f6 f5f5f5f5
ffff8e2301f32240 2335779139 C Bo:2:011:2 0 32 >
ffff8e2301f32240 2335779144 S Bo:2:011:2 -115 32 = f5f5b4ed 73e552dd 53dd33d5 74d534c5 ab5a8629 4942ce7b f3a47194 29428621
ffff8e2301f33740 2335781887 C Bo:2:011:2 0 32 >
ffff8e2301f33740 2335781892 S Bo:2:011:2 -115 32 = b5bdf9e6 d8deb8de 6d53cb0a b635193e 18365836 38361836 382e582e 382e3836
ffff8e2301f32240 2335784683 C Bo:2:011:2 0 32 >
ffff8e2301f32240 2335784688 S Bo:2:011:2 -115 32 = 382e582e 582e782e 782e7826 58265826 5826582e 582e582e 3726572e 582e582e
ffff8e2301f33740 2335787468 C Bo:2:011:2 0 32 >
ffff8e2301f33740 2335787473 S Bo:2:011:2 -115 32 = 582e582e 582e5826 7826782e 782e582e 18361736 58367836 5736383e 7956db66
ffff8e2301f32240 2335790185 C Bo:2:011:2 0 32 >
ffff8e2301f32240 2335790189 S Bo:2:011:2 -115 32 = 1b7fbb7e db7e1c7f db7e7555 2d1b4701 34641fcf ffff5fe7 ffff7fef ffffffff
ffff8e2301f33740 2335793025 C Bo:2:011:2 0 32 >
ffff8e2301f33740 2335793029 S Bo:2:011:2 -115 32 = ffffa310 00000000 00000000 00000000 00000000 00000000 00000000 00000000
ffff8e2301f32240 2335795754 C Bo:2:011:2 0 32 >
ffff8e2301f32240 2335795759 S Bo:2:011:2 -115 32 = 00000000 00000000 00000000 00000000 00000000 00000000 00000000 00000000
ffff8e2301f33740 2335798549 C Bo:2:011:2 0 32 >
ffff8e2301f33740 2335798554 S Bo:2:011:2 -115 32 = 00000000 00000000 00000000 00000000 00000000 00000000 00000000 00000000
ffff8e2301f32240 2335801335 C Bo:2:011:2 0 32 >
ffff8e2301f32240 2335801340 S Bo:2:011:2 -115 32 = 00000000 00000000 00000000 00000000 00000000 00000000 00000000 00000000
ffff8e2301f33740 2335804045 C Bo:2:011:2 0 32 >
ffff8e2301f33740 2335804050 S Bo:2:011:2 -115 32 = 00000000 00000000 00000000 00000000 00000000 00000000 00000000 00000000
ffff8e2301f32240 2335806906 C Bo:2:011:2 0 32 >
ffff8e2301f32240 2335806911 S Bo:2:011:2 -115 32 = 00000000 00000000 00000000 00000000 00000000 00000000 0000a310 ffffffff
ffff8e2301f33740 2335809592 C Bo:2:011:2 0 32 >
ffff8e2301f33740 2335809597 S Bo:2:011:2 -115 32 = ffffffff ffffffff 16850200 6709f12b f544f53c f434142d 352d752d 383e583e
ffff8e2301f32240 2335812400 C Bo:2:011:2 0 32 >
ffff8e2301f32240 2335812405 S Bo:2:011:2 -115 32 = b93ed745 2b126909 49090611 b29478de f5cd15ce 15ce15ce 15ce15ce 15cef5cd
ffff8e2301f33740 2335815184 C Bo:2:011:2 0 32 >
ffff8e2301f33740 2335815189 S Bo:2:011:2 -115 32 = 15ce15ce 15ce15ce 15ce15ce f5cdf5cd 15ce15ce 15ce36d6 56d656d6 16ce74b5
ffff8e2301f32240 2335817909 C Bo:2:011:2 0 32 >
ffff8e2301f32240 2335817913 S Bo:2:011:2 -115 32 = f29c9194 50846d6b aa5a8a5a 49528a5a 4c730f9c d2bc74d5 b5ddd6ed 57fe37fe
ffff8e2301f33740 2335820689 C Bo:2:011:2 0 32 >
ffff8e2301f33740 2335820694 S Bo:2:011:2 -115 32 = 16f616f6 16f616f6 f5ed12c5 ae8b0c6b 2942c729 ee7333ad f2accf83 c839283a
ffff8e2301f32240 2335823441 C Bo:2:011:2 0 32 >
ffff8e2301f32240 2335823445 S Bo:2:011:2 -115 32 = b5bdf1a4 cd7b98d6 ad63a701 9635593e 3836782e 38361836 382e382e 382e382e
ffff8e2301f33740 2335826216 C Bo:2:011:2 0 32 >
ffff8e2301f33740 2335826221 S Bo:2:011:2 -115 32 = 582e582e 582e782e 982e7826 78265826 5826582e 782e582e 5726572e 782e782e
ffff8e2301f32240 2335829057 C Bo:2:011:2 0 32 >
ffff8e2301f32240 2335829062 S Bo:2:011:2 -115 8 = 582e5726 5826fee9
ffff8e2301f33740 2335831788 C Bo:2:011:2 0 32 >
ffff8e2301f32240 2335834492 C Bo:2:011:2 0 8 >
ffff8e2301f326c0 2335847886 C Bi:2:011:2 0 9 = a557007b 0001591c 52
ffff8e2301f326c0 2335847892 S Bi:2:011:2 -115 32 <
ffff8e2301f32240 2335848903 S Bo:2:011:2 -115 32 = a557007c 04005826 7826782e 782e582e 3836382e 58367836 3736373e 584eda66
ffff8e2301f33740 2335848908 S Bo:2:011:2 -115 32 = 3c779a76 9a7e3c7f 3c87d65d 6e230601 d25b3ed7 ffff5fe7 ffffbfef ffffffff
ffff8e2301f32240 2335849002 C Bo:2:011:2 0 32 >
ffff8e2301f32240 2335849007 S Bo:2:011:2 -115 32 = ffffa310 00000000 00000000 00000000 00000000 00000000 00000000 00000000
ffff8e2301f33740 2335849048 C Bo:2:011:2 0 32 >
ffff8e2301f33740 2335849050 S Bo:2:011:2 -115 32 = 00000000 00000000 00000000 00000000 00000000 00000000 00000000 00000000
ffff8e2301f32240 2335851899 C Bo:2:011:2 0 32 >
ffff8e2301f32240 2335851903 S Bo:2:011:2 -115 32 = 00000000 00000000 00000000 00000000 00000000 00000000 00000000 00000000
ffff8e2301f33740 2335854619 C Bo:2:011:2 0 32 >
ffff8e2301f33740 2335854624 S Bo:2:011:2 -115 32 = 00000000 00000000 00000000 00000000 00000000 00000000 00000000 00000000
ffff8e2301f32240 2335857378 C Bo:2:011:2 0 32 >
ffff8e2301f32240 2335857383 S Bo:2:011:2 -115 32 = 00000000 00000000 00000000 00000000 00000000 00000000 00000000 00000000
ffff8e2301f33740 2335860094 C Bo:2:011:2 0 32 >
ffff8e2301f33740 2335860098 S Bo:2:011:2 -115 32 = 00000000 00000000 00000000 00000000 00000000 00000000 00000000 00000000
ffff8e2301f32240 2335862899 C Bo:2:011:2 0 32 >
ffff8e2301f32240 2335862904 S Bo:2:011:2 -115 32 = 00000000 00000000 00000000 00000000 00000000 00000000 00000000 00000000
ffff8e2301f33740 2335865717 C Bo:2:011:2 0 32 >
ffff8e2301f33740 2335865722 S Bo:2:011:2 -115 32 = 00000000 00000000 00000000 00000000 00000000 00000000 00000000 00000000
ffff8e2301f32240 2335868471 C Bo:2:011:2 0 32 >
ffff8e2301f32240 2335868476 S Bo:2:011:2 -115 32 = 00000000 00000000 00000000 00000000 00000000 00000000 00000000 00000000
ffff8e2301f33740 2335871191 C Bo:2:011:2 0 32 >
ffff8e2301f33740 2335871196 S Bo:2:011:2 -115 32 = 00000000 00000000 00000000 00000000 00000000 00000000 00000000 00000000
ffff8e2301f32240 2335873950 C Bo:2:011:2 0 32 >
ffff8e2301f32240 2335873955 S Bo:2:011:2 -115 32 = 00000000 00000000 00000000 00000000 00000000 00000000 00000000 00000000
ffff8e2301f33740 2335876726 C Bo:2:011:2 0 32 >
ffff8e2301f33740 2335876730 S Bo:2:011:2 -115 32 = 00000000 00000000 00000000 00000000 00000000 00000000 00000000 00000000
ffff8e2301f32240 2335879538 C Bo:2:011:2 0 32 >
ffff8e2301f32240 2335879543 S Bo:2:011:2 -115 32 = 00000000 00000000 00000000 00000000 00000000 00000000 00000000 00000000
ffff8e2301f33740 2335882307 C Bo:2:011:2 0 32 >
ffff8e2301f33740 2335882312 S Bo:2:011:2 -115 32 = 00000000 00000000 00000000 00000000 00000000 00000000 00000000 00000000
ffff8e2301f32240 2335885088 C Bo:2:011:2 0 32 >
ffff8e2301f32240 2335885093 S Bo:2:011:2 -115 32 = 00000000 00000000 00000000 00000000 00000000 00000000 00000000 00000000
ffff8e2301f33740 2335887873 C Bo:2:011:2 0 32 >
ffff8e2301f33740 2335887877 S Bo:2:011:2 -115 32 = 00000000 00000000 00000000 00000000 00000000 00000000 00000000 00000000
ffff8e2301f32240 2335890619 C Bo:2:011:2 0 32 >
ffff8e2301f32240 2335890624 S Bo:2:011:2 -115 32 = 00000000 00000000 00000000 00000000 00000000 00000000 00000000 00000000
ffff8e2301f33740 2335893387 C Bo:2:011:2 0 32 >
ffff8e2301f33740 2335893392 S Bo:2:011:2 -115 32 = 00000000 00000000 00000000 00000000 00000000 00000000 00000000 00000000
ffff8e2301f32240 2335896183 C Bo:2:011:2 0 32 >
ffff8e2301f32240 2335896188 S Bo:2:011:2 -115 32 = 00000000 00000000 00000000 00000000 00000000 00000000 00000000 00000000
ffff8e2301f33740 2335898970 C Bo:2:011:2 0 32 >
ffff8e2301f33740 2335898975 S Bo:2:011:2 -115 32 = 00000000 00000000 00000000 00000000 00000000 00000000 00000000 00000000
ffff8e2301f32240 2335901756 C Bo:2:011:2 0 32 >
ffff8e2301f32240 2335901761 S Bo:2:011:2 -115 32 = 00000000 00000000 00000000 00000000 00000000 00000000 00000000 00000000
ffff8e2301f33740 2335904469 C Bo:2:011:2 0 32 >
ffff8e2301f33740 2335904474 S Bo:2:011:2 -115 32 = 00000000 00000000 00000000 00000000 00000000 00000000 00000000 00000000
ffff8e2301f32240 2335907236 C Bo:2:011:2 0 32 >
ffff8e2301f32240 2335907241 S Bo:2:011:2 -115 32 = 00000000 00000000 00000000 00000000 00000000 00000000 00000000 00000000
ffff8e2301f33740 2335910047 C Bo:2:011:2 0 32 >
ffff8e2301f33740 2335910052 S Bo:2:011:2 -115 32 = 00000000 00000000 00000000 00000000 00000000 00000000 00000000 00000000
ffff8e2301f32240 2335912903 C Bo:2:011:2 0 32 >
ffff8e2301f32240 2335912908 S Bo:2:011:2 -115 32 = 00000000 00000000 00000000 00000000 00000000 00000000 00000000 00000000
ffff8e2301f33740 2335915613 C Bo:2:011:2 0 32 >
ffff8e2301f33740 2335915618 S Bo:2:011:2 -115 32 = 00000000 00000000 00000000 00000000 00000000 00000000 00000000 00000000
ffff8e2301f32240 2335918331 C Bo:2:011:2 0 32 >
ffff8e2301f32240 2335918336 S Bo:2:011:2 -115 32 = 00000000 00000000 00000000 00000000 00000000 00000000 00000000 00000000
ffff8e2301f33740 2335921113 C Bo:2:011:2 0 32 >
ffff8e2301f33740 2335921118 S Bo:2:011:2 -115 32 = 00000000 00000000 00000000 00000000 00000000 00000000 00000000 00000000
ffff8e2301f32240 2335923899 C Bo:2:011:2 0 32 >
ffff8e2301f32240 2335923904 S Bo:2:011:2 -115 32 = 00000000 00000000 00000000 00000000 00000000 00000000 00000000 00000000
ffff8e2301f33740 2335926691 C Bo:2:011:2 0 32 >
ffff8e2301f33740 2335926695 S Bo:2:011:2 -115 32 = 00000000 00000000 00000000 00000000 00000000 00000000 00000000 00000000
ffff8e2301f32240 2335929409 C Bo:2:011:2 0 32 >
ffff8e2301f32240 2335929415 S Bo:2:011:2 -115 8 = 00000000 0000f2e1
ffff8e2301f33740 2335932183 C Bo:2:011:2 0 32 >
ffff8e2301f32240 2335934930 C Bo:2:011:2 0 8 >
ffff8e2301f32e40 2335948979 C Bi:2:011:2 0 9 = a557007c 0001594d 7f
ffff8e2301f32e40 2335948990 S Bi:2:011:2 -115 32 <
ffff8e2301f32240 2335950676 S Bo:2:011:2 -115 32 = a557007d 04000000 00000000 00000000 00000000 00000000 00000000 00000000
ffff8e2301f33740 2335950680 S Bo:2:011:2 -115 32 = 00000000 00000000 00000000 00000000 00000000 00000000 00000000 00000000
ffff8e2301f32240 2335950749 C Bo:2:011:2 0 32 >
ffff8e2301f32240 2335950754 S Bo:2:011:2 -115 32 = 00000000 00000000 00000000 00000000 00000000 00000000 00000000 00000000
ffff8e2301f33740 2335950879 C Bo:2:011:2 0 32 >
ffff8e2301f33740 2335950882 S Bo:2:011:2 -115 32 = 00000000 00000000 00000000 00000000 00000000 00000000 00000000 00000000
ffff8e2301f32240 2335953593 C Bo:2:011:2 0 32 >
ffff8e2301f32240 2335953598 S Bo:2:011:2 -115 32 = 00000000 00000000 00000000 00000000 00000000 00000000 00000000 00000000
ffff8e2301f33740 2335956400 C Bo:2:011:2 0 32 >
ffff8e2301f33740 2335956406 S Bo:2:011:2 -115 32 = 00000000 00000000 00000000 00000000 00000000 00000000 00000000 00000000
ffff8e2301f32240 2335959089 C Bo:2:011:2 0 32 >
ffff8e2301f32240 2335959094 S Bo:2:011:2 -115 32 = 00000000 00000000 00000000 00000000 00000000 00000000 00000000 00000000
ffff8e2301f33740 2335961907 C Bo:2:011:2 0 32 >
ffff8e2301f33740 2335961912 S Bo:2:011:2 -115 32 = 00000000 00000000 00000000 00000000 00000000 00000000 00000000 00000000
ffff8e2301f32240 2335964689 C Bo:2:011:2 0 32 >
ffff8e2301f32240 2335964695 S Bo:2:011:2 -115 32 = 00000000 00000000 00000000 00000000 00000000 00000000 00000000 00000000
ffff8e2301f33740 2335967468 C Bo:2:011:2 0 32 >
ffff8e2301f33740 2335967474 S Bo:2:011:2 -115 32 = 00000000 00000000 00000000 00000000 00000000 00000000 00000000 00000000
ffff8e2301f32240 2335970219 C Bo:2:011:2 0 32 >
ffff8e2301f32240 2335970224 S Bo:2:011:2 -115 32 = 00000000 00000000 00000000 00000000 00000000 00000000 00000000 00000000
ffff8e2301f33740 2335973041 C Bo:2:011:2 0 32 >
ffff8e2301f33740 2335973046 S Bo:2:011:2 -115 32 = 00000000 00000000 00000000 00000000 00000000 00000000 00000000 00000000
ffff8e2301f32240 2335975791 C Bo:2:011:2 0 32 >
ffff8e2301f32240 2335975796 S Bo:2:011:2 -115 32 = 00000000 00000000 00000000 00000000 00000000 00000000 00000000 00000000
ffff8e2301f33740 2335978541 C Bo:2:011:2 0 32 >
ffff8e2301f33740 2335978546 S Bo:2:011:2 -115 32 = 00000000 00000000 00000000 00000000 00000000 00000000 00000000 00000000
ffff8e2301f32240 2335981317 C Bo:2:011:2 0 32 >
ffff8e2301f32240 2335981322 S Bo:2:011:2 -115 32 = 00000000 00000000 00000000 00000000 00000000 00000000 00000000 00000000
ffff8e2301f33740 2335984118 C Bo:2:011:2 0 32 >
ffff8e2301f33740 2335984123 S Bo:2:011:2 -115 32 = 00000000 00000000 00000000 00000000 00000000 00000000 00000000 00000000
ffff8e2301f32240 2335986897 C Bo:2:011:2 0 32 >
ffff8e2301f32240 2335986902 S Bo:2:011:2 -115 32 = 00000000 00000000 00000000 00000000 00000000 00000000 00000000 00000000
ffff8e2301f33740 2335989656 C Bo:2:011:2 0 32 >
ffff8e2301f33740 2335989661 S Bo:2:011:2 -115 32 = 00000000 00000000 00000000 00000000 00000000 00000000 00000000 00000000
ffff8e2301f32240 2335992410 C Bo:2:011:2 0 32 >
ffff8e2301f32240 2335992415 S Bo:2:011:2 -115 32 = 00000000 00000000 00000000 00000000 00000000 00000000 00000000 00000000
ffff8e2301f33740 2335995159 C Bo:2:011:2 0 32 >
ffff8e2301f33740 2335995163 S Bo:2:011:2 -115 32 = 00000000 00000000 00000000 00000000 00000000 00000000 00000000 00000000
ffff8e2301f32240 2335997982 C Bo:2:011:2 0 32 >
ffff8e2301f32240 2335997987 S Bo:2:011:2 -115 32 = 00000000 00000000 00000000 00000000 00000000 00000000 00000000 00000000
ffff8e2301f33740 2336000663 C Bo:2:011:2 0 32 >
ffff8e2301f33740 2336000668 S Bo:2:011:2 -115 32 = 00000000 00000000 00000000 00000000 00000000 00000000 00000000 00000000
ffff8e2301f32240 2336003469 C Bo:2:011:2 0 32 >
ffff8e2301f32240 2336003474 S Bo:2:011:2 -115 32 = 00000000 00000000 00000000 00000000 00000000 00000000 00000000 00000000
ffff8e2301f33740 2336006253 C Bo:2:011:2 0 32 >
ffff8e2301f33740 2336006258 S Bo:2:011:2 -115 32 = 00000000 00000000 00000000 00000000 00000000 00000000 00000000 00000000
ffff8e2301f32240 2336009046 C Bo:2:011:2 0 32 >
ffff8e2301f32240 2336009052 S Bo:2:011:2 -115 32 = 00000000 00000000 00000000 00000000 00000000 00000000 00000000 00000000
ffff8e2301f33740 2336011789 C Bo:2:011:2 0 32 >
ffff8e2301f33740 2336011794 S Bo:2:011:2 -115 32 = 00000000 00000000 00000000 00000000 00000000 00000000 00000000 00000000
ffff8e2301f32240 2336014538 C Bo:2:011:2 0 32 >
ffff8e2301f32240 2336014543 S Bo:2:011:2 -115 32 = 00000000 00000000 00000000 00000000 00000000 00000000 00000000 00000000
ffff8e2301f33740 2336017282 C Bo:2:011:2 0 32 >
ffff8e2301f33740 2336017287 S Bo:2:011:2 -115 32 = 00000000 00000000 00000000 00000000 00000000 00000000 00000000 00000000
ffff8e2301f32240 2336020089 C Bo:2:011:2 0 32 >
ffff8e2301f32240 2336020093 S Bo:2:011:2 -115 32 = 00000000 00000000 00000000 00000000 00000000 00000000 00000000 00000000
ffff8e2301f33740 2336022897 C Bo:2:011:2 0 32 >
ffff8e2301f33740 2336022902 S Bo:2:011:2 -115 32 = 00000000 00000000 00000000 00000000 00000000 00000000 00000000 00000000
ffff8e2301f32240 2336025623 C Bo:2:011:2 0 32 >
ffff8e2301f32240 2336025628 S Bo:2:011:2 -115 32 = 00000000 00000000 00000000 00000000 00000000 00000000 00000000 00000000
ffff8e2301f33740 2336028408 C Bo:2:011:2 0 32 >
ffff8e2301f33740 2336028413 S Bo:2:011:2 -115 32 = 00000000 00000000 00000000 00000000 00000000 00000000 00000000 00000000
ffff8e2301f32240 2336031185 C Bo:2:011:2 0 32 >
ffff8e2301f32240 2336031191 S Bo:2:011:2 -115 8 = 00000000 00003838
ffff8e2301f33740 2336033979 C Bo:2:011:2 0 32 >
ffff8e2301f32240 2336036690 C Bo:2:011:2 0 8 >
ffff8e2301f326c0 2336050925 C Bi:2:011:2 0 9 = a557007d 0001593b cb
ffff8e2301f326c0 2336050936 S Bi:2:011:2 -115 32 <
ffff8e2301f32240 2336052489 S Bo:2:011:2 -115 32 = a557007e 04000000 00000000 00000000 00000000 00000000 00000000 00000000
ffff8e2301f33740 2336052493 S Bo:2:011:2 -115 32 = 00000000 00000000 00000000 00000000 00000000 00000000 00000000 00000000
ffff8e2301f32240 2336052554 C Bo:2:011:2 0 32 >
ffff8e2301f32240 2336052556 S Bo:2:011:2 -115 32 = 00000000 00000000 00000000 00000000 00000000 00000000 00000000 00000000
ffff8e2301f33740 2336052608 C Bo:2:011:2 0 32 >
ffff8e2301f33740 2336052611 S Bo:2:011:2 -115 32 = 00000000 00000000 00000000 00000000 00000000 00000000 00000000 00000000
ffff8e2301f32240 2336055436 C Bo:2:011:2 0 32 >
ffff8e2301f32240 2336055441 S Bo:2:011:2 -115 32 = 00000000 00000000 00000000 00000000 00000000 00000000 00000000 00000000
ffff8e2301f33740 2336058162 C Bo:2:011:2 0 32 >
ffff8e2301f33740 2336058172 S Bo:2:011:2 -115 32 = 00000000 00000000 00000000 00000000 00000000 00000000 00000000 00000000
ffff8e2301f32240 2336060944 C Bo:2:011:2 0 32 >
ffff8e2301f32240 2336060948 S Bo:2:011:2 -115 32 = 00000000 00000000 00000000 00000000 00000000 00000000 00000000 00000000
ffff8e2301f33740 2336063764 C Bo:2:011:2 0 32 >
ffff8e2301f33740 2336063770 S Bo:2:011:2 -115 32 = 00000000 00000000 00000000 00000000 00000000 00000000 00000000 00000000
ffff8e2301f32240 2336066480 C Bo:2:011:2 0 32 >
ffff8e2301f32240 2336066485 S Bo:2:011:2 -115 32 = 00000000 00000000 00000000 00000000 00000000 00000000 00000000 00000000
ffff8e2301f33740 2336069254 C Bo:2:011:2 0 32 >
ffff8e2301f33740 2336069258 S Bo:2:011:2 -115 32 = 00000000 00000000 00000000 00000000 00000000 00000000 00000000 00000000
ffff8e2301f32240 2336072042 C Bo:2:011:2 0 32 >
ffff8e2301f32240 2336072047 S Bo:2:011:2 -115 32 = 00000000 00000000 00000000 00000000 00000000 00000000 00000000 00000000
ffff8e2302151980 2336074048 S Bo:2:002:2 -115 31 = 55534243 d60d0000 00000000 00000600 00000000 00000000 00000000 000000
ffff8e2302151980 2336074075 C Bo:2:002:2 0 31 >
ffff8e2302151980 2336074086 S Bi:2:002:1 -115 13 <
ffff8e2302151980 2336074122 C Bi:2:002:1 0 13 = 55534253 d60d0000 00000000 00
ffff8e2301f33740 2336074787 C Bo:2:011:2 0 32 >
ffff8e2301f33740 2336074791 S Bo:2:011:2 -115 32 = 00000000 00000000 00000000 00000000 00000000 00000000 00000000 00000000
ffff8e2301f32240 2336077620 C Bo:2:011:2 0 32 >
ffff8e2301f32240 2336077624 S Bo:2:011:2 -115 32 = 00000000 00000000 00000000 00000000 00000000 00000000 00000000 00000000
ffff8e2301f33740 2336080348 C Bo:2:011:2 0 32 >
ffff8e2301f33740 2336080354 S Bo:2:011:2 -115 32 = 00000000 00000000 00000000 00000000 00000000 00000000 00000000 00000000
ffff8e2301f32240 2336083114 C Bo:2:011:2 0 32 >
ffff8e2301f32240 2336083119 S Bo:2:011:2 -115 32 = 00000000 00000000 00000000 00000000 00000000 00000000 00000000 00000000
ffff8e2301f33740 2336085889 C Bo:2:011:2 0 32 >
ffff8e2301f33740 2336085893 S Bo:2:011:2 -115 32 = 00000000 00000000 00000000 00000000 00000000 00000000 00000000 00000000
ffff8e2301f32240 2336088684 C Bo:2:011:2 0 32 >
ffff8e2301f32240 2336088688 S Bo:2:011:2 -115 32 = 00000000 00000000 00000000 00000000 00000000 00000000 00000000 00000000
ffff8e2301f33740 2336091469 C Bo:2:011:2 0 32 >
ffff8e2301f33740 2336091474 S Bo:2:011:2 -115 32 = 00000000 00000000 00000000 00000000 00000000 00000000 00000000 00000000
ffff8e2301f32240 2336094184 C Bo:2:011:2 0 32 >
ffff8e2301f32240 2336094189 S Bo:2:011:2 -115 32 = 00000000 00000000 00000000 00000000 00000000 00000000 00000000 00000000
ffff8e2301f33740 2336096957 C Bo:2:011:2 0 32 >
ffff8e2301f33740 2336096962 S Bo:2:011:2 -115 32 = 00000000 00000000 00000000 00000000 00000000 00000000 00000000 00000000
ffff8e2301f32240 2336099759 C Bo:2:011:2 0 32 >
ffff8e2301f32240 2336099763 S Bo:2:011:2 -115 32 = 00000000 00000000 00000000 00000000 00000000 00000000 00000000 00000000
ffff8e2301f33740 2336102542 C Bo:2:011:2 0 32 >
ffff8e2301f33740 2336102547 S Bo:2:011:2 -115 32 = 00000000 00000000 00000000 00000000 00000000 00000000 00000000 00000000
ffff8e2301f32240 2336105262 C Bo:2:011:2 0 32 >
ffff8e2301f32240 2336105267 S Bo:2:011:2 -115 32 = 00000000 00000000 00000000 00000000 00000000 00000000 00000000 00000000
ffff8e2301f33740 2336108029 C Bo:2:011:2 0 32 >
ffff8e2301f33740 2336108033 S Bo:2:011:2 -115 32 = 00000000 00000000 00000000 00000000 00000000 00000000 00000000 00000000
ffff8e2301f32240 2336110901 C Bo:2:011:2 0 32 >
ffff8e2301f32240 2336110906 S Bo:2:011:2 -115 32 = 00000000 00000000 00000000 00000000 00000000 00000000 00000000 00000000
ffff8e2301f33740 2336113595 C Bo:2:011:2 0 32 >
ffff8e2301f33740 2336113600 S Bo:2:011:2 -115 32 = 00000000 00000000 00000000 00000000 00000000 00000000 00000000 00000000
ffff8e2301f32240 2336116414 C Bo:2:011:2 0 32 >
ffff8e2301f32240 2336116419 S Bo:2:011:2 -115 32 = 00000000 00000000 00000000 00000000 00000000 00000000 00000000 00000000
ffff8e2301f33740 2336119114 C Bo:2:011:2 0 32 >
ffff8e2301f33740 2336119119 S Bo:2:011:2 -115 32 = 00000000 00000000 00000000 00000000 00000000 00000000 00000000 00000000
ffff8e2301f32240 2336121899 C Bo:2:011:2 0 32 >
ffff8e2301f32240 2336121904 S Bo:2:011:2 -115 32 = 00000000 00000000 00000000 00000000 00000000 00000000 00000000 00000000
ffff8e2301f33740 2336124690 C Bo:2:011:2 0 32 >
ffff8e2301f33740 2336124695 S Bo:2:011:2 -115 32 = 00000000 00000000 00000000 00000000 00000000 00000000 00000000 00000000
ffff8e2301f32240 2336127468 C Bo:2:011:2 0 32 >
ffff8e2301f32240 2336127473 S Bo:2:011:2 -115 32 = 00000000 00000000 00000000 00000000 00000000 00000000 00000000 00000000
ffff8e2301f33740 2336130267 C Bo:2:011:2 0 32 >
ffff8e2301f33740 2336130272 S Bo:2:011:2 -115 32 = 00000000 00000000 00000000 00000000 00000000 00000000 00000000 00000000
ffff8e2301f32240 2336132945 C Bo:2:011:2 0 32 >
ffff8e2301f32240 2336132949 S Bo:2:011:2 -115 8 = 00000000 00008b33
ffff8e2301f33740 2336135755 C Bo:2:011:2 0 32 >
ffff8e2301f32240 2336138519 C Bo:2:011:2 0 8 >
ffff8e2301f32e40 2336151891 C Bi:2:011:2 0 9 = a557007e 000159a0 17
ffff8e2301f32e40 2336151897 S Bi:2:011:2 -115 32 <
ffff8e2301f32240 2336152963 S Bo:2:011:2 -115 32 = a557007f 04000000 00000000 00000000 00000000 00000000 00000000 00000000
ffff8e2301f33740 2336152967 S Bo:2:011:2 -115 32 = 00000000 00000000 00000000 00000000 00000000 00000000 00000000 00000000
ffff8e2301f32240 2336153029 C Bo:2:011:2 0 32 >
ffff8e2301f32240 2336153031 S Bo:2:011:2 -115 32 = 00000000 00000000 00000000 00000000 00000000 00000000 00000000 00000000
ffff8e2301f33740 2336153073 C Bo:2:011:2 0 32 >
ffff8e2301f33740 2336153075 S Bo:2:011:2 -115 32 = 00000000 00000000 00000000 00000000 00000000 00000000 00000000 00000000
ffff8e2301f32240 2336155900 C Bo:2:011:2 0 32 >
ffff8e2301f32240 2336155905 S Bo:2:011:2 -115 32 = 00000000 00000000 00000000 00000000 00000000 00000000 00000000 00000000
ffff8e2301f33740 2336158693 C Bo:2:011:2 0 32 >
ffff8e2301f33740 2336158698 S Bo:2:011:2 -115 32 = 00000000 00000000 00000000 00000000 00000000 00000000 00000000 00000000
ffff8e2301f32240 2336161454 C Bo:2:011:2 0 32 >
ffff8e2301f32240 2336161459 S Bo:2:011:2 -115 32 = 00000000 00000000 00000000 00000000 00000000 00000000 00000000 00000000
ffff8e2301f33740 2336164162 C Bo:2:011:2 0 32 >
ffff8e2301f33740 2336164167 S Bo:2:011:2 -115 32 = 00000000 00000000 00000000 00000000 00000000 00000000 00000000 00000000
ffff8e2301f32240 2336166971 C Bo:2:011:2 0 32 >
ffff8e2301f32240 2336166976 S Bo:2:011:2 -115 32 = 00000000 00000000 00000000 00000000 00000000 00000000 00000000 00000000
ffff8e2301f33740 2336169723 C Bo:2:011:2 0 32 >
ffff8e2301f33740 2336169728 S Bo:2:011:2 -115 32 = 00000000 00000000 00000000 00000000 00000000 00000000 00000000 00000000
ffff8e2301f32240 2336172542 C Bo:2:011:2 0 32 >
ffff8e2301f32240 2336172547 S Bo:2:011:2 -115 32 = 00000000 00000000 00000000 00000000 00000000 00000000 00000000 00000000
ffff8e2301f33740 2336175262 C Bo:2:011:2 0 32 >
ffff8e2301f33740 2336175267 S Bo:2:011:2 -115 32 = 00000000 00000000 00000000 00000000 00000000 00000000 00000000 00000000
ffff8e2301f32240 2336178063 C Bo:2:011:2 0 32 >
ffff8e2301f32240 2336178069 S Bo:2:011:2 -115 32 = 00000000 00000000 00000000 00000000 00000000 00000000 00000000 00000000
ffff8e2301f33740 2336180901 C Bo:2:011:2 0 32 >
ffff8e2301f33740 2336180907 S Bo:2:011:2 -115 32 = 00000000 00000000 00000000 00000000 00000000 00000000 00000000 00000000
ffff8e2301f32240 2336183586 C Bo:2:011:2 0 32 >
ffff8e2301f32240 2336183591 S Bo:2:011:2 -115 32 = 00000000 00000000 00000000 00000000 00000000 00000000 00000000 00000000
ffff8e2301f33740 2336186410 C Bo:2:011:2 0 32 >
ffff8e2301f33740 2336186415 S Bo:2:011:2 -115 32 = 00000000 00000000 00000000 00000000 00000000 00000000 00000000 00000000
ffff8e2301f32240 2336189184 C Bo:2:011:2 0 32 >
ffff8e2301f32240 2336189190 S Bo:2:011:2 -115 32 = 00000000 00000000 00000000 00000000 00000000 00000000 00000000 00000000
ffff8e2301f33740 2336191900 C Bo:2:011:2 0 32 >
ffff8e2301f33740 2336191906 S Bo:2:011:2 -115 32 = 00000000 00000000 00000000 00000000 00000000 00000000 00000000 00000000
ffff8e2301f32240 2336194721 C Bo:2:011:2 0 32 >
ffff8e2301f32240 2336194727 S Bo:2:011:2 -115 32 = 00000000 00000000 00000000 00000000 00000000 00000000 00000000 00000000
ffff8e2301f33740 2336197490 C Bo:2:011:2 0 32 >
ffff8e2301f33740 2336197494 S Bo:2:011:2 -115 32 = 00000000 00000000 00000000 00000000 00000000 00000000 00000000 00000000
ffff8e2301f32240 2336200255 C Bo:2:011:2 0 32 >
ffff8e2301f32240 2336200260 S Bo:2:011:2 -115 32 = 00000000 00000000 00000000 00000000 00000000 00000000 00000000 00000000
ffff8e2301f33740 2336203048 C Bo:2:011:2 0 32 >
ffff8e2301f33740 2336203054 S Bo:2:011:2 -115 32 = 00000000 00000000 00000000 00000000 00000000 00000000 00000000 00000000
ffff8e2301f32240 2336205755 C Bo:2:011:2 0 32 >
ffff8e2301f32240 2336205760 S Bo:2:011:2 -115 32 = 00000000 00000000 00000000 00000000 00000000 00000000 00000000 00000000
ffff8e2301f33740 2336208540 C Bo:2:011:2 0 32 >
ffff8e2301f33740 2336208545 S Bo:2:011:2 -115 32 = 00000000 00000000 00000000 00000000 00000000 00000000 00000000 00000000
ffff8e2301f32240 2336211333 C Bo:2:011:2 0 32 >
ffff8e2301f32240 2336211338 S Bo:2:011:2 -115 32 = 00000000 00000000 00000000 00000000 00000000 00000000 00000000 00000000
ffff8e2301f33740 2336214114 C Bo:2:011:2 0 32 >
ffff8e2301f33740 2336214119 S Bo:2:011:2 -115 32 = 00000000 00000000 00000000 00000000 00000000 00000000 00000000 00000000
ffff8e2301f32240 2336216899 C Bo:2:011:2 0 32 >
ffff8e2301f32240 2336216903 S Bo:2:011:2 -115 32 = 00000000 00000000 00000000 00000000 00000000 00000000 00000000 00000000
ffff8e2301f33740 2336219618 C Bo:2:011:2 0 32 >
ffff8e2301f33740 2336219623 S Bo:2:011:2 -115 32 = 00000000 00000000 00000000 00000000 00000000 00000000 00000000 00000000
ffff8e2301f32240 2336222399 C Bo:2:011:2 0 32 >
ffff8e2301f32240 2336222404 S Bo:2:011:2 -115 32 = 00000000 00000000 00000000 00000000 00000000 00000000 00000000 00000000
ffff8e2301f33740 2336225162 C Bo:2:011:2 0 32 >
ffff8e2301f33740 2336225167 S Bo:2:011:2 -115 32 = 00000000 00000000 00000000 00000000 00000000 00000000 00000000 00000000
ffff8e2301f32240 2336227970 C Bo:2:011:2 0 32 >
ffff8e2301f32240 2336227975 S Bo:2:011:2 -115 32 = 00000000 00000000 00000000 00000000 00000000 00000000 00000000 00000000
ffff8e2301f33740 2336230691 C Bo:2:011:2 0 32 >
ffff8e2301f33740 2336230695 S Bo:2:011:2 -115 32 = 00000000 00000000 00000000 00000000 00000000 00000000 00000000 00000000
ffff8e2301f32240 2336233483 C Bo:2:011:2 0 32 >
ffff8e2301f32240 2336233487 S Bo:2:011:2 -115 8 = 00000000 0000e5ca
ffff8e2301f33740 2336236263 C Bo:2:011:2 0 32 >
ffff8e2301f32240 2336239028 C Bo:2:011:2 0 8 >
ffff8e2301f326c0 2336252887 C Bi:2:011:2 0 9 = a557007f 000159d6 a3
ffff8e2301f326c0 2336252893 S Bi:2:011:2 -115 32 <
ffff8e2301f32240 2336254410 S Bo:2:011:2 -115 32 = a5570080 04000000 00000000 00000000 00000000 00000000 00000000 00000000
ffff8e2301f33740 2336254416 S Bo:2:011:2 -115 32 = 00000000 00000000 00000000 00000000 00000000 00000000 00000000 00000000
ffff8e2301f32240 2336254513 C Bo:2:011:2 0 32 >
ffff8e2301f32240 2336254516 S Bo:2:011:2 -115 32 = 00000000 00000000 00000000 00000000 00000000 00000000 00000000 00000000
ffff8e2301f33740 2336254560 C Bo:2:011:2 0 32 >
ffff8e2301f33740 2336254562 S Bo:2:011:2 -115 32 = 00000000 00000000 00000000 00000000 00000000 00000000 00000000 00000000
ffff8e2301f32240 2336257328 C Bo:2:011:2 0 32 >
ffff8e2301f32240 2336257333 S Bo:2:011:2 -115 32 = 00000000 00000000 00000000 00000000 00000000 00000000 00000000 00000000
ffff8e2301f33740 2336260114 C Bo:2:011:2 0 32 >
ffff8e2301f33740 2336260119 S Bo:2:011:2 -115 32 = 00000000 00000000 00000000 00000000 00000000 00000000 00000000 00000000
ffff8e2301f32240 2336262898 C Bo:2:011:2 0 32 >
ffff8e2301f32240 2336262903 S Bo:2:011:2 -115 32 = 00000000 00000000 00000000 00000000 00000000 00000000 00000000 00000000
ffff8e2301f33740 2336265650 C Bo:2:011:2 0 32 >
ffff8e2301f33740 2336265655 S Bo:2:011:2 -115 32 = 00000000 00000000 00000000 00000000 00000000 00000000 00000000 00000000
ffff8e2301f32240 2336268403 C Bo:2:011:2 0 32 >
ffff8e2301f32240 2336268408 S Bo:2:011:2 -115 32 = 00000000 00000000 00000000 00000000 00000000 00000000 00000000 00000000
ffff8e2301f33740 2336271185 C Bo:2:011:2 0 32 >
ffff8e2301f33740 2336271190 S Bo:2:011:2 -115 32 = 00000000 00000000 00000000 00000000 00000000 00000000 00000000 00000000
ffff8e2301f32240 2336273980 C Bo:2:011:2 0 32 >
ffff8e2301f32240 2336273984 S Bo:2:011:2 -115 32 = 00000000 00000000 00000000 00000000 00000000 00000000 00000000 00000000
ffff8e2301f33740 2336276775 C Bo:2:011:2 0 32 >
ffff8e2301f33740 2336276780 S Bo:2:011:2 -115 32 = 00000000 00000000 00000000 00000000 00000000 00000000 00000000 00000000
ffff8e2301f32240 2336279556 C Bo:2:011:2 0 32 >
ffff8e2301f32240 2336279561 S Bo:2:011:2 -115 32 = 00000000 00000000 00000000 00000000 00000000 00000000 00000000 00000000
ffff8e2301f33740 2336282229 C Bo:2:011:2 0 32 >
ffff8e2301f33740 2336282232 S Bo:2:011:2 -115 32 = 00000000 00000000 00000000 00000000 00000000 00000000 00000000 00000000
ffff8e2301f32240 2336285045 C Bo:2:011:2 0 32 >
ffff8e2301f32240 2336285051 S Bo:2:011:2 -115 32 = 00000000 00000000 00000000 00000000 00000000 00000000 00000000 00000000
ffff8e2301f33740 2336287911 C Bo:2:011:2 0 32 >
ffff8e2301f33740 2336287916 S Bo:2:011:2 -115 32 = 00000000 00000000 00000000 00000000 00000000 00000000 00000000 00000000
ffff8e2301f32240 2336290617 C Bo:2:011:2 0 32 >
ffff8e2301f32240 2336290623 S Bo:2:011:2 -115 32 = 00000000 00000000 00000000 00000000 00000000 00000000 00000000 00000000
ffff8e2301f33740 2336293373 C Bo:2:011:2 0 32 >
ffff8e2301f33740 2336293377 S Bo:2:011:2 -115 32 = 00000000 00000000 00000000 00000000 00000000 00000000 00000000 00000000
ffff8e2301f32240 2336296160 C Bo:2:011:2 0 32 >
ffff8e2301f32240 2336296165 S Bo:2:011:2 -115 32 = 00000000 00000000 00000000 00000000 00000000 00000000 00000000 00000000
ffff8e2301f33740 2336298881 C Bo:2:011:2 0 32 >
ffff8e2301f33740 2336298886 S Bo:2:011:2 -115 32 = 00000000 00000000 00000000 00000000 00000000 00000000 00000000 00000000
ffff8e2301f32240 2336301722 C Bo:2:011:2 0 32 >
ffff8e2301f32240 2336301727 S Bo:2:011:2 -115 32 = 00000000 00000000 20002000 20002000 20002000 20002000 20002000 20002000
ffff8e2301f33740 2336304477 C Bo:2:011:2 0 32 >
ffff8e2301f33740 2336304482 S Bo:2:011:2 -115 32 = 20002000 20002000 20002000 20002000 20002000 20002000 20002000 20000000
ffff8e2301f32240 2336307254 C Bo:2:011:2 0 32 >
ffff8e2301f32240 2336307259 S Bo:2:011:2 -115 32 = 00000000 00000000 00000000 00000000 00000000 00000000 00000000 00000000
ffff8e2301f33740 2336310042 C Bo:2:011:2 0 32 >
ffff8e2301f33740 2336310047 S Bo:2:011:2 -115 32 = 00000000 20002000 41004108 62086208 62086208 62086208 41084100 21002000
ffff8e2301f32240 2336312757 C Bo:2:011:2 0 32 >
ffff8e2301f32240 2336312762 S Bo:2:011:2 -115 32 = 00000000 00000000 00000000 00000000 00000000 00000000 00000000 00000000
ffff8e2301f33740 2336315540 C Bo:2:011:2 0 32 >
ffff8e2301f33740 2336315545 S Bo:2:011:2 -115 32 = 00000000 00000000 00000000 00000000 00000000 00000000 00000000 00000000
ffff8e2301f32240 2336318306 C Bo:2:011:2 0 32 >
ffff8e2301f32240 2336318311 S Bo:2:011:2 -115 32 = 00000000 00000000 00000000 00000000 00000000 20002000 41004108 61086208
ffff8e2301f33740 2336321094 C Bo:2:011:2 0 32 >
ffff8e2301f33740 2336321099 S Bo:2:011:2 -115 32 = 62086208 62086208 62086208 62084108 41002100 20000000 00000000 00000000
ffff8e2301f32240 2336323898 C Bo:2:011:2 0 32 >
ffff8e2301f32240 2336323903 S Bo:2:011:2 -115 32 = 00000000 00000000 00000000 00000000 00000000 00000000 00000000 00000000
ffff8e2301f33740 2336326623 C Bo:2:011:2 0 32 >
ffff8e2301f33740 2336326628 S Bo:2:011:2 -115 32 = 00000000 00000000 00000000 00000000 00000000 00000000 00000000 00000000
ffff8e2301f32240 2336329399 C Bo:2:011:2 0 32 >
ffff8e2301f32240 2336329405 S Bo:2:011:2 -115 32 = 00000000 00000000 00000000 00000000 00000000 00000000 00000000 00000000
ffff8e2301f33740 2336332186 C Bo:2:011:2 0 32 >
ffff8e2301f33740 2336332191 S Bo:2:011:2 -115 32 = 00000000 00000000 00000000 00000000 00000000 00000000 00000000 00000000
ffff8e2301f32240 2336334972 C Bo:2:011:2 0 32 >
ffff8e2301f32240 2336334977 S Bo:2:011:2 -115 8 = 00000000 00000d43
ffff8e2301f33740 2336337746 C Bo:2:011:2 0 32 >
ffff8e2301f32240 2336340465 C Bo:2:011:2 0 8 >
ffff8e2301f32e40 2336353891 C Bi:2:011:2 0 9 = a5570080 0001599d 00
ffff8e2301f32e40 2336353901 S Bi:2:011:2 -115 32 <
ffff8e2301f32240 2336355501 S Bo:2:011:2 -115 32 = a5570081 04000000 00000000 00000000 00000000 00000000 00000000 00000000
ffff8e2301f33740 2336355505 S Bo:2:011:2 -115 32 = 00000000 00000000 00000000 00000000 00000000 00000000 00000000 00000000
ffff8e2301f32240 2336355595 C Bo:2:011:2 0 32 >
ffff8e2301f32240 2336355601 S Bo:2:011:2 -115 32 = 00000000 00000000 00000000 00000000 00000000 00000000 00000000 00000000
ffff8e2301f33740 2336355635 C Bo:2:011:2 0 32 >
ffff8e2301f33740 2336355637 S Bo:2:011:2 -115 32 = 00000000 21006208 8208a310 a310a310 a310a310 a310a310 a310a310 a310a310
ffff8e2301f32240 2336358402 C Bo:2:011:2 0 32 >
ffff8e2301f32240 2336358407 S Bo:2:011:2 -115 32 = a310a310 a310a310 a310a310 a310a310 a310a310 a310a310 a310a310 82086208
ffff8e2301f33740 2336361158 C Bo:2:011:2 0 32 >
ffff8e2301f33740 2336361163 S Bo:2:011:2 -115 32 = 21000000 00000000 00000000 00000000 00000000 00000000 00000000 00002000
ffff8e2301f32240 2336363973 C Bo:2:011:2 0 32 >
ffff8e2301f32240 2336363978 S Bo:2:011:2 -115 32 = 21006108 8208a310 2521093a ed5a6f63 d073d073 6f6b0d5b 6b4a6629 c3108208
ffff8e2301f33740 2336366756 C Bo:2:011:2 0 32 >
ffff8e2301f33740 2336366761 S Bo:2:011:2 -115 32 = 62084100 20000000 00000000 00000000 00000000 00000000 00000000 00000000
ffff8e2301f32240 2336369525 C Bo:2:011:2 0 32 >
ffff8e2301f32240 2336369530 S Bo:2:011:2 -115 32 = 00000000 00000000 00000000 00000000 00000000 00000000 00000000 00000000
ffff8e2301f33740 2336372237 C Bo:2:011:2 0 32 >
ffff8e2301f33740 2336372241 S Bo:2:011:2 -115 32 = 00000000 00000000 00000000 00002000 41086208 8208a310 0519c831 8b4a0d5b
ffff8e2301f32240 2336375044 C Bo:2:011:2 0 32 >
ffff8e2301f32240 2336375049 S Bo:2:011:2 -115 32 = 8f6bd073 f173d073 8f6b2e63 ec522a42 4621c310 83106208 41084100 20000000
ffff8e2301f33740 2336377910 C Bo:2:011:2 0 32 >
ffff8e2301f33740 2336377915 S Bo:2:011:2 -115 32 = 00000000 00000000 00000000 00000000 00000000 00000000 00000000 00000000
ffff8e2301f32240 2336380615 C Bo:2:011:2 0 32 >
ffff8e2301f32240 2336380620 S Bo:2:011:2 -115 32 = 00000000 00000000 00000000 00000000 00000000 00000000 00000000 00000000
ffff8e2301f33740 2336383400 C Bo:2:011:2 0 32 >
ffff8e2301f33740 2336383405 S Bo:2:011:2 -115 32 = 00000000 00000000 00000000 00000000 00000000 00000000 00000000 00000000
ffff8e2301f32240 2336386120 C Bo:2:011:2 0 32 >
ffff8e2301f32240 2336386125 S Bo:2:011:2 -115 32 = 00000000 00000000 00000000 00000000 00000000 00000000 00000000 00000000
ffff8e2301f33740 2336388901 C Bo:2:011:2 0 32 >
ffff8e2301f33740 2336388906 S Bo:2:011:2 -115 32 = 00000000 00000000 00000000 00000000 00000000 00000000 00000000 00000000
ffff8e2301f32240 2336391723 C Bo:2:011:2 0 32 >
ffff8e2301f32240 2336391728 S Bo:2:011:2 -115 32 = 00000000 00000000 00000000 00000000 00000000 00000000 00000000 00000000
ffff8e2301f33740 2336394473 C Bo:2:011:2 0 32 >
ffff8e2301f33740 2336394478 S Bo:2:011:2 -115 32 = 00000000 00000000 00000000 00000000 00000000 00000000 00000000 00000000
ffff8e2301f32240 2336397230 C Bo:2:011:2 0 32 >
ffff8e2301f32240 2336397235 S Bo:2:011:2 -115 32 = 00002100 18beffff ffffffff ffffffff ffffffff ffffffff ffffffff ffffffff
ffff8e2301f33740 2336399971 C Bo:2:011:2 0 32 >
ffff8e2301f33740 2336399976 S Bo:2:011:2 -115 32 = ffffffff ffffffff ffffffff ffffffff ffffffff ffffffff ffffffff ffffffff
ffff8e2301f32240 2336402765 C Bo:2:011:2 0 32 >
ffff8e2301f32240 2336402770 S Bo:2:011:2 -115 32 = f07b2100 00000000 00000000 00000000 00000000 00000000 00000000 41008208
ffff8e2301f33740 2336405543 C Bo:2:011:2 0 32 >
ffff8e2301f33740 2336405548 S Bo:2:011:2 -115 32 = c4184a42 b494fcde ffffffff ffffffff ffffffff ffffffff ffffffff 9eef97ad
ffff8e2301f32240 2336408333 C Bo:2:011:2 0 32 >
ffff8e2301f32240 2336408338 S Bo:2:011:2 -115 32 = 0d5b2521 82084108 20000000 00000000 00000000 00000000 00000000 00000000
ffff8e2301f33740 2336411120 C Bo:2:011:2 0 32 >
ffff8e2301f33740 2336411125 S Bo:2:011:2 -115 32 = 00000000 00000000 00000000 00000000 00000000 00000000 00000000 00000000
ffff8e2301f32240 2336413871 C Bo:2:011:2 0 32 >
ffff8e2301f32240 2336413875 S Bo:2:011:2 -115 32 = 00000000 00000000 20004108 6208a310 87294e63 359ddbd6 ffffffff ffffffff
ffff8e2301f33740 2336416586 C Bo:2:011:2 0 32 >
ffff8e2301f33740 2336416589 S Bo:2:011:2 -115 32 = ffffffff ffffffff ffffffff ffffffff ffff9ef7 59c65284 4a42e418 82104108
ffff8e2301f32240 2336419436 C Bo:2:011:2 0 32 >
ffff8e2301f32240 2336419440 S Bo:2:011:2 -115 32 = 20000000 00000000 00000000 00000000 00000000 00000000 00000000 00000000
ffff8e2301f33740 2336422156 C Bo:2:011:2 0 32 >
ffff8e2301f33740 2336422159 S Bo:2:011:2 -115 32 = 00000000 00000000 00000000 00000000 00000000 00000000 00000000 00000000
ffff8e2301f32240 2336424899 C Bo:2:011:2 0 32 >
ffff8e2301f32240 2336424904 S Bo:2:011:2 -115 32 = 00000000 00000000 00000000 00000000 00000000 00000000 00000000 00000000
ffff8e2301f33740 2336427721 C Bo:2:011:2 0 32 >
ffff8e2301f33740 2336427724 S Bo:2:011:2 -115 32 = 00000000 00000000 00000000 00000000 00000000 00000000 00000000 00000000
ffff8e2301f32240 2336430466 C Bo:2:011:2 0 32 >
ffff8e2301f32240 2336430469 S Bo:2:011:2 -115 32 = 00000000 00000000 00000000 00000000 00000000 00000000 00000000 00000000
ffff8e2301f33740 2336433242 C Bo:2:011:2 0 32 >
ffff8e2301f33740 2336433247 S Bo:2:011:2 -115 32 = 00000000 00000000 00000000 00000000 00000000 00000000 00000000 00000000
ffff8e2301f32240 2336436033 C Bo:2:011:2 0 32 >
ffff8e2301f32240 2336436037 S Bo:2:011:2 -115 8 = 00000000 0000b742
ffff8e2301f33740 2336438892 C Bo:2:011:2 0 32 >
ffff8e2301f32240 2336441531 C Bo:2:011:2 0 8 >
ffff8e2301f326c0 2336454891 C Bi:2:011:2 0 9 = a5570081 000159eb b4
ffff8e2301f326c0 2336454897 S Bi:2:011:2 -115 32 <
ffff8e2301f32240 2336455687 S Bo:2:011:2 -115 32 = a5570082 04000000 00000000 00000000 00000000 00000000 00000000 00000000
ffff8e2301f33740 2336455692 S Bo:2:011:2 -115 32 = 00006208 39c6ffff ffffffff ffffffff ffffffff ffffffff ffffffff ffffffff
ffff8e2301f32240 2336455785 C Bo:2:011:2 0 32 >
ffff8e2301f32240 2336455791 S Bo:2:011:2 -115 32 = ffffffff ffffffff ffffffff ffffffff ffffffff ffffffff ffffffff ffffffff
ffff8e2301f33740 2336455870 C Bo:2:011:2 0 32 >
ffff8e2301f33740 2336455873 S Bo:2:011:2 -115 32 = 52844108 00000000 00000000 00000000 00000000 00000000 20006208 e4184e63
ffff8e2301f32240 2336458619 C Bo:2:011:2 0 32 >
ffff8e2301f32240 2336458626 S Bo:2:011:2 -115 32 = fcdeffff ffffffff ffffffff ffffffff ffffffff ffffffff ffffffff ffffffff
ffff8e2301f33740 2336461400 C Bo:2:011:2 0 32 >
ffff8e2301f33740 2336461405 S Bo:2:011:2 -115 32 = ffffbff7 938c4621 62082100 00000000 00000000 00000000 00000000 00000000
ffff8e2301f32240 2336464163 C Bo:2:011:2 0 32 >
ffff8e2301f32240 2336464168 S Bo:2:011:2 -115 32 = 00000000 00000000 00000000 00000000 00000000 00000000 00000000 00000000
ffff8e2301f33740 2336466911 C Bo:2:011:2 0 32 >
ffff8e2301f33740 2336466916 S Bo:2:011:2 -115 32 = 00000000 20006108 a3108729 117cbbd6 ffffffff ffffffff ffffffff ffffffff
ffff8e2301f32240 2336469721 C Bo:2:011:2 0 32 >
ffff8e2301f32240 2336469725 S Bo:2:011:2 -115 32 = ffffffff ffffffff ffffffff ffffffff ffffffff ffffffff ffffbef7 f494c831
ffff8e2301f33740 2336472471 C Bo:2:011:2 0 32 >
ffff8e2301f33740 2336472475 S Bo:2:011:2 -115 32 = a3104108 20000000 00000000 00000000 00000000 00000000 00000000 00000000
ffff8e2301f32240 2336475255 C Bo:2:011:2 0 32 >
ffff8e2301f32240 2336475260 S Bo:2:011:2 -115 32 = 00000000 00000000 00000000 00000000 00000000 00000000 00000000 00000000
ffff8e2301f33740 2336478048 C Bo:2:011:2 0 32 >
ffff8e2301f33740 2336478053 S Bo:2:011:2 -115 32 = 00000000 00000000 00000000 00000000 00000000 00000000 00000000 00000000
ffff8e2301f32240 2336480755 C Bo:2:011:2 0 32 >
ffff8e2301f32240 2336480761 S Bo:2:011:2 -115 32 = 00000000 00000000 00000000 00000000 00000000 00000000 00000000 00000000
ffff8e2301f33740 2336483547 C Bo:2:011:2 0 32 >
ffff8e2301f33740 2336483552 S Bo:2:011:2 -115 32 = 00000000 00000000 00000000 00000000 00000000 00000000 00000000 00000000
ffff8e2301f32240 2336486336 C Bo:2:011:2 0 32 >
ffff8e2301f32240 2336486341 S Bo:2:011:2 -115 32 = 00000000 00000000 00000000 00000000 00000000 00000000 00000000 00000000
ffff8e2301f33740 2336489089 C Bo:2:011:2 0 32 >
ffff8e2301f33740 2336489094 S Bo:2:011:2 -115 32 = 00000000 00000000 00000000 00000000 00000000 00000000 00000000 00000000
ffff8e2301f32240 2336491914 C Bo:2:011:2 0 32 >
ffff8e2301f32240 2336491918 S Bo:2:011:2 -115 32 = 00008208 7aceffff ffffffff ffffffff ffffffff ffffffff ffffffff ffffffff
ffff8e2301f33740 2336494625 C Bo:2:011:2 0 32 >
ffff8e2301f33740 2336494630 S Bo:2:011:2 -115 32 = ffffffff ffffffff ffffffff ffffffff ffffffff ffffffff ffffffff ffffffff
ffff8e2301f32240 2336497457 C Bo:2:011:2 0 32 >
ffff8e2301f32240 2336497462 S Bo:2:011:2 -115 32 = 938c6208 00000000 00000000 00000000 00000000 00002100 8208e831 bbd6ffff
ffff8e2301f33740 2336500187 C Bo:2:011:2 0 32 >
ffff8e2301f33740 2336500192 S Bo:2:011:2 -115 32 = ffffffff ffffffff ffffffff ffffffff ffffffff ffffffff ffffffff ffffffff
ffff8e2301f32240 2336502972 C Bo:2:011:2 0 32 >
ffff8e2301f32240 2336502977 S Bo:2:011:2 -115 32 = ffffffff ffffbef7 4e63a310 41080000 00000000 00000000 00000000 00000000
ffff8e2301f33740 2336505719 C Bo:2:011:2 0 32 >
ffff8e2301f33740 2336505724 S Bo:2:011:2 -115 32 = 00000000 00000000 00000000 00000000 00000000 00000000 00000000 00000000
ffff8e2301f32240 2336508473 C Bo:2:011:2 0 32 >
ffff8e2301f32240 2336508478 S Bo:2:011:2 -115 32 = 20004108 a3104a42 b7b5ffff ffffffff ffffffff ffffffff ffffffff ffffffff
ffff8e2301f33740 2336511256 C Bo:2:011:2 0 32 >
ffff8e2301f33740 2336511261 S Bo:2:011:2 -115 32 = ffffffff ffffffff ffffffff ffffffff ffffffff ffffffff ffffffff ffffffff
ffff8e2301f32240 2336514046 C Bo:2:011:2 0 32 >
ffff8e2301f32240 2336514052 S Bo:2:011:2 -115 32 = d8b5c831 83104108 20000000 00000000 00000000 00000000 00000000 00000000
ffff8e2301f33740 2336516874 C Bo:2:011:2 0 32 >
ffff8e2301f33740 2336516878 S Bo:2:011:2 -115 32 = 00000000 00000000 00000000 00000000 00000000 00000000 00000000 00000000
ffff8e2301f32240 2336519580 C Bo:2:011:2 0 32 >
ffff8e2301f32240 2336519585 S Bo:2:011:2 -115 32 = 00000000 00000000 00000000 00000000 00000000 00000000 00000000 00000000
ffff8e2301f33740 2336522337 C Bo:2:011:2 0 32 >
ffff8e2301f33740 2336522342 S Bo:2:011:2 -115 32 = 00000000 00000000 00000000 00000000 00000000 00000000 00000000 00000000
ffff8e2301f32240 2336525116 C Bo:2:011:2 0 32 >
ffff8e2301f32240 2336525121 S Bo:2:011:2 -115 32 = 00000000 00000000 00000000 00000000 00000000 00000000 00000000 00000000
ffff8e2301f33740 2336527876 C Bo:2:011:2 0 32 >
ffff8e2301f33740 2336527880 S Bo:2:011:2 -115 32 = 00000000 00000000 00000000 00000000 00000000 00000000 00000000 00000000
ffff8e2301f32240 2336530685 C Bo:2:011:2 0 32 >
ffff8e2301f32240 2336530690 S Bo:2:011:2 -115 32 = 00000000 00000000 00000000 00000000 00000000 00000000 00000000 00000000
ffff8e2301f33740 2336533438 C Bo:2:011:2 0 32 >
ffff8e2301f33740 2336533443 S Bo:2:011:2 -115 32 = 20008208 7aceffff ffffffff ffffffff ffffffff ffffffff ffffffff ffffffff
ffff8e2301f32240 2336536263 C Bo:2:011:2 0 32 >
ffff8e2301f32240 2336536268 S Bo:2:011:2 -115 8 = ffffffff ffff8739
ffff8e2301f33740 2336538973 C Bo:2:011:2 0 32 >
ffff8e2301f32240 2336541722 C Bo:2:011:2 0 8 >
ffff8e2301f32e40 2336555756 C Bi:2:011:2 0 9 = a5570082 00015970 68
ffff8e2301f32e40 2336555763 S Bi:2:011:2 -115 32 <
ffff8e2301f32240 2336557137 S Bo:2:011:2 -115 32 = a5570083 0400ffff ffffffff ffffffff ffffffff ffffffff ffffffff ffffffff
ffff8e2301f33740 2336557141 S Bo:2:011:2 -115 32 = b3948208 00000000 00000000 00000000 00000000 21008208 4e63dfff ffffffff
ffff8e2301f32240 2336557233 C Bo:2:011:2 0 32 >
ffff8e2301f32240 2336557239 S Bo:2:011:2 -115 32 = ffffffff ffffffff ffffffff ffffffff ffffffff ffffffff ffffffff ffffffff
ffff8e2301f33740 2336557277 C Bo:2:011:2 0 32 >
ffff8e2301f33740 2336557280 S Bo:2:011:2 -115 32 = ffffffff ffffffff ffff56a5 e4184108 00000000 00000000 00000000 00000000
ffff8e2301f32240 2336560054 C Bo:2:011:2 0 32 >
ffff8e2301f32240 2336560059 S Bo:2:011:2 -115 32 = 00000000 00000000 00000000 00000000 00000000 00000000 00000000 00002100
ffff8e2301f33740 2336562910 C Bo:2:011:2 0 32 >
ffff8e2301f33740 2336562915 S Bo:2:011:2 -115 32 = 8208c831 f8bdffff ffffffff ffffffff ffffffff ffffffff ffffffff ffffffff
ffff8e2301f32240 2336565620 C Bo:2:011:2 0 32 >
ffff8e2301f32240 2336565625 S Bo:2:011:2 -115 32 = ffffffff ffffffff ffffffff ffffffff ffffffff ffffffff ffffffff ffffffff
ffff8e2301f33740 2336568420 C Bo:2:011:2 0 32 >
ffff8e2301f33740 2336568425 S Bo:2:011:2 -115 32 = ffffdfff 5284e418 62082000 00000000 00000000 00000000 00000000 00000000
ffff8e2301f32240 2336571161 C Bo:2:011:2 0 32 >
ffff8e2301f32240 2336571166 S Bo:2:011:2 -115 32 = 00000000 00000000 00000000 00000000 00000000 00000000 00000000 00000000
ffff8e2301f33740 2336573905 C Bo:2:011:2 0 32 >
ffff8e2301f33740 2336573910 S Bo:2:011:2 -115 32 = 00000000 00000000 00000000 00000000 00000000 00000000 00000000 00000000
ffff8e2301f32240 2336576686 C Bo:2:011:2 0 32 >
ffff8e2301f32240 2336576690 S Bo:2:011:2 -115 32 = 00000000 00000000 00000000 00000000 00000000 00000000 00000000 00000000
ffff8e2301f33740 2336579471 C Bo:2:011:2 0 32 >
ffff8e2301f33740 2336579476 S Bo:2:011:2 -115 32 = 00000000 00000000 00000000 00000000 00000000 00000000 00000000 00000000
ffff8e2301f32240 2336582240 C Bo:2:011:2 0 32 >
ffff8e2301f32240 2336582244 S Bo:2:011:2 -115 32 = 00000000 00000000 00000000 00000000 00000000 00000000 00000000 00000000
ffff8e2301f33740 2336585047 C Bo:2:011:2 0 32 >
ffff8e2301f33740 2336585052 S Bo:2:011:2 -115 32 = 00000000 00000000 00000000 00000000 00000000 00000000 00000000 00000000
ffff8e2301f32240 2336587758 C Bo:2:011:2 0 32 >
ffff8e2301f32240 2336587763 S Bo:2:011:2 -115 32 = 20008310 7aceffff ffffffff ffffffff ffffffff ffffffff ffffffff ffffffff
ffff8e2301f33740 2336590542 C Bo:2:011:2 0 32 >
ffff8e2301f33740 2336590547 S Bo:2:011:2 -115 32 = ffffffff ffffffff ffffffff ffffffff ffffffff ffffffff ffffffff ffffffff
ffff8e2301f32240 2336593286 C Bo:2:011:2 0 32 >
ffff8e2301f32240 2336593291 S Bo:2:011:2 -115 32 = b38c6208 00000000 00000000 00000000 00002100 82088f6b ffffffff ffffffff
ffff8e2301f33740 2336596119 C Bo:2:011:2 0 32 >
ffff8e2301f33740 2336596123 S Bo:2:011:2 -115 32 = ffffffff ffffffff ffffffff ffffffff ffffffff ffffffff ffffffff ffffffff
ffff8e2301f32240 2336598905 C Bo:2:011:2 0 32 >
ffff8e2301f32240 2336598910 S Bo:2:011:2 -115 32 = ffffffff ffffffff ffffffff b7b5e418 41080000 00000000 00000000 00000000
ffff8e2301f33740 2336601623 C Bo:2:011:2 0 32 >
ffff8e2301f33740 2336601628 S Bo:2:011:2 -115 32 = 00000000 00000000 00000000 00000000 00000000 00000000 00000000 20008210
ffff8e2301f32240 2336604414 C Bo:2:011:2 0 32 >
ffff8e2301f32240 2336604419 S Bo:2:011:2 -115 32 = 3284ffff ffffffff ffffffff ffffffff ffffffff ffffffff ffffffff ffffffff
ffff8e2301f33740 2336607186 C Bo:2:011:2 0 32 >
ffff8e2301f33740 2336607191 S Bo:2:011:2 -115 32 = ffffffff ffffffff ffffffff ffffffff ffffffff ffffffff ffffffff ffffffff
ffff8e2301f32240 2336609980 C Bo:2:011:2 0 32 >
ffff8e2301f32240 2336609984 S Bo:2:011:2 -115 32 = ffffffff ffff9bce 87296208 20000000 00000000 00000000 00000000 00000000
ffff8e2301f33740 2336612767 C Bo:2:011:2 0 32 >
ffff8e2301f33740 2336612772 S Bo:2:011:2 -115 32 = 00000000 00000000 00000000 00000000 00000000 00000000 00000000 00000000
ffff8e2301f32240 2336615541 C Bo:2:011:2 0 32 >
ffff8e2301f32240 2336615546 S Bo:2:011:2 -115 32 = 00000000 00000000 00000000 00000000 00000000 00000000 00000000 00000000
ffff8e2301f33740 2336618232 C Bo:2:011:2 0 32 >
ffff8e2301f33740 2336618236 S Bo:2:011:2 -115 32 = 00000000 00000000 00000000 00000000 00000000 00000000 00000000 00000000
ffff8e2301f32240 2336621043 C Bo:2:011:2 0 32 >
ffff8e2301f32240 2336621048 S Bo:2:011:2 -115 32 = 00000000 00000000 00000000 00000000 00000000 00000000 00000000 00000000
ffff8e2301f33740 2336623899 C Bo:2:011:2 0 32 >
ffff8e2301f33740 2336623904 S Bo:2:011:2 -115 32 = 00000000 00000000 00000000 00000000 00000000 00000000 00000000 00000000
ffff8e2301f32240 2336626556 C Bo:2:011:2 0 32 >
ffff8e2301f32240 2336626561 S Bo:2:011:2 -115 32 = 00000000 00000000 00000000 00000000 00000000 00000000 00000000 00000000
ffff8e2301f33740 2336629366 C Bo:2:011:2 0 32 >
ffff8e2301f33740 2336629371 S Bo:2:011:2 -115 32 = 20008310 7aceffff ffffffff ffffffff ffffffff ffffffff ffffffff ffffffff
ffff8e2301f32240 2336632121 C Bo:2:011:2 0 32 >
ffff8e2301f32240 2336632126 S Bo:2:011:2 -115 32 = ffffffff ffffffff ffffffff ffffffff ffffffff ffffffff ffffffff ffffffff
ffff8e2301f33740 2336634903 C Bo:2:011:2 0 32 >
ffff8e2301f33740 2336634908 S Bo:2:011:2 -115 32 = 938c6108 00000000 00000000 00000000 20008208 0d5bffff ffffffff ffffffff
ffff8e2301f32240 2336637723 C Bo:2:011:2 0 32 >
ffff8e2301f32240 2336637728 S Bo:2:011:2 -115 8 = ffffffff ffff7312
ffff8e2301f33740 2336640472 C Bo:2:011:2 0 32 >
ffff8e2301f32240 2336643217 C Bo:2:011:2 0 8 >
ffff8e2301f326c0 2336656756 C Bi:2:011:2 0 9 = a5570083 00015906 dc
ffff8e2301f326c0 2336656767 S Bi:2:011:2 -115 32 <
ffff8e2301f32240 2336658343 S Bo:2:011:2 -115 32 = a5570084 0400ffff ffffffff ffffffff ffffffff ffffffff ffffffff ffffffff
ffff8e2301f33740 2336658347 S Bo:2:011:2 -115 32 = ffffffff ffffffff ffffffff ffff36a5 a3102100 00000000 00000000 00000000
ffff8e2301f32240 2336658438 C Bo:2:011:2 0 32 >
ffff8e2301f32240 2336658442 S Bo:2:011:2 -115 32 = 00000000 00000000 00000000 00000000 00000000 00000000 00000000 21003184
ffff8e2301f33740 2336658483 C Bo:2:011:2 0 32 >
ffff8e2301f33740 2336658485 S Bo:2:011:2 -115 32 = ffffffff ffffffff ffffffff ffffffff ffffffff ffffffff ffffffff ffffffff
ffff8e2301f32240 2336661229 C Bo:2:011:2 0 32 >
ffff8e2301f32240 2336661234 S Bo:2:011:2 -115 32 = ffffffff ffffffff ffffffff ffffffff ffffffff ffffffff ffffffff ffffffff
ffff8e2301f33740 2336664065 C Bo:2:011:2 0 32 >
ffff8e2301f33740 2336664070 S Bo:2:011:2 -115 32 = ffffffff ffffffff 5de7e939 62082000 00000000 00000000 00000000 00000000
ffff8e2301f32240 2336666902 C Bo:2:011:2 0 32 >
ffff8e2301f32240 2336666907 S Bo:2:011:2 -115 32 = 00000000 00000000 00000000 00000000 00000000 00000000 00000000 00000000
ffff8e2301f33740 2336669619 C Bo:2:011:2 0 32 >
ffff8e2301f33740 2336669624 S Bo:2:011:2 -115 32 = 00000000 00000000 00000000 00000000 00000000 00000000 00000000 00000000
ffff8e2301f32240 2336672337 C Bo:2:011:2 0 32 >
ffff8e2301f32240 2336672341 S Bo:2:011:2 -115 32 = 00000000 00000000 00000000 00000000 00000000 00000000 00000000 00000000
ffff8e2301f33740 2336675144 C Bo:2:011:2 0 32 >
ffff8e2301f33740 2336675149 S Bo:2:011:2 -115 32 = 00000000 00000000 00000000 00000000 00000000 00000000 00000000 00000000
ffff8e2301f32240 2336677923 C Bo:2:011:2 0 32 >
ffff8e2301f32240 2336677927 S Bo:2:011:2 -115 32 = 00000000 00000000 00000000 00000000 00000000 00000000 00000000 00000000
ffff8e2301f33740 2336680708 C Bo:2:011:2 0 32 >
ffff8e2301f33740 2336680713 S Bo:2:011:2 -115 32 = 00000000 00000000 00000000 00000000 00000000 00000000 00000000 00000000
ffff8e2301f32240 2336683412 C Bo:2:011:2 0 32 >
ffff8e2301f32240 2336683417 S Bo:2:011:2 -115 32 = 20008310 7aceffff ffffffff ffff1cdf 948c327c 117cf173 f173f173 f173f173
ffff8e2301f33740 2336686187 C Bo:2:011:2 0 32 >
ffff8e2301f33740 2336686191 S Bo:2:011:2 -115 32 = f173f173 117c327c 7384f594 f9b5ffff ffffffff ffffffff ffffffff ffffdfff
ffff8e2301f32240 2336689020 C Bo:2:011:2 0 32 >
ffff8e2301f32240 2336689025 S Bo:2:011:2 -115 32 = e8314100 00000000 00000000 00000000 6208c831 bff7ffff ffffffff ffffffff
ffff8e2301f33740 2336691756 C Bo:2:011:2 0 32 >
ffff8e2301f33740 2336691761 S Bo:2:011:2 -115 32 = ffffffff ffffffff 3de7738c ac4aa729 26212621 a8294a42 327c9bce ffffffff
ffff8e2301f32240 2336694541 C Bo:2:011:2 0 32 >
ffff8e2301f32240 2336694546 S Bo:2:011:2 -115 32 = ffffffff ffffffff ffffffff ffffffff 2e5b6208 20000000 00000000 00000000
ffff8e2301f33740 2336697337 C Bo:2:011:2 0 32 >
ffff8e2301f33740 2336697342 S Bo:2:011:2 -115 32 = 00000000 00000000 00000000 00000000 00000000 00000000 00000000 21004621
ffff8e2301f32240 2336700053 C Bo:2:011:2 0 32 >
ffff8e2301f32240 2336700059 S Bo:2:011:2 -115 32 = dfffffff ffffffff ffffffff ffffffff ffffffff ffffbbd6 d4944e63 6b42a829
ffff8e2301f33740 2336702906 C Bo:2:011:2 0 32 >
ffff8e2301f33740 2336702911 S Bo:2:011:2 -115 32 = 46210519 e5182519 6621093a ed523284 39c6ffff ffffffff ffffffff ffffffff
ffff8e2301f32240 2336705599 C Bo:2:011:2 0 32 >
ffff8e2301f32240 2336705604 S Bo:2:011:2 -115 32 = ffffffff ffffffff ffff7def a7296208 20000000 00000000 00000000 00000000
ffff8e2301f33740 2336708414 C Bo:2:011:2 0 32 >
ffff8e2301f33740 2336708419 S Bo:2:011:2 -115 32 = 00000000 00000000 00000000 00000000 00000000 00000000 00000000 00000000
ffff8e2301f32240 2336711162 C Bo:2:011:2 0 32 >
ffff8e2301f32240 2336711167 S Bo:2:011:2 -115 32 = 00000000 00000000 00000000 00000000 00000000 00000000 00000000 00000000
ffff8e2301f33740 2336713903 C Bo:2:011:2 0 32 >
ffff8e2301f33740 2336713908 S Bo:2:011:2 -115 32 = 00000000 00000000 00000000 00000000 00000000 00000000 00000000 00000000
ffff8e2301f32240 2336716686 C Bo:2:011:2 0 32 >
ffff8e2301f32240 2336716691 S Bo:2:011:2 -115 32 = 00000000 00000000 00000000 00000000 00000000 00000000 00000000 00000000
ffff8e2301f33740 2336719472 C Bo:2:011:2 0 32 >
ffff8e2301f33740 2336719477 S Bo:2:011:2 -115 32 = 00000000 00000000 00000000 00000000 00000000 00000000 00000000 00000000
ffff8e2301f32240 2336722291 C Bo:2:011:2 0 32 >
ffff8e2301f32240 2336722296 S Bo:2:011:2 -115 32 = 00000000 00000000 00000000 00000000 00000000 00000000 00000000 00000000
ffff8e2301f33740 2336725050 C Bo:2:011:2 0 32 >
ffff8e2301f33740 2336725054 S Bo:2:011:2 -115 32 = 20008310 7aceffff ffffffff ffff97ad 4621c410 82088208 62086208 62086208
ffff8e2301f32240 2336727766 C Bo:2:011:2 0 32 >
ffff8e2301f32240 2336727771 S Bo:2:011:2 -115 32 = 62088208 a310e418 67214b3a bcd6ffff ffffffff ffffffff ffffffff ffffd073
ffff8e2301f33740 2336730546 C Bo:2:011:2 0 32 >
ffff8e2301f33740 2336730551 S Bo:2:011:2 -115 32 = 82082000 00000000 00000000 00002100 c3107ace ffffffff ffffffff ffffffff
ffff8e2301f32240 2336733336 C Bo:2:011:2 0 32 >
ffff8e2301f32240 2336733341 S Bo:2:011:2 -115 32 = ffffffff dfff117c 2519a310 82086208 41084108 61086208 8310e418 2e5b7def
ffff8e2301f33740 2336736122 C Bo:2:011:2 0 32 >
ffff8e2301f33740 2336736127 S Bo:2:011:2 -115 32 = ffffffff ffffffff ffffffff ffffffff 9ef72621 41080000 00000000 00000000
ffff8e2301f32240 2336738901 C Bo:2:011:2 0 32 >
ffff8e2301f32240 2336738905 S Bo:2:011:2 -115 8 = 00000000 00008f5b
ffff8e2301f33740 2336741652 C Bo:2:011:2 0 32 >
ffff8e2301f32240 2336744380 C Bo:2:011:2 0 8 >
ffff8e2301f32e40 2336757760 C Bi:2:011:2 0 9 = a5570084 00015957 f1
ffff8e2301f32e40 2336757766 S Bi:2:011:2 -115 32 <
ffff8e2301f32240 2336759153 S Bo:2:011:2 -115 32 = a5570085 04000000 00000000 00000000 00000000 00000000 00000000 20008208
ffff8e2301f33740 2336759158 S Bo:2:011:2 -115 32 = 3284ffff ffffffff ffffffff ffffffff 1ce7317c a729c410 83106208 62084108
ffff8e2301f32240 2336759228 C Bo:2:011:2 0 32 >
ffff8e2301f32240 2336759232 S Bo:2:011:2 -115 32 = 41084108 41084108 41086108 62088208 c3106729 f1735de7 ffffffff ffffffff
ffff8e2301f33740 2336759264 C Bo:2:011:2 0 32 >
ffff8e2301f33740 2336759266 S Bo:2:011:2 -115 32 = ffffffff ffffffff ffffffff dbd62521 41080000 00000000 00000000 00000000
ffff8e2301f32240 2336762090 C Bo:2:011:2 0 32 >
ffff8e2301f32240 2336762095 S Bo:2:011:2 -115 32 = 00000000 00000000 00000000 00000000 00000000 00000000 00000000 00000000
ffff8e2301f33740 2336764906 C Bo:2:011:2 0 32 >
ffff8e2301f33740 2336764910 S Bo:2:011:2 -115 32 = 00000000 00000000 00000000 00000000 00000000 00000000 00000000 00000000
ffff8e2301f32240 2336767619 C Bo:2:011:2 0 32 >
ffff8e2301f32240 2336767624 S Bo:2:011:2 -115 32 = 00000000 00000000 00000000 00000000 00000000 00000000 00000000 00000000
ffff8e2301f33740 2336770367 C Bo:2:011:2 0 32 >
ffff8e2301f33740 2336770372 S Bo:2:011:2 -115 32 = 00000000 00000000 00000000 00000000 00000000 00000000 00000000 00000000
ffff8e2301f32240 2336773189 C Bo:2:011:2 0 32 >
ffff8e2301f32240 2336773194 S Bo:2:011:2 -115 32 = 00000000 00000000 00000000 00000000 00000000 00000000 00000000 00000000
ffff8e2301f33740 2336775974 C Bo:2:011:2 0 32 >
ffff8e2301f33740 2336775979 S Bo:2:011:2 -115 32 = 00000000 00000000 00000000 00000000 00000000 00000000 00000000 00000000
ffff8e2301f32240 2336778689 C Bo:2:011:2 0 32 >
ffff8e2301f32240 2336778694 S Bo:2:011:2 -115 32 = 20008210 7aceffff ffffffff ffffb48c c4104108 20000000 00000000 00000000
ffff8e2301f33740 2336781475 C Bo:2:011:2 0 32 >
ffff8e2301f33740 2336781480 S Bo:2:011:2 -115 32 = 00002000 41008310 2621f594 ffffffff ffffffff ffffffff ffffffff b8b5c410
ffff8e2301f32240 2336784256 C Bo:2:011:2 0 32 >
ffff8e2301f32240 2336784261 S Bo:2:011:2 -115 32 = 41000000 00000000 00000000 00006208 ed52ffff ffffffff ffffffff ffffffff
ffff8e2301f33740 2336787053 C Bo:2:011:2 0 32 >
ffff8e2301f33740 2336787058 S Bo:2:011:2 -115 32 = ffffbef7 8b4ac310 61082100 20000000 00000000 00000000 20004108 a310a831
ffff8e2301f32240 2336789766 C Bo:2:011:2 0 32 >
ffff8e2301f32240 2336789771 S Bo:2:011:2 -115 32 = 5de7ffff ffffffff ffffffff ffffffff ffff938c 82082000 00000000 00000000
ffff8e2301f33740 2336792530 C Bo:2:011:2 0 32 >
ffff8e2301f33740 2336792535 S Bo:2:011:2 -115 32 = 00000000 00000000 00000000 00000000 00000000 00000000 00000000 00004108
ffff8e2301f32240 2336795333 C Bo:2:011:2 0 32 >
ffff8e2301f32240 2336795338 S Bo:2:011:2 -115 32 = 0519fcde ffffffff ffffffff fcde4e63 05198310 61082100 20000000 00000000
ffff8e2301f33740 2336798121 C Bo:2:011:2 0 32 >
ffff8e2301f33740 2336798126 S Bo:2:011:2 -115 32 = 00000000 00000000 00000000 00002000 21004108 83102621 7384ffff ffffffff
ffff8e2301f32240 2336800956 C Bo:2:011:2 0 32 >
ffff8e2301f32240 2336800961 S Bo:2:011:2 -115 32 = ffffffff ffffffff ffffffff ffff359d a3102100 00000000 00000000 00000000
ffff8e2301f33740 2336803687 C Bo:2:011:2 0 32 >
ffff8e2301f33740 2336803692 S Bo:2:011:2 -115 32 = 00000000 00000000 00000000 00000000 00000000 00000000 00000000 00000000
ffff8e2301f32240 2336806404 C Bo:2:011:2 0 32 >
ffff8e2301f32240 2336806409 S Bo:2:011:2 -115 32 = 00000000 00000000 00000000 00000000 00000000 00000000 00000000 00000000
ffff8e2301f33740 2336809221 C Bo:2:011:2 0 32 >
ffff8e2301f33740 2336809226 S Bo:2:011:2 -115 32 = 00000000 00000000 00000000 00000000 00000000 00000000 00000000 00000000
ffff8e2301f32240 2336811982 C Bo:2:011:2 0 32 >
ffff8e2301f32240 2336811987 S Bo:2:011:2 -115 32 = 00000000 00000000 00000000 00000000 00000000 00000000 00000000 00000000
ffff8e2301f33740 2336814770 C Bo:2:011:2 0 32 >
ffff8e2301f33740 2336814775 S Bo:2:011:2 -115 32 = 00000000 00000000 00000000 00000000 00000000 00000000 00000000 00000000
ffff8e2301f32240 2336817528 C Bo:2:011:2 0 32 >
ffff8e2301f32240 2336817533 S Bo:2:011:2 -115 32 = 00000000 00000000 00000000 00000000 00000000 00000000 00000000 00000000
ffff8e2301f33740 2336820257 C Bo:2:011:2 0 32 >
ffff8e2301f33740 2336820262 S Bo:2:011:2 -115 32 = 20008208 7aceffff ffffffff ffffd073 82082000 00000000 00000000 00000000
ffff8e2301f32240 2336823044 C Bo:2:011:2 0 32 >
ffff8e2301f32240 2336823049 S Bo:2:011:2 -115 32 = 00000000 4100a310 ed52ffff ffffffff ffffffff ffffffff ffff3de7 46216208
ffff8e2301f33740 2336825900 C Bo:2:011:2 0 32 >
ffff8e2301f33740 2336825905 S Bo:2:011:2 -115 32 = 00000000 00000000 00000000 2100a310 dbd6ffff ffffffff ffffffff ffffffff
ffff8e2301f32240 2336828617 C Bo:2:011:2 0 32 >
ffff8e2301f32240 2336828622 S Bo:2:011:2 -115 32 = ffff0e5b c4104108 20000000 00000000 00000000 00000000 00000000 21008310
ffff8e2301f33740 2336831402 C Bo:2:011:2 0 32 >
ffff8e2301f33740 2336831407 S Bo:2:011:2 -115 32 = 0a3abff7 ffffffff ffffffff ffffffff ffffdff7 25214100 00000000 00000000
ffff8e2301f32240 2336834095 C Bo:2:011:2 0 32 >
ffff8e2301f32240 2336834099 S Bo:2:011:2 -115 32 = 00000000 00000000 00000000 00000000 00000000 00000000 00000000 00002000
ffff8e2301f33740 2336836903 C Bo:2:011:2 0 32 >
ffff8e2301f33740 2336836908 S Bo:2:011:2 -115 32 = 62088b4a ffffffff 9ef7b073 05198208 41082000 00000000 00000000 00000000
ffff8e2301f32240 2336839686 C Bo:2:011:2 0 32 >
ffff8e2301f32240 2336839691 S Bo:2:011:2 -115 8 = 00000000 0000ec05
ffff8e2301f33740 2336842473 C Bo:2:011:2 0 32 >
ffff8e2301f32240 2336845219 C Bo:2:011:2 0 8 >
ffff8e2301f326c0 2336858893 C Bi:2:011:2 0 9 = a5570085 00015921 45
ffff8e2301f326c0 2336858899 S Bi:2:011:2 -115 32 <
ffff8e2301f32240 2336860376 S Bo:2:011:2 -115 32 = a5570086 04000000 00000000 00000000 00000000 20004108 a3108b4a 9ef7ffff
ffff8e2301f33740 2336860380 S Bo:2:011:2 -115 32 = ffffffff ffffffff ffffffff ffffffff 4b426208 00000000 00000000 00000000
ffff8e2301f32240 2336860444 C Bo:2:011:2 0 32 >
ffff8e2301f32240 2336860447 S Bo:2:011:2 -115 32 = 00000000 00000000 00000000 00000000 00000000 00000000 00000000 00000000
ffff8e2301f33740 2336860488 C Bo:2:011:2 0 32 >
ffff8e2301f33740 2336860491 S Bo:2:011:2 -115 32 = 00000000 00000000 00000000 00000000 00000000 00000000 00000000 00000000
ffff8e2301f32240 2336863304 C Bo:2:011:2 0 32 >
ffff8e2301f32240 2336863309 S Bo:2:011:2 -115 32 = 00000000 00000000 00000000 00000000 00000000 00000000 00000000 00000000
ffff8e2301f33740 2336866058 C Bo:2:011:2 0 32 >
ffff8e2301f33740 2336866063 S Bo:2:011:2 -115 32 = 00000000 00000000 00000000 00000000 00000000 00000000 00000000 00000000
ffff8e2301f32240 2336868903 C Bo:2:011:2 0 32 >
ffff8e2301f32240 2336868908 S Bo:2:011:2 -115 32 = 00000000 00000000 00000000 00000000 00000000 00000000 00000000 00000000
ffff8e2301f33740 2336871653 C Bo:2:011:2 0 32 >
ffff8e2301f33740 2336871657 S Bo:2:011:2 -115 32 = 00000000 00000000 00000000 00000000 00000000 00000000 00000000 00000000
ffff8e2301f32240 2336874405 C Bo:2:011:2 0 32 >
ffff8e2301f32240 2336874410 S Bo:2:011:2 -115 32 = 00006208 59c6ffff ffffffff ffffed5a 61080000 00000000 00000000 00000000
ffff8e2301f33740 2336877145 C Bo:2:011:2 0 32 >
ffff8e2301f33740 2336877151 S Bo:2:011:2 -115 32 = 00002000 6208a729 7eefffff ffffffff ffffffff ffffffff dfff4a42 82082000
ffff8e2301f32240 2336879901 C Bo:2:011:2 0 32 >
ffff8e2301f32240 2336879905 S Bo:2:011:2 -115 32 = 00000000 00000000 00000000 4108293a ffffffff ffffffff ffffffff ffffffff
ffff8e2301f33740 2336882693 C Bo:2:011:2 0 32 >
ffff8e2301f33740 2336882698 S Bo:2:011:2 -115 32 = b8ad4621 a3104108 20002000 00000000 00000000 00000000 00000000 00002100
ffff8e2301f32240 2336885472 C Bo:2:011:2 0 32 >
ffff8e2301f32240 2336885478 S Bo:2:011:2 -115 32 = a3107384 ffffffff ffffffff ffffffff ffffffff 6f636208 00000000 00000000
ffff8e2301f33740 2336888259 C Bo:2:011:2 0 32 >
ffff8e2301f33740 2336888264 S Bo:2:011:2 -115 32 = 00000000 00000000 00000000 00000000 00000000 00000000 00000000 00000000
ffff8e2301f32240 2336891045 C Bo:2:011:2 0 32 >
ffff8e2301f32240 2336891050 S Bo:2:011:2 -115 32 = 20008208 159df8bd 6629a310 41082000 00000000 00000000 00000000 00000000
ffff8e2301f33740 2336893793 C Bo:2:011:2 0 32 >
ffff8e2301f33740 2336893798 S Bo:2:011:2 -115 32 = 00000000 00000000 00000000 00000000 00000000 00000000 41008310 2a3abef7
ffff8e2301f32240 2336896553 C Bo:2:011:2 0 32 >
ffff8e2301f32240 2336896558 S Bo:2:011:2 -115 32 = ffffffff ffffffff ffffffff ffffffff bbd6c310 21000000 00000000 00000000
ffff8e2301f33740 2336899372 C Bo:2:011:2 0 32 >
ffff8e2301f33740 2336899377 S Bo:2:011:2 -115 32 = 00000000 00000000 00000000 00000000 00000000 00000000 00000000 00000000
ffff8e2301f32240 2336902122 C Bo:2:011:2 0 32 >
ffff8e2301f32240 2336902127 S Bo:2:011:2 -115 32 = 00000000 00000000 00000000 00000000 00000000 00000000 00000000 00000000
ffff8e2301f33740 2336904907 C Bo:2:011:2 0 32 >
ffff8e2301f33740 2336904912 S Bo:2:011:2 -115 32 = 00000000 00000000 00000000 00000000 00000000 00000000 00000000 00000000
ffff8e2301f32240 2336907691 C Bo:2:011:2 0 32 >
ffff8e2301f32240 2336907695 S Bo:2:011:2 -115 32 = 00000000 00000000 00000000 00000000 00000000 00000000 00000000 00000000
ffff8e2301f33740 2336910406 C Bo:2:011:2 0 32 >
ffff8e2301f33740 2336910410 S Bo:2:011:2 -115 32 = 00000000 00000000 00000000 00000000 00000000 00000000 00000000 00000000
ffff8e2301f32240 2336913167 C Bo:2:011:2 0 32 >
ffff8e2301f32240 2336913172 S Bo:2:011:2 -115 32 = 00000000 00000000 00000000 00000000 00000000 00000000 00000000 00000000
ffff8e2301f33740 2336915977 C Bo:2:011:2 0 32 >
ffff8e2301f33740 2336915982 S Bo:2:011:2 -115 32 = 00004108 39c6ffff ffffffff ffff093a 21000000 00000000 00000000 00000000
ffff8e2301f32240 2336918760 C Bo:2:011:2 0 32 >
ffff8e2301f32240 2336918765 S Bo:2:011:2 -115 32 = 00004108 e4185ac6 ffffffff ffffffff ffffffff ffffffff d073a310 21000000
ffff8e2301f33740 2336921475 C Bo:2:011:2 0 32 >
ffff8e2301f33740 2336921480 S Bo:2:011:2 -115 32 = 00000000 00000000 00000000 8208d494 ffffffff ffffffff ffffffff ffffffff
ffff8e2301f32240 2336924232 C Bo:2:011:2 0 32 >
ffff8e2301f32240 2336924237 S Bo:2:011:2 -115 32 = ee528729 e418a310 82086208 62086208 62086208 41082000 00000000 00000000
ffff8e2301f33740 2336927025 C Bo:2:011:2 0 32 >
ffff8e2301f33740 2336927030 S Bo:2:011:2 -115 32 = 61084621 9eefffff ffffffff ffffffff ffffffff 59c6a310 20000000 00000000
ffff8e2301f32240 2336929818 C Bo:2:011:2 0 32 >
ffff8e2301f32240 2336929823 S Bo:2:011:2 -115 32 = 00000000 00000000 00000000 00000000 00000000 00000000 00000000 00000000
ffff8e2301f33740 2336932623 C Bo:2:011:2 0 32 >
ffff8e2301f33740 2336932628 S Bo:2:011:2 -115 32 = 00002000 82106208 41082000 00000000 00000000 00000000 00000000 00000000
ffff8e2301f32240 2336935332 C Bo:2:011:2 0 32 >
ffff8e2301f32240 2336935337 S Bo:2:011:2 -115 32 = 00000000 00000000 00000000 00000000 00000000 00000000 00002100 8310ed52
ffff8e2301f33740 2336938118 C Bo:2:011:2 0 32 >
ffff8e2301f33740 2336938123 S Bo:2:011:2 -115 32 = ffffffff ffffffff ffffffff ffffffff ffff6b4a 62080000 00000000 00000000
ffff8e2301f32240 2336940901 C Bo:2:011:2 0 32 >
ffff8e2301f32240 2336940906 S Bo:2:011:2 -115 8 = 00000000 000081ea
ffff8e2301f33740 2336943654 C Bo:2:011:2 0 32 >
ffff8e2301f32240 2336946419 C Bo:2:011:2 0 8 >
ffff8e2301f32e40 2336959891 C Bi:2:011:2 0 9 = a5570086 000159ba 99
ffff8e2301f32e40 2336959902 S Bi:2:011:2 -115 32 <
ffff8e2301f32240 2336961332 S Bo:2:011:2 -115 32 = a5570087 04000000 00000000 00000000 00000000 00000000 00000000 00000000
ffff8e2301f33740 2336961336 S Bo:2:011:2 -115 32 = 00000000 00000000 00000000 00000000 00000000 00000000 00000000 00000000
ffff8e2301f32240 2336961404 C Bo:2:011:2 0 32 >
ffff8e2301f32240 2336961407 S Bo:2:011:2 -115 32 = 00000000 00000000 00000000 00000000 00000000 00000000 00000000 00000000
ffff8e2301f33740 2336961443 C Bo:2:011:2 0 32 >
ffff8e2301f33740 2336961445 S Bo:2:011:2 -115 32 = 00000000 00000000 00000000 00000000 00000000 00000000 00000000 00000000
ffff8e2301f32240 2336964238 C Bo:2:011:2 0 32 >
ffff8e2301f32240 2336964242 S Bo:2:011:2 -115 32 = 00000000 00000000 00000000 00000000 00000000 00000000 00000000 00000000
ffff8e2301f33740 2336967054 C Bo:2:011:2 0 32 >
ffff8e2301f33740 2336967059 S Bo:2:011:2 -115 32 = 00000000 00000000 00000000 00000000 00000000 00000000 00000000 00000000
ffff8e2301f32240 2336969796 C Bo:2:011:2 0 32 >
ffff8e2301f32240 2336969801 S Bo:2:011:2 -115 32 = 00002000 0419a729 e831c831 87296208 20000000 00000000 00000000 00000000
ffff8e2301f33740 2336972558 C Bo:2:011:2 0 32 >
ffff8e2301f33740 2336972563 S Bo:2:011:2 -115 32 = 2100a310 b48cffff ffffffff ffffffff ffffffff ffffb7ad c4104108 00000000
ffff8e2301f32240 2336975318 C Bo:2:011:2 0 32 >
ffff8e2301f32240 2336975323 S Bo:2:011:2 -115 32 = 00000000 00000000 00002000 a3103de7 ffffffff ffffffff ffffffff ffff9eef
ffff8e2301f33740 2336978096 C Bo:2:011:2 0 32 >
ffff8e2301f33740 2336978101 S Bo:2:011:2 -115 32 = 1695948c 327c117c f173f173 f173f173 f073d073 6e6ba731 20000000 00000000
ffff8e2301f32240 2336980877 C Bo:2:011:2 0 32 >
ffff8e2301f32240 2336980882 S Bo:2:011:2 -115 32 = 2000a310 159dffff ffffffff ffffffff ffffffff ffff2521 41000000 00000000
ffff8e2301f33740 2336983634 C Bo:2:011:2 0 32 >
ffff8e2301f33740 2336983639 S Bo:2:011:2 -115 32 = 00000000 00000000 00000000 00000000 00000000 00000000 00000000 00000000
ffff8e2301f32240 2336986385 C Bo:2:011:2 0 32 >
ffff8e2301f32240 2336986389 S Bo:2:011:2 -115 32 = 00000000 00000000 00000000 00000000 00000000 00000000 00000000 00000000
ffff8e2301f33740 2336989161 C Bo:2:011:2 0 32 >
ffff8e2301f33740 2336989166 S Bo:2:011:2 -115 32 = 00000000 00000000 00000000 00000000 00000000 00000000 00000000 4100c310
ffff8e2301f32240 2336991980 C Bo:2:011:2 0 32 >
ffff8e2301f32240 2336991985 S Bo:2:011:2 -115 32 = 56a5ffff ffffffff ffffffff ffffffff ffff97ad a3102000 00000000 00000000
ffff8e2301f33740 2336994723 C Bo:2:011:2 0 32 >
ffff8e2301f33740 2336994728 S Bo:2:011:2 -115 32 = 00000000 00000000 00000000 00000000 00000000 00000000 00000000 00000000
ffff8e2301f32240 2336997517 C Bo:2:011:2 0 32 >
ffff8e2301f32240 2336997521 S Bo:2:011:2 -115 32 = 00000000 00000000 00000000 00000000 00000000 00000000 00000000 00000000
ffff8e2301f33740 2337000335 C Bo:2:011:2 0 32 >
ffff8e2301f33740 2337000340 S Bo:2:011:2 -115 32 = 00000000 00000000 00000000 00000000 00000000 00000000 00000000 00000000
ffff8e2301f32240 2337003058 C Bo:2:011:2 0 32 >
ffff8e2301f32240 2337003063 S Bo:2:011:2 -115 32 = 00000000 00000000 00000000 00000000 00000000 00000000 00000000 00000000
ffff8e2301f33740 2337005913 C Bo:2:011:2 0 32 >
ffff8e2301f33740 2337005918 S Bo:2:011:2 -115 32 = 00000000 00000000 00000000 00000000 00000000 00000000 00000000 00000000
ffff8e2301f32240 2337008627 C Bo:2:011:2 0 32 >
ffff8e2301f32240 2337008632 S Bo:2:011:2 -115 32 = 00000000 00000000 00000000 00000000 00000000 00000000 00000000 00000000
ffff8e2301f33740 2337011373 C Bo:2:011:2 0 32 >
ffff8e2301f33740 2337011377 S Bo:2:011:2 -115 32 = 00000000 20004100 41084108 21000000 00000000 00000000 00000000 00002000
ffff8e2301f32240 2337014193 C Bo:2:011:2 0 32 >
ffff8e2301f32240 2337014198 S Bo:2:011:2 -115 32 = 8208cd52 ffffffff ffffffff ffffffff ffffffff 1cdf4621 62080000 00000000
ffff8e2301f33740 2337016905 C Bo:2:011:2 0 32 >
ffff8e2301f33740 2337016910 S Bo:2:011:2 -115 32 = 00000000 00000000 00004108 8729ffff ffffffff ffffffff ffffffff ffffffff
ffff8e2301f32240 2337019712 C Bo:2:011:2 0 32 >
ffff8e2301f32240 2337019715 S Bo:2:011:2 -115 32 = ffffffff ffffffff ffffffff ffffffff ffffffff fffff49c 41080000 00000000
ffff8e2301f33740 2337022476 C Bo:2:011:2 0 32 >
ffff8e2301f33740 2337022481 S Bo:2:011:2 -115 32 = 00006208 8c4affff ffffffff ffffffff ffffffff ffffab4a 61080000 00000000
ffff8e2301f32240 2337025244 C Bo:2:011:2 0 32 >
ffff8e2301f32240 2337025249 S Bo:2:011:2 -115 32 = 00000000 00000000 00000000 00000000 00000000 00000000 00000000 00000000
ffff8e2301f33740 2337028036 C Bo:2:011:2 0 32 >
ffff8e2301f33740 2337028041 S Bo:2:011:2 -115 32 = 00000000 00000000 00000000 00000000 00000000 00000000 00000000 00002000
ffff8e2301f32240 2337030761 C Bo:2:011:2 0 32 >
ffff8e2301f32240 2337030765 S Bo:2:011:2 -115 32 = 20002000 20002000 20002000 20002000 20002000 20000000 00000000 20006208
ffff8e2301f33740 2337033544 C Bo:2:011:2 0 32 >
ffff8e2301f33740 2337033549 S Bo:2:011:2 -115 32 = a729dfff ffffffff ffffffff ffffffff ffffffff 26214100 00000000 00000000
ffff8e2301f32240 2337036309 C Bo:2:011:2 0 32 >
ffff8e2301f32240 2337036314 S Bo:2:011:2 -115 32 = 00000000 00000000 00000000 00000000 00000000 00000000 00000000 00000000
ffff8e2301f33740 2337039090 C Bo:2:011:2 0 32 >
ffff8e2301f33740 2337039095 S Bo:2:011:2 -115 32 = 00000000 00000000 00000000 00000000 00000000 00000000 00000000 00000000
ffff8e2301f32240 2337041915 C Bo:2:011:2 0 32 >
ffff8e2301f32240 2337041920 S Bo:2:011:2 -115 8 = 00000000 0000063a
ffff8e2301f33740 2337044626 C Bo:2:011:2 0 32 >
ffff8e2301f32240 2337047368 C Bo:2:011:2 0 8 >
ffff8e2301f326c0 2337060891 C Bi:2:011:2 0 9 = a5570087 000159cc 2d
ffff8e2301f326c0 2337060903 S Bi:2:011:2 -115 32 <
ffff8e2301f32240 2337061915 S Bo:2:011:2 -115 32 = a5570088 04000000 00000000 00000000 00000000 00000000 00000000 00000000
ffff8e2301f33740 2337061919 S Bo:2:011:2 -115 32 = 00000000 00000000 00000000 00000000 00000000 00000000 00000000 00000000
ffff8e2301f32240 2337061991 C Bo:2:011:2 0 32 >
ffff8e2301f32240 2337061994 S Bo:2:011:2 -115 32 = 00000000 00000000 00000000 00000000 00000000 00000000 00000000 00000000
ffff8e2301f33740 2337062035 C Bo:2:011:2 0 32 >
ffff8e2301f33740 2337062036 S Bo:2:011:2 -115 32 = 00000000 00000000 00000000 00000000 00000000 00000000 00000000 00000000
ffff8e2301f32240 2337064902 C Bo:2:011:2 0 32 >
ffff8e2301f32240 2337064912 S Bo:2:011:2 -115 32 = 00000000 00000000 00000000 00000000 00000000 00000000 00000000 20006208
ffff8e2301f33740 2337067657 C Bo:2:011:2 0 32 >
ffff8e2301f33740 2337067670 S Bo:2:011:2 -115 32 = a8319ef7 ffffffff ffffffff ffffffff ffffdfff 2a3a6208 20000000 00000000
ffff8e2301f32240 2337070416 C Bo:2:011:2 0 32 >
ffff8e2301f32240 2337070427 S Bo:2:011:2 -115 32 = 00000000 00000000 00006208 0d5bffff ffffffff ffffffff ffffffff ffffffff
ffff8e2301f33740 2337073167 C Bo:2:011:2 0 32 >
ffff8e2301f33740 2337073178 S Bo:2:011:2 -115 32 = ffffffff ffffffff ffffffff ffffffff ffffffff fffff8bd 82082000 00000000
ffff8e2301f32240 2337075980 C Bo:2:011:2 0 32 >
ffff8e2301f32240 2337075992 S Bo:2:011:2 -115 32 = 00004108 0519ffff ffffffff ffffffff ffffffff ffff327c 62080000 00000000
ffff8e2301f33740 2337078697 C Bo:2:011:2 0 32 >
ffff8e2301f33740 2337078708 S Bo:2:011:2 -115 32 = 00000000 00000000 00000000 00000000 00002000 41004108 62086208 62086208
ffff8e2301f32240 2337081477 C Bo:2:011:2 0 32 >
ffff8e2301f32240 2337081488 S Bo:2:011:2 -115 32 = 41084100 21002000 00000000 00000000 00000000 00000000 20004108 82088310
ffff8e2301f33740 2337084267 C Bo:2:011:2 0 32 >
ffff8e2301f33740 2337084280 S Bo:2:011:2 -115 32 = a310a310 a310a310 a310a310 a310a310 a3108310 82086208 21000000 00002100
ffff8e2301f32240 2337087054 C Bo:2:011:2 0 32 >
ffff8e2301f32240 2337087067 S Bo:2:011:2 -115 32 = a31076a5 ffffffff ffffffff ffffffff ffffffff ed5a6208 00000000 00000000
ffff8e2301f33740 2337089767 C Bo:2:011:2 0 32 >
ffff8e2301f33740 2337089774 S Bo:2:011:2 -115 32 = 00000000 00000000 00000000 00000000 00000000 00000000 00000000 00000000
ffff8e2301f32240 2337092556 C Bo:2:011:2 0 32 >
ffff8e2301f32240 2337092576 S Bo:2:011:2 -115 32 = 00000000 00000000 00000000 00000000 00000000 00000000 00000000 00000000
ffff8e2301f33740 2337095333 C Bo:2:011:2 0 32 >
ffff8e2301f33740 2337095346 S Bo:2:011:2 -115 32 = 00000000 00000000 00000000 00000000 00000000 00000000 00000000 00000000
ffff8e2301f32240 2337098118 C Bo:2:011:2 0 32 >
ffff8e2301f32240 2337098131 S Bo:2:011:2 -115 32 = 00000000 00000000 00000000 00000000 00000000 00000000 00000000 00000000
ffff8e2301f33740 2337100904 C Bo:2:011:2 0 32 >
ffff8e2301f33740 2337100917 S Bo:2:011:2 -115 32 = 00000000 00000000 00000000 00000000 00000000 00000000 00000000 00000000
ffff8e2301f32240 2337103687 C Bo:2:011:2 0 32 >
ffff8e2301f32240 2337103700 S Bo:2:011:2 -115 32 = 00000000 00000000 00000000 00000000 00000000 00000000 00000000 00000000
ffff8e2301f33740 2337106415 C Bo:2:011:2 0 32 >
ffff8e2301f33740 2337106428 S Bo:2:011:2 -115 32 = 00000000 00000000 00000000 00000000 00000000 00000000 00000000 4108e418
ffff8e2301f32240 2337109188 C Bo:2:011:2 0 32 >
ffff8e2301f32240 2337109199 S Bo:2:011:2 -115 32 = 7aceffff ffffffff ffffffff ffffffff ffffb06b 83102100 00000000 00000000
ffff8e2301f33740 2337111974 C Bo:2:011:2 0 32 >
ffff8e2301f33740 2337111987 S Bo:2:011:2 -115 32 = 00000000 00000000 00006208 3284ffff ffffffff ffffffff ffffffff ffffffff
ffff8e2301f32240 2337114731 C Bo:2:011:2 0 32 >
ffff8e2301f32240 2337114738 S Bo:2:011:2 -115 32 = ffffffff ffffffff ffffffff ffffffff ffffffff ffffdbde a3102000 00000000
ffff8e2301f33740 2337117494 C Bo:2:011:2 0 32 >
ffff8e2301f33740 2337117505 S Bo:2:011:2 -115 32 = 00002100 c310dcde ffffffff ffffffff ffffffff ffff56a5 82080000 00000000
ffff8e2301f32240 2337120259 C Bo:2:011:2 0 32 >
ffff8e2301f32240 2337120270 S Bo:2:011:2 -115 32 = 00000000 00000000 00000000 00002100 6208a310 25214a42 4e63b06b 8f6b0d5b
ffff8e2301f33740 2337123057 C Bo:2:011:2 0 32 >
ffff8e2301f33740 2337123070 S Bo:2:011:2 -115 32 = 6a422521 a3106208 41000000 00000000 00000000 00002000 a3109ef7 9ef79ef7
ffff8e2301f32240 2337125904 C Bo:2:011:2 0 32 >
ffff8e2301f32240 2337125915 S Bo:2:011:2 -115 32 = 9ef79ef7 9ef79ef7 9ef79ef7 9ef79ef7 9ef79ef7 9ef79ef7 8f6b2100 00002000
ffff8e2301f33740 2337128628 C Bo:2:011:2 0 32 >
ffff8e2301f33740 2337128641 S Bo:2:011:2 -115 32 = 6208ac4a ffffffff ffffffff ffffffff ffffffff 159d8208 20000000 00000000
ffff8e2301f32240 2337131402 C Bo:2:011:2 0 32 >
ffff8e2301f32240 2337131415 S Bo:2:011:2 -115 32 = 00000000 00000000 00000000 00000000 00000000 00000000 00000000 00000000
ffff8e2301f33740 2337134118 C Bo:2:011:2 0 32 >
ffff8e2301f33740 2337134132 S Bo:2:011:2 -115 32 = 00000000 00000000 00000000 00000000 00000000 00000000 00000000 00000000
ffff8e2301f32240 2337136948 C Bo:2:011:2 0 32 >
ffff8e2301f32240 2337136967 S Bo:2:011:2 -115 32 = 00000000 00000000 00000000 00000000 00000000 00000000 00000000 00000000
ffff8e2301f33740 2337139689 C Bo:2:011:2 0 32 >
ffff8e2301f33740 2337139701 S Bo:2:011:2 -115 32 = 00000000 00000000 00000000 00000000 00000000 00000000 00000000 00000000
ffff8e2301f32240 2337142479 C Bo:2:011:2 0 32 >
ffff8e2301f32240 2337142491 S Bo:2:011:2 -115 8 = 00000000 0000a9ee
ffff8e2301f33740 2337145189 C Bo:2:011:2 0 32 >
ffff8e2301f32240 2337147937 C Bo:2:011:2 0 8 >
ffff8e2301f32e40 2337161891 C Bi:2:011:2 0 9 = a5570088 00015918 c3
ffff8e2301f32e40 2337161906 S Bi:2:011:2 -115 32 <
ffff8e2301f32240 2337163686 S Bo:2:011:2 -115 32 = a5570089 04000000 00000000 00000000 00000000 00000000 00000000 00000000
ffff8e2301f33740 2337163690 S Bo:2:011:2 -115 32 = 00000000 00000000 00000000 00000000 00000000 00000000 00000000 00000000
ffff8e2301f32240 2337163754 C Bo:2:011:2 0 32 >
ffff8e2301f32240 2337163757 S Bo:2:011:2 -115 32 = 00000000 00000000 00000000 00000000 00000000 00000000 00002100 a310d494
ffff8e2301f33740 2337163867 C Bo:2:011:2 0 32 >
ffff8e2301f33740 2337163871 S Bo:2:011:2 -115 32 = ffffffff ffffffff ffffffff ffffffff 97ada310 41000000 00000000 00000000
ffff8e2301f32240 2337166619 C Bo:2:011:2 0 32 >
ffff8e2301f32240 2337166630 S Bo:2:011:2 -115 32 = 00000000 00000000 00008208 56a5ffff ffffffff ffffffff ffffffff ffffffff
ffff8e2301f33740 2337169387 C Bo:2:011:2 0 32 >
ffff8e2301f33740 2337169398 S Bo:2:011:2 -115 32 = ffffffff ffffffff ffffffff ffffffff ffffffff ffffbef7 c4102100 00000000
ffff8e2301f32240 2337172189 C Bo:2:011:2 0 32 >
ffff8e2301f32240 2337172202 S Bo:2:011:2 -115 32 = 00002000 a31076ad ffffffff ffffffff ffffffff ffff5ac6 83102000 00000000
ffff8e2301f33740 2337174902 C Bo:2:011:2 0 32 >
ffff8e2301f33740 2337174915 S Bo:2:011:2 -115 32 = 00000000 00000000 00002000 6208c410 0d5b39c6 ffffffff ffffffff ffffffff
ffff8e2301f32240 2337177691 C Bo:2:011:2 0 32 >
ffff8e2301f32240 2337177704 S Bo:2:011:2 -115 32 = ffffffff 9ace6f63 04196208 20000000 00000000 00002100 0519ffff ffffffff
ffff8e2301f33740 2337180476 C Bo:2:011:2 0 32 >
ffff8e2301f33740 2337180487 S Bo:2:011:2 -115 32 = ffffffff ffffffff ffffffff ffffffff ffffffff ffffffff 31844108 00000000
ffff8e2301f32240 2337183259 C Bo:2:011:2 0 32 >
ffff8e2301f32240 2337183270 S Bo:2:011:2 -115 32 = 41080519 dff7ffff ffffffff ffffffff ffffffff dcdea310 20000000 00000000
ffff8e2301f33740 2337186057 C Bo:2:011:2 0 32 >
ffff8e2301f33740 2337186070 S Bo:2:011:2 -115 32 = 00000000 00000000 00000000 00000000 00000000 00000000 00000000 00000000
ffff8e2301f32240 2337188902 C Bo:2:011:2 0 32 >
ffff8e2301f32240 2337188913 S Bo:2:011:2 -115 32 = 00000000 00000000 00000000 00000000 00000000 00000000 00000000 00000000
ffff8e2301f33740 2337191544 C Bo:2:011:2 0 32 >
ffff8e2301f33740 2337191554 S Bo:2:011:2 -115 32 = 00000000 00000000 00000000 00000000 00000000 00000000 00000000 00000000
ffff8e2301f32240 2337194344 C Bo:2:011:2 0 32 >
ffff8e2301f32240 2337194363 S Bo:2:011:2 -115 32 = 00000000 00000000 00000000 00000000 00000000 00000000 00000000 00000000
ffff8e2301f33740 2337197120 C Bo:2:011:2 0 32 >
ffff8e2301f33740 2337197131 S Bo:2:011:2 -115 32 = 00000000 00000000 00000000 00000000 00000000 00000000 00000000 00000000
ffff8e2301f32240 2337199914 C Bo:2:011:2 0 32 >
ffff8e2301f32240 2337199927 S Bo:2:011:2 -115 32 = 00000000 00000000 00000000 00000000 00000000 00000000 00000000 00000000
ffff8e2301f33740 2337202654 C Bo:2:011:2 0 32 >
ffff8e2301f33740 2337202667 S Bo:2:011:2 -115 32 = 00000000 00000000 00000000 00000000 00000000 00000000 20008208 ed5affff
ffff8e2301f32240 2337205441 C Bo:2:011:2 0 32 >
ffff8e2301f32240 2337205452 S Bo:2:011:2 -115 32 = ffffffff ffffffff ffffffff ffff1cdf 25214108 00000000 00000000 00000000
ffff8e2301f33740 2337208195 C Bo:2:011:2 0 32 >
ffff8e2301f33740 2337208206 S Bo:2:011:2 -115 32 = 00000000 00000000 20008208 39c6ffff ffffffff ffffffff ffffffff ffffffff
ffff8e2301f32240 2337210975 C Bo:2:011:2 0 32 >
ffff8e2301f32240 2337210988 S Bo:2:011:2 -115 32 = ffffffff ffffffff ffffffff ffffffff ffffffff ffffffff 25194100 00000000
ffff8e2301f33740 2337213723 C Bo:2:011:2 0 32 >
ffff8e2301f33740 2337213734 S Bo:2:011:2 -115 32 = 00002000 8208d494 ffffffff ffffffff ffffffff ffff5def a3102000 00000000
ffff8e2301f32240 2337216494 C Bo:2:011:2 0 32 >
ffff8e2301f32240 2337216507 S Bo:2:011:2 -115 32 = 00000000 00000000 21008208 2a42dbde ffffffff ffffffff ffffffff ffffffff
ffff8e2301f33740 2337219259 C Bo:2:011:2 0 32 >
ffff8e2301f33740 2337219270 S Bo:2:011:2 -115 32 = ffffffff ffffffff 5def8b4a 82082100 00000000 00004108 4621ffff ffffffff
ffff8e2301f32240 2337222047 C Bo:2:011:2 0 32 >
ffff8e2301f32240 2337222060 S Bo:2:011:2 -115 32 = ffffffff ffffffff ffffffff ffffffff ffffffff ffffffff 728c6208 00000000
ffff8e2301f33740 2337224903 C Bo:2:011:2 0 32 >
ffff8e2301f33740 2337224915 S Bo:2:011:2 -115 32 = 2100c310 59c6ffff ffffffff ffffffff ffffffff ffff0519 41000000 00000000
ffff8e2301f32240 2337227546 C Bo:2:011:2 0 32 >
ffff8e2301f32240 2337227555 S Bo:2:011:2 -115 32 = 00000000 00000000 00000000 00000000 00000000 00000000 00000000 00000000
ffff8e2301f33740 2337230335 C Bo:2:011:2 0 32 >
ffff8e2301f33740 2337230353 S Bo:2:011:2 -115 32 = 00000000 00000000 00000000 00000000 00000000 00000000 00000000 00000000
ffff8e2301f32240 2337233168 C Bo:2:011:2 0 32 >
ffff8e2301f32240 2337233179 S Bo:2:011:2 -115 32 = 00000000 00000000 00000000 00000000 00000000 00000000 00000000 00000000
ffff8e2301f33740 2337235904 C Bo:2:011:2 0 32 >
ffff8e2301f33740 2337235917 S Bo:2:011:2 -115 32 = 00000000 00000000 00000000 00000000 00000000 00000000 00000000 00000000
ffff8e2301f32240 2337238709 C Bo:2:011:2 0 32 >
ffff8e2301f32240 2337238722 S Bo:2:011:2 -115 32 = 00000000 00000000 00000000 00000000 00000000 00000000 00000000 00000000
ffff8e2301f33740 2337241476 C Bo:2:011:2 0 32 >
ffff8e2301f33740 2337241489 S Bo:2:011:2 -115 32 = 00000000 00000000 00000000 00000000 00000000 00000000 00000000 00000000
ffff8e2301f32240 2337244193 C Bo:2:011:2 0 32 >
ffff8e2301f32240 2337244206 S Bo:2:011:2 -115 8 = 00000000 00006a35
ffff8e2301f33740 2337246975 C Bo:2:011:2 0 32 >
ffff8e2301f32240 2337249730 C Bo:2:011:2 0 8 >
ffff8e2301f326c0 2337263894 C Bi:2:011:2 0 9 = a5570089 0001596e 77
ffff8e2301f326c0 2337263908 S Bi:2:011:2 -115 32 <
ffff8e2301f32240 2337265433 S Bo:2:011:2 -115 32 = a557008a 04000000 00000000 00000000 00000000 00002000 6208a831 9ef7ffff
ffff8e2301f33740 2337265437 S Bo:2:011:2 -115 32 = ffffffff ffffffff ffffffff dfff093a 62082000 00000000 00000000 00000000
ffff8e2301f32240 2337265501 C Bo:2:011:2 0 32 >
ffff8e2301f32240 2337265504 S Bo:2:011:2 -115 32 = 00000000 00000000 20008310 bbd6ffff ffffffff ffffffff ffffffff ffffffff
ffff8e2301f33740 2337265546 C Bo:2:011:2 0 32 >
ffff8e2301f33740 2337265548 S Bo:2:011:2 -115 32 = ffffffff ffffffff ffffffff ffffffff ffffffff ffffffff a8314108 00000000
ffff8e2301f32240 2337268334 C Bo:2:011:2 0 32 >
ffff8e2301f32240 2337268347 S Bo:2:011:2 -115 32 = 00002000 82085284 ffffffff ffffffff ffffffff ffffbef7 c4102100 00000000
ffff8e2301f33740 2337271121 C Bo:2:011:2 0 32 >
ffff8e2301f33740 2337271132 S Bo:2:011:2 -115 32 = 00000000 00002000 82084e63 ffffffff ffffffff ffffffff ffffffff ffffffff
ffff8e2301f32240 2337273907 C Bo:2:011:2 0 32 >
ffff8e2301f32240 2337273920 S Bo:2:011:2 -115 32 = ffffffff ffffffff ffffffff 117c8208 21000000 00004108 4621ffff ffffffff
ffff8e2301f33740 2337276693 C Bo:2:011:2 0 32 >
ffff8e2301f33740 2337276706 S Bo:2:011:2 -115 32 = ffffffff ffffffff ffffffff ffffffff ffffffff ffffffff 72846208 00000000
ffff8e2301f32240 2337279477 C Bo:2:011:2 0 32 >
ffff8e2301f32240 2337279490 S Bo:2:011:2 -115 32 = 20008310 d494ffff ffffffff ffffffff ffffffff ffffc831 41080000 00000000
ffff8e2301f33740 2337282192 C Bo:2:011:2 0 32 >
ffff8e2301f33740 2337282203 S Bo:2:011:2 -115 32 = 00000000 00000000 00000000 00000000 00000000 00000000 00000000 00000000
ffff8e2301f32240 2337284978 C Bo:2:011:2 0 32 >
ffff8e2301f32240 2337284991 S Bo:2:011:2 -115 32 = 00000000 00000000 00000000 00000000 00000000 00000000 00000000 00000000
ffff8e2301f33740 2337287779 C Bo:2:011:2 0 32 >
ffff8e2301f33740 2337287791 S Bo:2:011:2 -115 32 = 00000000 00000000 00000000 00000000 00000000 00000000 00000000 00000000
ffff8e2301f32240 2337290555 C Bo:2:011:2 0 32 >
ffff8e2301f32240 2337290568 S Bo:2:011:2 -115 32 = 00000000 00000000 00000000 00000000 00000000 00000000 00000000 00000000
ffff8e2301f33740 2337293268 C Bo:2:011:2 0 32 >
ffff8e2301f33740 2337293280 S Bo:2:011:2 -115 32 = 00000000 00000000 00000000 00000000 00000000 00000000 00000000 00000000
ffff8e2301f32240 2337296055 C Bo:2:011:2 0 32 >
ffff8e2301f32240 2337296068 S Bo:2:011:2 -115 32 = 00000000 00000000 00000000 00000000 00000000 00000000 00000000 00000000
ffff8e2301f33740 2337298909 C Bo:2:011:2 0 32 >
ffff8e2301f33740 2337298922 S Bo:2:011:2 -115 32 = 00000000 00000000 00000000 00000000 00000000 00004108 05199bce ffffffff
ffff8e2301f32240 2337301587 C Bo:2:011:2 0 32 >
ffff8e2301f32240 2337301599 S Bo:2:011:2 -115 32 = ffffffff ffffffff ffffffff 8f6b8210 20000000 00000000 00000000 00000000
ffff8e2301f33740 2337304407 C Bo:2:011:2 0 32 >
ffff8e2301f33740 2337304420 S Bo:2:011:2 -115 32 = 00000000 00000000 20008310 fcdeffff ffffffff ffffffff ffffffff 77a58729
ffff8e2301f32240 2337307190 C Bo:2:011:2 0 32 >
ffff8e2301f32240 2337307201 S Bo:2:011:2 -115 32 = 0519c310 c310e418 6721f173 ffffffff ffffffff ffffffff 6b426208 20000000
ffff8e2301f33740 2337309905 C Bo:2:011:2 0 32 >
ffff8e2301f33740 2337309918 S Bo:2:011:2 -115 32 = 00002000 8310117c ffffffff ffffffff ffffffff ffffffff e4182100 00000000
ffff8e2301f32240 2337312692 C Bo:2:011:2 0 32 >
ffff8e2301f32240 2337312704 S Bo:2:011:2 -115 32 = 00000000 20006208 ed5affff ffffffff ffffffff ffffffff ffffffff ffffffff
ffff8e2301f33740 2337315475 C Bo:2:011:2 0 32 >
ffff8e2301f33740 2337315486 S Bo:2:011:2 -115 32 = ffffffff ffffffff ffffffff ffffaf6b 82082000 20004100 0519ffff ffffffff
ffff8e2301f32240 2337318260 C Bo:2:011:2 0 32 >
ffff8e2301f32240 2337318273 S Bo:2:011:2 -115 32 = ffffffff ffffffff ffffffff ffffffff ffffffff ffffffff 31844108 00000000
ffff8e2301f33740 2337320984 C Bo:2:011:2 0 32 >
ffff8e2301f33740 2337320995 S Bo:2:011:2 -115 32 = 00008208 f173ffff ffffffff ffffffff ffffffff ffff8b4a 61080000 00000000
ffff8e2301f32240 2337323765 C Bo:2:011:2 0 32 >
ffff8e2301f32240 2337323778 S Bo:2:011:2 -115 32 = 00000000 00000000 00000000 00000000 00000000 00000000 00000000 00000000
ffff8e2301f33740 2337326557 C Bo:2:011:2 0 32 >
ffff8e2301f33740 2337326569 S Bo:2:011:2 -115 32 = 00000000 00000000 00000000 00000000 00000000 00000000 00000000 00000000
ffff8e2301f32240 2337329289 C Bo:2:011:2 0 32 >
ffff8e2301f32240 2337329301 S Bo:2:011:2 -115 32 = 00000000 00000000 00000000 00000000 00000000 00000000 00000000 00000000
ffff8e2301f33740 2337332122 C Bo:2:011:2 0 32 >
ffff8e2301f33740 2337332135 S Bo:2:011:2 -115 32 = 00000000 00000000 00000000 00000000 00000000 00000000 00000000 00000000
ffff8e2301f32240 2337334904 C Bo:2:011:2 0 32 >
ffff8e2301f32240 2337334917 S Bo:2:011:2 -115 32 = 00000000 00000000 00000000 00000000 00000000 00000000 00000000 00000000
ffff8e2301f33740 2337337622 C Bo:2:011:2 0 32 >
ffff8e2301f33740 2337337633 S Bo:2:011:2 -115 32 = 00000000 00000000 00000000 00000000 00000000 00000000 00000000 00000000
ffff8e2301f32240 2337340404 C Bo:2:011:2 0 32 >
ffff8e2301f32240 2337340417 S Bo:2:011:2 -115 32 = 00000000 00000000 00000000 00000000 00000000 2100a310 f594ffff ffffffff
ffff8e2301f33740 2337343190 C Bo:2:011:2 0 32 >
ffff8e2301f33740 2337343203 S Bo:2:011:2 -115 32 = ffffffff ffffffff ffff77ad a3104100 00000000 00000000 00000000 00000000
ffff8e2301f32240 2337345984 C Bo:2:011:2 0 32 >
ffff8e2301f32240 2337345997 S Bo:2:011:2 -115 8 = 00000000 0000433b
ffff8e2301f33740 2337348669 C Bo:2:011:2 0 32 >
ffff8e2301f32240 2337351474 C Bo:2:011:2 0 8 >
ffff8e2301f32e40 2337364761 C Bi:2:011:2 0 9 = a557008a 000159f5 ab
ffff8e2301f32e40 2337364774 S Bi:2:011:2 -115 32 <
ffff8e2301f32240 2337365580 S Bo:2:011:2 -115 32 = a557008b 04000000 20008310 5de7ffff ffffffff ffffffff ffffffff d494e418
ffff8e2301f33740 2337365585 S Bo:2:011:2 -115 32 = 62082100 21004108 c410ed52 ffffffff ffffffff ffffffff 4f63c410 61082100
ffff8e2301f32240 2337365645 C Bo:2:011:2 0 32 >
ffff8e2301f32240 2337365649 S Bo:2:011:2 -115 32 = 21006208 e418327c ffffffff ffffffff ffffffff ffffffff 05194100 00000000
ffff8e2301f33740 2337365692 C Bo:2:011:2 0 32 >
ffff8e2301f33740 2337365693 S Bo:2:011:2 -115 32 = 00000000 41088729 dff7ffff ffffffff ffffffff ffffffff ffffffff ffffffff
ffff8e2301f32240 2337368536 C Bo:2:011:2 0 32 >
ffff8e2301f32240 2337368546 S Bo:2:011:2 -115 32 = ffffffff ffffffff ffffffff ffffffff c8316108 20002000 82084e63 b48cf9bd
ffff8e2301f33740 2337371260 C Bo:2:011:2 0 32 >
ffff8e2301f33740 2337371268 S Bo:2:011:2 -115 32 = 3de7ffff ffffffff ffffffff ffffffff ffff19be f494af6b 66292000 00000000
ffff8e2301f32240 2337374052 C Bo:2:011:2 0 32 >
ffff8e2301f32240 2337374063 S Bo:2:011:2 -115 32 = 00006208 2e63ffff ffffffff ffffffff ffffffff ffffed52 62080000 00000000
ffff8e2301f33740 2337376812 C Bo:2:011:2 0 32 >
ffff8e2301f33740 2337376823 S Bo:2:011:2 -115 32 = 00000000 00000000 00000000 00000000 00000000 00000000 00000000 00000000
ffff8e2301f32240 2337379584 C Bo:2:011:2 0 32 >
ffff8e2301f32240 2337379595 S Bo:2:011:2 -115 32 = 00000000 00000000 00000000 00000000 00000000 00000000 00000000 00000000
ffff8e2301f33740 2337382335 C Bo:2:011:2 0 32 >
ffff8e2301f33740 2337382344 S Bo:2:011:2 -115 32 = 00000000 00000000 00000000 00000000 00000000 00000000 00000000 00000000
ffff8e2301f32240 2337385115 C Bo:2:011:2 0 32 >
ffff8e2301f32240 2337385128 S Bo:2:011:2 -115 32 = 00000000 00000000 00000000 00000000 00000000 00000000 00000000 00000000
ffff8e2301f33740 2337387917 C Bo:2:011:2 0 32 >
ffff8e2301f33740 2337387931 S Bo:2:011:2 -115 32 = 00000000 00000000 00000000 00000000 00000000 00000000 00000000 00000000
ffff8e2301f32240 2337390689 C Bo:2:011:2 0 32 >
ffff8e2301f32240 2337390704 S Bo:2:011:2 -115 32 = 00000000 00000000 00000000 00000000 00000000 00000000 00000000 00000000
ffff8e2301f33740 2337393460 C Bo:2:011:2 0 32 >
ffff8e2301f33740 2337393474 S Bo:2:011:2 -115 32 = 00000000 00000000 00000000 00000000 00002000 82082e5b ffffffff ffffffff
ffff8e2301f32240 2337396259 C Bo:2:011:2 0 32 >
ffff8e2301f32240 2337396271 S Bo:2:011:2 -115 32 = ffffffff ffffffff fcde2521 41080000 00000000 00000000 00000000 00000000
ffff8e2301f33740 2337398983 C Bo:2:011:2 0 32 >
ffff8e2301f33740 2337398996 S Bo:2:011:2 -115 32 = 00000000 00000000 20008310 fcdeffff ffffffff ffffffff ffffffff 738ca310
ffff8e2301f32240 2337401771 C Bo:2:011:2 0 32 >
ffff8e2301f32240 2337401783 S Bo:2:011:2 -115 32 = 20000000 00002000 62080a3a ffffffff ffffffff ffffffff 53846729 e418c310
ffff8e2301f33740 2337404545 C Bo:2:011:2 0 32 >
ffff8e2301f33740 2337404556 S Bo:2:011:2 -115 32 = c310e518 8729948c ffffffff ffffffff ffffffff ffffffff e4182100 00000000
ffff8e2301f32240 2337407339 C Bo:2:011:2 0 32 >
ffff8e2301f32240 2337407351 S Bo:2:011:2 -115 32 = 00002000 a310f8bd ffffffff ffffffff ffffffff ffffffff ffffffff ffffffff
ffff8e2301f33740 2337410058 C Bo:2:011:2 0 32 >
ffff8e2301f33740 2337410071 S Bo:2:011:2 -115 32 = ffffffff ffffffff ffffffff ffffffff 39c6a310 41002000 41008208 0519a829
ffff8e2301f32240 2337412877 C Bo:2:011:2 0 32 >
ffff8e2301f32240 2337412884 S Bo:2:011:2 -115 32 = f273ffff ffffffff ffffffff ffffffff ffff8729 c4106208 20000000 00000000
ffff8e2301f33740 2337415619 C Bo:2:011:2 0 32 >
ffff8e2301f33740 2337415632 S Bo:2:011:2 -115 32 = 00006208 ed52ffff ffffffff ffffffff ffffffff ffff2e63 62080000 00000000
ffff8e2301f32240 2337418404 C Bo:2:011:2 0 32 >
ffff8e2301f32240 2337418417 S Bo:2:011:2 -115 32 = 00000000 00000000 00000000 00000000 00000000 00000000 00000000 00000000
ffff8e2301f33740 2337421194 C Bo:2:011:2 0 32 >
ffff8e2301f33740 2337421205 S Bo:2:011:2 -115 32 = 00000000 00000000 00000000 00000000 00000000 00000000 00000000 00000000
ffff8e2301f32240 2337423949 C Bo:2:011:2 0 32 >
ffff8e2301f32240 2337423958 S Bo:2:011:2 -115 32 = 00000000 00000000 00000000 00000000 00000000 00000000 00000000 00000000
ffff8e2301f33740 2337426727 C Bo:2:011:2 0 32 >
ffff8e2301f33740 2337426740 S Bo:2:011:2 -115 32 = 00000000 00000000 00000000 00000000 00000000 00000000 00000000 00000000
ffff8e2301f32240 2337429474 C Bo:2:011:2 0 32 >
ffff8e2301f32240 2337429487 S Bo:2:011:2 -115 32 = 00000000 00000000 00000000 00000000 00000000 00000000 00000000 00000000
ffff8e2301f33740 2337432259 C Bo:2:011:2 0 32 >
ffff8e2301f33740 2337432272 S Bo:2:011:2 -115 32 = 00000000 00000000 00000000 00000000 00000000 00000000 00000000 00000000
ffff8e2301f32240 2337435055 C Bo:2:011:2 0 32 >
ffff8e2301f32240 2337435068 S Bo:2:011:2 -115 32 = 00000000 00000000 00000000 00000000 20006208 c831bef7 ffffffff ffffffff
ffff8e2301f33740 2337437902 C Bo:2:011:2 0 32 >
ffff8e2301f33740 2337437915 S Bo:2:011:2 -115 32 = ffffffff ffffdfff 093a6208 20000000 00000000 00000000 00000000 00000000
ffff8e2301f32240 2337440522 C Bo:2:011:2 0 32 >
ffff8e2301f32240 2337440535 S Bo:2:011:2 -115 32 = 00000000 00000000 20008310 bbd6ffff ffffffff ffffffff ffffffff b4948208
ffff8e2301f33740 2337443348 C Bo:2:011:2 0 32 >
ffff8e2301f33740 2337443358 S Bo:2:011:2 -115 32 = 20000000 00000000 41086729 ffffffff ffffffff ffffffff ffffffff ffffffff
ffff8e2301f32240 2337446125 C Bo:2:011:2 0 32 >
ffff8e2301f32240 2337446136 S Bo:2:011:2 -115 8 = ffffffff fffff5e8
ffff8e2301f33740 2337448904 C Bo:2:011:2 0 32 >
ffff8e2301f32240 2337451612 C Bo:2:011:2 0 8 >
ffff8e2301f326c0 2337465726 C Bi:2:011:2 0 9 = a557008b 00015983 1f
ffff8e2301f326c0 2337465732 S Bi:2:011:2 -115 32 <
ffff8e2301f32240 2337467267 S Bo:2:011:2 -115 32 = a557008c 0400ffff ffffffff ffffffff ffffffff ffffbef7 c3102100 00000000
ffff8e2301f33740 2337467272 S Bo:2:011:2 -115 32 = 00004108 e939ffff ffffffff ffffffff ffffffff ffff39be cd528729 8829ed52
ffff8e2301f32240 2337467371 C Bo:2:011:2 0 32 >
ffff8e2301f32240 2337467377 S Bo:2:011:2 -115 32 = 3ac6ffff ffffffff ffffffff ffffffff ffff093a 62084100 41088208 e418a829
ffff8e2301f33740 2337467410 C Bo:2:011:2 0 32 >
ffff8e2301f33740 2337467413 S Bo:2:011:2 -115 32 = 537cffff ffffffff ffffffff ffffffff ffff0519 61082000 00000000 00000000
ffff8e2301f32240 2337470195 C Bo:2:011:2 0 32 >
ffff8e2301f32240 2337470200 S Bo:2:011:2 -115 32 = 00006208 cc52ffff ffffffff ffffffff ffffffff ffff4e63 62080000 00000000
ffff8e2301f33740 2337472948 C Bo:2:011:2 0 32 >
ffff8e2301f33740 2337472953 S Bo:2:011:2 -115 32 = 00000000 00000000 00000000 00000000 00000000 00000000 00000000 00000000
ffff8e2301f32240 2337475769 C Bo:2:011:2 0 32 >
ffff8e2301f32240 2337475774 S Bo:2:011:2 -115 32 = 00000000 00000000 00000000 00000000 00000000 00000000 00000000 00000000
ffff8e2301f33740 2337478476 C Bo:2:011:2 0 32 >
ffff8e2301f33740 2337478481 S Bo:2:011:2 -115 32 = 00000000 00000000 00000000 00000000 00000000 00000000 00000000 00000000
ffff8e2301f32240 2337481259 C Bo:2:011:2 0 32 >
ffff8e2301f32240 2337481264 S Bo:2:011:2 -115 32 = 00000000 00000000 00000000 00000000 00000000 00000000 00000000 00000000
ffff8e2301f33740 2337484055 C Bo:2:011:2 0 32 >
ffff8e2301f33740 2337484060 S Bo:2:011:2 -115 32 = 00000000 00000000 00000000 00000000 00000000 00000000 00000000 00000000
ffff8e2301f32240 2337486906 C Bo:2:011:2 0 32 >
ffff8e2301f32240 2337486911 S Bo:2:011:2 -115 32 = 00000000 00000000 00000000 00000000 00000000 00000000 00000000 00000000
ffff8e2301f33740 2337489600 C Bo:2:011:2 0 32 >
ffff8e2301f33740 2337489605 S Bo:2:011:2 -115 32 = 00000000 00000000 00000000 00000000 41080519 bbd6ffff ffffffff ffffffff
ffff8e2301f32240 2337492334 C Bo:2:011:2 0 32 >
ffff8e2301f32240 2337492340 S Bo:2:011:2 -115 32 = ffffffff ffff8f6b 82102000 00000000 00000000 00000000 00000000 00000000
ffff8e2301f33740 2337495121 C Bo:2:011:2 0 32 >
ffff8e2301f33740 2337495127 S Bo:2:011:2 -115 32 = 00000000 00000000 20008208 39c6ffff ffffffff ffffffff ffffffff 159d8208
ffff8e2301f32240 2337497919 C Bo:2:011:2 0 32 >
ffff8e2301f32240 2337497923 S Bo:2:011:2 -115 32 = 20000000 00000000 4100e418 ffffffff ffffffff ffffffff ffffffff ffffffff
ffff8e2301f33740 2337500699 C Bo:2:011:2 0 32 >
ffff8e2301f33740 2337500704 S Bo:2:011:2 -115 32 = ffffffff ffffffff ffffffff ffffffff ffffffff ffff3de7 a3102000 00000000
ffff8e2301f32240 2337503475 C Bo:2:011:2 0 32 >
ffff8e2301f32240 2337503479 S Bo:2:011:2 -115 32 = 20008208 b494ffff ffffffff ffffffff ffffffff 97ad4621 a3108208 8208a310
ffff8e2301f33740 2337506194 C Bo:2:011:2 0 32 >
ffff8e2301f33740 2337506199 S Bo:2:011:2 -115 32 = 462197ad ffffffff ffffffff ffffffff ffffd494 e418a310 a310e418 6b42b8b5
ffff8e2301f32240 2337508982 C Bo:2:011:2 0 32 >
ffff8e2301f32240 2337508987 S Bo:2:011:2 -115 32 = ffffffff ffffffff ffffffff ffffffff ffffc310 21000000 00000000 00000000
ffff8e2301f33740 2337511780 C Bo:2:011:2 0 32 >
ffff8e2301f33740 2337511785 S Bo:2:011:2 -115 32 = 00006208 0d5bffff ffffffff ffffffff ffffffff ffff0e5b 62080000 00000000
ffff8e2301f32240 2337514551 C Bo:2:011:2 0 32 >
ffff8e2301f32240 2337514556 S Bo:2:011:2 -115 32 = 00000000 00000000 00000000 00000000 00000000 00000000 00000000 00000000
ffff8e2301f33740 2337517339 C Bo:2:011:2 0 32 >
ffff8e2301f33740 2337517344 S Bo:2:011:2 -115 32 = 00000000 00000000 00000000 00000000 00000000 00000000 00000000 00000000
ffff8e2301f32240 2337520120 C Bo:2:011:2 0 32 >
ffff8e2301f32240 2337520125 S Bo:2:011:2 -115 32 = 00000000 00000000 00000000 00000000 00000000 00000000 00000000 00000000
ffff8e2301f33740 2337522907 C Bo:2:011:2 0 32 >
ffff8e2301f33740 2337522911 S Bo:2:011:2 -115 32 = 00000000 00000000 00000000 00000000 00000000 00000000 00000000 00000000
ffff8e2301f32240 2337525654 C Bo:2:011:2 0 32 >
ffff8e2301f32240 2337525659 S Bo:2:011:2 -115 32 = 00000000 00000000 00000000 00000000 00000000 00000000 00000000 00000000
ffff8e2301f33740 2337528414 C Bo:2:011:2 0 32 >
ffff8e2301f33740 2337528419 S Bo:2:011:2 -115 32 = 00000000 00000000 00000000 00000000 00000000 00000000 00000000 00000000
ffff8e2301f32240 2337531148 C Bo:2:011:2 0 32 >
ffff8e2301f32240 2337531153 S Bo:2:011:2 -115 32 = 00000000 00000000 00000000 00002100 a310159d ffffffff ffffffff ffffffff
ffff8e2301f33740 2337533966 C Bo:2:011:2 0 32 >
ffff8e2301f33740 2337533970 S Bo:2:011:2 -115 32 = ffffffff 76ada310 41000000 00000000 00000000 00000000 00000000 00000000
ffff8e2301f32240 2337536699 C Bo:2:011:2 0 32 >
ffff8e2301f32240 2337536704 S Bo:2:011:2 -115 32 = 00000000 00000000 00008208 56a5ffff ffffffff ffffffff ffffffff b7b5a310
ffff8e2301f33740 2337539514 C Bo:2:011:2 0 32 >
ffff8e2301f33740 2337539519 S Bo:2:011:2 -115 32 = 20000000 00000000 2100c310 5defffff ffffffff ffffffff ffffffff ffffffff
ffff8e2301f32240 2337542259 C Bo:2:011:2 0 32 >
ffff8e2301f32240 2337542265 S Bo:2:011:2 -115 32 = ffffffff ffffffff ffffffff ffffffff ffffffff ffff39c6 83102000 00000000
ffff8e2301f33740 2337545053 C Bo:2:011:2 0 32 >
ffff8e2301f33740 2337545058 S Bo:2:011:2 -115 32 = 2000a310 3ce7ffff ffffffff ffffffff ffff9eef 87298310 21002000 20004100
ffff8e2301f32240 2337547772 C Bo:2:011:2 0 32 >
ffff8e2301f32240 2337547778 S Bo:2:011:2 -115 8 = 83108729 9eef0037
ffff8e2301f33740 2337550550 C Bo:2:011:2 0 32 >
ffff8e2301f32240 2337553317 C Bo:2:011:2 0 8 >
ffff8e2301f32e40 2337566673 C Bi:2:011:2 0 9 = a557008c 000159d2 32
ffff8e2301f32e40 2337566685 S Bi:2:011:2 -115 32 <
ffff8e2301f32240 2337568308 S Bo:2:011:2 -115 32 = a557008d 0400ffff ffffffff ffffffff ffffdcd6 a8296729 0e5b5ac6 ffffffff
ffff8e2301f33740 2337568313 S Bo:2:011:2 -115 32 = ffffffff ffffffff ffffffff ffffffff ffffa310 20000000 00000000 00000000
ffff8e2301f32240 2337568405 C Bo:2:011:2 0 32 >
ffff8e2301f32240 2337568410 S Bo:2:011:2 -115 32 = 00006208 2e63ffff ffffffff ffffffff ffffffff ffffcc52 62080000 00000000
ffff8e2301f33740 2337568444 C Bo:2:011:2 0 32 >
ffff8e2301f33740 2337568446 S Bo:2:011:2 -115 32 = 00000000 00000000 00000000 00000000 00000000 00000000 00000000 00000000
ffff8e2301f32240 2337571241 C Bo:2:011:2 0 32 >
ffff8e2301f32240 2337571245 S Bo:2:011:2 -115 32 = 00000000 00000000 00000000 00000000 00000000 00000000 00000000 00000000
ffff8e2301f33740 2337573955 C Bo:2:011:2 0 32 >
ffff8e2301f33740 2337573960 S Bo:2:011:2 -115 32 = 00000000 00000000 00000000 00000000 00000000 00000000 00000000 00000000
ffff8e2301f32240 2337576762 C Bo:2:011:2 0 32 >
ffff8e2301f32240 2337576767 S Bo:2:011:2 -115 32 = 00000000 00000000 00000000 00000000 00000000 00000000 00000000 00000000
ffff8e2301f33740 2337579546 C Bo:2:011:2 0 32 >
ffff8e2301f33740 2337579551 S Bo:2:011:2 -115 32 = 00000000 00000000 00000000 00000000 00000000 00000000 00000000 00000000
ffff8e2301f32240 2337582311 C Bo:2:011:2 0 32 >
ffff8e2301f32240 2337582316 S Bo:2:011:2 -115 32 = 00000000 00000000 00000000 00000000 00000000 00000000 00000000 00000000
ffff8e2301f33740 2337585098 C Bo:2:011:2 0 32 >
ffff8e2301f33740 2337585103 S Bo:2:011:2 -115 32 = 00000000 00000000 00000000 20008208 4e63ffff ffffffff ffffffff ffffffff
ffff8e2301f32240 2337587909 C Bo:2:011:2 0 32 >
ffff8e2301f32240 2337587914 S Bo:2:011:2 -115 32 = fffffcde 25214108 00000000 00000000 00000000 00000000 00000000 00000000
ffff8e2301f33740 2337590628 C Bo:2:011:2 0 32 >
ffff8e2301f33740 2337590632 S Bo:2:011:2 -115 32 = 00000000 00000000 00006208 5284ffff ffffffff ffffffff ffffffff 1de7c410
ffff8e2301f32240 2337593411 C Bo:2:011:2 0 32 >
ffff8e2301f32240 2337593416 S Bo:2:011:2 -115 32 = 21000000 00000000 2000a310 9bceffff ffffffff ffffffff ffffffff ffffffff
ffff8e2301f33740 2337596190 C Bo:2:011:2 0 32 >
ffff8e2301f33740 2337596194 S Bo:2:011:2 -115 32 = ffffffff ffffffff ffffffff ffffffff ffffffff ffff359d 82082000 00000000
ffff8e2301f32240 2337598983 C Bo:2:011:2 0 32 >
ffff8e2301f32240 2337598988 S Bo:2:011:2 -115 32 = 41004621 ffffffff ffffffff ffffffff fffff59c c4104100 00000000 00000000
ffff8e2301f33740 2337601747 C Bo:2:011:2 0 32 >
ffff8e2301f33740 2337601752 S Bo:2:011:2 -115 32 = 4100c410 159dffff ffffffff ffffffff ffffffff d5943de7 ffffffff ffffffff
ffff8e2301f32240 2337604475 C Bo:2:011:2 0 32 >
ffff8e2301f32240 2337604480 S Bo:2:011:2 -115 32 = ffffffff ffffffff ffffffff ffffffff ffffa310 20000000 00000000 00000000
ffff8e2301f33740 2337607260 C Bo:2:011:2 0 32 >
ffff8e2301f33740 2337607265 S Bo:2:011:2 -115 32 = 00006208 8f6bffff ffffffff ffffffff ffffffff ffff4a42 61080000 00000000
ffff8e2301f32240 2337610054 C Bo:2:011:2 0 32 >
ffff8e2301f32240 2337610059 S Bo:2:011:2 -115 32 = 00000000 00000000 00000000 00000000 00000000 00000000 00000000 00000000
ffff8e2301f33740 2337612771 C Bo:2:011:2 0 32 >
ffff8e2301f33740 2337612776 S Bo:2:011:2 -115 32 = 00000000 00000000 00000000 00000000 00000000 00000000 00000000 00000000
ffff8e2301f32240 2337615545 C Bo:2:011:2 0 32 >
ffff8e2301f32240 2337615550 S Bo:2:011:2 -115 32 = 00000000 00000000 00000000 00000000 00000000 00000000 00000000 00000000
ffff8e2301f33740 2337618342 C Bo:2:011:2 0 32 >
ffff8e2301f33740 2337618347 S Bo:2:011:2 -115 32 = 00000000 00000000 00000000 00000000 00000000 00000000 00000000 00000000
ffff8e2301f32240 2337621121 C Bo:2:011:2 0 32 >
ffff8e2301f32240 2337621126 S Bo:2:011:2 -115 32 = 00000000 00000000 00000000 00000000 00000000 00000000 00000000 00000000
ffff8e2301f33740 2337623918 C Bo:2:011:2 0 32 >
ffff8e2301f33740 2337623923 S Bo:2:011:2 -115 32 = 00000000 00000000 00000000 00000000 00000000 00000000 00000000 00000000
ffff8e2301f32240 2337626690 C Bo:2:011:2 0 32 >
ffff8e2301f32240 2337626695 S Bo:2:011:2 -115 32 = 00000000 00000000 00002000 6208c831 bff7ffff ffffffff ffffffff ffffffff
ffff8e2301f33740 2337629406 C Bo:2:011:2 0 32 >
ffff8e2301f33740 2337629411 S Bo:2:011:2 -115 32 = dfff093a 62082000 00000000 00000000 00000000 00000000 00000000 00000000
ffff8e2301f32240 2337632191 C Bo:2:011:2 0 32 >
ffff8e2301f32240 2337632196 S Bo:2:011:2 -115 32 = 00000000 00000000 00006208 2e63ffff ffffffff ffffffff ffffffff ffff4621
ffff8e2301f33740 2337634983 C Bo:2:011:2 0 32 >
ffff8e2301f33740 2337634988 S Bo:2:011:2 -115 32 = 41080000 00000000 00006208 b7b5ffff ffffffff ffffffff ffffffff ffffffff
ffff8e2301f32240 2337637760 C Bo:2:011:2 0 32 >
ffff8e2301f32240 2337637764 S Bo:2:011:2 -115 32 = ffffffff ffffffff ffffffff ffffffff ffffffff fffff17b 62080000 00000000
ffff8e2301f33740 2337640478 C Bo:2:011:2 0 32 >
ffff8e2301f33740 2337640484 S Bo:2:011:2 -115 32 = 41082a42 ffffffff ffffffff ffffffff ffff4e63 82082000 00000000 00000000
ffff8e2301f32240 2337643260 C Bo:2:011:2 0 32 >
ffff8e2301f32240 2337643265 S Bo:2:011:2 -115 32 = 20008208 6f63ffff ffffffff ffffffff ffffffff ffffffff ffffffff ffffffff
ffff8e2301f33740 2337646054 C Bo:2:011:2 0 32 >
ffff8e2301f33740 2337646059 S Bo:2:011:2 -115 32 = ffffffff ffffffff ffffffff ffffffff ffffa310 20000000 00000000 00000000
ffff8e2301f32240 2337648949 C Bo:2:011:2 0 32 >
ffff8e2301f32240 2337648953 S Bo:2:011:2 -115 8 = 00008208 3284d6bd
ffff8e2301f33740 2337651620 C Bo:2:011:2 0 32 >
ffff8e2301f32240 2337654346 C Bo:2:011:2 0 8 >
ffff8e2301f326c0 2337667896 C Bi:2:011:2 0 9 = a557008d 000159a4 86
ffff8e2301f326c0 2337667908 S Bi:2:011:2 -115 32 <
ffff8e2301f32240 2337669011 S Bo:2:011:2 -115 32 = a557008e 0400ffff ffffffff ffffffff ffffffff ffff8729 41080000 00000000
ffff8e2301f33740 2337669015 S Bo:2:011:2 -115 32 = 00000000 00000000 00000000 00000000 00000000 00000000 00000000 00000000
ffff8e2301f32240 2337669079 C Bo:2:011:2 0 32 >
ffff8e2301f32240 2337669083 S Bo:2:011:2 -115 32 = 00000000 00000000 00000000 00000000 00000000 00000000 00000000 00000000
ffff8e2301f33740 2337669121 C Bo:2:011:2 0 32 >
ffff8e2301f33740 2337669123 S Bo:2:011:2 -115 32 = 00000000 00000000 00000000 00000000 00000000 00000000 00000000 00000000
ffff8e2301f32240 2337671915 C Bo:2:011:2 0 32 >
ffff8e2301f32240 2337671920 S Bo:2:011:2 -115 32 = 00000000 00000000 00000000 00000000 00000000 00000000 00000000 00000000
ffff8e2301f33740 2337674696 C Bo:2:011:2 0 32 >
ffff8e2301f33740 2337674702 S Bo:2:011:2 -115 32 = 00000000 00000000 00000000 00000000 00000000 00000000 00000000 00000000
ffff8e2301f32240 2337677476 C Bo:2:011:2 0 32 >
ffff8e2301f32240 2337677481 S Bo:2:011:2 -115 32 = 00000000 00000000 00000000 00000000 00000000 00000000 00000000 00000000
ffff8e2301f33740 2337680234 C Bo:2:011:2 0 32 >
ffff8e2301f33740 2337680239 S Bo:2:011:2 -115 32 = 00000000 00000000 00004108 0519dbd6 ffffffff ffffffff ffffffff ffffffff
ffff8e2301f32240 2337683047 C Bo:2:011:2 0 32 >
ffff8e2301f32240 2337683052 S Bo:2:011:2 -115 32 = 8f6b8208 20000000 00000000 00000000 00000000 00002000 21004108 41082100
ffff8e2301f33740 2337685795 C Bo:2:011:2 0 32 >
ffff8e2301f33740 2337685800 S Bo:2:011:2 -115 32 = 20000000 00000000 00004108 c831ffff ffffffff ffffffff ffffffff ffffcc52
ffff8e2301f32240 2337688545 C Bo:2:011:2 0 32 >
ffff8e2301f32240 2337688550 S Bo:2:011:2 -115 32 = 62080000 00000000 00004108 d494ffff ffffffff ffffffff ffffffff ffffffff
ffff8e2301f33740 2337691322 C Bo:2:011:2 0 32 >
ffff8e2301f33740 2337691327 S Bo:2:011:2 -115 32 = ffffffff ffffffff ffffffff ffffffff ffffffff ffff6b42 41080000 00000000
ffff8e2301f32240 2337694125 C Bo:2:011:2 0 32 >
ffff8e2301f32240 2337694130 S Bo:2:011:2 -115 32 = 6108ac52 ffffffff ffffffff ffffffff ffff6b42 62080000 00000000 00000000
ffff8e2301f33740 2337696953 C Bo:2:011:2 0 32 >
ffff8e2301f33740 2337696958 S Bo:2:011:2 -115 32 = 00006208 ac4affff ffffffff ffffffff ffffffff ffffffff ffffffff ffffffff
ffff8e2301f32240 2337699696 C Bo:2:011:2 0 32 >
ffff8e2301f32240 2337699701 S Bo:2:011:2 -115 32 = ffffffff ffffffff ffffffff ffffffff ffffa310 20000000 00000000 00000000
ffff8e2301f33740 2337702417 C Bo:2:011:2 0 32 >
ffff8e2301f33740 2337702422 S Bo:2:011:2 -115 32 = 20008310 159dffff ffffffff ffffffff ffffffff ffffe418 41000000 00000000
ffff8e2301f32240 2337705194 C Bo:2:011:2 0 32 >
ffff8e2301f32240 2337705199 S Bo:2:011:2 -115 32 = 00000000 00000000 00000000 00000000 00000000 00000000 00000000 00000000
ffff8e2301f33740 2337707979 C Bo:2:011:2 0 32 >
ffff8e2301f33740 2337707984 S Bo:2:011:2 -115 32 = 00000000 00000000 00000000 00000000 00000000 00000000 00000000 00000000
ffff8e2301f32240 2337710761 C Bo:2:011:2 0 32 >
ffff8e2301f32240 2337710765 S Bo:2:011:2 -115 32 = 00000000 00000000 00000000 00000000 00000000 00000000 00000000 00000000
ffff8e2301f33740 2337713537 C Bo:2:011:2 0 32 >
ffff8e2301f33740 2337713542 S Bo:2:011:2 -115 32 = 00000000 00000000 00000000 00000000 00000000 00000000 00000000 00000000
ffff8e2301f32240 2337716261 C Bo:2:011:2 0 32 >
ffff8e2301f32240 2337716267 S Bo:2:011:2 -115 32 = 00000000 00000000 00000000 00000000 00000000 00000000 00000000 00000000
ffff8e2301f33740 2337719058 C Bo:2:011:2 0 32 >
ffff8e2301f33740 2337719063 S Bo:2:011:2 -115 32 = 00000000 00000000 00000000 00000000 00000000 00000000 00000000 00000000
ffff8e2301f32240 2337721903 C Bo:2:011:2 0 32 >
ffff8e2301f32240 2337721908 S Bo:2:011:2 -115 32 = 00000000 00000000 4100a310 36a5ffff ffffffff ffffffff ffffffff ffff76a5
ffff8e2301f33740 2337724636 C Bo:2:011:2 0 32 >
ffff8e2301f33740 2337724640 S Bo:2:011:2 -115 32 = a3104100 00000000 00000000 00000000 00000000 2000c310 a731e939 e939a731
ffff8e2301f32240 2337727342 C Bo:2:011:2 0 32 >
ffff8e2301f32240 2337727347 S Bo:2:011:2 -115 32 = a3102000 00000000 00002100 c4105def ffffffff ffffffff ffffffff ffff56a5
ffff8e2301f33740 2337730126 C Bo:2:011:2 0 32 >
ffff8e2301f33740 2337730131 S Bo:2:011:2 -115 32 = a3102100 00000000 00002000 a7316e6b d073f073 f173f173 f173f173 117c327c
ffff8e2301f32240 2337732883 C Bo:2:011:2 0 32 >
ffff8e2301f32240 2337732890 S Bo:2:011:2 -115 32 = 948cf694 1ddfffff ffffffff ffffffff ffffffff dfff0519 41000000 00000000
ffff8e2301f33740 2337735659 C Bo:2:011:2 0 32 >
ffff8e2301f33740 2337735664 S Bo:2:011:2 -115 32 = 62080d5b ffffffff ffffffff ffffffff ffff2a3a 62080000 00000000 00000000
ffff8e2301f32240 2337738475 C Bo:2:011:2 0 32 >
ffff8e2301f32240 2337738480 S Bo:2:011:2 -115 32 = 00006208 6b42ffff ffffffff ffffffff ffffffff ffffffff ffffffff 5def9484
ffff8e2301f33740 2337741262 C Bo:2:011:2 0 32 >
ffff8e2301f33740 2337741266 S Bo:2:011:2 -115 32 = 9484ffff ffffffff ffffffff ffffffff ffffc410 21000000 00000000 00000000
ffff8e2301f32240 2337743978 C Bo:2:011:2 0 32 >
ffff8e2301f32240 2337743983 S Bo:2:011:2 -115 32 = 2100c310 5ac6ffff ffffffff ffffffff ffffffff 7acea310 20000000 00000000
ffff8e2301f33740 2337746774 C Bo:2:011:2 0 32 >
ffff8e2301f33740 2337746779 S Bo:2:011:2 -115 32 = 00000000 00000000 00000000 00000000 00000000 00000000 00000000 00000000
ffff8e2301f32240 2337749547 C Bo:2:011:2 0 32 >
ffff8e2301f32240 2337749551 S Bo:2:011:2 -115 8 = 00000000 00001a2b
ffff8e2301f33740 2337752340 C Bo:2:011:2 0 32 >
ffff8e2301f32240 2337755035 C Bo:2:011:2 0 8 >
ffff8e2301f32e40 2337768761 C Bi:2:011:2 0 9 = a557008e 0001593f 5a
ffff8e2301f32e40 2337768770 S Bi:2:011:2 -115 32 <
ffff8e2301f32240 2337770034 S Bo:2:011:2 -115 32 = a557008f 04000000 00000000 00000000 00000000 00000000 00000000 00000000
ffff8e2301f33740 2337770038 S Bo:2:011:2 -115 32 = 00000000 00000000 00000000 00000000 00000000 00000000 00000000 00000000
ffff8e2301f32240 2337770100 C Bo:2:011:2 0 32 >
ffff8e2301f32240 2337770103 S Bo:2:011:2 -115 32 = 00000000 00000000 00000000 00000000 00000000 00000000 00000000 00000000
ffff8e2301f33740 2337770149 C Bo:2:011:2 0 32 >
ffff8e2301f33740 2337770151 S Bo:2:011:2 -115 32 = 00000000 00000000 00000000 00000000 00000000 00000000 00000000 00000000
ffff8e2301f32240 2337772977 C Bo:2:011:2 0 32 >
ffff8e2301f32240 2337772982 S Bo:2:011:2 -115 32 = 00000000 00000000 00000000 00000000 00000000 00000000 00000000 00000000
ffff8e2301f33740 2337775700 C Bo:2:011:2 0 32 >
ffff8e2301f33740 2337775704 S Bo:2:011:2 -115 32 = 00000000 00002000 82086f63 ffffffff ffffffff ffffffff ffffffff fcde2521
ffff8e2301f32240 2337778512 C Bo:2:011:2 0 32 >
ffff8e2301f32240 2337778517 S Bo:2:011:2 -115 32 = 41080000 00000000 00000000 00000000 00000000 4108f17b ffffffff ffffffff
ffff8e2301f33740 2337781234 C Bo:2:011:2 0 32 >
ffff8e2301f33740 2337781239 S Bo:2:011:2 -115 32 = 4e634100 00000000 00002000 a31035a5 ffffffff ffffffff ffffffff ffffbef7
ffff8e2301f32240 2337784021 C Bo:2:011:2 0 32 >
ffff8e2301f32240 2337784032 S Bo:2:011:2 -115 32 = 66216108 00000000 00000000 20004108 62086208 62086208 62088208 a310e418
ffff8e2301f33740 2337786905 C Bo:2:011:2 0 32 >
ffff8e2301f33740 2337786917 S Bo:2:011:2 -115 32 = 67214b42 9eefffff ffffffff ffffffff ffffffff f8bda310 20000000 00000000
ffff8e2301f32240 2337789621 C Bo:2:011:2 0 32 >
ffff8e2301f32240 2337789632 S Bo:2:011:2 -115 32 = 6208cc52 ffffffff ffffffff ffffffff ffff6b42 62080000 00000000 00000000
ffff8e2301f33740 2337792310 C Bo:2:011:2 0 32 >
ffff8e2301f33740 2337792317 S Bo:2:011:2 -115 32 = 00006208 cc52ffff ffffffff ffffffff ffffffff ffffffff 5de7d073 87298829
ffff8e2301f32240 2337795121 C Bo:2:011:2 0 32 >
ffff8e2301f32240 2337795132 S Bo:2:011:2 -115 32 = d16bffff ffffffff ffffffff ffffffff ffff0519 41000000 00000000 00000000
ffff8e2301f33740 2337797909 C Bo:2:011:2 0 32 >
ffff8e2301f33740 2337797921 S Bo:2:011:2 -115 32 = 41080519 dfffffff ffffffff ffffffff ffffffff b38c8208 20000000 00000000
ffff8e2301f32240 2337800691 C Bo:2:011:2 0 32 >
ffff8e2301f32240 2337800704 S Bo:2:011:2 -115 32 = 00000000 00000000 00000000 00000000 00000000 00000000 00000000 00000000
ffff8e2301f33740 2337803480 C Bo:2:011:2 0 32 >
ffff8e2301f33740 2337803493 S Bo:2:011:2 -115 32 = 00000000 00000000 00000000 00000000 00000000 00000000 00000000 00000000
ffff8e2301f32240 2337806191 C Bo:2:011:2 0 32 >
ffff8e2301f32240 2337806204 S Bo:2:011:2 -115 32 = 00000000 00000000 00000000 00000000 00000000 00000000 00000000 00000000
ffff8e2301f33740 2337808954 C Bo:2:011:2 0 32 >
ffff8e2301f33740 2337808967 S Bo:2:011:2 -115 32 = 00000000 00000000 00000000 00000000 00000000 00000000 00000000 00000000
ffff8e2301f32240 2337811760 C Bo:2:011:2 0 32 >
ffff8e2301f32240 2337811771 S Bo:2:011:2 -115 32 = 00000000 00000000 00000000 00000000 00000000 00000000 00000000 00000000
ffff8e2301f33740 2337814547 C Bo:2:011:2 0 32 >
ffff8e2301f33740 2337814559 S Bo:2:011:2 -115 32 = 00000000 00000000 00000000 00000000 00000000 00000000 00000000 00000000
ffff8e2301f32240 2337817242 C Bo:2:011:2 0 32 >
ffff8e2301f32240 2337817248 S Bo:2:011:2 -115 32 = 00000000 20006208 e939dfff ffffffff ffffffff ffffffff ffffdfff 093a6208
ffff8e2301f33740 2337820055 C Bo:2:011:2 0 32 >
ffff8e2301f33740 2337820068 S Bo:2:011:2 -115 32 = 20000000 00000000 00000000 00000000 00000000 6208159d ffffffff ffffffff
ffff8e2301f32240 2337822908 C Bo:2:011:2 0 32 >
ffff8e2301f32240 2337822921 S Bo:2:011:2 -115 32 = b0736108 00000000 00000000 62088b4a ffffffff ffffffff ffffffff ffffffff
ffff8e2301f33740 2337825604 C Bo:2:011:2 0 32 >
ffff8e2301f33740 2337825617 S Bo:2:011:2 -115 32 = d494a310 41000000 00000000 00000000 00000000 00000000 20002000 41088310
ffff8e2301f32240 2337828381 C Bo:2:011:2 0 32 >
ffff8e2301f32240 2337828391 S Bo:2:011:2 -115 32 = 26215384 ffffffff ffffffff ffffffff ffffffff 2e5b6208 00000000 00000000
ffff8e2301f33740 2337831121 C Bo:2:011:2 0 32 >
ffff8e2301f33740 2337831132 S Bo:2:011:2 -115 32 = 41084a42 ffffffff ffffffff ffffffff ffff4e63 82082000 00000000 00000000
ffff8e2301f32240 2337833907 C Bo:2:011:2 0 32 >
ffff8e2301f32240 2337833919 S Bo:2:011:2 -115 32 = 20008310 d073ffff ffffffff ffffffff ffffffff 5de7d073 2519a310 a310e418
ffff8e2301f33740 2337836715 C Bo:2:011:2 0 32 >
ffff8e2301f33740 2337836725 S Bo:2:011:2 -115 32 = 2e5bffff ffffffff ffffffff ffffffff ffff8729 41080000 00000000 00000000
ffff8e2301f32240 2337839479 C Bo:2:011:2 0 32 >
ffff8e2301f32240 2337839490 S Bo:2:011:2 -115 32 = 62088b4a ffffffff ffffffff ffffffff ffffffff cc526108 00000000 00000000
ffff8e2301f33740 2337842236 C Bo:2:011:2 0 32 >
ffff8e2301f33740 2337842241 S Bo:2:011:2 -115 32 = 00000000 00000000 00000000 00000000 00000000 00000000 00000000 00000000
ffff8e2301f32240 2337844980 C Bo:2:011:2 0 32 >
ffff8e2301f32240 2337844985 S Bo:2:011:2 -115 32 = 00000000 00000000 00000000 00000000 00000000 00000000 00000000 00000000
ffff8e2301f33740 2337847784 C Bo:2:011:2 0 32 >
ffff8e2301f33740 2337847789 S Bo:2:011:2 -115 32 = 00000000 00000000 00000000 00000000 00000000 00000000 00000000 00000000
ffff8e2301f32240 2337850557 C Bo:2:011:2 0 32 >
ffff8e2301f32240 2337850562 S Bo:2:011:2 -115 8 = 00000000 0000bb9e
ffff8e2301f33740 2337853341 C Bo:2:011:2 0 32 >
ffff8e2301f32240 2337856037 C Bo:2:011:2 0 8 >
ffff8e2301f326c0 2337869894 C Bi:2:011:2 0 9 = a557008f 00015949 ee
ffff8e2301f326c0 2337869905 S Bi:2:011:2 -115 32 <
ffff8e2301f32240 2337871172 S Bo:2:011:2 -115 32 = a5570090 04000000 00000000 00000000 00000000 00000000 00000000 00000000
ffff8e2301f33740 2337871178 S Bo:2:011:2 -115 32 = 00000000 00000000 00000000 00000000 00000000 00000000 00000000 00000000
ffff8e2301f32240 2337871244 C Bo:2:011:2 0 32 >
ffff8e2301f32240 2337871247 S Bo:2:011:2 -115 32 = 00000000 00000000 00000000 00000000 00000000 00000000 00000000 00000000
ffff8e2301f33740 2337871288 C Bo:2:011:2 0 32 >
ffff8e2301f33740 2337871289 S Bo:2:011:2 -115 32 = 00000000 41082519 dcdeffff ffffffff ffffffff ffffffff ffffb06b a3104100
ffff8e2301f32240 2337874099 C Bo:2:011:2 0 32 >
ffff8e2301f32240 2337874108 S Bo:2:011:2 -115 32 = 00000000 00000000 00000000 00000000 00002000 a310d8b5 ffffffff ffffffff
ffff8e2301f33740 2337876908 C Bo:2:011:2 0 32 >
ffff8e2301f33740 2337876921 S Bo:2:011:2 -115 32 = d0736208 00000000 00000000 4100c410 1ce7ffff ffffffff ffffffff ffffffff
ffff8e2301f32240 2337879661 C Bo:2:011:2 0 32 >
ffff8e2301f32240 2337879674 S Bo:2:011:2 -115 32 = dfff4b42 a3104100 00000000 00000000 00000000 00000000 00002000 4108a310
ffff8e2301f33740 2337882429 C Bo:2:011:2 0 32 >
ffff8e2301f33740 2337882442 S Bo:2:011:2 -115 32 = 2a3a9ef7 ffffffff ffffffff ffffffff ffff9ef7 05194100 00000000 00000000
ffff8e2301f32240 2337885164 C Bo:2:011:2 0 32 >
ffff8e2301f32240 2337885177 S Bo:2:011:2 -115 32 = 4108a829 ffffffff ffffffff ffffffff fffff594 c4104100 00000000 00000000
ffff8e2301f33740 2337887980 C Bo:2:011:2 0 32 >
ffff8e2301f33740 2337887993 S Bo:2:011:2 -115 32 = 4100c410 97adffff ffffffff ffffffff ffffbef7 a829c310 61082100 41008208
ffff8e2301f32240 2337890727 C Bo:2:011:2 0 32 >
ffff8e2301f32240 2337890744 S Bo:2:011:2 -115 32 = 8b4affff ffffffff ffffffff ffffffff ffff8b4a 82082000 00000000 00004100
ffff8e2301f33740 2337893496 C Bo:2:011:2 0 32 >
ffff8e2301f33740 2337893507 S Bo:2:011:2 -115 32 = c41056a5 ffffffff ffffffff ffffffff ffff9ef7 05194100 00000000 00000000
ffff8e2301f32240 2337896261 C Bo:2:011:2 0 32 >
ffff8e2301f32240 2337896272 S Bo:2:011:2 -115 32 = 00000000 00000000 00000000 00000000 00000000 00000000 00000000 00000000
ffff8e2301f33740 2337899057 C Bo:2:011:2 0 32 >
ffff8e2301f33740 2337899070 S Bo:2:011:2 -115 32 = 00000000 00000000 00000000 00000000 00000000 00000000 00000000 00000000
ffff8e2301f32240 2337901906 C Bo:2:011:2 0 32 >
ffff8e2301f32240 2337901917 S Bo:2:011:2 -115 32 = 00000000 00000000 00000000 00000000 00000000 00000000 00000000 00000000
ffff8e2301f33740 2337904567 C Bo:2:011:2 0 32 >
ffff8e2301f33740 2337904579 S Bo:2:011:2 -115 32 = 00000000 00000000 00000000 00000000 00000000 00000000 00000000 00000000
ffff8e2301f32240 2337907372 C Bo:2:011:2 0 32 >
ffff8e2301f32240 2337907385 S Bo:2:011:2 -115 32 = 00000000 00000000 00000000 00000000 00000000 00000000 00000000 00000000
ffff8e2301f33740 2337910127 C Bo:2:011:2 0 32 >
ffff8e2301f33740 2337910138 S Bo:2:011:2 -115 32 = 00000000 00000000 00000000 00000000 00000000 00000000 00000000 00000000
ffff8e2301f32240 2337912910 C Bo:2:011:2 0 32 >
ffff8e2301f32240 2337912923 S Bo:2:011:2 -115 32 = 00002100 a31056a5 ffffffff ffffffff ffffffff ffffffff b8b54621 83104108
ffff8e2301f33740 2337915692 C Bo:2:011:2 0 32 >
ffff8e2301f33740 2337915705 S Bo:2:011:2 -115 32 = 20000000 00000000 00000000 00000000 20004108 e418bbd6 ffffffff ffffffff
ffff8e2301f32240 2337918410 C Bo:2:011:2 0 32 >
ffff8e2301f32240 2337918421 S Bo:2:011:2 -115 32 = f1736208 00000000 00000000 20008208 6f63ffff ffffffff ffffffff ffffffff
ffff8e2301f33740 2337921220 C Bo:2:011:2 0 32 >
ffff8e2301f33740 2337921230 S Bo:2:011:2 -115 32 = ffff7eef 093aa310 41082000 00000000 00000000 00000000 20004108 a310c831
ffff8e2301f32240 2337923957 C Bo:2:011:2 0 32 >
ffff8e2301f32240 2337923965 S Bo:2:011:2 -115 32 = fcdeffff ffffffff ffffffff ffffffff ffff117c 82082000 00000000 00000000
ffff8e2301f33740 2337926744 C Bo:2:011:2 0 32 >
ffff8e2301f33740 2337926754 S Bo:2:011:2 -115 32 = 2100c410 7defffff ffffffff ffffffff ffff7eef 87298208 21002000 20004100
ffff8e2301f32240 2337929547 C Bo:2:011:2 0 32 >
ffff8e2301f32240 2337929560 S Bo:2:011:2 -115 32 = 8310c831 dfffffff ffffffff ffffffff fffff8bd e4104108 00000000 00004108
ffff8e2301f33740 2337932235 C Bo:2:011:2 0 32 >
ffff8e2301f33740 2337932248 S Bo:2:011:2 -115 32 = 8729ffff ffffffff ffffffff ffffffff ffff938c c4104108 20002000 41008310
ffff8e2301f32240 2337935054 C Bo:2:011:2 0 32 >
ffff8e2301f32240 2337935066 S Bo:2:011:2 -115 32 = 093adfff ffffffff ffffffff ffffffff ffff159d 82102000 00000000 00000000
ffff8e2301f33740 2337937917 C Bo:2:011:2 0 32 >
ffff8e2301f33740 2337937929 S Bo:2:011:2 -115 32 = 00000000 00000000 00000000 00000000 00000000 00000000 00000000 00000000
ffff8e2301f32240 2337940621 C Bo:2:011:2 0 32 >
ffff8e2301f32240 2337940632 S Bo:2:011:2 -115 32 = 00000000 00000000 00000000 00000000 00000000 00000000 00000000 00000000
ffff8e2301f33740 2337943420 C Bo:2:011:2 0 32 >
ffff8e2301f33740 2337943431 S Bo:2:011:2 -115 32 = 00000000 00000000 00000000 00000000 00000000 00000000 00000000 00000000
ffff8e2301f32240 2337946126 C Bo:2:011:2 0 32 >
ffff8e2301f32240 2337946137 S Bo:2:011:2 -115 32 = 00000000 00000000 00000000 00000000 00000000 00000000 00000000 00000000
ffff8e2301f33740 2337948909 C Bo:2:011:2 0 32 >
ffff8e2301f33740 2337948921 S Bo:2:011:2 -115 32 = 00000000 00000000 00000000 00000000 00000000 00000000 00000000 00000000
ffff8e2301f32240 2337951694 C Bo:2:011:2 0 32 >
ffff8e2301f32240 2337951707 S Bo:2:011:2 -115 8 = 00000000 00000c5d
ffff8e2301f33740 2337954444 C Bo:2:011:2 0 32 >
ffff8e2301f32240 2337957223 C Bo:2:011:2 0 8 >
ffff8e2301f32e40 2337970897 C Bi:2:011:2 0 9 = a5570090 00015986 a7
ffff8e2301f32e40 2337970912 S Bi:2:011:2 -115 32 <
ffff8e2301f32240 2337971929 S Bo:2:011:2 -115 32 = a5570091 04000000 00000000 00000000 00000000 00000000 00000000 00000000
ffff8e2301f33740 2337971933 S Bo:2:011:2 -115 32 = 20006208 6f63ffff ffffffff ffffffff ffffffff ffff3de7 8c426721 e418a310
ffff8e2301f32240 2337971997 C Bo:2:011:2 0 32 >
ffff8e2301f32240 2337972009 S Bo:2:011:2 -115 32 = 82086208 62086208 62086208 62088208 8210c410 67297def ffffffff ffffffff
ffff8e2301f33740 2337972044 C Bo:2:011:2 0 32 >
ffff8e2301f33740 2337972045 S Bo:2:011:2 -115 32 = f1736208 00000000 00000000 00004100 c418dbd6 ffffffff ffffffff ffffffff
ffff8e2301f32240 2337974908 C Bo:2:011:2 0 32 >
ffff8e2301f32240 2337974921 S Bo:2:011:2 -115 32 = ffffffff 9ef7b06b 0519a310 62086208 41084108 61086208 8310e418 0d5b5def
ffff8e2301f33740 2337977657 C Bo:2:011:2 0 32 >
ffff8e2301f33740 2337977670 S Bo:2:011:2 -115 32 = ffffffff ffffffff ffffffff ffffffff 7def0519 41080000 00000000 00000000
ffff8e2301f32240 2337980412 C Bo:2:011:2 0 32 >
ffff8e2301f32240 2337980423 S Bo:2:011:2 -115 32 = 20008310 77adffff ffffffff ffffffff ffffffff 56a52621 a3108208 8208c310
ffff8e2301f33740 2337983192 C Bo:2:011:2 0 32 >
ffff8e2301f33740 2337983204 S Bo:2:011:2 -115 32 = 462119be ffffffff ffffffff ffffffff ffffd073 82082000 00000000 00002100
ffff8e2301f32240 2337985911 C Bo:2:011:2 0 32 >
ffff8e2301f32240 2337985924 S Bo:2:011:2 -115 32 = c4109eef ffffffff ffffffff ffffffff ffff7eef c931c410 82088208 c3108729
ffff8e2301f33740 2337988698 C Bo:2:011:2 0 32 >
ffff8e2301f33740 2337988709 S Bo:2:011:2 -115 32 = 9bceffff ffffffff ffffffff ffffffff ffffc831 41080000 00000000 00000000
ffff8e2301f32240 2337991477 C Bo:2:011:2 0 32 >
ffff8e2301f32240 2337991490 S Bo:2:011:2 -115 32 = 00000000 00000000 00000000 00000000 00000000 00000000 00000000 00000000
ffff8e2301f33740 2337994262 C Bo:2:011:2 0 32 >
ffff8e2301f33740 2337994276 S Bo:2:011:2 -115 32 = 00000000 00000000 00000000 00000000 00000000 00000000 00000000 00000000
ffff8e2301f32240 2337997052 C Bo:2:011:2 0 32 >
ffff8e2301f32240 2337997065 S Bo:2:011:2 -115 32 = 00000000 00000000 00000000 00000000 00000000 00000000 00000000 00000000
ffff8e2301f33740 2337999796 C Bo:2:011:2 0 32 >
ffff8e2301f33740 2337999809 S Bo:2:011:2 -115 32 = 00000000 00000000 00000000 00000000 00000000 00000000 00000000 00000000
ffff8e2301f32240 2338002586 C Bo:2:011:2 0 32 >
ffff8e2301f32240 2338002597 S Bo:2:011:2 -115 32 = 00000000 00000000 00000000 00000000 00000000 00000000 00000000 00000000
ffff8e2301f33740 2338005337 C Bo:2:011:2 0 32 >
ffff8e2301f33740 2338005348 S Bo:2:011:2 -115 32 = 00000000 00000000 00000000 00000000 00000000 00000000 00000000 00000000
ffff8e2301f32240 2338008124 C Bo:2:011:2 0 32 >
ffff8e2301f32240 2338008135 S Bo:2:011:2 -115 32 = 4100a731 dfffffff ffffffff ffffffff ffffffff ffff5ac6 f694948c 327c117c
ffff8e2301f33740 2338010917 C Bo:2:011:2 0 32 >
ffff8e2301f33740 2338010928 S Bo:2:011:2 -115 32 = f173f173 f173f173 f173f173 f173f173 117c3284 b48cffff ffffffff ffffffff
ffff8e2301f32240 2338013657 C Bo:2:011:2 0 32 >
ffff8e2301f32240 2338013669 S Bo:2:011:2 -115 32 = f1736208 00000000 00000000 00002000 6208293a ffffffff ffffffff ffffffff
ffff8e2301f33740 2338016407 C Bo:2:011:2 0 32 >
ffff8e2301f33740 2338016420 S Bo:2:011:2 -115 32 = ffffffff ffffffff fcde738c 8b4ac831 46212521 67294b42 f1739bce ffffffff
ffff8e2301f32240 2338019192 C Bo:2:011:2 0 32 >
ffff8e2301f32240 2338019203 S Bo:2:011:2 -115 32 = ffffffff ffffffff ffffffff ffffffff cc526208 20000000 00000000 00000000
ffff8e2301f33740 2338021979 C Bo:2:011:2 0 32 >
ffff8e2301f33740 2338021991 S Bo:2:011:2 -115 32 = 00006208 ed52ffff ffffffff ffffffff ffffffff fffff9bd ac4a8729 8729ed52
ffff8e2301f32240 2338024765 C Bo:2:011:2 0 32 >
ffff8e2301f32240 2338024778 S Bo:2:011:2 -115 32 = 7aceffff ffffffff ffffffff ffffffff dfff4621 41000000 00000000 00002000
ffff8e2301f33740 2338027481 C Bo:2:011:2 0 32 >
ffff8e2301f33740 2338027492 S Bo:2:011:2 -115 32 = 831097ad ffffffff ffffffff ffffffff ffffffff dcd6ed52 8729a829 2e5bdcd6
ffff8e2301f32240 2338030262 C Bo:2:011:2 0 32 >
ffff8e2301f32240 2338030274 S Bo:2:011:2 -115 32 = ffffffff ffffffff ffffffff ffffffff 56a58310 20000000 00000000 00000000
ffff8e2301f33740 2338033029 C Bo:2:011:2 0 32 >
ffff8e2301f33740 2338033040 S Bo:2:011:2 -115 32 = 00000000 00000000 00000000 00000000 00000000 00000000 00000000 00000000
ffff8e2301f32240 2338035905 C Bo:2:011:2 0 32 >
ffff8e2301f32240 2338035918 S Bo:2:011:2 -115 32 = 00000000 00000000 00000000 00000000 00000000 00000000 00000000 00000000
ffff8e2301f33740 2338038568 C Bo:2:011:2 0 32 >
ffff8e2301f33740 2338038580 S Bo:2:011:2 -115 32 = 00000000 00000000 00000000 00000000 00000000 00000000 00000000 00000000
ffff8e2301f32240 2338041341 C Bo:2:011:2 0 32 >
ffff8e2301f32240 2338041352 S Bo:2:011:2 -115 32 = 00000000 00000000 00000000 00000000 00000000 00000000 00000000 00000000
ffff8e2301f33740 2338044122 C Bo:2:011:2 0 32 >
ffff8e2301f33740 2338044133 S Bo:2:011:2 -115 32 = 00000000 00000000 00000000 00000000 00000000 00000000 00000000 00000000
ffff8e2301f32240 2338046908 C Bo:2:011:2 0 32 >
ffff8e2301f32240 2338046921 S Bo:2:011:2 -115 32 = 00000000 00000000 00000000 00000000 00000000 00000000 00000000 00000000
ffff8e2301f33740 2338049679 C Bo:2:011:2 0 32 >
ffff8e2301f33740 2338049690 S Bo:2:011:2 -115 32 = 6108738c ffffffff ffffffff ffffffff ffffffff ffffffff ffffffff ffffffff
ffff8e2301f32240 2338052477 C Bo:2:011:2 0 32 >
ffff8e2301f32240 2338052487 S Bo:2:011:2 -115 8 = ffffffff ffff32f2
ffff8e2301f33740 2338055192 C Bo:2:011:2 0 32 >
ffff8e2301f32240 2338057939 C Bo:2:011:2 0 8 >
ffff8e2301f326c0 2338071895 C Bi:2:011:2 0 9 = a5570091 000159f0 13
ffff8e2301f326c0 2338071911 S Bi:2:011:2 -115 32 <
ffff8e2301f32240 2338073240 S Bo:2:011:2 -115 32 = a5570092 0400ffff ffffffff ffffffff ffffffff ffffffff ffffffff ffffffff
ffff8e2301f33740 2338073244 S Bo:2:011:2 -115 32 = f1736208 00000000 00000000 00000000 20008208 b073ffff ffffffff ffffffff
ffff8e2301f32240 2338073308 C Bo:2:011:2 0 32 >
ffff8e2301f32240 2338073310 S Bo:2:011:2 -115 32 = ffffffff ffffffff ffffffff ffffffff ffffffff ffffffff ffffffff ffffffff
ffff8e2301f33740 2338073351 C Bo:2:011:2 0 32 >
ffff8e2301f33740 2338073352 S Bo:2:011:2 -115 32 = ffffffff ffffffff ffffffff ffffb494 a3102100 00000000 00000000 00000000
ffff8e2301f32240 2338076167 C Bo:2:011:2 0 32 >
ffff8e2301f32240 2338076180 S Bo:2:011:2 -115 32 = 00002100 c410dcde ffffffff ffffffff ffffffff ffffffff ffffffff ffffffff
ffff8e2301f33740 2338078909 C Bo:2:011:2 0 32 >
ffff8e2301f33740 2338078922 S Bo:2:011:2 -115 32 = ffffffff ffffffff ffffffff ffffffff f4948208 20000000 00000000 00000000
ffff8e2301f32240 2338081749 C Bo:2:011:2 0 32 >
ffff8e2301f32240 2338081762 S Bo:2:011:2 -115 32 = 6208ed52 ffffffff ffffffff ffffffff ffffffff ffffffff ffffffff ffffffff
ffff8e2301f33740 2338084497 C Bo:2:011:2 0 32 >
ffff8e2301f33740 2338084510 S Bo:2:011:2 -115 32 = ffffffff ffffffff ffffffff ffff7eef 46214108 00000000 00000000 00000000
ffff8e2301f32240 2338087236 C Bo:2:011:2 0 32 >
ffff8e2301f32240 2338087246 S Bo:2:011:2 -115 32 = 00000000 00000000 00000000 00000000 00000000 00000000 00000000 00000000
ffff8e2301f33740 2338090055 C Bo:2:011:2 0 32 >
ffff8e2301f33740 2338090066 S Bo:2:011:2 -115 32 = 00000000 00000000 00000000 00000000 00000000 00000000 00000000 00000000
ffff8e2301f32240 2338092906 C Bo:2:011:2 0 32 >
ffff8e2301f32240 2338092918 S Bo:2:011:2 -115 32 = 00000000 00000000 00000000 00000000 00000000 00000000 00000000 00000000
ffff8e2301f33740 2338095567 C Bo:2:011:2 0 32 >
ffff8e2301f33740 2338095580 S Bo:2:011:2 -115 32 = 00000000 00000000 00000000 00000000 00000000 00000000 00000000 00000000
ffff8e2301f32240 2338098348 C Bo:2:011:2 0 32 >
ffff8e2301f32240 2338098361 S Bo:2:011:2 -115 32 = 00000000 00000000 00000000 00000000 00000000 00000000 00000000 00000000
ffff8e2301f33740 2338101124 C Bo:2:011:2 0 32 >
ffff8e2301f33740 2338101135 S Bo:2:011:2 -115 32 = 00000000 00000000 00000000 00000000 00000000 00000000 00000000 00000000
ffff8e2301f32240 2338103913 C Bo:2:011:2 0 32 >
ffff8e2301f32240 2338103926 S Bo:2:011:2 -115 32 = 6208b38c ffffffff ffffffff ffffffff ffffffff ffffffff ffffffff ffffffff
ffff8e2301f33740 2338106628 C Bo:2:011:2 0 32 >
ffff8e2301f33740 2338106641 S Bo:2:011:2 -115 32 = ffffffff ffffffff ffffffff ffffffff ffffffff ffffffff ffffffff ffffffff
ffff8e2301f32240 2338109407 C Bo:2:011:2 0 32 >
ffff8e2301f32240 2338109418 S Bo:2:011:2 -115 32 = f1736208 00000000 00000000 00000000 00002100 83107284 ffffffff ffffffff
ffff8e2301f33740 2338112193 C Bo:2:011:2 0 32 >
ffff8e2301f33740 2338112204 S Bo:2:011:2 -115 32 = ffffffff ffffffff ffffffff ffffffff ffffffff ffffffff ffffffff ffffffff
ffff8e2301f32240 2338114979 C Bo:2:011:2 0 32 >
ffff8e2301f32240 2338114992 S Bo:2:011:2 -115 32 = ffffffff ffffffff ffffffff 56a5c410 41080000 00000000 00000000 00000000
ffff8e2301f33740 2338117726 C Bo:2:011:2 0 32 >
ffff8e2301f33740 2338117737 S Bo:2:011:2 -115 32 = 00000000 6208ac4a ffffffff ffffffff ffffffff ffffffff ffffffff ffffffff
ffff8e2301f32240 2338120477 C Bo:2:011:2 0 32 >
ffff8e2301f32240 2338120490 S Bo:2:011:2 -115 32 = ffffffff ffffffff ffffffff ffff5def 25214108 00000000 00000000 00000000
ffff8e2302151980 2338122081 S Bo:2:002:2 -115 31 = 55534243 d70d0000 00000000 00000600 00000000 00000000 00000000 000000
ffff8e2302151980 2338122123 C Bo:2:002:2 0 31 >
ffff8e2302151980 2338122133 S Bi:2:002:1 -115 13 <
ffff8e2302151980 2338122163 C Bi:2:002:1 0 13 = 55534253 d70d0000 00000000 00
ffff8e2301f33740 2338123273 C Bo:2:011:2 0 32 >
ffff8e2301f33740 2338123286 S Bo:2:011:2 -115 32 = 2100c410 fcdeffff ffffffff ffffffff ffffffff ffffffff ffffffff ffffffff
ffff8e2301f32240 2338126059 C Bo:2:011:2 0 32 >
ffff8e2301f32240 2338126071 S Bo:2:011:2 -115 32 = ffffffff ffffffff ffffffff ffffac52 62082000 00000000 00000000 00000000
ffff8e2301f33740 2338128938 C Bo:2:011:2 0 32 >
ffff8e2301f33740 2338128949 S Bo:2:011:2 -115 32 = 00000000 00000000 00000000 00000000 00000000 00000000 00000000 00000000
ffff8e2301f32240 2338131622 C Bo:2:011:2 0 32 >
ffff8e2301f32240 2338131635 S Bo:2:011:2 -115 32 = 00000000 00000000 00000000 00000000 00000000 00000000 00000000 00000000
ffff8e2301f33740 2338134338 C Bo:2:011:2 0 32 >
ffff8e2301f33740 2338134349 S Bo:2:011:2 -115 32 = 00000000 00000000 00000000 00000000 00000000 00000000 00000000 00000000
ffff8e2301f32240 2338137123 C Bo:2:011:2 0 32 >
ffff8e2301f32240 2338137134 S Bo:2:011:2 -115 32 = 00000000 00000000 00000000 00000000 00000000 00000000 00000000 00000000
ffff8e2301f33740 2338139905 C Bo:2:011:2 0 32 >
ffff8e2301f33740 2338139916 S Bo:2:011:2 -115 32 = 00000000 00000000 00000000 00000000 00000000 00000000 00000000 00000000
ffff8e2301f32240 2338142692 C Bo:2:011:2 0 32 >
ffff8e2301f32240 2338142705 S Bo:2:011:2 -115 32 = 00000000 00000000 00000000 00000000 00000000 00000000 00000000 00000000
ffff8e2301f33740 2338145465 C Bo:2:011:2 0 32 >
ffff8e2301f33740 2338145478 S Bo:2:011:2 -115 32 = 8208b394 ffffffff ffffffff ffffffff ffffffff ffffffff ffffffff ffffffff
ffff8e2301f32240 2338148194 C Bo:2:011:2 0 32 >
ffff8e2301f32240 2338148205 S Bo:2:011:2 -115 32 = ffffffff ffffffff ffffffff ffffffff ffffffff ffffffff ffffffff ffffffff
ffff8e2301f33740 2338150985 C Bo:2:011:2 0 32 >
ffff8e2301f33740 2338150998 S Bo:2:011:2 -115 32 = f0736208 00000000 00000000 00000000 00000000 21008310 117cffff ffffffff
ffff8e2301f32240 2338153799 C Bo:2:011:2 0 32 >
ffff8e2301f32240 2338153812 S Bo:2:011:2 -115 8 = ffffffff ffff6985
ffff8e2301f33740 2338156561 C Bo:2:011:2 0 32 >
ffff8e2301f32240 2338159274 C Bo:2:011:2 0 8 >
ffff8e2301f32e40 2338172716 C Bi:2:011:2 0 9 = a5570092 0001596b cf
ffff8e2301f32e40 2338172731 S Bi:2:011:2 -115 32 <
ffff8e2301f32240 2338174033 S Bo:2:011:2 -115 32 = a5570093 0400ffff ffffffff ffffffff ffffffff ffffffff ffffffff ffffffff
ffff8e2301f33740 2338174038 S Bo:2:011:2 -115 32 = ffffffff ffffffff ffffd494 c4104108 00000000 00000000 00000000 00000000
ffff8e2301f32240 2338174102 C Bo:2:011:2 0 32 >
ffff8e2301f32240 2338174105 S Bo:2:011:2 -115 32 = 00000000 21008310 5284ffff ffffffff ffffffff ffffffff ffffffff ffffffff
ffff8e2301f33740 2338174144 C Bo:2:011:2 0 32 >
ffff8e2301f33740 2338174145 S Bo:2:011:2 -115 32 = ffffffff ffffffff ffffffff dfff6b42 62082000 00000000 00000000 00000000
ffff8e2301f32240 2338176951 C Bo:2:011:2 0 32 >
ffff8e2301f32240 2338176964 S Bo:2:011:2 -115 32 = 00006208 4a42ffff ffffffff ffffffff ffffffff ffffffff ffffffff ffffffff
ffff8e2301f33740 2338179781 C Bo:2:011:2 0 32 >
ffff8e2301f33740 2338179792 S Bo:2:011:2 -115 32 = ffffffff ffffffff ffffffff 6e638208 20000000 00000000 00000000 00000000
ffff8e2301f32240 2338182483 C Bo:2:011:2 0 32 >
ffff8e2301f32240 2338182494 S Bo:2:011:2 -115 32 = 00000000 00000000 00000000 00000000 00000000 00000000 00000000 00000000
ffff8e2301f33740 2338185262 C Bo:2:011:2 0 32 >
ffff8e2301f33740 2338185275 S Bo:2:011:2 -115 32 = 00000000 00000000 00000000 00000000 00000000 00000000 00000000 00000000
ffff8e2301f32240 2338188057 C Bo:2:011:2 0 32 >
ffff8e2301f32240 2338188070 S Bo:2:011:2 -115 32 = 00000000 00000000 00000000 00000000 00000000 00000000 00000000 00000000
ffff8e2301f33740 2338190909 C Bo:2:011:2 0 32 >
ffff8e2301f33740 2338190922 S Bo:2:011:2 -115 32 = 00000000 00000000 00000000 00000000 00000000 00000000 00000000 00000000
ffff8e2301f32240 2338193576 C Bo:2:011:2 0 32 >
ffff8e2301f32240 2338193582 S Bo:2:011:2 -115 32 = 00000000 00000000 00000000 00000000 00000000 00000000 00000000 00000000
ffff8e2301f33740 2338196352 C Bo:2:011:2 0 32 >
ffff8e2301f33740 2338196363 S Bo:2:011:2 -115 32 = 00000000 00000000 00000000 00000000 00000000 00000000 00000000 00000000
ffff8e2301f32240 2338199123 C Bo:2:011:2 0 32 >
ffff8e2301f32240 2338199136 S Bo:2:011:2 -115 32 = 6208938c ffffffff ffffffff ffffffff ffffffff ffffffff ffffffff ffffffff
ffff8e2301f33740 2338201917 C Bo:2:011:2 0 32 >
ffff8e2301f33740 2338201930 S Bo:2:011:2 -115 32 = ffffffff ffffffff ffffffff ffffffff ffffffff ffffffff ffffffff ffffffff
ffff8e2301f32240 2338204699 C Bo:2:011:2 0 32 >
ffff8e2301f32240 2338204710 S Bo:2:011:2 -115 32 = d0736208 00000000 00000000 00000000 00000000 00002100 82086a42 3de7ffff
ffff8e2301f33740 2338207482 C Bo:2:011:2 0 32 >
ffff8e2301f33740 2338207495 S Bo:2:011:2 -115 32 = ffffffff ffffffff ffffffff ffffffff ffffffff ffffffff ffffffff ffffffff
ffff8e2301f32240 2338210198 C Bo:2:011:2 0 32 >
ffff8e2301f32240 2338210209 S Bo:2:011:2 -115 32 = ffffffff ffff7eef cc52a310 41080000 00000000 00000000 00000000 00000000
ffff8e2301f33740 2338212983 C Bo:2:011:2 0 32 >
ffff8e2301f33740 2338212996 S Bo:2:011:2 -115 32 = 00000000 00004100 a310938c ffffffff ffffffff ffffffff ffffffff ffffffff
ffff8e2301f32240 2338215798 C Bo:2:011:2 0 32 >
ffff8e2301f32240 2338215811 S Bo:2:011:2 -115 32 = ffffffff ffffffff ffffdff7 ac4a8208 20000000 00000000 00000000 00000000
ffff8e2301f33740 2338218551 C Bo:2:011:2 0 32 >
ffff8e2301f33740 2338218562 S Bo:2:011:2 -115 32 = 00002000 82086e63 ffffffff ffffffff ffffffff ffffffff ffffffff ffffffff
ffff8e2301f32240 2338221342 C Bo:2:011:2 0 32 >
ffff8e2301f32240 2338221356 S Bo:2:011:2 -115 32 = ffffffff ffffffff bff7ec52 82082100 00000000 00000000 00000000 00000000
ffff8e2301f33740 2338224056 C Bo:2:011:2 0 32 >
ffff8e2301f33740 2338224067 S Bo:2:011:2 -115 32 = 00000000 00000000 00000000 00000000 00000000 00000000 00000000 00000000
ffff8e2301f32240 2338226907 C Bo:2:011:2 0 32 >
ffff8e2301f32240 2338226918 S Bo:2:011:2 -115 32 = 00000000 00000000 00000000 00000000 00000000 00000000 00000000 00000000
ffff8e2301f33740 2338229658 C Bo:2:011:2 0 32 >
ffff8e2301f33740 2338229670 S Bo:2:011:2 -115 32 = 00000000 00000000 00000000 00000000 00000000 00000000 00000000 00000000
ffff8e2301f32240 2338232419 C Bo:2:011:2 0 32 >
ffff8e2301f32240 2338232433 S Bo:2:011:2 -115 32 = 00000000 00000000 00000000 00000000 00000000 00000000 00000000 00000000
ffff8e2301f33740 2338235194 C Bo:2:011:2 0 32 >
ffff8e2301f33740 2338235205 S Bo:2:011:2 -115 32 = 00000000 00000000 00000000 00000000 00000000 00000000 00000000 00000000
ffff8e2301f32240 2338237905 C Bo:2:011:2 0 32 >
ffff8e2301f32240 2338237919 S Bo:2:011:2 -115 32 = 00000000 00000000 00000000 00000000 00000000 00000000 00000000 00000000
ffff8e2301f33740 2338240693 C Bo:2:011:2 0 32 >
ffff8e2301f33740 2338240706 S Bo:2:011:2 -115 32 = 41085284 ffffffff ffffffff ffffffff ffffffff ffffffff ffffffff ffffffff
ffff8e2301f32240 2338243479 C Bo:2:011:2 0 32 >
ffff8e2301f32240 2338243490 S Bo:2:011:2 -115 32 = ffffffff ffffffff ffffffff ffffffff ffffffff ffffffff ffffffff ffffffff
ffff8e2301f33740 2338246271 C Bo:2:011:2 0 32 >
ffff8e2301f33740 2338246282 S Bo:2:011:2 -115 32 = 8f6b4108 00000000 00000000 00000000 00000000 00000000 20006208 0519d073
ffff8e2301f32240 2338249053 C Bo:2:011:2 0 32 >
ffff8e2301f32240 2338249066 S Bo:2:011:2 -115 32 = 7defffff ffffffff ffffffff ffffffff ffffffff ffffffff ffffffff ffffffff
ffff8e2301f33740 2338251784 C Bo:2:011:2 0 32 >
ffff8e2301f33740 2338251796 S Bo:2:011:2 -115 32 = ffff9ef7 32842521 62082100 00000000 00000000 00000000 00000000 00000000
ffff8e2301f32240 2338254554 C Bo:2:011:2 0 32 >
ffff8e2301f32240 2338254567 S Bo:2:011:2 -115 8 = 00000000 0000ed66
ffff8e2301f33740 2338257318 C Bo:2:011:2 0 32 >
ffff8e2301f32240 2338260098 C Bo:2:011:2 0 8 >
ffff8e2301f326c0 2338273719 C Bi:2:011:2 0 9 = a5570093 0001591d 7b
ffff8e2301f326c0 2338273734 S Bi:2:011:2 -115 32 <
ffff8e2301f32240 2338274731 S Bo:2:011:2 -115 32 = a5570094 04000000 4100a310 ed5a5def ffffffff ffffffff ffffffff ffffffff
ffff8e2301f33740 2338274735 S Bo:2:011:2 -115 32 = ffffffff ffffffff 7acec831 82082000 00000000 00000000 00000000 00000000
ffff8e2301f32240 2338274799 C Bo:2:011:2 0 32 >
ffff8e2301f32240 2338274802 S Bo:2:011:2 -115 32 = 00000000 21008208 ac4a7def ffffffff ffffffff ffffffff ffffffff ffffffff
ffff8e2301f33740 2338274890 C Bo:2:011:2 0 32 >
ffff8e2301f33740 2338274893 S Bo:2:011:2 -115 32 = ffffffff ffffd8b5 a8316208 20000000 00000000 00000000 00000000 00000000
ffff8e2301f32240 2338277693 C Bo:2:011:2 0 32 >
ffff8e2301f32240 2338277706 S Bo:2:011:2 -115 32 = 00000000 00000000 00000000 00000000 00000000 00000000 00000000 00000000
ffff8e2301f33740 2338280419 C Bo:2:011:2 0 32 >
ffff8e2301f33740 2338280430 S Bo:2:011:2 -115 32 = 00000000 00000000 00000000 00000000 00000000 00000000 00000000 00000000
ffff8e2301f32240 2338283194 C Bo:2:011:2 0 32 >
ffff8e2301f32240 2338283205 S Bo:2:011:2 -115 32 = 00000000 00000000 00000000 00000000 00000000 00000000 00000000 00000000
ffff8e2301f33740 2338285991 C Bo:2:011:2 0 32 >
ffff8e2301f33740 2338286003 S Bo:2:011:2 -115 32 = 00000000 00000000 00000000 00000000 00000000 00000000 00000000 00000000
ffff8e2301f32240 2338288763 C Bo:2:011:2 0 32 >
ffff8e2301f32240 2338288774 S Bo:2:011:2 -115 32 = 00000000 00000000 00000000 00000000 00000000 00000000 00000000 00000000
ffff8e2301f33740 2338291548 C Bo:2:011:2 0 32 >
ffff8e2301f33740 2338291559 S Bo:2:011:2 -115 32 = 00000000 00000000 00000000 00000000 00000000 00000000 00000000 00000000
ffff8e2301f32240 2338294271 C Bo:2:011:2 0 32 >
ffff8e2301f32240 2338294284 S Bo:2:011:2 -115 32 = 2100f07b ffffffff ffffffff ffffffff ffffffff ffffffff ffffffff ffffffff
ffff8e2301f33740 2338297055 C Bo:2:011:2 0 32 >
ffff8e2301f33740 2338297065 S Bo:2:011:2 -115 32 = ffffffff ffffffff ffffffff ffffffff ffffffff ffffffff ffffffff ffffffff
ffff8e2301f32240 2338299918 C Bo:2:011:2 0 32 >
ffff8e2301f32240 2338299931 S Bo:2:011:2 -115 32 = 0d5b2000 00000000 00000000 00000000 00000000 00000000 00002000 41088208
ffff8e2301f33740 2338302630 C Bo:2:011:2 0 32 >
ffff8e2301f33740 2338302643 S Bo:2:011:2 -115 32 = e418ac52 159d5de7 ffffffff ffffffff ffffffff ffffffff ffffffff 7def56a5
ffff8e2301f32240 2338305389 C Bo:2:011:2 0 32 >
ffff8e2301f32240 2338305400 S Bo:2:011:2 -115 32 = ed520519 82084108 20000000 00000000 00000000 00000000 00000000 00000000
ffff8e2301f33740 2338308126 C Bo:2:011:2 0 32 >
ffff8e2301f33740 2338308137 S Bo:2:011:2 -115 32 = 00000000 00000000 00002100 6208e418 af6b9ace ffffffff ffffffff ffffffff
ffff8e2301f32240 2338310907 C Bo:2:011:2 0 32 >
ffff8e2301f32240 2338310918 S Bo:2:011:2 -115 32 = ffffffff 19becc52 c4106208 20000000 00000000 00000000 00000000 00000000
ffff8e2301f33740 2338313659 C Bo:2:011:2 0 32 >
ffff8e2301f33740 2338313670 S Bo:2:011:2 -115 32 = 00000000 00002000 62080519 d073dbd6 ffffffff ffffffff ffffffff ffffffff
ffff8e2301f32240 2338316482 C Bo:2:011:2 0 32 >
ffff8e2301f32240 2338316495 S Bo:2:011:2 -115 32 = bef7359d 4a42a310 41082000 00000000 00000000 00000000 00000000 00000000
ffff8e2301f33740 2338319266 C Bo:2:011:2 0 32 >
ffff8e2301f33740 2338319277 S Bo:2:011:2 -115 32 = 00000000 00000000 00000000 00000000 00000000 00000000 00000000 00000000
ffff8e2301f32240 2338322002 C Bo:2:011:2 0 32 >
ffff8e2301f32240 2338322015 S Bo:2:011:2 -115 32 = 00000000 00000000 00000000 00000000 00000000 00000000 00000000 00000000
ffff8e2301f33740 2338324763 C Bo:2:011:2 0 32 >
ffff8e2301f33740 2338324776 S Bo:2:011:2 -115 32 = 00000000 00000000 00000000 00000000 00000000 00000000 00000000 00000000
ffff8e2301f32240 2338327549 C Bo:2:011:2 0 32 >
ffff8e2301f32240 2338327560 S Bo:2:011:2 -115 32 = 00000000 00000000 00000000 00000000 00000000 00000000 00000000 00000000
ffff8e2301f33740 2338330338 C Bo:2:011:2 0 32 >
ffff8e2301f33740 2338330349 S Bo:2:011:2 -115 32 = 00000000 00000000 00000000 00000000 00000000 00000000 00000000 00000000
ffff8e2301f32240 2338333123 C Bo:2:011:2 0 32 >
ffff8e2301f32240 2338333134 S Bo:2:011:2 -115 32 = 00000000 00000000 00000000 00000000 00000000 00000000 00000000 00000000
ffff8e2301f33740 2338335918 C Bo:2:011:2 0 32 >
ffff8e2301f33740 2338335931 S Bo:2:011:2 -115 32 = 00002100 62088208 a310a310 a310a310 a310a310 a310a310 a310a310 a310a310
ffff8e2301f32240 2338338626 C Bo:2:011:2 0 32 >
ffff8e2301f32240 2338338639 S Bo:2:011:2 -115 32 = a310a310 a310a310 a310a310 a310a310 a310a310 a310a310 a310a310 82086108
ffff8e2301f33740 2338341410 C Bo:2:011:2 0 32 >
ffff8e2301f33740 2338341422 S Bo:2:011:2 -115 32 = 21000000 00000000 00000000 00000000 00000000 00000000 00000000 00002000
ffff8e2301f32240 2338344167 C Bo:2:011:2 0 32 >
ffff8e2301f32240 2338344175 S Bo:2:011:2 -115 32 = 41006108 8208a310 46214a42 0d5b6f6b d073d073 6f6b0d5b 6a424621 c3108208
ffff8e2301f33740 2338346909 C Bo:2:011:2 0 32 >
ffff8e2301f33740 2338346923 S Bo:2:011:2 -115 32 = 62084100 20000000 00000000 00000000 00000000 00000000 00000000 00000000
ffff8e2301f32240 2338349729 C Bo:2:011:2 0 32 >
ffff8e2301f32240 2338349742 S Bo:2:011:2 -115 32 = 00000000 00000000 00000000 20004100 6208a310 46218b4a 2e63b073 b0732e63
ffff8e2301f33740 2338352490 C Bo:2:011:2 0 32 >
ffff8e2301f33740 2338352501 S Bo:2:011:2 -115 32 = 4a420519 a3106208 21000000 00000000 00000000 00000000 00000000 00000000
ffff8e2301f32240 2338355298 C Bo:2:011:2 0 32 >
ffff8e2301f32240 2338355309 S Bo:2:011:2 -115 8 = 00000000 0000ca40
ffff8e2301f33740 2338358057 C Bo:2:011:2 0 32 >
ffff8e2301f32240 2338360778 C Bo:2:011:2 0 8 >
ffff8e2301f32e40 2338374896 C Bi:2:011:2 0 9 = a5570094 0001594c 56
ffff8e2301f32e40 2338374911 S Bi:2:011:2 -115 32 <
ffff8e2301f32240 2338376232 S Bo:2:011:2 -115 32 = a5570095 04000000 20004100 6208a310 66216b4a 4e63b073 f1738f6b ed52c831
ffff8e2301f33740 2338376236 S Bo:2:011:2 -115 32 = e4188208 41082000 00000000 00000000 00000000 00000000 00000000 00000000
ffff8e2301f32240 2338376299 C Bo:2:011:2 0 32 >
ffff8e2301f32240 2338376302 S Bo:2:011:2 -115 32 = 00000000 00000000 00000000 00000000 00000000 00000000 00000000 00000000
ffff8e2301f33740 2338376342 C Bo:2:011:2 0 32 >
ffff8e2301f33740 2338376343 S Bo:2:011:2 -115 32 = 00000000 00000000 00000000 00000000 00000000 00000000 00000000 00000000
ffff8e2301f32240 2338379193 C Bo:2:011:2 0 32 >
ffff8e2301f32240 2338379207 S Bo:2:011:2 -115 32 = 00000000 00000000 00000000 00000000 00000000 00000000 00000000 00000000
ffff8e2301f33740 2338381907 C Bo:2:011:2 0 32 >
ffff8e2301f33740 2338381920 S Bo:2:011:2 -115 32 = 00000000 00000000 00000000 00000000 00000000 00000000 00000000 00000000
ffff8e2301f32240 2338384693 C Bo:2:011:2 0 32 >
ffff8e2301f32240 2338384706 S Bo:2:011:2 -115 32 = 00000000 00000000 00000000 00000000 00000000 00000000 00000000 00000000
ffff8e2301f33740 2338387479 C Bo:2:011:2 0 32 >
ffff8e2301f33740 2338387492 S Bo:2:011:2 -115 32 = 00000000 00000000 00000000 00000000 00000000 00000000 00000000 00000000
ffff8e2301f32240 2338390263 C Bo:2:011:2 0 32 >
ffff8e2301f32240 2338390275 S Bo:2:011:2 -115 32 = 00000000 00002000 20002000 20002000 20002000 20002000 20002000 20002000
ffff8e2301f33740 2338392986 C Bo:2:011:2 0 32 >
ffff8e2301f33740 2338392998 S Bo:2:011:2 -115 32 = 20002000 20002000 20002000 20002000 20002000 20002000 20002000 20000000
ffff8e2301f32240 2338395805 C Bo:2:011:2 0 32 >
ffff8e2301f32240 2338395816 S Bo:2:011:2 -115 32 = 00000000 00000000 00000000 00000000 00000000 00000000 00000000 00000000
ffff8e2301f33740 2338398555 C Bo:2:011:2 0 32 >
ffff8e2301f33740 2338398566 S Bo:2:011:2 -115 32 = 00000000 20002100 41004108 62086208 62086208 62086208 41084100 21002000
ffff8e2301f32240 2338401319 C Bo:2:011:2 0 32 >
ffff8e2301f32240 2338401332 S Bo:2:011:2 -115 32 = 00000000 00000000 00000000 00000000 00000000 00000000 00000000 00000000
ffff8e2301f33740 2338404126 C Bo:2:011:2 0 32 >
ffff8e2301f33740 2338404137 S Bo:2:011:2 -115 32 = 00000000 00000000 00000000 00000000 00002000 41004108 62086208 62086208
ffff8e2301f32240 2338406907 C Bo:2:011:2 0 32 >
ffff8e2301f32240 2338406920 S Bo:2:011:2 -115 32 = 41084100 20000000 00000000 00000000 00000000 00000000 00000000 00000000
ffff8e2301f33740 2338409627 C Bo:2:011:2 0 32 >
ffff8e2301f33740 2338409639 S Bo:2:011:2 -115 32 = 00000000 00000000 00000000 00002000 41004108 62086208 62086208 62084108
ffff8e2301f32240 2338412411 C Bo:2:011:2 0 32 >
ffff8e2301f32240 2338412422 S Bo:2:011:2 -115 32 = 21002000 00000000 00000000 00000000 00000000 00000000 00000000 00000000
ffff8e2301f33740 2338415194 C Bo:2:011:2 0 32 >
ffff8e2301f33740 2338415205 S Bo:2:011:2 -115 32 = 00000000 00000000 00000000 00000000 00000000 00000000 00000000 00000000
ffff8e2301f32240 2338417988 C Bo:2:011:2 0 32 >
ffff8e2301f32240 2338418001 S Bo:2:011:2 -115 32 = 00000000 00000000 00000000 00000000 00000000 00000000 00000000 00000000
ffff8e2301f33740 2338420700 C Bo:2:011:2 0 32 >
ffff8e2301f33740 2338420711 S Bo:2:011:2 -115 32 = 00000000 00000000 00000000 00000000 00000000 00000000 00000000 00000000
ffff8e2301f32240 2338423479 C Bo:2:011:2 0 32 >
ffff8e2301f32240 2338423492 S Bo:2:011:2 -115 32 = 00000000 00000000 00000000 00000000 00000000 00000000 00000000 00000000
ffff8e2301f33740 2338426263 C Bo:2:011:2 0 32 >
ffff8e2301f33740 2338426276 S Bo:2:011:2 -115 32 = 00000000 00000000 00000000 00000000 00000000 00000000 00000000 00000000
ffff8e2301f32240 2338429057 C Bo:2:011:2 0 32 >
ffff8e2301f32240 2338429070 S Bo:2:011:2 -115 32 = 00000000 00000000 00000000 00000000 00000000 00000000 00000000 00000000
ffff8e2301f33740 2338431802 C Bo:2:011:2 0 32 >
ffff8e2301f33740 2338431815 S Bo:2:011:2 -115 32 = 00000000 00000000 00000000 00000000 00000000 00000000 00000000 00000000
ffff8e2301f32240 2338434567 C Bo:2:011:2 0 32 >
ffff8e2301f32240 2338434578 S Bo:2:011:2 -115 32 = 00000000 00000000 00000000 00000000 00000000 00000000 00000000 00000000
ffff8e2301f33740 2338437338 C Bo:2:011:2 0 32 >
ffff8e2301f33740 2338437349 S Bo:2:011:2 -115 32 = 00000000 00000000 00000000 00000000 00000000 00000000 00000000 00000000
ffff8e2301f32240 2338440123 C Bo:2:011:2 0 32 >
ffff8e2301f32240 2338440136 S Bo:2:011:2 -115 32 = 00000000 00000000 00000000 20002000 20002000 20002000 00000000 00000000
ffff8e2301f33740 2338442912 C Bo:2:011:2 0 32 >
ffff8e2301f33740 2338442923 S Bo:2:011:2 -115 32 = 00000000 00000000 00000000 00000000 00000000 00000000 00000000 00000000
ffff8e2301f32240 2338445658 C Bo:2:011:2 0 32 >
ffff8e2301f32240 2338445671 S Bo:2:011:2 -115 32 = 00000000 00000000 00000000 00000000 00000000 00000000 20002000 20002000
ffff8e2301f33740 2338448412 C Bo:2:011:2 0 32 >
ffff8e2301f33740 2338448424 S Bo:2:011:2 -115 32 = 00000000 00000000 00000000 00000000 00000000 00000000 00000000 00000000
ffff8e2301f32240 2338451196 C Bo:2:011:2 0 32 >
ffff8e2301f32240 2338451207 S Bo:2:011:2 -115 32 = 00000000 00000000 00000000 00000000 00000000 20002000 20002000 00000000
ffff8e2301f33740 2338453983 C Bo:2:011:2 0 32 >
ffff8e2301f33740 2338453996 S Bo:2:011:2 -115 32 = 00000000 00000000 00000000 00000000 00000000 00000000 00000000 00000000
ffff8e2301f32240 2338456764 C Bo:2:011:2 0 32 >
ffff8e2301f32240 2338456777 S Bo:2:011:2 -115 8 = 00000000 00006246
ffff8e2301f33740 2338459479 C Bo:2:011:2 0 32 >
ffff8e2301f32240 2338462220 C Bo:2:011:2 0 8 >
ffff8e2301f326c0 2338475920 C Bi:2:011:2 0 9 = a5570095 0001593a e2
ffff8e2301f326c0 2338475932 S Bi:2:011:2 -115 32 <
ffff8e2301f32240 2338476582 S Bo:2:011:2 -115 12 = a5060000 00044f76 6572a95e
ffff8e2301f32240 2338476628 C Bo:2:011:2 0 12 >
ffff8e230c5fc9c0 2338477071 S Co:2:011:0 s 40 a4 ffff 0000 0000 0
ffff8e230c5fc9c0 2338477169 C Co:2:011:0 0 0
ffff8e2301f326c0 2338479201 C Bi:2:011:2 -2 0
ffff8e2301f32e40 2338481204 C Bi:2:011:2 -2 0
ffff8e2301f33b00 2338483204 C Ii:2:011:1 -2:1 0
ffff8e2302151980 2340170179 S Bo:2:002:2 -115 31 = 55534243 d80d0000 00000000 00000600 00000000 00000000 00000000 000000
ffff8e2302151980 2340170245 C Bo:2:002:2 0 31 >
ffff8e2302151980 2340170256 S Bi:2:002:1 -115 13 <
ffff8e2302151980 2340170282 C Bi:2:002:1 0 13 = 55534253 d80d0000 00000000 00
ffff8e2302151980 2342218174 S Bo:2:002:2 -115 31 = 55534243 d90d0000 00000000 00000600 00000000 00000000 00000000 000000
ffff8e2302151980 2342218205 C Bo:2:002:2 0 31 >
ffff8e2302151980 2342218216 S Bi:2:002:1 -115 13 <
ffff8e2302151980 2342218252 C Bi:2:002:1 0 13 = 55534253 d90d0000 00000000 00
ffff8e2303c4c540 2343126974 C Ii:2:008:1 0:1 7 = 02000160 fe0000
ffff8e2303c4c540 2343126996 S Ii:2:008:1 -115:1 8 <
ffff8e2303c4c540 2343134997 C Ii:2:008:1 0:1 7 = 0200c17f fd0000
ffff8e2303c4c540 2343135014 S Ii:2:008:1 -115:1 8 <
ffff8e2303c4c540 2343143005 C Ii:2:008:1 0:1 7 = 0200a1bf fc0000
ffff8e2303c4c540 2343143023 S Ii:2:008:1 -115:1 8 <
ffff8e2303c4c540 2343150999 C Ii:2:008:1 0:1 7 = 0200811f fc0000
ffff8e2303c4c540 2343151015 S Ii:2:008:1 -115:1 8 <
ffff8e2303c4c540 2343158998 C Ii:2:008:1 0:1 7 = 0200871f fd0000
ffff8e2303c4c540 2343159015 S Ii:2:008:1 -115:1 8 <
ffff8e2303c4c540 2343167007 C Ii:2:008:1 0:1 7 = 0200938f fd0000
ffff8e2303c4c540 2343167024 S Ii:2:008:1 -115:1 8 <
ffff8e2303c4c540 2343175004 C Ii:2:008:1 0:1 7 = 0200a0df fd0000
ffff8e2303c4c540 2343175020 S Ii:2:008:1 -115:1 8 <
ffff8e2303c4c540 2343182999 C Ii:2:008:1 0:1 7 = 0200b0ef fd0000
ffff8e2303c4c540 2343183017 S Ii:2:008:1 -115:1 8 <
ffff8e2303c4c540 2343190975 C Ii:2:008:1 0:1 7 = 0200b91f fe0000
ffff8e2303c4c540 2343190998 S Ii:2:008:1 -115:1 8 <
ffff8e2303c4c540 2343199005 C Ii:2:008:1 0:1 7 = 0200bf2f fe0000
ffff8e2303c4c540 2343199021 S Ii:2:008:1 -115:1 8 <
ffff8e2303c4c540 2343206998 C Ii:2:008:1 0:1 7 = 0200c23f fe0000
ffff8e2303c4c540 2343207015 S Ii:2:008:1 -115:1 8 <
ffff8e2303c4c540 2343215009 C Ii:2:008:1 0:1 7 = 0200c34f fe0000
ffff8e2303c4c540 2343215026 S Ii:2:008:1 -115:1 8 <
ffff8e2303c4c540 2343223010 C Ii:2:008:1 0:1 7 = 0200c35f fe0000
ffff8e2303c4c540 2343223026 S Ii:2:008:1 -115:1 8 <
ffff8e2303c4c540 2343230999 C Ii:2:008:1 0:1 7 = 0200c46f fe0000
ffff8e2303c4c540 2343231016 S Ii:2:008:1 -115:1 8 <
ffff8e2303c4c540 2343239007 C Ii:2:008:1 0:1 7 = 0200c68f fe0000
ffff8e2303c4c540 2343239023 S Ii:2:008:1 -115:1 8 <
ffff8e2303c4c540 2343247007 C Ii:2:008:1 0:1 7 = 0200c58f fe0000
ffff8e2303c4c540 2343247024 S Ii:2:008:1 -115:1 8 <
ffff8e2303c4c540 2343254999 C Ii:2:008:1 0:1 7 = 0200c9af fe0000
ffff8e2303c4c540 2343255016 S Ii:2:008:1 -115:1 8 <
ffff8e2303c4c540 2343262997 C Ii:2:008:1 0:1 7 = 0200cbbf fe0000
ffff8e2303c4c540 2343263015 S Ii:2:008:1 -115:1 8 <
ffff8e2303c4c540 2343271005 C Ii:2:008:1 0:1 7 = 0200cddf fe0000
ffff8e2303c4c540 2343271022 S Ii:2:008:1 -115:1 8 <
ffff8e2303c4c540 2343278998 C Ii:2:008:1 0:1 7 = 0200d10f ff0000
ffff8e2303c4c540 2343279016 S Ii:2:008:1 -115:1 8 <
ffff8e2303c4c540 2343287005 C Ii:2:008:1 0:1 7 = 0200d32f ff0000
ffff8e2303c4c540 2343287022 S Ii:2:008:1 -115:1 8 <
ffff8e2303c4c540 2343295007 C Ii:2:008:1 0:1 7 = 0200d55f ff0000
ffff8e2303c4c540 2343295023 S Ii:2:008:1 -115:1 8 <
ffff8e2303c4c540 2343302999 C Ii:2:008:1 0:1 7 = 0200d67f ff0000
ffff8e2303c4c540 2343303015 S Ii:2:008:1 -115:1 8 <
ffff8e2303c4c540 2343310999 C Ii:2:008:1 0:1 7 = 0200d78f ff0000
ffff8e2303c4c540 2343311017 S Ii:2:008:1 -115:1 8 <
ffff8e2303c4c540 2343319004 C Ii:2:008:1 0:1 7 = 0200dbaf ff0000
ffff8e2303c4c540 2343319020 S Ii:2:008:1 -115:1 8 <
ffff8e2303c4c540 2343326999 C Ii:2:008:1 0:1 7 = 0200dccf ff0000
ffff8e2303c4c540 2343327016 S Ii:2:008:1 -115:1 8 <
ffff8e2303c4c540 2343334998 C Ii:2:008:1 0:1 7 = 0200dfcf ff0000
ffff8e2303c4c540 2343335015 S Ii:2:008:1 -115:1 8 <
ffff8e2303c4c540 2343343005 C Ii:2:008:1 0:1 7 = 0200dfdf ff0000
ffff8e2303c4c540 2343343021 S Ii:2:008:1 -115:1 8 <
ffff8e2303c4c540 2343350998 C Ii:2:008:1 0:1 7 = 0200dfdf ff0000
ffff8e2303c4c540 2343351016 S Ii:2:008:1 -115:1 8 <
ffff8e2303c4c540 2343357998 C Ii:2:008:1 0:1 7 = 0200e2ef ff0000
ffff8e2303c4c540 2343358015 S Ii:2:008:1 -115:1 8 <
ffff8e2303c4c540 2343365971 C Ii:2:008:1 0:1 7 = 0200e3ef ff0000
ffff8e2303c4c540 2343365986 S Ii:2:008:1 -115:1 8 <
ffff8e2303c4c540 2343374005 C Ii:2:008:1 0:1 7 = 0200e60f 000000
ffff8e2303c4c540 2343374022 S Ii:2:008:1 -115:1 8 <
ffff8e2303c4c540 2343381999 C Ii:2:008:1 0:1 7 = 0200e90f 000000
ffff8e2303c4c540 2343382016 S Ii:2:008:1 -115:1 8 <
ffff8e2303c4c540 2343389999 C Ii:2:008:1 0:1 7 = 0200eb0f 000000
ffff8e2303c4c540 2343390017 S Ii:2:008:1 -115:1 8 <
ffff8e2303c4c540 2343397998 C Ii:2:008:1 0:1 7 = 0200ee0f 000000
ffff8e2303c4c540 2343398025 S Ii:2:008:1 -115:1 8 <
ffff8e2303c4c540 2343406000 C Ii:2:008:1 0:1 7 = 0200f00f 000000
ffff8e2303c4c540 2343406027 S Ii:2:008:1 -115:1 8 <
ffff8e2303c4c540 2343413999 C Ii:2:008:1 0:1 7 = 0200f00f 000000
ffff8e2303c4c540 2343414027 S Ii:2:008:1 -115:1 8 <
ffff8e2303c4c540 2343422005 C Ii:2:008:1 0:1 7 = 0200f10f 000000
ffff8e2303c4c540 2343422031 S Ii:2:008:1 -115:1 8 <
ffff8e2303c4c540 2343429999 C Ii:2:008:1 0:1 7 = 0200f30f 000000
ffff8e2303c4c540 2343430026 S Ii:2:008:1 -115:1 8 <
ffff8e2303c4c540 2343437973 C Ii:2:008:1 0:1 7 = 0200f70f 000000
ffff8e2303c4c540 2343437997 S Ii:2:008:1 -115:1 8 <
ffff8e2303c4c540 2343446005 C Ii:2:008:1 0:1 7 = 0200fa0f 000000
ffff8e2303c4c540 2343446031 S Ii:2:008:1 -115:1 8 <
ffff8e2303c4c540 2343454005 C Ii:2:008:1 0:1 7 = 0200fb0f 000000
ffff8e2303c4c540 2343454031 S Ii:2:008:1 -115:1 8 <
ffff8e2303c4c540 2343461999 C Ii:2:008:1 0:1 7 = 0200fc0f 000000
ffff8e2303c4c540 2343462026 S Ii:2:008:1 -115:1 8 <
ffff8e2303c4c540 2343469999 C Ii:2:008:1 0:1 7 = 0200fa0f 000000
ffff8e2303c4c540 2343470025 S Ii:2:008:1 -115:1 8 <
ffff8e2303c4c540 2343477971 C Ii:2:008:1 0:1 7 = 0200f72f 000000
ffff8e2303c4c540 2343477989 S Ii:2:008:1 -115:1 8 <
ffff8e2303c4c540 2343485971 C Ii:2:008:1 0:1 7 = 0200f52f 000000
ffff8e2303c4c540 2343485986 S Ii:2:008:1 -115:1 8 <
ffff8e2303c4c540 2343493999 C Ii:2:008:1 0:1 7 = 0200f33f 000000
ffff8e2303c4c540 2343494030 S Ii:2:008:1 -115:1 8 <
ffff8e2303c4c540 2343502017 C Ii:2:008:1 0:1 7 = 0200f12f 000000
ffff8e2303c4c540 2343502035 S Ii:2:008:1 -115:1 8 <
ffff8e2303c4c540 2343510007 C Ii:2:008:1 0:1 7 = 0200ee3f 000000
ffff8e2303c4c540 2343510029 S Ii:2:008:1 -115:1 8 <
ffff8e2303c4c540 2343518000 C Ii:2:008:1 0:1 7 = 0200e91f 000000
ffff8e2303c4c540 2343518016 S Ii:2:008:1 -115:1 8 <
ffff8e2303c4c540 2343526000 C Ii:2:008:1 0:1 7 = 0200e41f 000000
ffff8e2303c4c540 2343526016 S Ii:2:008:1 -115:1 8 <
ffff8e2303c4c540 2343533977 C Ii:2:008:1 0:1 7 = 0200de1f 000000
ffff8e2303c4c540 2343534001 S Ii:2:008:1 -115:1 8 <
ffff8e2303c4c540 2343542005 C Ii:2:008:1 0:1 7 = 0200d8ff ff0000
ffff8e2303c4c540 2343542021 S Ii:2:008:1 -115:1 8 <
ffff8e2303c4c540 2343550004 C Ii:2:008:1 0:1 7 = 0200d5df ff0000
ffff8e2303c4c540 2343550021 S Ii:2:008:1 -115:1 8 <
ffff8e2303c4c540 2343558000 C Ii:2:008:1 0:1 7 = 0200d09f ff0000
ffff8e2303c4c540 2343558018 S Ii:2:008:1 -115:1 8 <
ffff8e2303c4c540 2343566006 C Ii:2:008:1 0:1 7 = 0200ce6f ff0000
ffff8e2303c4c540 2343566023 S Ii:2:008:1 -115:1 8 <
ffff8e2303c4c540 2343574006 C Ii:2:008:1 0:1 7 = 0200cc1f ff0000
ffff8e2303c4c540 2343574023 S Ii:2:008:1 -115:1 8 <
ffff8e2303c4c540 2343582006 C Ii:2:008:1 0:1 7 = 0200ce0f ff0000
ffff8e2303c4c540 2343582023 S Ii:2:008:1 -115:1 8 <
ffff8e2303c4c540 2343589999 C Ii:2:008:1 0:1 7 = 0200d2ff fe0000
ffff8e2303c4c540 2343590015 S Ii:2:008:1 -115:1 8 <
ffff8e2303c4c540 2343598000 C Ii:2:008:1 0:1 7 = 0200d6ef fe0000
ffff8e2303c4c540 2343598018 S Ii:2:008:1 -115:1 8 <
ffff8e2303c4c540 2343605972 C Ii:2:008:1 0:1 7 = 0200ddef fe0000
ffff8e2303c4c540 2343605987 S Ii:2:008:1 -115:1 8 <
ffff8e2303c4c540 2343614001 C Ii:2:008:1 0:1 7 = 0200e1ff fe0000
ffff8e2303c4c540 2343614017 S Ii:2:008:1 -115:1 8 <
ffff8e2303c4c540 2343621976 C Ii:2:008:1 0:1 7 = 0200e50f ff0000
ffff8e2303c4c540 2343621992 S Ii:2:008:1 -115:1 8 <
ffff8e2303c4c540 2343629999 C Ii:2:008:1 0:1 7 = 0200eaff fe0000
ffff8e2303c4c540 2343630016 S Ii:2:008:1 -115:1 8 <
ffff8e2303c4c540 2343637983 C Ii:2:008:1 0:1 7 = 0200f00f ff0000
ffff8e2303c4c540 2343638005 S Ii:2:008:1 -115:1 8 <
ffff8e2303c4c540 2343645983 C Ii:2:008:1 0:1 7 = 0200f60f ff0000
ffff8e2303c4c540 2343645999 S Ii:2:008:1 -115:1 8 <
ffff8e2303c4c540 2343654001 C Ii:2:008:1 0:1 7 = 0200fa0f ff0000
ffff8e2303c4c540 2343654018 S Ii:2:008:1 -115:1 8 <
ffff8e2303c4c540 2343661999 C Ii:2:008:1 0:1 7 = 0200fd0f ff0000
ffff8e2303c4c540 2343662015 S Ii:2:008:1 -115:1 8 <
ffff8e2303c4c540 2343670001 C Ii:2:008:1 0:1 7 = 0200ff0f ff0000
ffff8e2303c4c540 2343670018 S Ii:2:008:1 -115:1 8 <
ffff8e2303c4c540 2343678000 C Ii:2:008:1 0:1 7 = 0200ffff fe0000
ffff8e2303c4c540 2343678016 S Ii:2:008:1 -115:1 8 <
ffff8e2303c4c540 2343685972 C Ii:2:008:1 0:1 7 = 020000f0 fe0000
ffff8e2303c4c540 2343685988 S Ii:2:008:1 -115:1 8 <
ffff8e2303c4c540 2343693999 C Ii:2:008:1 0:1 7 = 02000000 ff0000
ffff8e2303c4c540 2343694016 S Ii:2:008:1 -115:1 8 <
ffff8e2303c4c540 2343701971 C Ii:2:008:1 0:1 7 = 02000100 ff0000
ffff8e2303c4c540 2343701988 S Ii:2:008:1 -115:1 8 <
ffff8e2303c4c540 2343710001 C Ii:2:008:1 0:1 7 = 02000110 ff0000
ffff8e2303c4c540 2343710019 S Ii:2:008:1 -115:1 8 <
ffff8e2303c4c540 2343718000 C Ii:2:008:1 0:1 7 = 02000010 ff0000
ffff8e2303c4c540 2343718016 S Ii:2:008:1 -115:1 8 <
ffff8e2303c4c540 2343725972 C Ii:2:008:1 0:1 7 = 02000220 ff0000
ffff8e2303c4c540 2343725988 S Ii:2:008:1 -115:1 8 <
ffff8e2303c4c540 2343734009 C Ii:2:008:1 0:1 7 = 02000120 ff0000
ffff8e2303c4c540 2343734027 S Ii:2:008:1 -115:1 8 <
ffff8e2303c4c540 2343741974 C Ii:2:008:1 0:1 7 = 02000330 ff0000
ffff8e2303c4c540 2343741989 S Ii:2:008:1 -115:1 8 <
ffff8e2303c4c540 2343750009 C Ii:2:008:1 0:1 7 = 02000250 ff0000
ffff8e2303c4c540 2343750025 S Ii:2:008:1 -115:1 8 <
ffff8e2303c4c540 2343758004 C Ii:2:008:1 0:1 7 = 02000270 ff0000
ffff8e2303c4c540 2343758022 S Ii:2:008:1 -115:1 8 <
ffff8e2303c4c540 2343765972 C Ii:2:008:1 0:1 7 = 02000290 ff0000
ffff8e2303c4c540 2343765987 S Ii:2:008:1 -115:1 8 <
ffff8e2303c4c540 2343774006 C Ii:2:008:1 0:1 7 = 020000a0 ff0000
ffff8e2303c4c540 2343774022 S Ii:2:008:1 -115:1 8 <
ffff8e2303c4c540 2343781981 C Ii:2:008:1 0:1 7 = 020001a0 ff0000
ffff8e2303c4c540 2343781998 S Ii:2:008:1 -115:1 8 <
ffff8e2303c4c540 2343789999 C Ii:2:008:1 0:1 7 = 020000b0 ff0000
ffff8e2303c4c540 2343790016 S Ii:2:008:1 -115:1 8 <
ffff8e2303c4c540 2343798009 C Ii:2:008:1 0:1 7 = 020000c0 ff0000
ffff8e2303c4c540 2343798026 S Ii:2:008:1 -115:1 8 <
ffff8e2303c4c540 2343805972 C Ii:2:008:1 0:1 7 = 020000a0 ff0000
ffff8e2303c4c540 2343805987 S Ii:2:008:1 -115:1 8 <
ffff8e2303c4c540 2343814001 C Ii:2:008:1 0:1 7 = 0200ffcf ff0000
ffff8e2303c4c540 2343814031 S Ii:2:008:1 -115:1 8 <
ffff8e2303c4c540 2343821981 C Ii:2:008:1 0:1 7 = 0200ffbf ff0000
ffff8e2303c4c540 2343822001 S Ii:2:008:1 -115:1 8 <
ffff8e2303c4c540 2343830007 C Ii:2:008:1 0:1 7 = 0200fdbf ff0000
ffff8e2303c4c540 2343830034 S Ii:2:008:1 -115:1 8 <
ffff8e2303c4c540 2343838001 C Ii:2:008:1 0:1 7 = 0200fdcf ff0000
ffff8e2303c4c540 2343838028 S Ii:2:008:1 -115:1 8 <
ffff8e2303c4c540 2343845973 C Ii:2:008:1 0:1 7 = 0200feef ff0000
ffff8e2303c4c540 2343845992 S Ii:2:008:1 -115:1 8 <
ffff8e2303c4c540 2343854000 C Ii:2:008:1 0:1 7 = 0200feff ff0000
ffff8e2303c4c540 2343854017 S Ii:2:008:1 -115:1 8 <
ffff8e2303c4c540 2343990013 C Ii:2:008:1 0:1 7 = 02000100 000000
ffff8e2303c4c540 2343990036 S Ii:2:008:1 -115:1 8 <
ffff8e2303c4c540 2343998007 C Ii:2:008:1 0:1 7 = 02000330 000000
ffff8e2303c4c540 2343998023 S Ii:2:008:1 -115:1 8 <
ffff8e2303c4c540 2344005973 C Ii:2:008:1 0:1 7 = 02000320 000000
ffff8e2303c4c540 2344005990 S Ii:2:008:1 -115:1 8 <
ffff8e2303c4c540 2344014001 C Ii:2:008:1 0:1 7 = 02000320 000000
ffff8e2303c4c540 2344014017 S Ii:2:008:1 -115:1 8 <
ffff8e2303c4c540 2344021973 C Ii:2:008:1 0:1 7 = 02000430 000000
ffff8e2303c4c540 2344021989 S Ii:2:008:1 -115:1 8 <
ffff8e2303c4c540 2344030009 C Ii:2:008:1 0:1 7 = 02000120 000000
ffff8e2303c4c540 2344030026 S Ii:2:008:1 -115:1 8 <
ffff8e2303c4c540 2344038002 C Ii:2:008:1 0:1 7 = 02000220 000000
ffff8e2303c4c540 2344038018 S Ii:2:008:1 -115:1 8 <
ffff8e2303c4c540 2344045979 C Ii:2:008:1 0:1 7 = 02000330 000000
ffff8e2303c4c540 2344046000 S Ii:2:008:1 -115:1 8 <
ffff8e2303c4c540 2344054010 C Ii:2:008:1 0:1 7 = 02000210 000000
ffff8e2303c4c540 2344054027 S Ii:2:008:1 -115:1 8 <
ffff8e2303c4c540 2344061973 C Ii:2:008:1 0:1 7 = 02000120 000000
ffff8e2303c4c540 2344061990 S Ii:2:008:1 -115:1 8 <
ffff8e2303c4c540 2344070008 C Ii:2:008:1 0:1 7 = 02000210 000000
ffff8e2303c4c540 2344070024 S Ii:2:008:1 -115:1 8 <
ffff8e2303c4c540 2344078004 C Ii:2:008:1 0:1 7 = 02000110 000000
ffff8e2303c4c540 2344078020 S Ii:2:008:1 -115:1 8 <
ffff8e2303c4c540 2344085991 C Ii:2:008:1 0:1 7 = 02000010 000000
ffff8e2303c4c540 2344086005 S Ii:2:008:1 -115:1 8 <
ffff8e2303c4c540 2344093978 C Ii:2:008:1 0:1 7 = 02000110 000000
ffff8e2303c4c540 2344093993 S Ii:2:008:1 -115:1 8 <
ffff8e2302151980 2344266101 S Bo:2:002:2 -115 31 = 55534243 da0d0000 00000000 00000600 00000000 00000000 00000000 000000
ffff8e2302151980 2344266157 C Bo:2:002:2 0 31 >
ffff8e2302151980 2344266171 S Bi:2:002:1 -115 13 <
ffff8e2302151980 2344266197 C Bi:2:002:1 0 13 = 55534253 da0d0000 00000000 00
ffff8e2303c4c540 2344382005 C Ii:2:008:1 0:1 7 = 02010000 000000
ffff8e2303c4c540 2344382022 S Ii:2:008:1 -115:1 8 <
ffff8e2303c4c540 2344470004 C Ii:2:008:1 0:1 7 = 02000000 000000
ffff8e2303c4c540 2344470022 S Ii:2:008:1 -115:1 8 <
ffff8e2303c4c540 2344701984 C Ii:2:008:1 0:1 7 = 02000330 000000
ffff8e2303c4c540 2344702024 S Ii:2:008:1 -115:1 8 <
ffff8e2303c4c540 2344710005 C Ii:2:008:1 0:1 7 = 02000560 000000
ffff8e2303c4c540 2344710023 S Ii:2:008:1 -115:1 8 <
ffff8e2303c4c540 2344718013 C Ii:2:008:1 0:1 7 = 020008b0 000000
ffff8e2303c4c540 2344718030 S Ii:2:008:1 -115:1 8 <
ffff8e2303c4c540 2344726004 C Ii:2:008:1 0:1 7 = 02000ff0 000000
ffff8e2303c4c540 2344726021 S Ii:2:008:1 -115:1 8 <
ffff8e2303c4c540 2344734005 C Ii:2:008:1 0:1 7 = 02001410 010000
ffff8e2303c4c540 2344734021 S Ii:2:008:1 -115:1 8 <
ffff8e2303c4c540 2344742005 C Ii:2:008:1 0:1 7 = 02001d60 010000
ffff8e2303c4c540 2344742022 S Ii:2:008:1 -115:1 8 <
ffff8e2303c4c540 2344750012 C Ii:2:008:1 0:1 7 = 02002680 010000
ffff8e2303c4c540 2344750028 S Ii:2:008:1 -115:1 8 <
ffff8e2303c4c540 2344758006 C Ii:2:008:1 0:1 7 = 02002ba0 010000
ffff8e2303c4c540 2344758024 S Ii:2:008:1 -115:1 8 <
ffff8e2303c4c540 2344766012 C Ii:2:008:1 0:1 7 = 020030d0 010000
ffff8e2303c4c540 2344766028 S Ii:2:008:1 -115:1 8 <
ffff8e2303c4c540 2344774004 C Ii:2:008:1 0:1 7 = 020036e0 010000
ffff8e2303c4c540 2344774021 S Ii:2:008:1 -115:1 8 <
ffff8e2303c4c540 2344782004 C Ii:2:008:1 0:1 7 = 02003a20 020000
ffff8e2303c4c540 2344782021 S Ii:2:008:1 -115:1 8 <
ffff8e2303c4c540 2344790016 C Ii:2:008:1 0:1 7 = 02003f50 020000
ffff8e2303c4c540 2344790032 S Ii:2:008:1 -115:1 8 <
ffff8e2303c4c540 2344798011 C Ii:2:008:1 0:1 7 = 02004470 020000
ffff8e2303c4c540 2344798027 S Ii:2:008:1 -115:1 8 <
ffff8e2303c4c540 2344806005 C Ii:2:008:1 0:1 7 = 02004890 020000
ffff8e2303c4c540 2344806023 S Ii:2:008:1 -115:1 8 <
ffff8e2303c4c540 2344814004 C Ii:2:008:1 0:1 7 = 02004bb0 020000
ffff8e2303c4c540 2344814020 S Ii:2:008:1 -115:1 8 <
ffff8e2303c4c540 2344822003 C Ii:2:008:1 0:1 7 = 02004ec0 020000
ffff8e2303c4c540 2344822020 S Ii:2:008:1 -115:1 8 <
ffff8e2303c4c540 2344830004 C Ii:2:008:1 0:1 7 = 02004ec0 020000
ffff8e2303c4c540 2344830020 S Ii:2:008:1 -115:1 8 <
ffff8e2303c4c540 2344838004 C Ii:2:008:1 0:1 7 = 02004bd0 020000
ffff8e2303c4c540 2344838022 S Ii:2:008:1 -115:1 8 <
ffff8e2303c4c540 2344846008 C Ii:2:008:1 0:1 7 = 02004bd0 020000
ffff8e2303c4c540 2344846025 S Ii:2:008:1 -115:1 8 <
ffff8e2303c4c540 2344854005 C Ii:2:008:1 0:1 7 = 02004bc0 020000
ffff8e2303c4c540 2344854021 S Ii:2:008:1 -115:1 8 <
ffff8e2303c4c540 2344862005 C Ii:2:008:1 0:1 7 = 02004bc0 020000
ffff8e2303c4c540 2344862023 S Ii:2:008:1 -115:1 8 <
ffff8e2303c4c540 2344870003 C Ii:2:008:1 0:1 7 = 02004bc0 020000
ffff8e2303c4c540 2344870020 S Ii:2:008:1 -115:1 8 <
ffff8e2303c4c540 2344878006 C Ii:2:008:1 0:1 7 = 02004dc0 020000
ffff8e2303c4c540 2344878022 S Ii:2:008:1 -115:1 8 <
ffff8e2303c4c540 2344886006 C Ii:2:008:1 0:1 7 = 02004cc0 020000
ffff8e2303c4c540 2344886023 S Ii:2:008:1 -115:1 8 <
ffff8e2303c4c540 2344894006 C Ii:2:008:1 0:1 7 = 02004ac0 020000
ffff8e2303c4c540 2344894023 S Ii:2:008:1 -115:1 8 <
ffff8e2303c4c540 2344901983 C Ii:2:008:1 0:1 7 = 020048d0 020000
ffff8e2303c4c540 2344902006 S Ii:2:008:1 -115:1 8 <
ffff8e2303c4c540 2344910004 C Ii:2:008:1 0:1 7 = 020046b0 020000
ffff8e2303c4c540 2344910020 S Ii:2:008:1 -115:1 8 <
ffff8e2303c4c540 2344918005 C Ii:2:008:1 0:1 7 = 020045b0 020000
ffff8e2303c4c540 2344918022 S Ii:2:008:1 -115:1 8 <
ffff8e2303c4c540 2344926012 C Ii:2:008:1 0:1 7 = 02004290 020000
ffff8e2303c4c540 2344926030 S Ii:2:008:1 -115:1 8 <
ffff8e2303c4c540 2344934019 C Ii:2:008:1 0:1 7 = 02003d60 020000
ffff8e2303c4c540 2344934036 S Ii:2:008:1 -115:1 8 <
ffff8e2303c4c540 2344942008 C Ii:2:008:1 0:1 7 = 02003840 020000
ffff8e2303c4c540 2344942024 S Ii:2:008:1 -115:1 8 <
ffff8e2303c4c540 2344950007 C Ii:2:008:1 0:1 7 = 02003110 020000
ffff8e2303c4c540 2344950024 S Ii:2:008:1 -115:1 8 <
ffff8e2303c4c540 2344958004 C Ii:2:008:1 0:1 7 = 02002be0 010000
ffff8e2303c4c540 2344958021 S Ii:2:008:1 -115:1 8 <
ffff8e2303c4c540 2344966007 C Ii:2:008:1 0:1 7 = 020025b0 010000
ffff8e2303c4c540 2344966024 S Ii:2:008:1 -115:1 8 <
ffff8e2303c4c540 2344974016 C Ii:2:008:1 0:1 7 = 02001e60 010000
ffff8e2303c4c540 2344974032 S Ii:2:008:1 -115:1 8 <
ffff8e2303c4c540 2344982006 C Ii:2:008:1 0:1 7 = 02001a30 010000
ffff8e2303c4c540 2344982022 S Ii:2:008:1 -115:1 8 <
ffff8e2303c4c540 2344990004 C Ii:2:008:1 0:1 7 = 020015e0 000000
ffff8e2303c4c540 2344990022 S Ii:2:008:1 -115:1 8 <
ffff8e2303c4c540 2344998000 C Ii:2:008:1 0:1 7 = 020012c0 000000
ffff8e2303c4c540 2344998015 S Ii:2:008:1 -115:1 8 <
ffff8e2303c4c540 2345005980 C Ii:2:008:1 0:1 7 = 020010a0 000000
ffff8e2303c4c540 2345005997 S Ii:2:008:1 -115:1 8 <
ffff8e2303c4c540 2345014005 C Ii:2:008:1 0:1 7 = 02001090 000000
ffff8e2303c4c540 2345014022 S Ii:2:008:1 -115:1 8 <
ffff8e2303c4c540 2345022012 C Ii:2:008:1 0:1 7 = 02001080 000000
ffff8e2303c4c540 2345022028 S Ii:2:008:1 -115:1 8 <
ffff8e2303c4c540 2345030017 C Ii:2:008:1 0:1 7 = 02001070 000000
ffff8e2303c4c540 2345030035 S Ii:2:008:1 -115:1 8 <
ffff8e2303c4c540 2345038012 C Ii:2:008:1 0:1 7 = 02000e70 000000
ffff8e2303c4c540 2345038028 S Ii:2:008:1 -115:1 8 <
ffff8e2303c4c540 2345046006 C Ii:2:008:1 0:1 7 = 02000b50 000000
ffff8e2303c4c540 2345046023 S Ii:2:008:1 -115:1 8 <
ffff8e2303c4c540 2345054006 C Ii:2:008:1 0:1 7 = 02000840 000000
ffff8e2303c4c540 2345054023 S Ii:2:008:1 -115:1 8 <
ffff8e2303c4c540 2345062013 C Ii:2:008:1 0:1 7 = 02000320 000000
ffff8e2303c4c540 2345062029 S Ii:2:008:1 -115:1 8 <
ffff8e2303c4c540 2345070011 C Ii:2:008:1 0:1 7 = 02000110 000000
ffff8e2303c4c540 2345070029 S Ii:2:008:1 -115:1 8 <
ffff8e2302151980 2346314084 S Bo:2:002:2 -115 31 = 55534243 db0d0000 00000000 00000600 00000000 00000000 00000000 000000
ffff8e2302151980 2346314117 C Bo:2:002:2 0 31 >
ffff8e2302151980 2346314126 S Bi:2:002:1 -115 13 <
ffff8e2302151980 2346314161 C Bi:2:002:1 0 13 = 55534253 db0d0000 00000000 00
ffff8e2315a10f00 2346625029 C Ii:2:005:1 0:16 8 = 00000600 00000000
ffff8e2315a10f00 2346625066 S Ii:2:005:1 -115:16 8 <
ffff8e2315a10f00 2346721020 C Ii:2:005:1 0:16 8 = 00000000 00000000
ffff8e2315a10f00 2346721045 S Ii:2:005:1 -115:16 8 <
ffff8e2315a10f00 2346769027 C Ii:2:005:1 0:16 8 = 00001200 00000000
ffff8e2315a10f00 2346769053 S Ii:2:005:1 -115:16 8 <
ffff8e2315a10f00 2346849016 C Ii:2:005:1 0:16 8 = 00001012 00000000
ffff8e2315a10f00 2346849042 S Ii:2:005:1 -115:16 8 <
ffff8e2315a10f00 2346897026 C Ii:2:005:1 0:16 8 = 00001000 00000000
ffff8e2315a10f00 2346897050 S Ii:2:005:1 -115:16 8 <
ffff8e2315a10f00 2346945020 C Ii:2:005:1 0:16 8 = 00000000 00000000
ffff8e2315a10f00 2346945046 S Ii:2:005:1 -115:16 8 <
ffff8e2315a10f00 2347057029 C Ii:2:005:1 0:16 8 = 00001300 00000000
ffff8e2315a10f00 2347057065 S Ii:2:005:1 -115:16 8 <
ffff8e2315a10f00 2347121019 C Ii:2:005:1 0:16 8 = 00000f13 00000000
ffff8e2315a10f00 2347121045 S Ii:2:005:1 -115:16 8 <
ffff8e2315a10f00 2347185022 C Ii:2:005:1 0:16 8 = 0000080f 00000000
ffff8e2315a10f00 2347185057 S Ii:2:005:1 -115:16 8 <
ffff8e2315a10f00 2347249017 C Ii:2:005:1 0:16 8 = 00000800 00000000
ffff8e2315a10f00 2347249043 S Ii:2:005:1 -115:16 8 <
ffff8e2315a10f00 2347281029 C Ii:2:005:1 0:16 8 = 00000817 00000000
ffff8e2315a10f00 2347281054 S Ii:2:005:1 -115:16 8 <
ffff8e2315a10f00 2347313018 C Ii:2:005:1 0:16 8 = 00001700 00000000
ffff8e2315a10f00 2347313044 S Ii:2:005:1 -115:16 8 <
ffff8e2315a10f00 2347377024 C Ii:2:005:1 0:16 8 = 00000817 00000000
ffff8e2315a10f00 2347377059 S Ii:2:005:1 -115:16 8 <
ffff8e2315a10f00 2347393030 C Ii:2:005:1 0:16 8 = 00000800 00000000
ffff8e2315a10f00 2347393062 S Ii:2:005:1 -115:16 8 <
ffff8e2315a10f00 2347473031 C Ii:2:005:1 0:16 8 = 00000000 00000000
ffff8e2315a10f00 2347473056 S Ii:2:005:1 -115:16 8 <
ffff8e2315a10f00 2347537023 C Ii:2:005:1 0:16 8 = 00002800 00000000
ffff8e2315a10f00 2347537053 S Ii:2:005:1 -115:16 8 <
ffff8e2315a10f00 2347600992 C Ii:2:005:1 0:16 8 = 00000000 00000000
ffff8e2315a10f00 2347601021 S Ii:2:005:1 -115:16 8 <
ffff8e2303c4c540 2348268025 C Ii:2:008:1 0:1 7 = 02000100 000000
ffff8e2303c4c540 2348268049 S Ii:2:008:1 -115:1 8 <
ffff8e2303c4c540 2348276021 C Ii:2:008:1 0:1 7 = 02000100 000000
ffff8e2303c4c540 2348276037 S Ii:2:008:1 -115:1 8 <
ffff8e2303c4c540 2348292036 C Ii:2:008:1 0:1 7 = 02000100 000000
ffff8e2303c4c540 2348292052 S Ii:2:008:1 -115:1 8 <
ffff8e2302151980 2348363145 S Bo:2:002:2 -115 31 = 55534243 dc0d0000 00000000 00000600 00000000 00000000 00000000 000000
ffff8e2302151980 2348363202 C Bo:2:002:2 0 31 >
ffff8e2302151980 2348363212 S Bi:2:002:1 -115 13 <
ffff8e2302151980 2348363241 C Bi:2:002:1 0 13 = 55534253 dc0d0000 00000000 00
ffff8e2302151980 2350410106 S Bo:2:002:2 -115 31 = 55534243 dd0d0000 00000000 00000600 00000000 00000000 00000000 000000
ffff8e2302151980 2350410168 C Bo:2:002:2 0 31 >
ffff8e2302151980 2350410180 S Bi:2:002:1 -115 13 <
ffff8e2302151980 2350410205 C Bi:2:002:1 0 13 = 55534253 dd0d0000 00000000 00
ffff8e2302151980 2352458122 S Bo:2:002:2 -115 31 = 55534243 de0d0000 00000000 00000600 00000000 00000000 00000000 000000
ffff8e2302151980 2352458181 C Bo:2:002:2 0 31 >
ffff8e2302151980 2352458192 S Bi:2:002:1 -115 13 <
ffff8e2302151980 2352458219 C Bi:2:002:1 0 13 = 55534253 de0d0000 00000000 00
ffff8e2302151980 2354506100 S Bo:2:002:2 -115 31 = 55534243 df0d0000 00000000 00000600 00000000 00000000 00000000 000000
ffff8e2302151980 2354506160 C Bo:2:002:2 0 31 >
ffff8e2302151980 2354506171 S Bi:2:002:1 -115 13 <
ffff8e2302151980 2354506198 C Bi:2:002:1 0 13 = 55534253 df0d0000 00000000 00
ffff8e2302151980 2356555044 S Bo:2:002:2 -115 31 = 55534243 e00d0000 00000000 00000600 00000000 00000000 00000000 000000
ffff8e2302151980 2356555076 C Bo:2:002:2 0 31 >
ffff8e2302151980 2356555086 S Bi:2:002:1 -115 13 <
ffff8e2302151980 2356555122 C Bi:2:002:1 0 13 = 55534253 e00d0000 00000000 00
ffff8e2302151980 2358602168 S Bo:2:002:2 -115 31 = 55534243 e10d0000 00000000 00000600 00000000 00000000 00000000 000000
ffff8e2302151980 2358602228 C Bo:2:002:2 0 31 >
ffff8e2302151980 2358602239 S Bi:2:002:1 -115 13 <
ffff8e2302151980 2358602265 C Bi:2:002:1 0 13 = 55534253 e10d0000 00000000 00
ffff8e2302151980 2360650162 S Bo:2:002:2 -115 31 = 55534243 e20d0000 00000000 00000600 00000000 00000000 00000000 000000
ffff8e2302151980 2360650223 C Bo:2:002:2 0 31 >
ffff8e2302151980 2360650235 S Bi:2:002:1 -115 13 <
ffff8e2302151980 2360650260 C Bi:2:002:1 0 13 = 55534253 e20d0000 00000000 00
ffff8e2302151980 2362698132 S Bo:2:002:2 -115 31 = 55534243 e30d0000 00000000 00000600 00000000 00000000 00000000 000000
ffff8e2302151980 2362698196 C Bo:2:002:2 0 31 >
ffff8e2302151980 2362698209 S Bi:2:002:1 -115 13 <
ffff8e2302151980 2362698233 C Bi:2:002:1 0 13 = 55534253 e30d0000 00000000 00
ffff8e2302151980 2364746135 S Bo:2:002:2 -115 31 = 55534243 e40d0000 00000000 00000600 00000000 00000000 00000000 000000
ffff8e2302151980 2364746196 C Bo:2:002:2 0 31 >
ffff8e2302151980 2364746207 S Bi:2:002:1 -115 13 <
ffff8e2302151980 2364746233 C Bi:2:002:1 0 13 = 55534253 e40d0000 00000000 00
ffff8e2302151980 2366795082 S Bo:2:002:2 -115 31 = 55534243 e50d0000 00000000 00000600 00000000 00000000 00000000 000000
ffff8e2302151980 2366795121 C Bo:2:002:2 0 31 >
ffff8e2302151980 2366795131 S Bi:2:002:1 -115 13 <
ffff8e2302151980 2366795160 C Bi:2:002:1 0 13 = 55534253 e50d0000 00000000 00
ffff8e2302151980 2368842100 S Bo:2:002:2 -115 31 = 55534243 e60d0000 00000000 00000600 00000000 00000000 00000000 000000
ffff8e2302151980 2368842131 C Bo:2:002:2 0 31 >
ffff8e2302151980 2368842142 S Bi:2:002:1 -115 13 <
ffff8e2302151980 2368842194 C Bi:2:002:1 0 13 = 55534253 e60d0000 00000000 00
ffff8e2302151980 2370890160 S Bo:2:002:2 -115 31 = 55534243 e70d0000 00000000 00000600 00000000 00000000 00000000 000000
ffff8e2302151980 2370890209 C Bo:2:002:2 0 31 >
ffff8e2302151980 2370890221 S Bi:2:002:1 -115 13 <
ffff8e2302151980 2370890248 C Bi:2:002:1 0 13 = 55534253 e70d0000 00000000 00
ffff8e2302151980 2372938172 S Bo:2:002:2 -115 31 = 55534243 e80d0000 00000000 00000600 00000000 00000000 00000000 000000
ffff8e2302151980 2372938221 C Bo:2:002:2 0 31 >
ffff8e2302151980 2372938233 S Bi:2:002:1 -115 13 <
ffff8e2302151980 2372938266 C Bi:2:002:1 0 13 = 55534253 e80d0000 00000000 00
